#
# A fatal error has been detected by the Java Runtime Environment:
#
#  EXCEPTION_ACCESS_VIOLATION (0xc0000005) at pc=0x00007ff8071c38b5, pid=1764, tid=21308
#
# JRE version: OpenJDK Runtime Environment (26.0.1+8) (build 26.0.1+8-34)
# Java VM: OpenJDK 64-Bit Server VM (26.0.1+8-34, mixed mode, sharing, tiered, compressed oops, compressed class ptrs, g1 gc, windows-amd64)
# Problematic frame:
# C  [atio6axx.dll+0x2738b5]
#
# No core dump will be written. Minidumps are not enabled by default on client versions of Windows
#
# If you would like to submit a bug report, please visit:
#   https://bugreport.java.com/bugreport/crash.jsp
# The crash happened outside the Java Virtual Machine in native code.
# See problematic frame for where to report the bug.
#

---------------  S U M M A R Y ------------

Command Line: -javaagent:C:\Program Files\JetBrains\IntelliJ IDEA 2026.1.4\lib\idea_rt.jar=62075 -Dfile.encoding=UTF-8 -Dsun.stdout.encoding=UTF-8 -Dsun.stderr.encoding=UTF-8 com.szymc.voxel_engine.App

Host: AMD Ryzen 7 7800X3D 8-Core Processor           , 16 cores, 31G,  Windows 11 , 64 bit Build 26100 (10.0.26100.9444)
Time: Fri Sep 18 23:50:05 2026 Eastern Daylight Time elapsed time: 2.624602 seconds (0d 0h 0m 2s)

---------------  T H R E A D  ---------------

Current thread (0x0000019225fa16e0):  JavaThread "main"             [_thread_in_native, id=21308, stack(0x000000297a100000,0x000000297a200000) (1024K)]

Stack: [0x000000297a100000,0x000000297a200000],  sp=0x000000297a1ff1a8,  free space=1020k
Native frames: (J=compiled Java code, j=interpreted, Vv=VM code, C=native code)
C  [atio6axx.dll+0x2738b5]  (no source info available)

Java frames: (J=compiled Java code, j=interpreted, Vv=VM code)
J 1577  org.lwjgl.opengl.GL11C.nglDrawElements(IIIJ)V (0 bytes) @ 0x0000019236857bd6 [0x0000019236857b80+0x0000000000000056]
J 2163 c2 com.szymc.voxel_engine.UIRenderer.drawRect(FFFFFFFF)V (58 bytes) @ 0x00000192368dda80 [0x00000192368dd980+0x0000000000000100]
J 1923 c1 com.szymc.voxel_engine.Engine.render()V (2550 bytes) @ 0x000001922eea29a4 [0x000001922ee9a9a0+0x0000000000008004]
j  com.szymc.voxel_engine.App.main([Ljava/lang/String;)V+730
v  ~StubRoutines::Stub Generator call_stub_stub 0x00000192360a18e2

siginfo: EXCEPTION_ACCESS_VIOLATION (0xc0000005), reading address 0x0000000000000000


Registers:
RAX=0x00007ff8071c38b5, RBX=0x0000000000000257, RCX=0x000001926015c3b8, RDX=0x0000000000000000
RSP=0x000000297a1ff1a8, RBP=0x0000000000000000, RSI=0x000001925fb9d080, RDI=0x000001926015c390
R8 =0x0000000000000018, R9 =0x00007ff806f50000, R10=0x00007ff807d2d486, R11=0x00007ff806f50000
R12=0x000001926015c3b8, R13=0x0000000000000000, R14=0x000001925fce4240, R15=0x0000000000000018
RIP=0x00007ff8071c38b5, EFLAGS=0x0000000000010202

XMM[0]=0x0000000000000000 0x0000000042700000
XMM[1]=0x0000000000000000 0x0000000042700000
XMM[2]=0x0000000000000000 0x00000000445a4000
XMM[3]=0x0000000000000000 0x00000000437d0000
XMM[4]=0x0000000000000000 0x000000003f000000
XMM[5]=0x0000000000000000 0x000000003f000000
XMM[6]=0x0000000000000000 0x000000003f000000
XMM[7]=0x0000000000000000 0x000000003f800000
XMM[8]=0x0000000000000000 0x00000000445a4000
XMM[9]=0x0000000000000000 0x00000000437d0000
XMM[10]=0x0000000000000000 0x0000000042700000
XMM[11]=0x0000000000000000 0x00000000c3a647fe
XMM[12]=0x0000000000000000 0x000000003e0f71bd
XMM[13]=0x0000000000000000 0x00000000be3e5b66
XMM[14]=0x0000000000000000 0x00000000bf67a675
XMM[15]=0x0000000000000000 0x00000000bf67ae5c
  MXCSR=0x00001fb2


Register to memory mapping:

RAX=0x00007ff8071c38b5 atio6axx.dll
RBX=0x0000000000000257 is an unknown value
RCX=0x000001926015c3b8 points into unknown readable memory: 0x000006090000060b | 0b 06 00 00 09 06 00 00
RDX=0x0 is null
RSP=0x000000297a1ff1a8 is pointing into the stack for thread: 0x0000019225fa16e0
RBP=0x0 is null
RSI=0x000001925fb9d080 points into unknown readable memory: 0x00007ff80a170928 | 28 09 17 0a f8 7f 00 00
RDI=0x000001926015c390 points into unknown readable memory: 0x0000060700000604 | 04 06 00 00 07 06 00 00
R8 =0x0000000000000018 is an unknown value
R9 =0x00007ff806f50000 atio6axx.dll
R10=0x00007ff807d2d486 atio6axx.dll
R11=0x00007ff806f50000 atio6axx.dll
R12=0x000001926015c3b8 points into unknown readable memory: 0x000006090000060b | 0b 06 00 00 09 06 00 00
R13=0x0 is null
R14=0x000001925fce4240 points into unknown readable memory: 0x000001925fe95048 | 48 50 e9 5f 92 01 00 00
R15=0x0000000000000018 is an unknown value

Top of Stack: (sp=0x000000297a1ff1a8)
0x000000297a1ff1a8:   00007ff8075489d6 000001926015c368   ..T.....h..`....
0x000000297a1ff1b8:   00007ff807d2cb5d 0000019251308fa8   ].........0Q....
0x000000297a1ff1c8:   00007ff80a167760 0000000742700000   `w........pB....
0x000000297a1ff1d8:   0000000000000000 0000000000000018   ................
0x000000297a1ff1e8:   0000000000000040 000001926015c390   @..........`....
0x000000297a1ff1f8:   0000000000000018 0000000000000004   ................
0x000000297a1ff208:   0000000000000004 0000000000001405   ................
0x000000297a1ff218:   000000000000013a 0000000000000000   :...............
0x000000297a1ff228:   0000019251308fa8 0000000000000006   ..0Q............
0x000000297a1ff238:   000001925fb9d080 0000000000000000   ..._............
0x000000297a1ff248:   00007ff8075428b6 000001925fb9d000   .(T........_....
0x000000297a1ff258:   0000000000000004 0000019200000006   ................
0x000000297a1ff268:   0000000000001405 0000000000000000   ................
0x000000297a1ff278:   0000002900000001 000000060d7323b0   ....)....#s.....
0x000000297a1ff288:   0000000000000000 000001925fb9d080   ..........._....
0x000000297a1ff298:   00007ff8773d0000 0000019251308fa8   ..=w......0Q....
0x000000297a1ff2a8:   000000297a1ff350 0000019225fa16e0   P..z)......%....
0x000000297a1ff2b8:   000000297a1ff340 000000060d7323b0   @..z)....#s.....
0x000000297a1ff2c8:   0000000000000000 0000000000000000   ................
0x000000297a1ff2d8:   0000019236857c0f 0000000000000327   .|.6....'.......
0x000000297a1ff2e8:   000000297a1ff350 0000000000000001   P..z)...........
0x000000297a1ff2f8:   0000000742700000 0000000000001405   ..pB............
0x000000297a1ff308:   0000000000000000 00000007ffc56038   ........8`......
0x000000297a1ff318:   0000000000000000 43b3000044560000   ..........VD...C
0x000000297a1ff328:   3b0000003eec0000 43bc800044560000   ...>...;..VD...C
0x000000297a1ff338:   000000060d6c8f70 000000060d6ab8a8   p.l.......j.....
0x000000297a1ff348:   3d2000003ef90000 000000060d7323b0   ...>.. =.#s.....
0x000000297a1ff358:   00000192368dda80 437d0000445a4000   ...6.....@ZD..}C
0x000000297a1ff368:   4270000042700000 3f0000003f000000   ..pB..pB...?...?
0x000000297a1ff378:   3f8000003f000000 000000060d732420   ...?...? $s.....
0x000000297a1ff388:   0000000000000202 000000297a1ff710   ...........z)...
0x000000297a1ff398:   000001922eea29a4 0000019225fa16e0   .).........%....

Instructions: (pc=0x00007ff8071c38b5)
  0x00007ff8071c37b5:   08 c3 f2 0f 10 02 f2 0f 11 01 0f b7 42 08 66 89
  0x00007ff8071c37c5:   41 08 0f b6 42 0a 88 41 0a c3 f2 0f 10 02 f2 0f
  0x00007ff8071c37d5:   11 01 8b 42 08 89 41 08 c3 f2 0f 10 02 f2 0f 11
  0x00007ff8071c37e5:   01 8b 42 08 89 41 08 0f b6 42 0c 88 41 0c c3 f2
  0x00007ff8071c37f5:   0f 10 02 f2 0f 11 01 8b 42 08 89 41 08 0f b7 42
  0x00007ff8071c3805:   0c 66 89 41 0c c3 f2 0f 10 02 f2 0f 11 01 8b 42
  0x00007ff8071c3815:   08 89 41 08 0f b7 42 0c 66 89 41 0c 0f b6 42 0e
  0x00007ff8071c3825:   88 41 0e c3 0f 10 02 0f 11 01 c3 0f 10 02 0f 11
  0x00007ff8071c3835:   01 0f b6 42 10 88 41 10 c3 0f 10 02 0f 11 01 0f
  0x00007ff8071c3845:   b7 42 10 66 89 41 10 c3 0f 10 02 0f 11 01 0f b7
  0x00007ff8071c3855:   42 10 66 89 41 10 0f b6 42 12 88 41 12 c3 0f 10
  0x00007ff8071c3865:   02 0f 11 01 8b 42 10 89 41 10 c3 0f 10 02 0f 11
  0x00007ff8071c3875:   01 8b 42 10 89 41 10 0f b6 42 14 88 41 14 c3 0f
  0x00007ff8071c3885:   10 02 0f 11 01 8b 42 10 89 41 10 0f b7 42 14 66
  0x00007ff8071c3895:   89 41 14 c3 0f 10 02 0f 11 01 8b 42 10 89 41 10
  0x00007ff8071c38a5:   0f b7 42 14 66 89 41 14 0f b6 42 16 88 41 16 c3
=>0x00007ff8071c38b5:   0f 10 02 0f 11 01 f2 0f 10 4a 10 f2 0f 11 49 10
  0x00007ff8071c38c5:   c3 0f 10 02 0f 11 01 f2 0f 10 4a 10 f2 0f 11 49
  0x00007ff8071c38d5:   10 0f b6 42 18 88 41 18 c3 0f 10 02 0f 11 01 f2
  0x00007ff8071c38e5:   0f 10 4a 10 f2 0f 11 49 10 0f b7 42 18 66 89 41
  0x00007ff8071c38f5:   18 c3 0f 10 02 0f 11 01 f2 0f 10 4a 10 f2 0f 11
  0x00007ff8071c3905:   49 10 0f b7 42 18 66 89 41 18 0f b6 42 1a 88 41
  0x00007ff8071c3915:   1a c3 0f 10 02 0f 11 01 f2 0f 10 4a 10 f2 0f 11
  0x00007ff8071c3925:   49 10 8b 42 18 89 41 18 c3 0f 10 02 0f 11 01 f2
  0x00007ff8071c3935:   0f 10 4a 10 f2 0f 11 49 10 8b 42 18 89 41 18 0f
  0x00007ff8071c3945:   b6 42 1c 88 41 1c c3 0f 10 02 0f 11 01 f2 0f 10
  0x00007ff8071c3955:   4a 10 f2 0f 11 49 10 8b 42 18 89 41 18 0f b7 42
  0x00007ff8071c3965:   1c 66 89 41 1c c3 0f 10 02 0f 11 01 f2 0f 10 4a
  0x00007ff8071c3975:   10 f2 0f 11 49 10 8b 42 18 89 41 18 0f b7 42 1c
  0x00007ff8071c3985:   66 89 41 1c 0f b6 42 1e 88 41 1e c3 0f 10 02 0f
  0x00007ff8071c3995:   11 01 0f 10 4a 10 0f 11 49 10 c3 0f 10 02 0f 11
  0x00007ff8071c39a5:   01 0f 10 4a 10 0f 11 49 10 0f b6 42 20 88 41 20


Stack slot to memory mapping:

stack at sp + 0 slots: 0x00007ff8075489d6 atio6axx.dll
stack at sp + 1 slots: 0x000001926015c368 points into unknown readable memory: 0x000000280000032b | 2b 03 00 00 28 00 00 00
stack at sp + 2 slots: 0x00007ff807d2cb5d atio6axx.dll
stack at sp + 3 slots: 0x0000019251308fa8 points into unknown readable memory: 0x00007ff80a1708b8 | b8 08 17 0a f8 7f 00 00
stack at sp + 4 slots: 0x00007ff80a167760 atio6axx.dll
stack at sp + 5 slots: 0x0000000742700000 is an unallocated location in the heap
stack at sp + 6 slots: 0x0 is null
stack at sp + 7 slots: 0x0000000000000018 is an unknown value

Lock stack of current Java thread (top to bottom):


Compiled method (n/a) 2701 1577     n 0       org.lwjgl.opengl.GL11C::nglDrawElements (native)
 total in heap  [0x0000019236857a88,0x0000019236857d00] = 632
 main code      [0x0000019236857b80,0x0000019236857cf2] = 370
 stub code      [0x0000019236857cf2,0x0000019236857cf8] = 6
 oops           [0x0000019236857cf8,0x0000019236857d00] = 8
 mutable data [0x0000019251b710d0,0x0000019251b710f0] = 32
 relocation     [0x0000019251b710d0,0x0000019251b710f0] = 32

[Constant Pool (empty)]


Loading hsdis library failed, undisassembled code is shown in MachCode section
[MachCode]
[Entry Point]
  # {method} {0x000001924d77b0e0} 'nglDrawElements' '(IIIJ)V' in 'org/lwjgl/opengl/GL11C'
  # parm0:    rdx       = int
  # parm1:    r8        = int
  # parm2:    r9        = int
  # parm3:    rdi:rdi   = long
  #           [sp+0x80]  (sp of caller)
  0x0000019236857b80: 6690 448b | 5208 443b 

  0x0000019236857b88: ;   {runtime_call Shared Runtime ic_miss_blob}
  0x0000019236857b88: 5008 0f85 | 5074 89ff 
[Verified Entry Point]
  0x0000019236857b90: 8984 2400 | 80ff ff55 | 488b ec48 | 83ec 7090 | 4181 7f20 | 1600 0000 

  0x0000019236857ba8: ;   {runtime_call Stub::Stub Generator method_entry_barrier_stub}
  0x0000019236857ba8: 7405 e871 | e787 ff48 | 897c 2428 | 4c89 4c24 | 204d 8bc8 

  0x0000019236857bbc: ;   {oop(a 'java/lang/Class'{0x000000060d6ab8a8} = 'org/lwjgl/opengl/GL11C')}
  0x0000019236857bbc: 4c8b c249 | bea8 b86a | 0d06 0000 | 004c 8974 | 2460 4c8d | 7424 6049 | 8bd6 c5f8 

  0x0000019236857bd8: ;   {internal_word}
  0x0000019236857bd8: 7749 bad6 | 7b85 3692 | 0100 004d | 8997 1804 | 0000 4989 | a710 0400 | 0049 8d8f | 3004 0000 
  0x0000019236857bf8: 41c7 87ac | 0400 0004 

  0x0000019236857c00: ;   {runtime_call}
  0x0000019236857c00: 0000 0048 | b820 d33d | 77f8 7f00 | 00ff d0c5 | f877 41c7 | 87ac 0400 | 0005 0000 | 00f0 8344 
  0x0000019236857c20: 24c0 0049 | 3b6f 280f | 870e 0000 | 0041 83bf | a804 0000 | 000f 8423 | 0000 00c5 | f877 498b 
  0x0000019236857c40: cf4c 8be4 | 4883 ec20 | 4883 e4f0 

  0x0000019236857c4c: ;   {runtime_call}
  0x0000019236857c4c: 48b8 5006 | c301 f87f | 0000 ffd0 | 498b e44d | 33e4 41c7 | 87ac 0400 | 0008 0000 | 0041 83bf 
  0x0000019236857c6c: 3005 0000 | 020f 8459 | 0000 0049 | c787 1004 | 0000 0000 | 0000 49c7 | 8718 0400 | 0000 0000 
  0x0000019236857c8c: 00c5 f877 | 498b 8f90 | 0400 00c7 | 8100 0100 | 0000 0000 

  0x0000019236857ca0: ;   {poll_return}
  0x0000019236857ca0: 00c9 41f6 | 4728 0174 

  0x0000019236857ca8: ;   {internal_word}
  0x0000019236857ca8: 1649 baa2 | 7c85 3692 | 0100 004d | 8997 b804 

  0x0000019236857cb8: ;   {runtime_call SafepointBlob}
  0x0000019236857cb8: 0000 e9a1 | a889 ff49 | 837f 0800 | 0f85 0100 

  0x0000019236857cc8: ;   {runtime_call Stub::Stub Generator forward_exception_stub}
  0x0000019236857cc8: 0000 c3e9 | 109b 84ff | c5f8 774c | 8be4 4883 | ec20 4883 

  0x0000019236857cdc: ;   {runtime_call}
  0x0000019236857cdc: e4f0 48b8 | 9037 fe01 | f87f 0000 | ffd0 498b | e44d 33e4 | eb85 f4f4 | f4f4 f4f4 
[/MachCode]


Compiled method (c2) 2703 2163       4       com.szymc.voxel_engine.UIRenderer::drawRect (58 bytes)
 total in heap  [0x00000192368dd888,0x00000192368ddb20] = 664
 main code      [0x00000192368dd980,0x00000192368ddae0] = 352
 stub code      [0x00000192368ddae0,0x00000192368ddb18] = 56
 oops           [0x00000192368ddb18,0x00000192368ddb20] = 8
 mutable data [0x0000019251d5a630,0x0000019251d5a6a8] = 120
 relocation     [0x0000019251d5a630,0x0000019251d5a680] = 80
 metadata       [0x0000019251d5a680,0x0000019251d5a6a8] = 40
 immutable data [0x0000019251db59f0,0x0000019251db5b7c] = 396
 dependencies   [0x0000019251db59f0,0x0000019251db5a00] = 16
 handler table  [0x0000019251db5a00,0x0000019251db5a78] = 120
 scopes pcs     [0x0000019251db5a78,0x0000019251db5ae8] = 112
 scopes data    [0x0000019251db5ae8,0x0000019251db5b78] = 144

[Constant Pool (empty)]


Loading hsdis library failed, undisassembled code is shown in MachCode section
[MachCode]
[Instructions begin]
  0x00000192368dd980: 6690 448b | 5208 443b 

  0x00000192368dd988: ;   {runtime_call Shared Runtime ic_miss_blob}
  0x00000192368dd988: 5008 0f85 | 5016 81ff 
[Verified Entry Point]
  0x00000192368dd990: 8984 2400 | 80ff ff55 | 4883 ec30 | 4181 7f20 | 1600 0000 | 0f85 2501 | 0000 c5fa | 117c 241c 
  0x00000192368dd9b0: c5fa 1174 | 2418 c5fa | 116c 2414 | c5fa 1164 | 2410 c5fa | 115c 240c | c5fa 1154 | 2408 c5fa 
  0x00000192368dd9d0: 114c 2404 | c5fa 1104 | 2448 8bea | 8b52 2045 

  0x00000192368dd9e0: ;   {static_call}
  0x00000192368dd9e0: 33c0 90e8 

  0x00000192368dd9e4: ; ImmutableOopMap {rbp=Oop }
                      ;*invokestatic glUniform1i {reexecute=0 rethrow=0 return_oop=0}
                      ; - org.lwjgl.opengl.GL20::glUniform1i@2 (line 487)
                      ; - com.szymc.voxel_engine.UIRenderer::drawRect@5 (line 423)
  0x00000192368dd9e4: 28d4 f7ff 

  0x00000192368dd9e8: ;   {post_call_nop}
  0x00000192368dd9e8: 0f1f 8400 | 6001 0000 | 8b55 18c5 | fa10 0424 | c5fa 104c | 2404 c5fa | 1054 2408 | c5fa 105c 
  0x00000192368dda08: ;   {static_call}
  0x00000192368dda08: 240c 90e8 

  0x00000192368dda0c: ; ImmutableOopMap {rbp=Oop }
                      ;*invokestatic glUniform4f {reexecute=0 rethrow=0 return_oop=0}
                      ; - org.lwjgl.opengl.GL20::glUniform4f@6 (line 473)
                      ; - com.szymc.voxel_engine.UIRenderer::drawRect@17 (line 424)
  0x00000192368dda0c: 8059 f7ff 

  0x00000192368dda10: ;   {post_call_nop}
  0x00000192368dda10: 0f1f 8400 | 8801 0001 | 8b55 1cc5 | fa10 4424 | 10c5 fa10 | 4c24 14c5 | fa10 5424 | 18c5 fa10 
  0x00000192368dda30: ;   {static_call}
  0x00000192368dda30: 5c24 1ce8 

  0x00000192368dda34: ; ImmutableOopMap {rbp=Oop }
                      ;*invokestatic glUniform4f {reexecute=0 rethrow=0 return_oop=0}
                      ; - org.lwjgl.opengl.GL20::glUniform4f@6 (line 473)
                      ; - com.szymc.voxel_engine.UIRenderer::drawRect@32 (line 425)
  0x00000192368dda34: 5859 f7ff 

  0x00000192368dda38: ;   {post_call_nop}
  0x00000192368dda38: 0f1f 8400 | b001 0002 | 8b55 24c5 | fa10 0424 | c5fa 104c | 2404 c5fa | 1054 2408 | c5fa 105c 
  0x00000192368dda58: ;   {static_call}
  0x00000192368dda58: 240c 90e8 

  0x00000192368dda5c: ; ImmutableOopMap {}
                      ;*invokestatic glUniform4f {reexecute=0 rethrow=0 return_oop=0}
                      ; - org.lwjgl.opengl.GL20::glUniform4f@6 (line 473)
                      ; - com.szymc.voxel_engine.UIRenderer::drawRect@44 (line 426)
  0x00000192368dda5c: 3059 f7ff 

  0x00000192368dda60: ;   {post_call_nop}
  0x00000192368dda60: 0f1f 8400 | d801 0003 | 33ff ba04 | 0000 0041 | b806 0000 | 0041 b905 

  0x00000192368dda78: ;   {static_call}
  0x00000192368dda78: 1400 00e8 

  0x00000192368dda7c: ; ImmutableOopMap {}
                      ;*invokestatic nglDrawElements {reexecute=0 rethrow=0 return_oop=0}
                      ; - org.lwjgl.opengl.GL11C::glDrawElements@4 (line 543)
                      ; - org.lwjgl.opengl.GL11::glDrawElements@4 (line 1870)
                      ; - com.szymc.voxel_engine.UIRenderer::drawRect@54 (line 428)
  0x00000192368dda7c: 10a1 f7ff 

  0x00000192368dda80: ;   {post_call_nop}
  0x00000192368dda80: 0f1f 8400 | f801 0004 | 4883 c430 

  0x00000192368dda8c: ;   {poll_return}
  0x00000192368dda8c: 5d49 3b67 | 280f 8722 | 0000 00c3 | 488b d0eb | 1248 8bd0 | eb0d 488b | d0eb 0848 | 8bd0 eb03 
  0x00000192368ddaac: 488b d048 | 83c4 305d 

  0x00000192368ddab4: ;   {runtime_call C2 Runtime rethrow_blob}
  0x00000192368ddab4: e9a7 d58f 

  0x00000192368ddab8: ;   {internal_word}
  0x00000192368ddab8: ff49 ba8d | da8d 3692 | 0100 004d | 8997 b804 

  0x00000192368ddac8: ;   {runtime_call SafepointBlob}
  0x00000192368ddac8: 0000 e991 

  0x00000192368ddacc: ;   {runtime_call Stub::Stub Generator method_entry_barrier_stub}
  0x00000192368ddacc: 4a81 ffe8 | 4c88 7fff | e9d1 feff | fff4 f4f4 | f4f4 f4f4 
[Stub Code]
  0x00000192368ddae0: ;   {static_stub}
  0x00000192368ddae0: 48bb 0000 | 0000 0000 

  0x00000192368ddae8: ;   {runtime_call nmethod}
  0x00000192368ddae8: 0000 e9fb 

  0x00000192368ddaec: ;   {static_stub}
  0x00000192368ddaec: ffff ff48 | bb00 0000 | 0000 0000 

  0x00000192368ddaf8: ;   {runtime_call nmethod}
  0x00000192368ddaf8: 00e9 fbff 

  0x00000192368ddafc: ;   {static_stub}
  0x00000192368ddafc: ffff 48bb | 0000 0000 | 0000 0000 

  0x00000192368ddb08: ;   {runtime_call nmethod}
  0x00000192368ddb08: e9fb ffff 

  0x00000192368ddb0c: ;   {runtime_call DeoptimizationBlob}
  0x00000192368ddb0c: ffe8 ce31 | 81ff ebf9 | f4f4 f4f4 
[/MachCode]


Compiled method (c1) 2705 1923   !   3       com.szymc.voxel_engine.Engine::render (2550 bytes)
 total in heap  [0x000001922ee9a788,0x000001922eea5598] = 44560
 constants      [0x000001922ee9a880,0x000001922ee9a9a0] = 288
 main code      [0x000001922ee9a9a0,0x000001922eea4fa8] = 42504
 stub code      [0x000001922eea4fa8,0x000001922eea5580] = 1496
 oops           [0x000001922eea5580,0x000001922eea5598] = 24
 mutable data [0x0000019251f995f0,0x0000019251f9ab60] = 5488
 relocation     [0x0000019251f995f0,0x0000019251f9a820] = 4656
 metadata       [0x0000019251f9a820,0x0000019251f9ab60] = 832
 immutable data [0x0000019251f92f70,0x0000019251f995dc] = 26220
 dependencies   [0x0000019251f92f70,0x0000019251f93068] = 248
 nul chk table  [0x0000019251f93068,0x0000019251f93500] = 1176
 handler table  [0x0000019251f93500,0x0000019251f95138] = 7224
 scopes pcs     [0x0000019251f95138,0x0000019251f96f98] = 7776
 scopes data    [0x0000019251f96f98,0x0000019251f995d8] = 9792


[Constant Pool]
             Address          hex4                    hex8      
  0x000001922ee9a880:   0x3f000000      0x3f19999a3f000000      
  0x000001922ee9a884:   0x3f19999a                              
  0x000001922ee9a888:   0x3f4ccccd      0x3f8000003f4ccccd      
  0x000001922ee9a88c:   0x3f800000                              
  0x000001922ee9a890:   0x00000000      0x4380000000000000      
  0x000001922ee9a894:   0x43800000                              
  0x000001922ee9a898:   0x00000000      0x4380000000000000      
  0x000001922ee9a89c:   0x43800000                              
  0x000001922ee9a8a0:   0x40800000      0x40e0000040800000      
  0x000001922ee9a8a4:   0x40e00000                              
  0x000001922ee9a8a8:   0x40e00000      0x4446000040e00000      
  0x000001922ee9a8ac:   0x44460000                              
  0x000001922ee9a8b0:   0x43dd0000      0x4180000043dd0000      
  0x000001922ee9a8b4:   0x41800000                              
  0x000001922ee9a8b8:   0x41800000      0x4090000041800000      
  0x000001922ee9a8bc:   0x40900000                              
  0x000001922ee9a8c0:   0x42800000      0x4448000042800000      
  0x000001922ee9a8c4:   0x44480000                              
  0x000001922ee9a8c8:   0x444c8000      0x44110000444c8000      
  0x000001922ee9a8cc:   0x44110000                              
  0x000001922ee9a8d0:   0x42880000      0x3f33333342880000      
  0x000001922ee9a8d4:   0x3f333333                              
  0x000001922ee9a8d8:   0x3f333333      0x3f3333333f333333      
  0x000001922ee9a8dc:   0x3f333333                              
  0x000001922ee9a8e0:   0x3f4ccccd      0x3ee666663f4ccccd      
  0x000001922ee9a8e4:   0x3ee66666                              
  0x000001922ee9a8e8:   0x3e4ccccd      0x444d80003e4ccccd      
  0x000001922ee9a8ec:   0x444d8000                              
  0x000001922ee9a8f0:   0x3f19999a      0x444d00003f19999a      
  0x000001922ee9a8f4:   0x444d0000                              
  0x000001922ee9a8f8:   0x40000000      0x43e1000040000000      
  0x000001922ee9a8fc:   0x43e10000                              
  0x000001922ee9a900:   0x00000000      0x0000000000000000      
  0x000001922ee9a904:   0x00000000                              
  0x000001922ee9a908:   0x44c80000      0x4461000044c80000      
  0x000001922ee9a90c:   0x44610000                              
  0x000001922ee9a910:   0x00000000      0x0000000000000000      
  0x000001922ee9a914:   0x00000000                              
  0x000001922ee9a918:   0x00000000      0x3f00000000000000      
  0x000001922ee9a91c:   0x3f000000                              
  0x000001922ee9a920:   0x40000000      0x3f33333340000000      
  0x000001922ee9a924:   0x3f333333                              
  0x000001922ee9a928:   0x3f333333      0x3f3333333f333333      
  0x000001922ee9a92c:   0x3f333333                              
  0x000001922ee9a930:   0x3f800000      0x400000003f800000      
  0x000001922ee9a934:   0x40000000                              
  0x000001922ee9a938:   0x3f000000      0x3f0000003f000000      
  0x000001922ee9a93c:   0x3f000000                              
  0x000001922ee9a940:   0x3f000000      0x3f8000003f000000      
  0x000001922ee9a944:   0x3f800000                              
  0x000001922ee9a948:   0x42820000      0x3f19999a42820000      
  0x000001922ee9a94c:   0x3f19999a                              
  0x000001922ee9a950:   0x3f19999a      0x3f19999a3f19999a      
  0x000001922ee9a954:   0x3f19999a                              
  0x000001922ee9a958:   0x3f800000      0x3f0000003f800000      
  0x000001922ee9a95c:   0x3f000000                              
  0x000001922ee9a960:   0x3f000000      0x3f0000003f000000      
  0x000001922ee9a964:   0x3f000000                              
  0x000001922ee9a968:   0x3f800000      0x400000003f800000      
  0x000001922ee9a96c:   0x40000000                              
  0x000001922ee9a970:   0x3f000000      0x3f0000003f000000      
  0x000001922ee9a974:   0x3f000000                              
  0x000001922ee9a978:   0x3f000000      0x3f8000003f000000      
  0x000001922ee9a97c:   0x3f800000                              
  0x000001922ee9a980:   0x40000000      0xf4f4f4f440000000      
  0x000001922ee9a984:   0xf4f4f4f4                              
  0x000001922ee9a988:   0xf4f4f4f4      0xf4f4f4f4f4f4f4f4      
  0x000001922ee9a98c:   0xf4f4f4f4                              
  0x000001922ee9a990:   0xf4f4f4f4      0xf4f4f4f4f4f4f4f4      
  0x000001922ee9a994:   0xf4f4f4f4                              
  0x000001922ee9a998:   0xf4f4f4f4      0xf4f4f4f4f4f4f4f4      
  0x000001922ee9a99c:   0xf4f4f4f4                              


Loading hsdis library failed, undisassembled code is shown in MachCode section
[MachCode]
[Instructions begin]
  0x000001922ee9a9a0: ;   {other}
  0x000001922ee9a9a0: 660f 1f84 | 0000 0000 | 0066 0f1f | 8400 0000 | 0000 448b | 5208 443b 

  0x000001922ee9a9b8: ;   {runtime_call Shared Runtime ic_miss_blob}
  0x000001922ee9a9b8: 5008 0f85 | 2046 2507 
[Verified Entry Point]
  0x000001922ee9a9c0: 8984 2400 | 80ff ff55 | 4881 ec10 | 0300 0090 | 4181 7f20 | 1600 0000 

  0x000001922ee9a9d8: ;   {runtime_call Stub::Stub Generator method_entry_barrier_stub}
  0x000001922ee9a9d8: 7405 e841 | b923 0748 | 8994 24d8 

  0x000001922ee9a9e4: ;   {metadata(method data for {method} {0x000001924d802c40} 'render' '()V' in 'com/szymc/voxel_engine/Engine')}
  0x000001922ee9a9e4: 0000 0048 | be90 3faa | 4d92 0100 | 008b be90 | 0000 0083 | c702 89be | 9000 0000 | 81e7 fe07 
  0x000001922ee9aa04: 0000 85ff | 0f84 e38b 

  0x000001922ee9aa0c: ;   {metadata(method data for {method} {0x000001924d802c40} 'render' '()V' in 'com/szymc/voxel_engine/Engine')}
  0x000001922ee9aa0c: 0000 48be | 903f aa4d | 9201 0000 | 4883 86d8 | 0000 0001 

  0x000001922ee9aa20: ;   {metadata(method data for {method} {0x000001924d748750} 'glClearColor' '(FFFF)V' in 'org/lwjgl/opengl/GL11')}
  0x000001922ee9aa20: 48be 182e | a54d 9201 | 0000 8bbe | 9000 0000 | 83c7 0289 | be90 0000 | 0081 e7fe | ff1f 0085 
  0x000001922ee9aa40: ff0f 84cb 

  0x000001922ee9aa44: ;   {metadata(method data for {method} {0x000001924d748750} 'glClearColor' '(FFFF)V' in 'org/lwjgl/opengl/GL11')}
  0x000001922ee9aa44: 8b00 0048 | be18 2ea5 | 4d92 0100 | 0048 8386 | d800 0000 

  0x000001922ee9aa58: ;   {section_word}
  0x000001922ee9aa58: 01c5 fa10 | 051f feff 

  0x000001922ee9aa60: ;   {section_word}
  0x000001922ee9aa60: ffc5 fa10 | 0d1b feff 

  0x000001922ee9aa68: ;   {section_word}
  0x000001922ee9aa68: ffc5 fa10 | 1517 feff 

  0x000001922ee9aa70: ;   {section_word}
  0x000001922ee9aa70: ffc5 fa10 | 1d13 feff | ff66 0f1f 

  0x000001922ee9aa7c: ;   {static_call}
  0x000001922ee9aa7c: 4400 00e8 

  0x000001922ee9aa80: ; ImmutableOopMap {[216]=Oop }
                      ;*invokestatic glClearColor {reexecute=0 rethrow=0 return_oop=0}
                      ; - org.lwjgl.opengl.GL11::glClearColor@4 (line 1022)
                      ; - com.szymc.voxel_engine.Engine::render@10 (line 221)
  0x000001922ee9aa80: 8c1f 9e07 

  0x000001922ee9aa84: ;   {post_call_nop}
  0x000001922ee9aa84: 0f1f 8400 | fc02 0000 

  0x000001922ee9aa8c: ;   {metadata(method data for {method} {0x000001924d802c40} 'render' '()V' in 'com/szymc/voxel_engine/Engine')}
  0x000001922ee9aa8c: 48ba 903f | aa4d 9201 | 0000 4883 | 82e8 0000 

  0x000001922ee9aa9c: ;   {metadata(method data for {method} {0x000001924d748580} 'glClear' '(I)V' in 'org/lwjgl/opengl/GL11')}
  0x000001922ee9aa9c: 0001 48ba | c80e a54d | 9201 0000 | 8bb2 9000 | 0000 83c6 | 0289 b290 | 0000 0081 | e6fe ff1f 
  0x000001922ee9aabc: 0085 f60f | 846e 8b00 

  0x000001922ee9aac4: ;   {metadata(method data for {method} {0x000001924d748580} 'glClear' '(I)V' in 'org/lwjgl/opengl/GL11')}
  0x000001922ee9aac4: 0048 bac8 | 0ea5 4d92 | 0100 0048 | 8382 d800 | 0000 01ba | 0041 0000 

  0x000001922ee9aadc: ;   {static_call}
  0x000001922ee9aadc: 6666 90e8 

  0x000001922ee9aae0: ; ImmutableOopMap {[216]=Oop }
                      ;*invokestatic glClear {reexecute=0 rethrow=0 return_oop=0}
                      ; - org.lwjgl.opengl.GL11::glClear@1 (line 992)
                      ; - com.szymc.voxel_engine.Engine::render@16 (line 222)
  0x000001922ee9aae0: 2c1a 9e07 

  0x000001922ee9aae4: ;   {post_call_nop}
  0x000001922ee9aae4: 0f1f 8400 | 5c03 0001 

  0x000001922ee9aaec: ;   {oop(a 'java/lang/Class'{0x000000060d6b7268} = 'com/szymc/voxel_engine/Engine')}
  0x000001922ee9aaec: 48ba 6872 | 6b0d 0600 | 0000 0fbe | 5278 85d2 

  0x000001922ee9aafc: ;   {metadata(method data for {method} {0x000001924d802c40} 'render' '()V' in 'com/szymc/voxel_engine/Engine')}
  0x000001922ee9aafc: 48ba 903f | aa4d 9201 | 0000 41b8 | f800 0000 | 7406 41b8 | 0801 0000 | 4a8b 3402 | 488d 7601 
  0x000001922ee9ab1c: 4a89 3402 | 0f84 8300 

  0x000001922ee9ab24: ;   {metadata(method data for {method} {0x000001924d802c40} 'render' '()V' in 'com/szymc/voxel_engine/Engine')}
  0x000001922ee9ab24: 0000 48ba | 903f aa4d | 9201 0000 | 4883 8218 | 0100 0001 

  0x000001922ee9ab38: ;   {metadata(method data for {method} {0x000001924d75a778} 'glPolygonMode' '(II)V' in 'org/lwjgl/opengl/GL11')}
  0x000001922ee9ab38: 48ba 006f | a54d 9201 | 0000 448b | 8290 0000 | 0041 83c0 | 0244 8982 | 9000 0000 | 4181 e0fe 
  0x000001922ee9ab58: ff1f 0045 | 85c0 0f84 | f08a 0000 

  0x000001922ee9ab64: ;   {metadata(method data for {method} {0x000001924d75a778} 'glPolygonMode' '(II)V' in 'org/lwjgl/opengl/GL11')}
  0x000001922ee9ab64: 48ba 006f | a54d 9201 | 0000 4883 | 82d8 0000 | 0001 ba08 | 0400 0041 | b801 1b00 | 0066 0f1f 
  0x000001922ee9ab84: ;   {static_call}
  0x000001922ee9ab84: 4400 00e8 

  0x000001922ee9ab88: ; ImmutableOopMap {[216]=Oop }
                      ;*invokestatic glPolygonMode {reexecute=0 rethrow=0 return_oop=0}
                      ; - org.lwjgl.opengl.GL11::glPolygonMode@2 (line 4987)
                      ; - com.szymc.voxel_engine.Engine::render@31 (line 223)
  0x000001922ee9ab88: 5453 2507 

  0x000001922ee9ab8c: ;   {post_call_nop}
  0x000001922ee9ab8c: 0f1f 8400 | 0404 0002 

  0x000001922ee9ab94: ;   {metadata(method data for {method} {0x000001924d802c40} 'render' '()V' in 'com/szymc/voxel_engine/Engine')}
  0x000001922ee9ab94: 48ba 903f | aa4d 9201 | 0000 ff82 | 2801 0000 | e96b 0000 

  0x000001922ee9aba8: ;   {metadata(method data for {method} {0x000001924d802c40} 'render' '()V' in 'com/szymc/voxel_engine/Engine')}
  0x000001922ee9aba8: 0048 ba90 | 3faa 4d92 | 0100 0048 | 8382 4001 

  0x000001922ee9abb8: ;   {metadata(method data for {method} {0x000001924d75a778} 'glPolygonMode' '(II)V' in 'org/lwjgl/opengl/GL11')}
  0x000001922ee9abb8: 0000 0148 | ba00 6fa5 | 4d92 0100 | 0044 8b82 | 9000 0000 | 4183 c002 | 4489 8290 | 0000 0041 
  0x000001922ee9abd8: 81e0 feff | 1f00 4585 | c00f 848e 

  0x000001922ee9abe4: ;   {metadata(method data for {method} {0x000001924d75a778} 'glPolygonMode' '(II)V' in 'org/lwjgl/opengl/GL11')}
  0x000001922ee9abe4: 8a00 0048 | ba00 6fa5 | 4d92 0100 | 0048 8382 | d800 0000 | 01ba 0804 | 0000 41b8 | 021b 0000 
  0x000001922ee9ac04: ;   {static_call}
  0x000001922ee9ac04: 6666 90e8 

  0x000001922ee9ac08: ; ImmutableOopMap {[216]=Oop }
                      ;*invokestatic glPolygonMode {reexecute=0 rethrow=0 return_oop=0}
                      ; - org.lwjgl.opengl.GL11::glPolygonMode@2 (line 4987)
                      ; - com.szymc.voxel_engine.Engine::render@43 (line 223)
  0x000001922ee9ac08: 8457 a007 

  0x000001922ee9ac0c: ;   {post_call_nop}
  0x000001922ee9ac0c: 0f1f 8400 | 8404 0003 

  0x000001922ee9ac14: ;   {metadata(method data for {method} {0x000001924d802c40} 'render' '()V' in 'com/szymc/voxel_engine/Engine')}
  0x000001922ee9ac14: 49b8 903f | aa4d 9201 | 0000 4983 | 8050 0100 

  0x000001922ee9ac24: ;   {metadata(method data for {method} {0x000001924d664350} 'stackPush' '()Lorg/lwjgl/system/MemoryStack;' in 'org/lwjgl/system/MemoryStack')}
  0x000001922ee9ac24: 0001 49b8 | 107d 714d | 9201 0000 | 418b 9090 | 0000 0083 | c202 4189 | 9090 0000 | 0081 e2fe 
  0x000001922ee9ac44: ff1f 0085 | d20f 8447 

  0x000001922ee9ac4c: ;   {metadata(method data for {method} {0x000001924d664350} 'stackPush' '()Lorg/lwjgl/system/MemoryStack;' in 'org/lwjgl/system/MemoryStack')}
  0x000001922ee9ac4c: 8a00 0049 | b810 7d71 | 4d92 0100 | 0049 8380 | d800 0000 

  0x000001922ee9ac60: ;   {metadata(method data for {method} {0x000001924d6642b0} 'stackGet' '()Lorg/lwjgl/system/MemoryStack;' in 'org/lwjgl/system/MemoryStack')}
  0x000001922ee9ac60: 0149 b8c0 | 7871 4d92 | 0100 0041 | 8b90 9000 | 0000 83c2 | 0241 8990 | 9000 0000 | 81e2 feff 
  0x000001922ee9ac80: 1f00 85d2 | 0f84 2d8a 

  0x000001922ee9ac88: ;   {oop(a 'java/lang/ThreadLocal$SuppliedThreadLocal'{0x000000060d69bb28})}
  0x000001922ee9ac88: 0000 48ba | 28bb 690d | 0600 0000 

  0x000001922ee9ac94: ;   {metadata(method data for {method} {0x000001924d6642b0} 'stackGet' '()Lorg/lwjgl/system/MemoryStack;' in 'org/lwjgl/system/MemoryStack')}
  0x000001922ee9ac94: 4c8b c248 | bec0 7871 | 4d92 0100 | 0045 8b40 | 0841 ba00 | 0000 1f4d | 03c2 4c3b | 86e0 0000 
  0x000001922ee9acb4: 0075 0d48 | 8386 e800 | 0000 01e9 | 6000 0000 | 4c3b 86f0 | 0000 0075 | 0d48 8386 | f800 0000 
  0x000001922ee9acd4: 01e9 4a00 | 0000 4883 | bee0 0000 | 0000 7517 | 4c89 86e0 | 0000 0048 | c786 e800 | 0000 0100 
  0x000001922ee9acf4: 0000 e929 | 0000 0048 | 83be f000 | 0000 0075 | 174c 8986 | f000 0000 | 48c7 86f8 | 0000 0001 
  0x000001922ee9ad14: 0000 00e9 | 0800 0000 | 4883 86d8 | 0000 0001 

  0x000001922ee9ad24: ;   {metadata(method data for {method} {0x000000001f262498} 'get' '()Ljava/lang/Object;' in 'java/lang/ThreadLocal')}
  0x000001922ee9ad24: 49b8 d877 | 1e4d 9201 | 0000 418b | b090 0000 | 0083 c602 | 4189 b090 | 0000 0081 | e6fe ff1f 
  0x000001922ee9ad44: 0085 f60f | 848b 8900 

  0x000001922ee9ad4c: ;   {metadata(method data for {method} {0x000000001f262498} 'get' '()Ljava/lang/Object;' in 'java/lang/ThreadLocal')}
  0x000001922ee9ad4c: 0049 b8d8 | 771e 4d92 | 0100 0049 | 8380 d800 | 0000 014c 

  0x000001922ee9ad60: ;   {metadata(method data for {method} {0x000000001f262498} 'get' '()Ljava/lang/Object;' in 'java/lang/ThreadLocal')}
  0x000001922ee9ad60: 8bc2 48be | d877 1e4d | 9201 0000 | 4883 86e8 | 0000 0001 | 4d8b 87f8 | 0300 004d 

  0x000001922ee9ad7c: ;   {optimized virtual_call}
  0x000001922ee9ad7c: 8b00 90e8 

  0x000001922ee9ad80: ; ImmutableOopMap {[216]=Oop }
                      ;*invokevirtual get {reexecute=0 rethrow=0 return_oop=0}
                      ; - java.lang.ThreadLocal::get@4 (line 171)
                      ; - org.lwjgl.system.MemoryStack::stackGet@3 (line 906)
                      ; - org.lwjgl.system.MemoryStack::stackPush@0 (line 915)
                      ; - com.szymc.voxel_engine.Engine::render@46 (line 225)
  0x000001922ee9ad80: 0cf0 a107 

  0x000001922ee9ad84: ;   {post_call_nop}
  0x000001922ee9ad84: 0f1f 8400 | fc05 0004 

  0x000001922ee9ad8c: ;   {metadata(method data for {method} {0x000001924d6642b0} 'stackGet' '()Lorg/lwjgl/system/MemoryStack;' in 'org/lwjgl/system/MemoryStack')}
  0x000001922ee9ad8c: 4885 c048 | bfc0 7871 | 4d92 0100 | 0075 0c80 | 8f01 0100 | 0001 e9a7 | 0000 008b | 5808 41ba 
  0x000001922ee9adac: 0000 001f | 4903 da48 | 3b9f 1001 | 0000 750d | 4883 8718 | 0100 0001 | e960 0000 | 0048 3b9f 
  0x000001922ee9adcc: 2001 0000 | 750d 4883 | 8728 0100 | 0001 e94a | 0000 0048 | 83bf 1001 | 0000 0075 | 1748 899f 
  0x000001922ee9adec: 1001 0000 | 48c7 8718 | 0100 0001 | 0000 00e9 | 2900 0000 | 4883 bf20 | 0100 0000 | 7517 4889 
  0x000001922ee9ae0c: 9f20 0100 | 0048 c787 | 2801 0000 | 0100 0000 | e908 0000 | 0048 8387 | 0801 0000 

  0x000001922ee9ae28: ;   {metadata('org/lwjgl/system/MemoryStack')}
  0x000001922ee9ae28: 0148 bba0 | 1106 2000 | 0000 008b | 7808 41ba | 0000 001f | 4903 fa48 | 3b5f 400f | 85b0 8800 
  0x000001922ee9ae48: 00e9 0000 | 0000 488b | d048 3b02 

  0x000001922ee9ae54: ;   {metadata(method data for {method} {0x000001924d664350} 'stackPush' '()Lorg/lwjgl/system/MemoryStack;' in 'org/lwjgl/system/MemoryStack')}
  0x000001922ee9ae54: 488b f248 | bf10 7d71 | 4d92 0100 | 008b 7608 | 41ba 0000 | 001f 4903 | f248 3bb7 | f000 0000 
  0x000001922ee9ae74: 750d 4883 | 87f8 0000 | 0001 e960 | 0000 0048 | 3bb7 0001 | 0000 750d | 4883 8708 | 0100 0001 
  0x000001922ee9ae94: e94a 0000 | 0048 83bf | f000 0000 | 0075 1748 | 89b7 f000 | 0000 48c7 | 87f8 0000 | 0001 0000 
  0x000001922ee9aeb4: 00e9 2900 | 0000 4883 | bf00 0100 | 0000 7517 | 4889 b700 | 0100 0048 | c787 0801 | 0000 0100 
  0x000001922ee9aed4: 0000 e908 | 0000 0048 | 8387 e800 | 0000 010f 

  0x000001922ee9aee4: ;   {optimized virtual_call}
  0x000001922ee9aee4: 1f40 00e8 

  0x000001922ee9aee8: ; ImmutableOopMap {[216]=Oop }
                      ;*invokevirtual push {reexecute=0 rethrow=0 return_oop=0}
                      ; - org.lwjgl.system.MemoryStack::stackPush@3 (line 915)
                      ; - com.szymc.voxel_engine.Engine::render@46 (line 225)
  0x000001922ee9aee8: b4ea ebff 

  0x000001922ee9aeec: ;   {post_call_nop}
  0x000001922ee9aeec: 0f1f 8400 | 6407 0005 | 4889 8424 | e000 0000 | 488b 9424 | d800 0000 | 8b72 2448 | c1e6 0348 
  0x000001922ee9af0c: 3b06 488b 

  0x000001922ee9af10: ;   {metadata(method data for {method} {0x000001924d802c40} 'render' '()V' in 'com/szymc/voxel_engine/Engine')}
  0x000001922ee9af10: fe48 bb90 | 3faa 4d92 | 0100 008b | 7f08 41ba | 0000 001f | 4903 fa48 | 3bbb 6801 | 0000 750d 
  0x000001922ee9af30: 4883 8370 | 0100 0001 | e960 0000 | 0048 3bbb | 7801 0000 | 750d 4883 | 8380 0100 | 0001 e94a 
  0x000001922ee9af50: 0000 0048 | 83bb 6801 | 0000 0075 | 1748 89bb | 6801 0000 | 48c7 8370 | 0100 0001 | 0000 00e9 
  0x000001922ee9af70: 2900 0000 | 4883 bb78 | 0100 0000 | 7517 4889 | bb78 0100 | 0048 c783 | 8001 0000 | 0100 0000 
  0x000001922ee9af90: e908 0000 | 0048 8383 | 6001 0000 

  0x000001922ee9af9c: ;   {metadata(method data for {method} {0x000001924d8060a0} 'start' '()V' in 'com/szymc/localShaders/Shader')}
  0x000001922ee9af9c: 0148 bf80 | 7863 4d92 | 0100 008b | 9f90 0000 | 0083 c302 | 899f 9000 | 0000 81e3 | feff 1f00 
  0x000001922ee9afbc: 85db 0f84 | 4887 0000 

  0x000001922ee9afc4: ;   {metadata(method data for {method} {0x000001924d8060a0} 'start' '()V' in 'com/szymc/localShaders/Shader')}
  0x000001922ee9afc4: 8b76 0c48 | bf80 7863 | 4d92 0100 | 0048 8387 | d800 0000 

  0x000001922ee9afd8: ;   {metadata(method data for {method} {0x000001924d81ab68} 'glUseProgram' '(I)V' in 'org/lwjgl/opengl/GL20')}
  0x000001922ee9afd8: 0148 bf30 | faa8 4d92 | 0100 008b | 9f90 0000 | 0083 c302 | 899f 9000 | 0000 81e3 | feff 1f00 
  0x000001922ee9aff8: 85db 0f84 | 2d87 0000 

  0x000001922ee9b000: ;   {metadata(method data for {method} {0x000001924d81ab68} 'glUseProgram' '(I)V' in 'org/lwjgl/opengl/GL20')}
  0x000001922ee9b000: 48bf 30fa | a84d 9201 | 0000 4883 | 87d8 0000 | 0001 488b 

  0x000001922ee9b014: ;   {static_call}
  0x000001922ee9b014: d666 90e8 

  0x000001922ee9b018: ; ImmutableOopMap {[216]=Oop [224]=Oop }
                      ;*invokestatic glUseProgram {reexecute=0 rethrow=0 return_oop=0}
                      ; - org.lwjgl.opengl.GL20::glUseProgram@1 (line 398)
                      ; - com.szymc.localShaders.Shader::start@4 (line 78)
                      ; - com.szymc.voxel_engine.Engine::render@54 (line 226)
  0x000001922ee9b018: 74de 9b07 

  0x000001922ee9b01c: ;   {post_call_nop}
  0x000001922ee9b01c: 0f1f 8400 | 9408 0006 | 488b 8424 | e000 0000 

  0x000001922ee9b02c: ; implicit exception: dispatches to 0x000001922eea374e
  0x000001922ee9b02c: 483b 004c 

  0x000001922ee9b030: ;   {metadata(method data for {method} {0x000001924d802c40} 'render' '()V' in 'com/szymc/voxel_engine/Engine')}
  0x000001922ee9b030: 8bc0 48ba | 903f aa4d | 9201 0000 | 458b 4008 | 41ba 0000 | 001f 4d03 | c24c 3b82 | 9801 0000 
  0x000001922ee9b050: 750d 4883 | 82a0 0100 | 0001 e960 | 0000 004c | 3b82 a801 | 0000 750d | 4883 82b0 | 0100 0001 
  0x000001922ee9b070: e94a 0000 | 0048 83ba | 9801 0000 | 0075 174c | 8982 9801 | 0000 48c7 | 82a0 0100 | 0001 0000 
  0x000001922ee9b090: 00e9 2900 | 0000 4883 | baa8 0100 | 0000 7517 | 4c89 82a8 | 0100 0048 | c782 b001 | 0000 0100 
  0x000001922ee9b0b0: 0000 e908 | 0000 0048 | 8382 9001 | 0000 0141 | b810 0000 | 0048 8bd0 | 0f1f 8000 

  0x000001922ee9b0cc: ;   {optimized virtual_call}
  0x000001922ee9b0cc: 0000 00e8 

  0x000001922ee9b0d0: ; ImmutableOopMap {[216]=Oop [224]=Oop }
                      ;*invokevirtual mallocFloat {reexecute=0 rethrow=0 return_oop=0}
                      ; - com.szymc.voxel_engine.Engine::render@60 (line 228)
  0x000001922ee9b0d0: 4c98 f8ff 

  0x000001922ee9b0d4: ;   {post_call_nop}
  0x000001922ee9b0d4: 0f1f 8400 | 4c09 0007 | 4889 8424 | f800 0000 | 488b 9424 | d800 0000 | 8b72 2448 | c1e6 0348 
  0x000001922ee9b0f4: 89b4 24e8 | 0000 008b | 7a1c 48c1 | e703 483b | 0748 8bdf 

  0x000001922ee9b108: ;   {metadata(method data for {method} {0x000001924d802c40} 'render' '()V' in 'com/szymc/voxel_engine/Engine')}
  0x000001922ee9b108: 48b9 903f | aa4d 9201 

  0x000001922ee9b110: ;   {metadata('com/szymc/voxel_engine/Camera')}
  0x000001922ee9b110: 0000 49ba | 182c 0420 | 0000 0000 | 4c89 91c8 | 0100 0048 | 8381 d001 | 0000 018b | 5f24 48c1 
  0x000001922ee9b130: e303 488b 

  0x000001922ee9b134: ;   {metadata(method data for {method} {0x000001924d802c40} 'render' '()V' in 'com/szymc/voxel_engine/Engine')}
  0x000001922ee9b134: cf49 b890 | 3faa 4d92 

  0x000001922ee9b13c: ;   {metadata('com/szymc/voxel_engine/Camera')}
  0x000001922ee9b13c: 0100 0049 | ba18 2c04 | 2000 0000 | 004d 8990 | f801 0000 | 4983 8000 | 0200 0001 | 488b d748 
  0x000001922ee9b15c: 899c 24f0 | 0000 000f 

  0x000001922ee9b164: ;   {optimized virtual_call}
  0x000001922ee9b164: 1f40 00e8 

  0x000001922ee9b168: ; ImmutableOopMap {[216]=Oop [224]=Oop [232]=Oop [240]=Oop [248]=Oop }
                      ;*invokevirtual getViewMatrix {reexecute=0 rethrow=0 return_oop=0}
                      ; - com.szymc.voxel_engine.Engine::render@79 (line 229)
  0x000001922ee9b168: b471 e0ff 

  0x000001922ee9b16c: ;   {post_call_nop}
  0x000001922ee9b16c: 0f1f 8400 | e409 0008 | 488b b424 | e800 0000 

  0x000001922ee9b17c: ; implicit exception: dispatches to 0x000001922eea3758
  0x000001922ee9b17c: 483b 064c 

  0x000001922ee9b180: ;   {metadata(method data for {method} {0x000001924d802c40} 'render' '()V' in 'com/szymc/voxel_engine/Engine')}
  0x000001922ee9b180: 8bc6 49b9 | 903f aa4d | 9201 0000 

  0x000001922ee9b18c: ;   {metadata('com/szymc/localShaders/WorldShader')}
  0x000001922ee9b18c: 49ba 608a | 0720 0000 | 0000 4d89 | 9128 0200 | 0049 8381 | 3002 0000 

  0x000001922ee9b1a4: ;   {metadata(method data for {method} {0x000001924d871160} 'setCamera' '(Lorg/joml/Matrix4f;Lorg/joml/Matrix4f;Ljava/nio/FloatBuffer;)V' in 'com/szymc/localShaders/WorldShader')}
  0x000001922ee9b1a4: 0149 b860 | c7a5 4d92 | 0100 0045 | 8b88 9000 | 0000 4183 | c102 4589 | 8890 0000 | 0041 81e1 
  0x000001922ee9b1c4: feff 1f00 | 4585 c90f | 848c 8500 | 008b 5e10 

  0x000001922ee9b1d4: ;   {metadata(method data for {method} {0x000001924d871160} 'setCamera' '(Lorg/joml/Matrix4f;Lorg/joml/Matrix4f;Ljava/nio/FloatBuffer;)V' in 'com/szymc/localShaders/WorldShader')}
  0x000001922ee9b1d4: 4c8b c649 | b960 c7a5 | 4d92 0100 | 0045 8b40 | 0841 ba00 | 0000 1f4d | 03c2 4d3b | 81e0 0000 
  0x000001922ee9b1f4: 0075 0d49 | 8381 e800 | 0000 01e9 | 6000 0000 | 4d3b 81f0 | 0000 0075 | 0d49 8381 | f800 0000 
  0x000001922ee9b214: 01e9 4a00 | 0000 4983 | b9e0 0000 | 0000 7517 | 4d89 81e0 | 0000 0049 | c781 e800 | 0000 0100 
  0x000001922ee9b234: 0000 e929 | 0000 0049 | 83b9 f000 | 0000 0075 | 174d 8981 | f000 0000 | 49c7 81f8 | 0000 0001 
  0x000001922ee9b254: 0000 00e9 | 0800 0000 | 4983 81d8 | 0000 0001 

  0x000001922ee9b264: ;   {metadata(method data for {method} {0x000001924d806220} 'setMatrix' '(ILorg/joml/Matrix4f;Ljava/nio/FloatBuffer;)V' in 'com/szymc/localShaders/Shader')}
  0x000001922ee9b264: 49b8 302f | a94d 9201 | 0000 458b | 8890 0000 | 0041 83c1 | 0245 8988 | 9000 0000 | 4181 e1fe 
  0x000001922ee9b284: ff1f 0045 | 85c9 0f84 | ee84 0000 | 4c8b 8424 | f000 0000 

  0x000001922ee9b298: ; implicit exception: dispatches to 0x000001922eea379f
  0x000001922ee9b298: 493b 004d 

  0x000001922ee9b29c: ;   {metadata(method data for {method} {0x000001924d806220} 'setMatrix' '(ILorg/joml/Matrix4f;Ljava/nio/FloatBuffer;)V' in 'com/szymc/localShaders/Shader')}
  0x000001922ee9b29c: 8bc8 48bf | 302f a94d | 9201 0000 | 4883 87e8 | 0000 0001 

  0x000001922ee9b2b0: ;   {metadata(method data for {method} {0x000001924d43d660} 'get' '(Ljava/nio/FloatBuffer;)Ljava/nio/FloatBuffer;' in 'org/joml/Matrix4f')}
  0x000001922ee9b2b0: 49b9 c00c | a94d 9201 | 0000 418b | b990 0000 | 0083 c702 | 4189 b990 | 0000 0081 | e7fe ff1f 
  0x000001922ee9b2d0: 0085 ff0f | 84cb 8400 | 0048 8b8c | 24f8 0000 | 0048 3b01 

  0x000001922ee9b2e4: ;   {metadata(method data for {method} {0x000001924d43d660} 'get' '(Ljava/nio/FloatBuffer;)Ljava/nio/FloatBuffer;' in 'org/joml/Matrix4f')}
  0x000001922ee9b2e4: 4c8b c948 | bfc0 0ca9 | 4d92 0100 | 0045 8b49 | 0841 ba00 | 0000 1f4d | 03ca 4c3b | 8fe0 0000 
  0x000001922ee9b304: 0075 0d48 | 8387 e800 | 0000 01e9 | 6000 0000 | 4c3b 8ff0 | 0000 0075 | 0d48 8387 | f800 0000 
  0x000001922ee9b324: 01e9 4a00 | 0000 4883 | bfe0 0000 | 0000 7517 | 4c89 8fe0 | 0000 0048 | c787 e800 | 0000 0100 
  0x000001922ee9b344: 0000 e929 | 0000 0048 | 83bf f000 | 0000 0075 | 174c 898f | f000 0000 | 48c7 87f8 | 0000 0001 
  0x000001922ee9b364: 0000 00e9 | 0800 0000 | 4883 87d8 | 0000 0001 | 448b 4918 

  0x000001922ee9b378: ;   {oop(a 'org/joml/MemUtil$MemUtilUnsafe'{0x000000060d6abd38})}
  0x000001922ee9b378: 49bb 38bd | 6a0d 0600 | 0000 498b 

  0x000001922ee9b384: ;   {metadata(method data for {method} {0x000001924d43d660} 'get' '(Ljava/nio/FloatBuffer;)Ljava/nio/FloatBuffer;' in 'org/joml/Matrix4f')}
  0x000001922ee9b384: fb48 bac0 | 0ca9 4d92 | 0100 0048 | 8382 1801 | 0000 0148 | 8bf9 498b | d34c 899c | 2410 0100 
  0x000001922ee9b3a4: 0048 8984 | 2408 0100 | 0089 9c24 | 0001 0000 

  0x000001922ee9b3b4: ;   {optimized virtual_call}
  0x000001922ee9b3b4: 6666 90e8 

  0x000001922ee9b3b8: ; ImmutableOopMap {[216]=Oop [224]=Oop [232]=Oop [248]=Oop [264]=Oop [272]=Oop }
                      ;*invokevirtual put {reexecute=0 rethrow=0 return_oop=0}
                      ; - org.joml.Matrix4f::get@9 (line 3241)
                      ; - com.szymc.localShaders.Shader::setMatrix@4 (line 86)
                      ; - com.szymc.localShaders.WorldShader::setCamera@7 (line 38)
                      ; - com.szymc.voxel_engine.Engine::render@83 (line 229)
  0x000001922ee9b3b8: 6488 fdff 

  0x000001922ee9b3bc: ;   {post_call_nop}
  0x000001922ee9b3bc: 0f1f 8400 | 340c 0009 

  0x000001922ee9b3c4: ;   {metadata(method data for {method} {0x000001924d806220} 'setMatrix' '(ILorg/joml/Matrix4f;Ljava/nio/FloatBuffer;)V' in 'com/szymc/localShaders/Shader')}
  0x000001922ee9b3c4: 48ba 302f | a94d 9201 | 0000 4883 | 8208 0100 

  0x000001922ee9b3d4: ;   {metadata(method data for {method} {0x000001924d81c700} 'glUniformMatrix4fv' '(IZLjava/nio/FloatBuffer;)V' in 'org/lwjgl/opengl/GL20')}
  0x000001922ee9b3d4: 0001 48ba | 5810 a94d | 9201 0000 | 448b 8290 | 0000 0041 | 83c0 0244 | 8982 9000 | 0000 4181 
  0x000001922ee9b3f4: e0fe ff1f | 0045 85c0 | 0f84 c883 

  0x000001922ee9b400: ;   {metadata(method data for {method} {0x000001924d81c700} 'glUniformMatrix4fv' '(IZLjava/nio/FloatBuffer;)V' in 'org/lwjgl/opengl/GL20')}
  0x000001922ee9b400: 0000 48ba | 5810 a94d | 9201 0000 | 4883 82d8 | 0000 0001 | 8b94 2400 | 0100 0041 | b800 0000 
  0x000001922ee9b420: 004c 8b8c | 24f8 0000 | 0066 0f1f 

  0x000001922ee9b42c: ;   {static_call}
  0x000001922ee9b42c: 4400 00e8 

  0x000001922ee9b430: ; ImmutableOopMap {[216]=Oop [224]=Oop [232]=Oop [248]=Oop [264]=Oop [272]=Oop }
                      ;*invokestatic glUniformMatrix4fv {reexecute=0 rethrow=0 return_oop=0}
                      ; - org.lwjgl.opengl.GL20::glUniformMatrix4fv@3 (line 791)
                      ; - com.szymc.localShaders.Shader::setMatrix@7 (line 86)
                      ; - com.szymc.localShaders.WorldShader::setCamera@7 (line 38)
                      ; - com.szymc.voxel_engine.Engine::render@83 (line 229)
  0x000001922ee9b430: cc95 fdff 

  0x000001922ee9b434: ;   {post_call_nop}
  0x000001922ee9b434: 0f1f 8400 | ac0c 000a | 488b b424 | e800 0000 

  0x000001922ee9b444: ;   {metadata(method data for {method} {0x000001924d871160} 'setCamera' '(Lorg/joml/Matrix4f;Lorg/joml/Matrix4f;Ljava/nio/FloatBuffer;)V' in 'com/szymc/localShaders/WorldShader')}
  0x000001922ee9b444: 8b5e 1449 | b860 c7a5 | 4d92 0100 | 008b 7608 | 41ba 0000 | 001f 4903 | f249 3bb0 | 1001 0000 
  0x000001922ee9b464: 750d 4983 | 8018 0100 | 0001 e960 | 0000 0049 | 3bb0 2001 | 0000 750d | 4983 8028 | 0100 0001 
  0x000001922ee9b484: e94a 0000 | 0049 83b8 | 1001 0000 | 0075 1749 | 89b0 1001 | 0000 49c7 | 8018 0100 | 0001 0000 
  0x000001922ee9b4a4: 00e9 2900 | 0000 4983 | b820 0100 | 0000 7517 | 4989 b020 | 0100 0049 | c780 2801 | 0000 0100 
  0x000001922ee9b4c4: 0000 e908 | 0000 0049 | 8380 0801 

  0x000001922ee9b4d0: ;   {metadata(method data for {method} {0x000001924d806220} 'setMatrix' '(ILorg/joml/Matrix4f;Ljava/nio/FloatBuffer;)V' in 'com/szymc/localShaders/Shader')}
  0x000001922ee9b4d0: 0000 0149 | b830 2fa9 | 4d92 0100 | 0045 8b88 | 9000 0000 | 4183 c102 | 4589 8890 | 0000 0041 
  0x000001922ee9b4f0: 81e1 feff | 1f00 4585 | c90f 84ec | 8200 0048 | 8b84 2408 | 0100 0048 | 3b00 4c8b 

  0x000001922ee9b50c: ;   {metadata(method data for {method} {0x000001924d806220} 'setMatrix' '(ILorg/joml/Matrix4f;Ljava/nio/FloatBuffer;)V' in 'com/szymc/localShaders/Shader')}
  0x000001922ee9b50c: c049 b930 | 2fa9 4d92 | 0100 0049 | 8381 e800 

  0x000001922ee9b51c: ;   {metadata(method data for {method} {0x000001924d43d660} 'get' '(Ljava/nio/FloatBuffer;)Ljava/nio/FloatBuffer;' in 'org/joml/Matrix4f')}
  0x000001922ee9b51c: 0000 0149 | b8c0 0ca9 | 4d92 0100 | 0045 8b88 | 9000 0000 | 4183 c102 | 4589 8890 | 0000 0041 
  0x000001922ee9b53c: 81e1 feff | 1f00 4585 | c90f 84c6 | 8200 004c | 8b84 24f8 

  0x000001922ee9b550: ;   {metadata(method data for {method} {0x000001924d43d660} 'get' '(Ljava/nio/FloatBuffer;)Ljava/nio/FloatBuffer;' in 'org/joml/Matrix4f')}
  0x000001922ee9b550: 0000 0049 | b9c0 0ca9 | 4d92 0100 | 0045 8b40 | 0841 ba00 | 0000 1f4d | 03c2 4d3b | 81e0 0000 
  0x000001922ee9b570: 0075 0d49 | 8381 e800 | 0000 01e9 | 6000 0000 | 4d3b 81f0 | 0000 0075 | 0d49 8381 | f800 0000 
  0x000001922ee9b590: 01e9 4a00 | 0000 4983 | b9e0 0000 | 0000 7517 | 4d89 81e0 | 0000 0049 | c781 e800 | 0000 0100 
  0x000001922ee9b5b0: 0000 e929 | 0000 0049 | 83b9 f000 | 0000 0075 | 174d 8981 | f000 0000 | 49c7 81f8 | 0000 0001 
  0x000001922ee9b5d0: 0000 00e9 | 0800 0000 | 4983 81d8 | 0000 0001 | 488b b424 | f800 0000 | 448b 4e18 | 4c8b 9c24 
  0x000001922ee9b5f0: 1001 0000 

  0x000001922ee9b5f4: ;   {metadata(method data for {method} {0x000001924d43d660} 'get' '(Ljava/nio/FloatBuffer;)Ljava/nio/FloatBuffer;' in 'org/joml/Matrix4f')}
  0x000001922ee9b5f4: 49b8 c00c | a94d 9201 | 0000 4983 | 8018 0100 | 0001 4c8b | c048 8bfe | 488b 9424 | 1001 0000 
  0x000001922ee9b614: 899c 2404 | 0100 000f 

  0x000001922ee9b61c: ;   {optimized virtual_call}
  0x000001922ee9b61c: 1f40 00e8 

  0x000001922ee9b620: ; ImmutableOopMap {[216]=Oop [224]=Oop [248]=Oop }
                      ;*invokevirtual put {reexecute=0 rethrow=0 return_oop=0}
                      ; - org.joml.Matrix4f::get@9 (line 3241)
                      ; - com.szymc.localShaders.Shader::setMatrix@4 (line 86)
                      ; - com.szymc.localShaders.WorldShader::setCamera@17 (line 39)
                      ; - com.szymc.voxel_engine.Engine::render@83 (line 229)
  0x000001922ee9b620: fc85 fdff 

  0x000001922ee9b624: ;   {post_call_nop}
  0x000001922ee9b624: 0f1f 8400 | 9c0e 000b 

  0x000001922ee9b62c: ;   {metadata(method data for {method} {0x000001924d806220} 'setMatrix' '(ILorg/joml/Matrix4f;Ljava/nio/FloatBuffer;)V' in 'com/szymc/localShaders/Shader')}
  0x000001922ee9b62c: 48ba 302f | a94d 9201 | 0000 4883 | 8208 0100 

  0x000001922ee9b63c: ;   {metadata(method data for {method} {0x000001924d81c700} 'glUniformMatrix4fv' '(IZLjava/nio/FloatBuffer;)V' in 'org/lwjgl/opengl/GL20')}
  0x000001922ee9b63c: 0001 48ba | 5810 a94d | 9201 0000 | 448b 8290 | 0000 0041 | 83c0 0244 | 8982 9000 | 0000 4181 
  0x000001922ee9b65c: e0fe ff1f | 0045 85c0 | 0f84 c881 

  0x000001922ee9b668: ;   {metadata(method data for {method} {0x000001924d81c700} 'glUniformMatrix4fv' '(IZLjava/nio/FloatBuffer;)V' in 'org/lwjgl/opengl/GL20')}
  0x000001922ee9b668: 0000 48ba | 5810 a94d | 9201 0000 | 4883 82d8 | 0000 0001 | 8b94 2404 | 0100 0041 | b800 0000 
  0x000001922ee9b688: 004c 8b8c | 24f8 0000 | 0066 0f1f 

  0x000001922ee9b694: ;   {static_call}
  0x000001922ee9b694: 4400 00e8 

  0x000001922ee9b698: ; ImmutableOopMap {[216]=Oop [224]=Oop [248]=Oop }
                      ;*invokestatic glUniformMatrix4fv {reexecute=0 rethrow=0 return_oop=0}
                      ; - org.lwjgl.opengl.GL20::glUniformMatrix4fv@3 (line 791)
                      ; - com.szymc.localShaders.Shader::setMatrix@7 (line 86)
                      ; - com.szymc.localShaders.WorldShader::setCamera@17 (line 39)
                      ; - com.szymc.voxel_engine.Engine::render@83 (line 229)
  0x000001922ee9b698: 6493 fdff 

  0x000001922ee9b69c: ;   {post_call_nop}
  0x000001922ee9b69c: 0f1f 8400 | 140f 000c | 488b 9424 | d800 0000 | 8b72 1c48 | c1e6 0348 | 3b06 488b 

  0x000001922ee9b6b8: ;   {metadata(method data for {method} {0x000001924d802c40} 'render' '()V' in 'com/szymc/voxel_engine/Engine')}
  0x000001922ee9b6b8: fe48 bb90 | 3faa 4d92 

  0x000001922ee9b6c0: ;   {metadata('com/szymc/voxel_engine/Camera')}
  0x000001922ee9b6c0: 0100 0049 | ba18 2c04 | 2000 0000 | 004c 8993 | 5802 0000 | 4883 8360 | 0200 0001 

  0x000001922ee9b6dc: ;   {optimized virtual_call}
  0x000001922ee9b6dc: 488b d6e8 

  0x000001922ee9b6e0: ; ImmutableOopMap {[216]=Oop [224]=Oop [248]=Oop }
                      ;*invokevirtual getViewMatrix {reexecute=0 rethrow=0 return_oop=0}
                      ; - com.szymc.voxel_engine.Engine::render@90 (line 231)
  0x000001922ee9b6e0: 3c6c e0ff 

  0x000001922ee9b6e4: ;   {post_call_nop}
  0x000001922ee9b6e4: 0f1f 8400 | 5c0f 000d | 488b 9424 | d800 0000 | 8b72 1c48 | c1e6 0348 | 3b06 4c8b 

  0x000001922ee9b700: ;   {metadata(method data for {method} {0x000001924d802c40} 'render' '()V' in 'com/szymc/voxel_engine/Engine')}
  0x000001922ee9b700: c649 b990 | 3faa 4d92 

  0x000001922ee9b708: ;   {metadata('com/szymc/voxel_engine/Camera')}
  0x000001922ee9b708: 0100 0049 | ba18 2c04 | 2000 0000 | 004d 8991 | 8802 0000 | 4983 8190 | 0200 0001 

  0x000001922ee9b724: ;   {metadata(method data for {method} {0x000001924d40d8e0} 'updateFrustum' '(Lorg/joml/Matrix4f;)V' in 'com/szymc/voxel_engine/Camera')}
  0x000001922ee9b724: 49b8 d8b7 | a94d 9201 | 0000 458b | 8890 0000 | 0041 83c1 | 0245 8988 | 9000 0000 | 4181 e1fe 
  0x000001922ee9b744: ff1f 0045 | 85c9 0f84 | 0d81 0000 | 8b7e 2448 | c1e7 0344 | 8b4e 3049 | c1e1 0348 | 3b07 4c8b 
  0x000001922ee9b764: ;   {metadata(method data for {method} {0x000001924d40d8e0} 'updateFrustum' '(Lorg/joml/Matrix4f;)V' in 'com/szymc/voxel_engine/Camera')}
  0x000001922ee9b764: c748 bbd8 | b7a9 4d92 

  0x000001922ee9b76c: ;   {metadata('org/joml/Matrix4f')}
  0x000001922ee9b76c: 0100 0049 | ba00 4004 | 2000 0000 | 004c 8993 | e000 0000 | 4883 83e8 | 0000 0001 | 4c8b c048 
  0x000001922ee9b78c: 8bd7 4889 | b424 1801 

  0x000001922ee9b794: ;   {optimized virtual_call}
  0x000001922ee9b794: 0000 90e8 

  0x000001922ee9b798: ; ImmutableOopMap {[216]=Oop [224]=Oop [248]=Oop [280]=Oop }
                      ;*invokevirtual mul {reexecute=0 rethrow=0 return_oop=0}
                      ; - com.szymc.voxel_engine.Camera::updateFrustum@9 (line 85)
                      ; - com.szymc.voxel_engine.Engine::render@99 (line 232)
  0x000001922ee9b798: 84c6 0200 

  0x000001922ee9b79c: ;   {post_call_nop}
  0x000001922ee9b79c: 0f1f 8400 | 1410 000e | 488b b424 | 1801 0000 | 8b56 2848 | c1e2 0344 | 8b46 3049 | c1e0 0348 
  0x000001922ee9b7bc: 3b02 4c8b 

  0x000001922ee9b7c0: ;   {metadata(method data for {method} {0x000001924d40d8e0} 'updateFrustum' '(Lorg/joml/Matrix4f;)V' in 'com/szymc/voxel_engine/Camera')}
  0x000001922ee9b7c0: ca48 bed8 | b7a9 4d92 

  0x000001922ee9b7c8: ;   {metadata('org/joml/FrustumIntersection')}
  0x000001922ee9b7c8: 0100 0049 | ba10 5f05 | 2000 0000 | 004c 8996 | 1001 0000 | 4883 8618 | 0100 0001 

  0x000001922ee9b7e4: ;   {metadata(method data for {method} {0x000001924d5ea580} 'set' '(Lorg/joml/Matrix4fc;)Lorg/joml/FrustumIntersection;' in 'org/joml/FrustumIntersection')}
  0x000001922ee9b7e4: 49b9 2868 | 994d 9201 | 0000 418b | b190 0000 | 0083 c602 | 4189 b190 | 0000 0081 | e6fe ff1f 
  0x000001922ee9b804: 0085 f60f | 847b 8000 | 004c 8bca 

  0x000001922ee9b810: ;   {metadata(method data for {method} {0x000001924d5ea580} 'set' '(Lorg/joml/Matrix4fc;)Lorg/joml/FrustumIntersection;' in 'org/joml/FrustumIntersection')}
  0x000001922ee9b810: 48be 2868 | 994d 9201 

  0x000001922ee9b818: ;   {metadata('org/joml/FrustumIntersection')}
  0x000001922ee9b818: 0000 49ba | 105f 0520 | 0000 0000 | 4c89 96e0 | 0000 0048 | 8386 e800 | 0000 0141 | b901 0000 
  0x000001922ee9b838: 0066 0f1f 

  0x000001922ee9b83c: ;   {optimized virtual_call}
  0x000001922ee9b83c: 4400 00e8 

  0x000001922ee9b840: ; ImmutableOopMap {[216]=Oop [224]=Oop [248]=Oop }
                      ;*invokevirtual set {reexecute=0 rethrow=0 return_oop=0}
                      ; - org.joml.FrustumIntersection::set@3 (line 184)
                      ; - com.szymc.voxel_engine.Camera::updateFrustum@21 (line 86)
                      ; - com.szymc.voxel_engine.Engine::render@99 (line 232)
  0x000001922ee9b840: 7cce 0200 

  0x000001922ee9b844: ;   {post_call_nop}
  0x000001922ee9b844: 0f1f 8400 | bc10 000f 

  0x000001922ee9b84c: ;   {metadata(method data for {method} {0x000001924d802c40} 'render' '()V' in 'com/szymc/voxel_engine/Engine')}
  0x000001922ee9b84c: 48ba 903f | aa4d 9201 | 0000 4883 | 82b0 0200 

  0x000001922ee9b85c: ;   {metadata(method data for {method} {0x000001924d747410} 'glDisable' '(I)V' in 'org/lwjgl/opengl/GL11')}
  0x000001922ee9b85c: 0001 48ba | 4017 a94d | 9201 0000 | 8bb2 9000 | 0000 83c6 | 0289 b290 | 0000 0081 | e6fe ff1f 
  0x000001922ee9b87c: 0085 f60f | 8424 8000 

  0x000001922ee9b884: ;   {metadata(method data for {method} {0x000001924d747410} 'glDisable' '(I)V' in 'org/lwjgl/opengl/GL11')}
  0x000001922ee9b884: 0048 ba40 | 17a9 4d92 | 0100 0048 | 8382 d800 | 0000 01ba | e20b 0000 

  0x000001922ee9b89c: ;   {static_call}
  0x000001922ee9b89c: 6666 90e8 

  0x000001922ee9b8a0: ; ImmutableOopMap {[216]=Oop [224]=Oop [248]=Oop }
                      ;*invokestatic glDisable {reexecute=0 rethrow=0 return_oop=0}
                      ; - org.lwjgl.opengl.GL11::glDisable@1 (line 737)
                      ; - com.szymc.voxel_engine.Engine::render@105 (line 234)
  0x000001922ee9b8a0: 6c37 9b07 

  0x000001922ee9b8a4: ;   {post_call_nop}
  0x000001922ee9b8a4: 0f1f 8400 | 1c11 0010 

  0x000001922ee9b8ac: ;   {metadata(method data for {method} {0x000001924d802c40} 'render' '()V' in 'com/szymc/voxel_engine/Engine')}
  0x000001922ee9b8ac: 48ba 903f | aa4d 9201 | 0000 4883 | 82c0 0200 

  0x000001922ee9b8bc: ;   {metadata(method data for {method} {0x000001924d74be38} 'glDepthMask' '(Z)V' in 'org/lwjgl/opengl/GL11')}
  0x000001922ee9b8bc: 0001 48ba | 804a 794d | 9201 0000 | 8bb2 9000 | 0000 83c6 | 0289 b290 | 0000 0081 | e6fe ff1f 
  0x000001922ee9b8dc: 0085 f60f | 84e5 7f00 

  0x000001922ee9b8e4: ;   {metadata(method data for {method} {0x000001924d74be38} 'glDepthMask' '(Z)V' in 'org/lwjgl/opengl/GL11')}
  0x000001922ee9b8e4: 0048 ba80 | 4a79 4d92 | 0100 0048 | 8382 d800 | 0000 01ba | 0100 0000 

  0x000001922ee9b8fc: ;   {static_call}
  0x000001922ee9b8fc: 6666 90e8 

  0x000001922ee9b900: ; ImmutableOopMap {[216]=Oop [224]=Oop [248]=Oop }
                      ;*invokestatic glDepthMask {reexecute=0 rethrow=0 return_oop=0}
                      ; - org.lwjgl.opengl.GL11::glDepthMask@1 (line 1780)
                      ; - com.szymc.voxel_engine.Engine::render@109 (line 235)
  0x000001922ee9b900: 0c8c 9e07 

  0x000001922ee9b904: ;   {post_call_nop}
  0x000001922ee9b904: 0f1f 8400 | 7c11 0011 | 488b 9424 | d800 0000 | 8b72 2448 | c1e6 0348 | 3b06 488b 

  0x000001922ee9b920: ;   {metadata(method data for {method} {0x000001924d802c40} 'render' '()V' in 'com/szymc/voxel_engine/Engine')}
  0x000001922ee9b920: fe48 bb90 | 3faa 4d92 | 0100 008b | 7f08 41ba | 0000 001f | 4903 fa48 | 3bbb d802 | 0000 750d 
  0x000001922ee9b940: 4883 83e0 | 0200 0001 | e960 0000 | 0048 3bbb | e802 0000 | 750d 4883 | 83f0 0200 | 0001 e94a 
  0x000001922ee9b960: 0000 0048 | 83bb d802 | 0000 0075 | 1748 89bb | d802 0000 | 48c7 83e0 | 0200 0001 | 0000 00e9 
  0x000001922ee9b980: 2900 0000 | 4883 bbe8 | 0200 0000 | 7517 4889 | bbe8 0200 | 0048 c783 | f002 0000 | 0100 0000 
  0x000001922ee9b9a0: e908 0000 | 0048 8383 | d002 0000 

  0x000001922ee9b9ac: ;   {metadata(method data for {method} {0x000001924d8060a0} 'start' '()V' in 'com/szymc/localShaders/Shader')}
  0x000001922ee9b9ac: 0148 bf80 | 7863 4d92 | 0100 008b | 9f90 0000 | 0083 c302 | 899f 9000 | 0000 81e3 | feff 1f00 
  0x000001922ee9b9cc: 85db 0f84 | 1c7f 0000 

  0x000001922ee9b9d4: ;   {metadata(method data for {method} {0x000001924d8060a0} 'start' '()V' in 'com/szymc/localShaders/Shader')}
  0x000001922ee9b9d4: 8b76 0c48 | bf80 7863 | 4d92 0100 | 0048 8387 | d800 0000 

  0x000001922ee9b9e8: ;   {metadata(method data for {method} {0x000001924d81ab68} 'glUseProgram' '(I)V' in 'org/lwjgl/opengl/GL20')}
  0x000001922ee9b9e8: 0148 bf30 | faa8 4d92 | 0100 008b | 9f90 0000 | 0083 c302 | 899f 9000 | 0000 81e3 | feff 1f00 
  0x000001922ee9ba08: 85db 0f84 | 017f 0000 

  0x000001922ee9ba10: ;   {metadata(method data for {method} {0x000001924d81ab68} 'glUseProgram' '(I)V' in 'org/lwjgl/opengl/GL20')}
  0x000001922ee9ba10: 48bf 30fa | a84d 9201 | 0000 4883 | 87d8 0000 | 0001 488b 

  0x000001922ee9ba24: ;   {static_call}
  0x000001922ee9ba24: d666 90e8 

  0x000001922ee9ba28: ; ImmutableOopMap {[216]=Oop [224]=Oop [248]=Oop }
                      ;*invokestatic glUseProgram {reexecute=0 rethrow=0 return_oop=0}
                      ; - org.lwjgl.opengl.GL20::glUseProgram@1 (line 398)
                      ; - com.szymc.localShaders.Shader::start@4 (line 78)
                      ; - com.szymc.voxel_engine.Engine::render@116 (line 238)
  0x000001922ee9ba28: 64d4 9b07 

  0x000001922ee9ba2c: ;   {post_call_nop}
  0x000001922ee9ba2c: 0f1f 8400 | a412 0012 | 488b 9424 | d800 0000 | 8b72 2048 | c1e6 0348 | 3b06 488b 

  0x000001922ee9ba48: ;   {metadata(method data for {method} {0x000001924d802c40} 'render' '()V' in 'com/szymc/voxel_engine/Engine')}
  0x000001922ee9ba48: fe48 b890 | 3faa 4d92 

  0x000001922ee9ba50: ;   {metadata('com/szymc/voxel_engine/World')}
  0x000001922ee9ba50: 0100 0049 | bab0 9206 | 2000 0000 | 004c 8990 | 0803 0000 | 4883 8010 | 0300 0001 | 8b5e 3048 
  0x000001922ee9ba70: c1e3 0348 | 85db 0f84 | 2500 0000 

  0x000001922ee9ba7c: ;   {metadata('it/unimi/dsi/fastutil/longs/Long2ObjectOpenHashMap')}
  0x000001922ee9ba7c: 48b9 20ae | 0620 0000 | 0000 8b43 | 0841 ba00 | 0000 1f49 | 03c2 483b | 4848 0f85 | 9b7e 0000 
  0x000001922ee9ba9c: e900 0000 | 0048 8bf3 

  0x000001922ee9baa4: ; implicit exception: dispatches to 0x000001922eea393c
  0x000001922ee9baa4: 483b 0348 

  0x000001922ee9baa8: ;   {metadata(method data for {method} {0x000001924d802c40} 'render' '()V' in 'com/szymc/voxel_engine/Engine')}
  0x000001922ee9baa8: 8bf3 48bf | 903f aa4d | 9201 0000 

  0x000001922ee9bab4: ;   {metadata('it/unimi/dsi/fastutil/longs/Long2ObjectOpenHashMap')}
  0x000001922ee9bab4: 49ba 20ae | 0620 0000 | 0000 4c89 | 9738 0300 | 0048 8387 | 4003 0000 

  0x000001922ee9bacc: ;   {metadata(method data for {method} {0x000001924d7a3400} 'values' '()Lit/unimi/dsi/fastutil/objects/ObjectCollection;' in 'it/unimi/dsi/fastutil/longs/Long2ObjectOpenHashMap')}
  0x000001922ee9bacc: 0148 be40 | a39f 4d92 | 0100 008b | be90 0000 | 0083 c702 | 89be 9000 | 0000 81e7 | feff 1f00 
  0x000001922ee9baec: 85ff 0f84 | 4d7e 0000 | 8b73 2048 | c1e6 0348 

  0x000001922ee9bafc: ;   {metadata(method data for {method} {0x000001924d7a3400} 'values' '()Lit/unimi/dsi/fastutil/objects/ObjectCollection;' in 'it/unimi/dsi/fastutil/longs/Long2ObjectOpenHashMap')}
  0x000001922ee9bafc: 85f6 48be | 40a3 9f4d | 9201 0000 | bfd8 0000 | 0075 05bf | e800 0000 | 488b 043e | 488d 4001 
  0x000001922ee9bb1c: 4889 043e | 0f85 b001 

  0x000001922ee9bb24: ;   {metadata('it/unimi/dsi/fastutil/longs/Long2ObjectOpenHashMap$1')}
  0x000001922ee9bb24: 0000 48ba | 48c4 0a20 | 0000 0000 | 498b 87b0 | 0100 0048 | 8d78 1049 | 3bbf c001 | 0000 0f87 
  0x000001922ee9bb44: 1a7e 0000 | 4989 bfb0 | 0100 0048 | c700 0100 | 0000 488b | ca41 ba00 | 0000 1f49 | 2bca 8948 
  0x000001922ee9bb64: 0848 33c9 | 8948 0c48 | 33c9 488b 

  0x000001922ee9bb70: ;   {metadata(method data for {method} {0x000001924d7a3400} 'values' '()Lit/unimi/dsi/fastutil/objects/ObjectCollection;' in 'it/unimi/dsi/fastutil/longs/Long2ObjectOpenHashMap')}
  0x000001922ee9bb70: d048 be40 | a39f 4d92 | 0100 0048 | 8386 f800 

  0x000001922ee9bb80: ;   {metadata(method data for {method} {0x000001924da7a888} '<init>' '(Lit/unimi/dsi/fastutil/longs/Long2ObjectOpenHashMap;)V' in 'it/unimi/dsi/fastutil/longs/Long2ObjectOpenHashMap$1')}
  0x000001922ee9bb80: 0000 0148 | ba60 959f | 4d92 0100 | 008b b290 | 0000 0083 | c602 89b2 | 9000 0000 | 81e6 feff 
  0x000001922ee9bba0: 1f00 85f6 | 0f84 c57d | 0000 410f | be57 4885 | d20f 85d9 | 7d00 004c | 8bd3 49c1 | ea03 4489 
  0x000001922ee9bbc0: 500c 488b | f048 33f3 | 48c1 ee16 | 7418 4885 | db74 1348 | 8bf0 48c1 | ee09 4903 | 7750 803e 
  0x000001922ee9bbe0: ff75 03c6 | 0600 488b 

  0x000001922ee9bbe8: ;   {metadata(method data for {method} {0x000001924da7a888} '<init>' '(Lit/unimi/dsi/fastutil/longs/Long2ObjectOpenHashMap;)V' in 'it/unimi/dsi/fastutil/longs/Long2ObjectOpenHashMap$1')}
  0x000001922ee9bbe8: d048 be60 | 959f 4d92 | 0100 0048 | 8386 d800 

  0x000001922ee9bbf8: ;   {metadata(method data for {method} {0x000001924da5aac0} '<init>' '()V' in 'it/unimi/dsi/fastutil/objects/AbstractObjectCollection')}
  0x000001922ee9bbf8: 0000 0148 | bab8 3c7c | 4d92 0100 | 008b b290 | 0000 0083 | c602 89b2 | 9000 0000 | 81e6 feff 
  0x000001922ee9bc18: 1f00 85f6 | 0f84 8c7d | 0000 488b 

  0x000001922ee9bc24: ;   {metadata(method data for {method} {0x000001924da5aac0} '<init>' '()V' in 'it/unimi/dsi/fastutil/objects/AbstractObjectCollection')}
  0x000001922ee9bc24: d048 beb8 | 3c7c 4d92 | 0100 0048 | 8386 d800 

  0x000001922ee9bc34: ;   {metadata(method data for {method} {0x000000001f2248b8} '<init>' '()V' in 'java/util/AbstractCollection')}
  0x000001922ee9bc34: 0000 0148 | ba90 2d01 | 4d92 0100 | 008b b290 | 0000 0083 | c602 89b2 | 9000 0000 | 81e6 feff 
  0x000001922ee9bc54: 1f00 85f6 | 0f84 717d | 0000 488b 

  0x000001922ee9bc60: ;   {metadata(method data for {method} {0x000000001f2248b8} '<init>' '()V' in 'java/util/AbstractCollection')}
  0x000001922ee9bc60: d048 be90 | 2d01 4d92 | 0100 0048 | 8386 d800 

  0x000001922ee9bc70: ;   {metadata(method data for {method} {0x000000001f4bc558} '<init>' '()V' in 'java/lang/Object')}
  0x000001922ee9bc70: 0000 0148 | bab0 d300 | 4d92 0100 | 008b b290 | 0000 0083 | c602 89b2 | 9000 0000 | 81e6 feff 
  0x000001922ee9bc90: 1f00 85f6 | 0f84 567d | 0000 410f | be57 4885 | d20f 856a | 7d00 004c | 8bd0 49c1 | ea03 4489 
  0x000001922ee9bcb0: 5320 488b | f348 33f0 | 48c1 ee16 | 7418 4885 | c074 1348 | 8bf3 48c1 | ee09 4903 | 7750 803e 
  0x000001922ee9bcd0: ff75 03c6 | 0600 8b53 | 2048 c1e2 | 0348 3b02 

  0x000001922ee9bce0: ;   {metadata(method data for {method} {0x000001924d802c40} 'render' '()V' in 'com/szymc/voxel_engine/Engine')}
  0x000001922ee9bce0: 488b fa48 | bb90 3faa | 4d92 0100 | 008b 7f08 | 41ba 0000 | 001f 4903 | fa48 3bbb | 6803 0000 
  0x000001922ee9bd00: 750d 4883 | 8370 0300 | 0001 e960 | 0000 0048 | 3bbb 7803 | 0000 750d | 4883 8380 | 0300 0001 
  0x000001922ee9bd20: e94a 0000 | 0048 83bb | 6803 0000 | 0075 1748 | 89bb 6803 | 0000 48c7 | 8370 0300 | 0001 0000 
  0x000001922ee9bd40: 00e9 2900 | 0000 4883 | bb78 0300 | 0000 7517 | 4889 bb78 | 0300 0048 | c783 8003 | 0000 0100 
  0x000001922ee9bd60: 0000 e908 | 0000 0048 | 8383 6003 | 0000 0166 | 0f1f 4400 | 0048 b870 | a4bf 5192 

  0x000001922ee9bd7c: ;   {virtual_call}
  0x000001922ee9bd7c: 0100 00e8 

  0x000001922ee9bd80: ; ImmutableOopMap {[216]=Oop [224]=Oop [248]=Oop }
                      ;*invokeinterface iterator {reexecute=0 rethrow=0 return_oop=0}
                      ; - com.szymc.voxel_engine.Engine::render@131 (line 239)
  0x000001922ee9bd80: 8e22 e5ff 

  0x000001922ee9bd84: ;   {post_call_nop}
  0x000001922ee9bd84: 0f1f 8400 | fc15 0013 | 4889 8424 | 2001 0000 | 0f1f 4000 

  0x000001922ee9bd98: ; implicit exception: dispatches to 0x000001922eea3a34
  0x000001922ee9bd98: 483b 0048 

  0x000001922ee9bd9c: ;   {metadata(method data for {method} {0x000001924d802c40} 'render' '()V' in 'com/szymc/voxel_engine/Engine')}
  0x000001922ee9bd9c: 8bf8 48bb | 903f aa4d | 9201 0000 | 8b7f 0841 | ba00 0000 | 1f49 03fa | 483b bb98 | 0300 0075 
  0x000001922ee9bdbc: 0d48 8383 | a003 0000 | 01e9 6000 | 0000 483b | bba8 0300 | 0075 0d48 | 8383 b003 | 0000 01e9 
  0x000001922ee9bddc: 4a00 0000 | 4883 bb98 | 0300 0000 | 7517 4889 | bb98 0300 | 0048 c783 | a003 0000 | 0100 0000 
  0x000001922ee9bdfc: e929 0000 | 0048 83bb | a803 0000 | 0075 1748 | 89bb a803 | 0000 48c7 | 83b0 0300 | 0001 0000 
  0x000001922ee9be1c: 00e9 0800 | 0000 4883 | 8390 0300 | 0001 488b | d048 b898 | a4bf 5192 

  0x000001922ee9be34: ;   {virtual_call}
  0x000001922ee9be34: 0100 00e8 

  0x000001922ee9be38: ; ImmutableOopMap {[216]=Oop [224]=Oop [248]=Oop [288]=Oop }
                      ;*invokeinterface hasNext {reexecute=0 rethrow=0 return_oop=0}
                      ; - com.szymc.voxel_engine.Engine::render@140 (line 239)
  0x000001922ee9be38: 4646 a607 

  0x000001922ee9be3c: ;   {post_call_nop}
  0x000001922ee9be3c: 0f1f 8400 | b416 0014 

  0x000001922ee9be44: ;   {metadata(method data for {method} {0x000001924d802c40} 'render' '()V' in 'com/szymc/voxel_engine/Engine')}
  0x000001922ee9be44: 85c0 48ba | 903f aa4d | 9201 0000 | bec0 0300 | 0074 05be | d003 0000 | 488b 3c32 | 488d 7f01 
  0x000001922ee9be64: 4889 3c32 | 0f84 930c | 0000 488b | 8424 2001 

  0x000001922ee9be74: ;   {metadata(method data for {method} {0x000001924d802c40} 'render' '()V' in 'com/szymc/voxel_engine/Engine')}
  0x000001922ee9be74: 0000 48ba | 903f aa4d | 9201 0000 | 8b40 0841 | ba00 0000 | 1f49 03c2 | 483b 82e8 | 0300 0075 
  0x000001922ee9be94: 0d48 8382 | f003 0000 | 01e9 6000 | 0000 483b | 82f8 0300 | 0075 0d48 | 8382 0004 | 0000 01e9 
  0x000001922ee9beb4: 4a00 0000 | 4883 bae8 | 0300 0000 | 7517 4889 | 82e8 0300 | 0048 c782 | f003 0000 | 0100 0000 
  0x000001922ee9bed4: e929 0000 | 0048 83ba | f803 0000 | 0075 1748 | 8982 f803 | 0000 48c7 | 8200 0400 | 0001 0000 
  0x000001922ee9bef4: 00e9 0800 | 0000 4883 | 82e0 0300 | 0001 488b | 9424 2001 | 0000 6666 | 9048 b8c0 | a4bf 5192 
  0x000001922ee9bf14: ;   {virtual_call}
  0x000001922ee9bf14: 0100 00e8 

  0x000001922ee9bf18: ; ImmutableOopMap {[216]=Oop [224]=Oop [248]=Oop [288]=Oop }
                      ;*invokeinterface next {reexecute=0 rethrow=0 return_oop=0}
                      ; - com.szymc.voxel_engine.Engine::render@150 (line 239)
  0x000001922ee9bf18: e6c3 a707 

  0x000001922ee9bf1c: ;   {post_call_nop}
  0x000001922ee9bf1c: 0f1f 8400 | 9417 0015 

  0x000001922ee9bf24: ;   {metadata(method data for {method} {0x000001924d802c40} 'render' '()V' in 'com/szymc/voxel_engine/Engine')}
  0x000001922ee9bf24: 4885 c048 | bf90 3faa | 4d92 0100 | 0075 0c80 | 8f09 0400 | 0001 e9a6 | 0000 008b | 5808 41ba 
  0x000001922ee9bf44: 0000 001f | 4903 da48 | 3b9f 1804 | 0000 750d | 4883 8720 | 0400 0001 | e960 0000 | 0048 3b9f 
  0x000001922ee9bf64: 2804 0000 | 750d 4883 | 8730 0400 | 0001 e94a | 0000 0048 | 83bf 1804 | 0000 0075 | 1748 899f 
  0x000001922ee9bf84: 1804 0000 | 48c7 8720 | 0400 0001 | 0000 00e9 | 2900 0000 | 4883 bf28 | 0400 0000 | 7517 4889 
  0x000001922ee9bfa4: 9f28 0400 | 0048 c787 | 3004 0000 | 0100 0000 | e908 0000 | 0048 8387 | 1004 0000 

  0x000001922ee9bfc0: ;   {metadata('com/szymc/voxel_engine/ChunkColumn')}
  0x000001922ee9bfc0: 0148 bb18 | 760a 2000 | 0000 008b | 5008 41ba | 0000 001f | 4903 d248 | 3bda 0f85 | 597a 0000 
  0x000001922ee9bfe0: e900 0000 | 0048 8bf0 | 4889 b424 | 2801 0000 

  0x000001922ee9bff0: ;   {metadata(method data for {method} {0x000001924d802c40} 'render' '()V' in 'com/szymc/voxel_engine/Engine')}
  0x000001922ee9bff0: 4885 f648 | ba90 3faa | 4d92 0100 | 00bf 5004 | 0000 7405 | bf40 0400 | 0048 8b1c | 3a48 8d5b 
  0x000001922ee9c010: 0148 891c | 3a0f 849b | 0a00 0048 | 8b94 24d8 | 0000 008b | 7a1c 48c1 | e703 8b7f | 2848 c1e7 
  0x000001922ee9c030: 0348 3b06 

  0x000001922ee9c034: ;   {metadata(method data for {method} {0x000001924d802c40} 'render' '()V' in 'com/szymc/voxel_engine/Engine')}
  0x000001922ee9c034: 488b de48 | b890 3faa | 4d92 0100 

  0x000001922ee9c040: ;   {metadata('com/szymc/voxel_engine/ChunkColumn')}
  0x000001922ee9c040: 0049 ba18 | 760a 2000 | 0000 004c | 8990 8004 | 0000 4883 | 8088 0400 | 0001 8b5e | 0c48 8bc6 
  0x000001922ee9c060: ;   {metadata(method data for {method} {0x000001924d802c40} 'render' '()V' in 'com/szymc/voxel_engine/Engine')}
  0x000001922ee9c060: 48b9 903f | aa4d 9201 

  0x000001922ee9c068: ;   {metadata('com/szymc/voxel_engine/ChunkColumn')}
  0x000001922ee9c068: 0000 49ba | 1876 0a20 | 0000 0000 | 4c89 91b0 | 0400 0048 | 8381 b804 | 0000 018b | 4610 488b 
  0x000001922ee9c088: ;   {metadata(method data for {method} {0x000001924d802c40} 'render' '()V' in 'com/szymc/voxel_engine/Engine')}
  0x000001922ee9c088: ce49 b890 | 3faa 4d92 

  0x000001922ee9c090: ;   {metadata('com/szymc/voxel_engine/ChunkColumn')}
  0x000001922ee9c090: 0100 0049 | ba18 760a | 2000 0000 | 004d 8990 | e004 0000 | 4983 80e8 | 0400 0001 

  0x000001922ee9c0ac: ;   {metadata(method data for {method} {0x000001924d802c40} 'render' '()V' in 'com/szymc/voxel_engine/Engine')}
  0x000001922ee9c0ac: 488b ce49 | b890 3faa | 4d92 0100 

  0x000001922ee9c0b8: ;   {metadata('com/szymc/voxel_engine/ChunkColumn')}
  0x000001922ee9c0b8: 0049 ba18 | 760a 2000 | 0000 004d | 8990 1005 | 0000 4983 | 8018 0500 | 0001 483b | 0748 8bcf 
  0x000001922ee9c0d8: ;   {metadata(method data for {method} {0x000001924d802c40} 'render' '()V' in 'com/szymc/voxel_engine/Engine')}
  0x000001922ee9c0d8: 49b8 903f | aa4d 9201 

  0x000001922ee9c0e0: ;   {metadata('org/joml/FrustumIntersection')}
  0x000001922ee9c0e0: 0000 49ba | 105f 0520 | 0000 0000 | 4d89 9040 | 0500 0049 | 8380 4805 | 0000 01c1 | e305 c5fa 
  0x000001922ee9c100: 2ac3 c1e0 | 05c5 ea2a | d083 c320 | c5e2 2adb | 83c0 20c5 

  0x000001922ee9c114: ;   {section_word}
  0x000001922ee9c114: d22a e8c5 | fa10 0d71 

  0x000001922ee9c11c: ;   {section_word}
  0x000001922ee9c11c: e7ff ffc5 | fa10 256d | e7ff ff48 | 8bd7 0f1f 

  0x000001922ee9c12c: ;   {optimized virtual_call}
  0x000001922ee9c12c: 4400 00e8 

  0x000001922ee9c130: ; ImmutableOopMap {[216]=Oop [224]=Oop [248]=Oop [288]=Oop [296]=Oop }
                      ;*invokevirtual testAab {reexecute=0 rethrow=0 return_oop=0}
                      ; - com.szymc.voxel_engine.Engine::render@221 (line 242)
  0x000001922ee9c130: dc7c a807 

  0x000001922ee9c134: ;   {post_call_nop}
  0x000001922ee9c134: 0f1f 8400 | ac19 0016 

  0x000001922ee9c13c: ;   {metadata(method data for {method} {0x000001924d802c40} 'render' '()V' in 'com/szymc/voxel_engine/Engine')}
  0x000001922ee9c13c: 85c0 48ba | 903f aa4d | 9201 0000 | be78 0500 | 0074 05be | 6805 0000 | 488b 3c32 | 488d 7f01 
  0x000001922ee9c15c: 4889 3c32 | 0f84 0509 | 0000 be00 | 0000 000f | 1f44 0000 | 488b bc24 | 2801 0000 | 488b 9424 
  0x000001922ee9c17c: d800 0000 

  0x000001922ee9c180: ;   {metadata(method data for {method} {0x000001924d802c40} 'render' '()V' in 'com/szymc/voxel_engine/Engine')}
  0x000001922ee9c180: 83fe 1048 | bb90 3faa | 4d92 0100 | 00b9 a005 | 0000 7d05 | b9b0 0500 | 004c 8b04 | 0b4d 8d40 
  0x000001922ee9c1a0: 014c 8904 | 0b0f 8d75 | 0800 0048 

  0x000001922ee9c1ac: ;   {metadata(method data for {method} {0x000001924d802c40} 'render' '()V' in 'com/szymc/voxel_engine/Engine')}
  0x000001922ee9c1ac: 8bdf 48b9 | 903f aa4d | 9201 0000 

  0x000001922ee9c1b8: ;   {metadata('com/szymc/voxel_engine/ChunkColumn')}
  0x000001922ee9c1b8: 49ba 1876 | 0a20 0000 | 0000 4c89 | 91c8 0500 | 0048 8381 | d005 0000 

  0x000001922ee9c1d0: ;   {metadata(method data for {method} {0x000001924da642e0} 'getSection' '(I)Lcom/szymc/voxel_engine/ChunkSection;' in 'com/szymc/voxel_engine/ChunkColumn')}
  0x000001922ee9c1d0: 0148 bb30 | aca8 4d92 | 0100 008b | 8b90 0000 | 0083 c102 | 898b 9000 | 0000 81e1 | feff 1f00 
  0x000001922ee9c1f0: 85c9 0f84 | 5978 0000 | 8b5f 2048 | c1e3 038b | 4b0c ffc9 

  0x000001922ee9c204: ;   {metadata(method data for {method} {0x000001924da642e0} 'getSection' '(I)Lcom/szymc/voxel_engine/ChunkSection;' in 'com/szymc/voxel_engine/ChunkColumn')}
  0x000001922ee9c204: 3bf1 48b9 | 30ac a84d | 9201 0000 | 41b8 d800 | 0000 7e06 | 41b8 e800 | 0000 4e8b | 0c01 4d8d 
  0x000001922ee9c224: 4901 4e89 | 0c01 0f8e | 0f00 0000 

  0x000001922ee9c230: ;   {oop(nullptr)}
  0x000001922ee9c230: 48bb 0000 | 0000 0000 | 0000 e914 | 0000 003b | 730c 0f83 | 2f78 0000 | 4863 ce8b | 5c8b 1048 
  0x000001922ee9c250: c1e3 0348 

  0x000001922ee9c254: ;   {metadata(method data for {method} {0x000001924d802c40} 'render' '()V' in 'com/szymc/voxel_engine/Engine')}
  0x000001922ee9c254: 85db 48b9 | 903f aa4d | 9201 0000 | 41b8 f005 | 0000 7506 | 41b8 0006 | 0000 4e8b | 0c01 4d8d 
  0x000001922ee9c274: 4901 4e89 | 0c01 0f85 | 1c00 0000 

  0x000001922ee9c280: ;   {metadata(method data for {method} {0x000001924d802c40} 'render' '()V' in 'com/szymc/voxel_engine/Engine')}
  0x000001922ee9c280: 48bb 903f | aa4d 9201 | 0000 ff83 | 1006 0000 | 89b4 2430 | 0100 00e9 | 3807 0000 

  0x000001922ee9c29c: ; implicit exception: dispatches to 0x000001922eea3a85
  0x000001922ee9c29c: 483b 0348 

  0x000001922ee9c2a0: ;   {metadata(method data for {method} {0x000001924d802c40} 'render' '()V' in 'com/szymc/voxel_engine/Engine')}
  0x000001922ee9c2a0: 8bcb 49b8 | 903f aa4d | 9201 0000 

  0x000001922ee9c2ac: ;   {metadata('com/szymc/voxel_engine/ChunkSection')}
  0x000001922ee9c2ac: 49ba b878 | 0a20 0000 | 0000 4d89 | 9030 0600 | 0049 8380 | 3806 0000 | 018b 4b24 | 48c1 e103 
  0x000001922ee9c2cc: ;   {metadata(method data for {method} {0x000001924d802c40} 'render' '()V' in 'com/szymc/voxel_engine/Engine')}
  0x000001922ee9c2cc: 4885 c948 | b990 3faa | 4d92 0100 | 0041 b858 | 0600 0075 | 0641 b868 | 0600 004e | 8b0c 014d 
  0x000001922ee9c2ec: 8d49 014e | 890c 010f | 851c 0000 

  0x000001922ee9c2f8: ;   {metadata(method data for {method} {0x000001924d802c40} 'render' '()V' in 'com/szymc/voxel_engine/Engine')}
  0x000001922ee9c2f8: 0048 bb90 | 3faa 4d92 | 0100 00ff | 8378 0600 | 0089 b424 | 3001 0000 | e9bf 0600 | 0089 b424 
  0x000001922ee9c318: 3001 0000 

  0x000001922ee9c31c: ;   {metadata(method data for {method} {0x000001924d802c40} 'render' '()V' in 'com/szymc/voxel_engine/Engine')}
  0x000001922ee9c31c: 488b cb49 | b890 3faa | 4d92 0100 

  0x000001922ee9c328: ;   {metadata('com/szymc/voxel_engine/ChunkSection')}
  0x000001922ee9c328: 0049 bab8 | 780a 2000 | 0000 004d | 8990 9806 | 0000 4983 | 80a0 0600 | 0001 8b4b | 0c4c 8bc3 
  0x000001922ee9c348: ;   {metadata(method data for {method} {0x000001924d802c40} 'render' '()V' in 'com/szymc/voxel_engine/Engine')}
  0x000001922ee9c348: 49b9 903f | aa4d 9201 

  0x000001922ee9c350: ;   {metadata('com/szymc/voxel_engine/ChunkSection')}
  0x000001922ee9c350: 0000 49ba | b878 0a20 | 0000 0000 | 4d89 91c8 | 0600 0049 | 8381 d006 | 0000 0144 | 8b43 104c 
  0x000001922ee9c370: ;   {metadata(method data for {method} {0x000001924d802c40} 'render' '()V' in 'com/szymc/voxel_engine/Engine')}
  0x000001922ee9c370: 8bcb 49bb | 903f aa4d | 9201 0000 

  0x000001922ee9c37c: ;   {metadata('com/szymc/voxel_engine/ChunkSection')}
  0x000001922ee9c37c: 49ba b878 | 0a20 0000 | 0000 4d89 | 93f8 0600 | 0049 8383 | 0007 0000 | 0144 8b4b | 144c 8bdb 
  0x000001922ee9c39c: ;   {metadata(method data for {method} {0x000001924d802c40} 'render' '()V' in 'com/szymc/voxel_engine/Engine')}
  0x000001922ee9c39c: 49bd 903f | aa4d 9201 

  0x000001922ee9c3a4: ;   {metadata('com/szymc/voxel_engine/ChunkSection')}
  0x000001922ee9c3a4: 0000 49ba | b878 0a20 | 0000 0000 | 4d89 9528 | 0700 0049 | 8385 3007 | 0000 014c | 8bd9 4183 
  0x000001922ee9c3c4: c320 4c8b 

  0x000001922ee9c3c8: ;   {metadata(method data for {method} {0x000001924d802c40} 'render' '()V' in 'com/szymc/voxel_engine/Engine')}
  0x000001922ee9c3c8: eb49 be90 | 3faa 4d92 

  0x000001922ee9c3d0: ;   {metadata('com/szymc/voxel_engine/ChunkSection')}
  0x000001922ee9c3d0: 0100 0049 | bab8 780a | 2000 0000 | 004d 8996 | 5807 0000 | 4983 8660 | 0700 0001 | 498b f083 
  0x000001922ee9c3f0: c610 4c8b 

  0x000001922ee9c3f4: ;   {metadata(method data for {method} {0x000001924d802c40} 'render' '()V' in 'com/szymc/voxel_engine/Engine')}
  0x000001922ee9c3f4: eb49 be90 | 3faa 4d92 

  0x000001922ee9c3fc: ;   {metadata('com/szymc/voxel_engine/ChunkSection')}
  0x000001922ee9c3fc: 0100 0049 | bab8 780a | 2000 0000 | 004d 8996 | 8807 0000 | 4983 8690 | 0700 0001 | 498b f983 
  0x000001922ee9c41c: c720 448b | 6a1c 49c1 | e503 458b | 6d28 49c1 | e503 c5ca | 2af1 c4c1 | 422a f8c4 | 413a 2ac1 
  0x000001922ee9c43c: ; implicit exception: dispatches to 0x000001922eea3a8f
  0x000001922ee9c43c: 493b 4500 | 4d8b f548 | 899c 2438 

  0x000001922ee9c448: ;   {metadata(method data for {method} {0x000001924d802c40} 'render' '()V' in 'com/szymc/voxel_engine/Engine')}
  0x000001922ee9c448: 0100 0048 | bb90 3faa | 4d92 0100 

  0x000001922ee9c454: ;   {metadata('org/joml/FrustumIntersection')}
  0x000001922ee9c454: 0049 ba10 | 5f05 2000 | 0000 004c | 8993 b807 | 0000 4883 | 83c0 0700 | 0001 c4c1 | 622a dbc5 
  0x000001922ee9c474: da2a e6c5 | d22a efc5 | f828 c6c5 | f828 cfc4 | c178 28d0 | 498b d589 | 8c24 4401 | 0000 4489 
  0x000001922ee9c494: 8424 4001 | 0000 4489 | 8c24 3401 | 0000 c57a | 1184 24d0 | 0200 00c5 | fa11 bc24 | cc02 0000 
  0x000001922ee9c4b4: c5fa 11b4 | 24c8 0200 

  0x000001922ee9c4bc: ;   {optimized virtual_call}
  0x000001922ee9c4bc: 0066 90e8 

  0x000001922ee9c4c0: ; ImmutableOopMap {[216]=Oop [224]=Oop [248]=Oop [288]=Oop [296]=Oop [312]=Oop }
                      ;*invokevirtual testAab {reexecute=0 rethrow=0 return_oop=0}
                      ; - com.szymc.voxel_engine.Engine::render@344 (line 259)
  0x000001922ee9c4c0: 1c30 2507 

  0x000001922ee9c4c4: ;   {post_call_nop}
  0x000001922ee9c4c4: 0f1f 8400 | 3c1d 0017 

  0x000001922ee9c4cc: ;   {metadata(method data for {method} {0x000001924d802c40} 'render' '()V' in 'com/szymc/voxel_engine/Engine')}
  0x000001922ee9c4cc: 85c0 48ba | 903f aa4d | 9201 0000 | bee0 0700 | 0075 05be | f007 0000 | 488b 3c32 | 488d 7f01 
  0x000001922ee9c4ec: 4889 3c32 | 0f85 1500 

  0x000001922ee9c4f4: ;   {metadata(method data for {method} {0x000001924d802c40} 'render' '()V' in 'com/szymc/voxel_engine/Engine')}
  0x000001922ee9c4f4: 0000 48ba | 903f aa4d | 9201 0000 | ff82 0008 | 0000 e9c9 | 0400 00c5 | 7a10 8424 | d002 0000 
  0x000001922ee9c514: c5fa 10bc | 24cc 0200 | 00c5 fa10 | b424 c802 | 0000 488b | 9424 d800 | 0000 8b72 | 4c48 c1e6 
  0x000001922ee9c534: 0348 3b06 

  0x000001922ee9c538: ;   {metadata(method data for {method} {0x000001924d802c40} 'render' '()V' in 'com/szymc/voxel_engine/Engine')}
  0x000001922ee9c538: 488b fe48 | b990 3faa | 4d92 0100 

  0x000001922ee9c544: ;   {metadata('org/joml/Vector3f')}
  0x000001922ee9c544: 0049 ba08 | 3204 2000 | 0000 004c | 8991 2008 | 0000 4883 | 8128 0800 

  0x000001922ee9c55c: ;   {metadata(method data for {method} {0x000001924d41d3f8} 'set' '(FFF)Lorg/joml/Vector3f;' in 'org/joml/Vector3f')}
  0x000001922ee9c55c: 0001 48bf | 582f a54d | 9201 0000 | 8b8f 9000 | 0000 83c1 | 0289 8f90 | 0000 0081 | e1fe ff1f 
  0x000001922ee9c57c: 0085 c90f | 8414 7500 | 00c5 fa11 | 760c c5fa | 117e 10c5 | 7a11 4614 | 8b7a 5048 | c1e7 0348 
  0x000001922ee9c59c: 3b07 488b 

  0x000001922ee9c5a0: ;   {metadata(method data for {method} {0x000001924d802c40} 'render' '()V' in 'com/szymc/voxel_engine/Engine')}
  0x000001922ee9c5a0: cf49 b890 | 3faa 4d92 

  0x000001922ee9c5a8: ;   {metadata('org/joml/Matrix4f')}
  0x000001922ee9c5a8: 0100 0049 | ba00 4004 | 2000 0000 | 004d 8990 | 5008 0000 | 4983 8058 | 0800 0001 

  0x000001922ee9c5c4: ;   {metadata(method data for {method} {0x000001924d43c6c8} 'translation' '(Lorg/joml/Vector3fc;)Lorg/joml/Matrix4f;' in 'org/joml/Matrix4f')}
  0x000001922ee9c5c4: 48b9 18b2 | a54d 9201 | 0000 448b | 8190 0000 | 0041 83c0 | 0244 8981 | 9000 0000 | 4181 e0fe 
  0x000001922ee9c5e4: ff1f 0045 | 85c0 0f84 | cf74 0000 

  0x000001922ee9c5f0: ;   {metadata(method data for {method} {0x000001924d43c6c8} 'translation' '(Lorg/joml/Vector3fc;)Lorg/joml/Matrix4f;' in 'org/joml/Matrix4f')}
  0x000001922ee9c5f0: 488b ce49 | b818 b2a5 | 4d92 0100 

  0x000001922ee9c5fc: ;   {metadata('org/joml/Vector3f')}
  0x000001922ee9c5fc: 0049 ba08 | 3204 2000 | 0000 004d | 8990 e000 | 0000 4983 | 80e8 0000 | 0001 488b 

  0x000001922ee9c618: ;   {metadata(method data for {method} {0x000001924d43c6c8} 'translation' '(Lorg/joml/Vector3fc;)Lorg/joml/Matrix4f;' in 'org/joml/Matrix4f')}
  0x000001922ee9c618: ce49 b818 | b2a5 4d92 

  0x000001922ee9c620: ;   {metadata('org/joml/Vector3f')}
  0x000001922ee9c620: 0100 0049 | ba08 3204 | 2000 0000 | 004d 8990 | 1001 0000 | 4983 8018 | 0100 0001 

  0x000001922ee9c63c: ;   {metadata(method data for {method} {0x000001924d43c6c8} 'translation' '(Lorg/joml/Vector3fc;)Lorg/joml/Matrix4f;' in 'org/joml/Matrix4f')}
  0x000001922ee9c63c: 48b9 18b2 | a54d 9201 

  0x000001922ee9c644: ;   {metadata('org/joml/Vector3f')}
  0x000001922ee9c644: 0000 49ba | 0832 0420 | 0000 0000 | 4c89 9140 | 0100 0048 | 8381 4801 | 0000 0148 

  0x000001922ee9c660: ;   {metadata(method data for {method} {0x000001924d43c6c8} 'translation' '(Lorg/joml/Vector3fc;)Lorg/joml/Matrix4f;' in 'org/joml/Matrix4f')}
  0x000001922ee9c660: 8bf7 48b9 | 18b2 a54d | 9201 0000 

  0x000001922ee9c66c: ;   {metadata('org/joml/Matrix4f')}
  0x000001922ee9c66c: 49ba 0040 | 0420 0000 | 0000 4c89 | 9170 0100 | 0048 8381 | 7801 0000 | 01c5 f828 | c6c5 f828 
  0x000001922ee9c68c: cfc4 c178 | 28d0 488b 

  0x000001922ee9c694: ;   {optimized virtual_call}
  0x000001922ee9c694: d766 90e8 

  0x000001922ee9c698: ; ImmutableOopMap {[216]=Oop [224]=Oop [248]=Oop [288]=Oop [296]=Oop [312]=Oop }
                      ;*invokevirtual translation {reexecute=0 rethrow=0 return_oop=0}
                      ; - org.joml.Matrix4f::translation@19 (line 3069)
                      ; - com.szymc.voxel_engine.Engine::render@390 (line 268)
  0x000001922ee9c698: 442e 2507 

  0x000001922ee9c69c: ;   {post_call_nop}
  0x000001922ee9c69c: 0f1f 8400 | 141f 0018 | 488b 9424 | d800 0000 | 448b 4224 | 49c1 e003 | 448b 4a50 | 49c1 e103 
  0x000001922ee9c6bc: ; implicit exception: dispatches to 0x000001922eea3ae0
  0x000001922ee9c6bc: 493b 0049 

  0x000001922ee9c6c0: ;   {metadata(method data for {method} {0x000001924d802c40} 'render' '()V' in 'com/szymc/voxel_engine/Engine')}
  0x000001922ee9c6c0: 8bf8 48be | 903f aa4d | 9201 0000 

  0x000001922ee9c6cc: ;   {metadata('com/szymc/localShaders/WorldShader')}
  0x000001922ee9c6cc: 49ba 608a | 0720 0000 | 0000 4c89 | 9680 0800 | 0048 8386 | 8808 0000 

  0x000001922ee9c6e4: ;   {metadata(method data for {method} {0x000001924d871228} 'setModel' '(Lorg/joml/Matrix4f;Ljava/nio/FloatBuffer;)V' in 'com/szymc/localShaders/WorldShader')}
  0x000001922ee9c6e4: 0148 bfa8 | cd78 4d92 | 0100 008b | b790 0000 | 0083 c602 | 89b7 9000 | 0000 81e6 | feff 1f00 
  0x000001922ee9c704: 85f6 0f84 | d973 0000 | 418b 7018 

  0x000001922ee9c710: ;   {metadata(method data for {method} {0x000001924d871228} 'setModel' '(Lorg/joml/Matrix4f;Ljava/nio/FloatBuffer;)V' in 'com/szymc/localShaders/WorldShader')}
  0x000001922ee9c710: 48bf a8cd | 784d 9201 | 0000 458b | 4008 41ba | 0000 001f | 4d03 c24c | 3b87 e000 | 0000 750d 
  0x000001922ee9c730: 4883 87e8 | 0000 0001 | e960 0000 | 004c 3b87 | f000 0000 | 750d 4883 | 87f8 0000 | 0001 e94a 
  0x000001922ee9c750: 0000 0048 | 83bf e000 | 0000 0075 | 174c 8987 | e000 0000 | 48c7 87e8 | 0000 0001 | 0000 00e9 
  0x000001922ee9c770: 2900 0000 | 4883 bff0 | 0000 0000 | 7517 4c89 | 87f0 0000 | 0048 c787 | f800 0000 | 0100 0000 
  0x000001922ee9c790: e908 0000 | 0048 8387 | d800 0000 

  0x000001922ee9c79c: ;   {metadata(method data for {method} {0x000001924d806220} 'setMatrix' '(ILorg/joml/Matrix4f;Ljava/nio/FloatBuffer;)V' in 'com/szymc/localShaders/Shader')}
  0x000001922ee9c79c: 0149 b830 | 2fa9 4d92 | 0100 0041 | 8bb8 9000 | 0000 83c7 | 0241 89b8 | 9000 0000 | 81e7 feff 
  0x000001922ee9c7bc: 1f00 85ff | 0f84 4073 | 0000 493b | 014d 8bc1 

  0x000001922ee9c7cc: ;   {metadata(method data for {method} {0x000001924d806220} 'setMatrix' '(ILorg/joml/Matrix4f;Ljava/nio/FloatBuffer;)V' in 'com/szymc/localShaders/Shader')}
  0x000001922ee9c7cc: 48bf 302f | a94d 9201 | 0000 4883 | 87e8 0000 

  0x000001922ee9c7dc: ;   {metadata(method data for {method} {0x000001924d43d660} 'get' '(Ljava/nio/FloatBuffer;)Ljava/nio/FloatBuffer;' in 'org/joml/Matrix4f')}
  0x000001922ee9c7dc: 0001 49b8 | c00c a94d | 9201 0000 | 418b b890 | 0000 0083 | c702 4189 | b890 0000 | 0081 e7fe 
  0x000001922ee9c7fc: ff1f 0085 | ff0f 8425 | 7300 0048 | 8b84 24f8 

  0x000001922ee9c80c: ;   {metadata(method data for {method} {0x000001924d43d660} 'get' '(Ljava/nio/FloatBuffer;)Ljava/nio/FloatBuffer;' in 'org/joml/Matrix4f')}
  0x000001922ee9c80c: 0000 0049 | b8c0 0ca9 | 4d92 0100 | 008b 4008 | 41ba 0000 | 001f 4903 | c249 3b80 | e000 0000 
  0x000001922ee9c82c: 750d 4983 | 80e8 0000 | 0001 e960 | 0000 0049 | 3b80 f000 | 0000 750d | 4983 80f8 | 0000 0001 
  0x000001922ee9c84c: e94a 0000 | 0049 83b8 | e000 0000 | 0075 1749 | 8980 e000 | 0000 49c7 | 80e8 0000 | 0001 0000 
  0x000001922ee9c86c: 00e9 2900 | 0000 4983 | b8f0 0000 | 0000 7517 | 4989 80f0 | 0000 0049 | c780 f800 | 0000 0100 
  0x000001922ee9c88c: 0000 e908 | 0000 0049 | 8380 d800 | 0000 0148 | 8b84 24f8 | 0000 008b 

  0x000001922ee9c8a4: ;   {oop(a 'org/joml/MemUtil$MemUtilUnsafe'{0x000000060d6abd38})}
  0x000001922ee9c8a4: 7818 48bb | 38bd 6a0d | 0600 0000 

  0x000001922ee9c8b0: ;   {metadata(method data for {method} {0x000001924d43d660} 'get' '(Ljava/nio/FloatBuffer;)Ljava/nio/FloatBuffer;' in 'org/joml/Matrix4f')}
  0x000001922ee9c8b0: 4c8b c348 | b9c0 0ca9 | 4d92 0100 | 0048 8381 | 1801 0000 | 014d 8bc1 | 4c8b cf48 | 8bf8 488b 
  0x000001922ee9c8d0: d389 b424 | 4801 0000 | 0f1f 8000 

  0x000001922ee9c8dc: ;   {optimized virtual_call}
  0x000001922ee9c8dc: 0000 00e8 

  0x000001922ee9c8e0: ; ImmutableOopMap {[216]=Oop [224]=Oop [248]=Oop [288]=Oop [296]=Oop [312]=Oop }
                      ;*invokevirtual put {reexecute=0 rethrow=0 return_oop=0}
                      ; - org.joml.Matrix4f::get@9 (line 3241)
                      ; - com.szymc.localShaders.Shader::setMatrix@4 (line 86)
                      ; - com.szymc.localShaders.WorldShader::setModel@7 (line 43)
                      ; - com.szymc.voxel_engine.Engine::render@403 (line 269)
  0x000001922ee9c8e0: fc2b 2507 

  0x000001922ee9c8e4: ;   {post_call_nop}
  0x000001922ee9c8e4: 0f1f 8400 | 5c21 0019 

  0x000001922ee9c8ec: ;   {metadata(method data for {method} {0x000001924d806220} 'setMatrix' '(ILorg/joml/Matrix4f;Ljava/nio/FloatBuffer;)V' in 'com/szymc/localShaders/Shader')}
  0x000001922ee9c8ec: 48ba 302f | a94d 9201 | 0000 4883 | 8208 0100 

  0x000001922ee9c8fc: ;   {metadata(method data for {method} {0x000001924d81c700} 'glUniformMatrix4fv' '(IZLjava/nio/FloatBuffer;)V' in 'org/lwjgl/opengl/GL20')}
  0x000001922ee9c8fc: 0001 48ba | 5810 a94d | 9201 0000 | 448b 8290 | 0000 0041 | 83c0 0244 | 8982 9000 | 0000 4181 
  0x000001922ee9c91c: e0fe ff1f | 0045 85c0 | 0f84 2372 

  0x000001922ee9c928: ;   {metadata(method data for {method} {0x000001924d81c700} 'glUniformMatrix4fv' '(IZLjava/nio/FloatBuffer;)V' in 'org/lwjgl/opengl/GL20')}
  0x000001922ee9c928: 0000 48ba | 5810 a94d | 9201 0000 | 4883 82d8 | 0000 0001 | 8b94 2448 | 0100 0041 | b800 0000 
  0x000001922ee9c948: 004c 8b8c | 24f8 0000 | 0066 0f1f 

  0x000001922ee9c954: ;   {static_call}
  0x000001922ee9c954: 4400 00e8 

  0x000001922ee9c958: ; ImmutableOopMap {[216]=Oop [224]=Oop [248]=Oop [288]=Oop [296]=Oop [312]=Oop }
                      ;*invokestatic glUniformMatrix4fv {reexecute=0 rethrow=0 return_oop=0}
                      ; - org.lwjgl.opengl.GL20::glUniformMatrix4fv@3 (line 791)
                      ; - com.szymc.localShaders.Shader::setMatrix@7 (line 86)
                      ; - com.szymc.localShaders.WorldShader::setModel@7 (line 43)
                      ; - com.szymc.voxel_engine.Engine::render@403 (line 269)
  0x000001922ee9c958: 8435 2507 

  0x000001922ee9c95c: ;   {post_call_nop}
  0x000001922ee9c95c: 0f1f 8400 | d421 001a | 488b 9c24 | 3801 0000 

  0x000001922ee9c96c: ;   {metadata(method data for {method} {0x000001924d802c40} 'render' '()V' in 'com/szymc/voxel_engine/Engine')}
  0x000001922ee9c96c: 48ba 903f | aa4d 9201 

  0x000001922ee9c974: ;   {metadata('com/szymc/voxel_engine/ChunkSection')}
  0x000001922ee9c974: 0000 49ba | b878 0a20 | 0000 0000 | 4c89 92b0 | 0800 0048 | 8382 b808 | 0000 0148 | 8b9c 2438 
  0x000001922ee9c994: 0100 008b | 5324 48c1 | e203 483b | 0248 8bf2 

  0x000001922ee9c9a4: ;   {metadata(method data for {method} {0x000001924d802c40} 'render' '()V' in 'com/szymc/voxel_engine/Engine')}
  0x000001922ee9c9a4: 48bf 903f | aa4d 9201 

  0x000001922ee9c9ac: ;   {metadata('com/szymc/voxel_engine/Mesh')}
  0x000001922ee9c9ac: 0000 49ba | 2064 0920 | 0000 0000 | 4c89 97e0 | 0800 0048 | 8387 e808 

  0x000001922ee9c9c4: ;   {optimized virtual_call}
  0x000001922ee9c9c4: 0000 01e8 

  0x000001922ee9c9c8: ; ImmutableOopMap {[216]=Oop [224]=Oop [248]=Oop [288]=Oop [296]=Oop }
                      ;*invokevirtual render {reexecute=0 rethrow=0 return_oop=0}
                      ; - com.szymc.voxel_engine.Engine::render@411 (line 271)
  0x000001922ee9c9c8: 142b 2507 

  0x000001922ee9c9cc: ;   {post_call_nop}
  0x000001922ee9c9cc: 0f1f 8400 | 4422 001b | 8bb4 2430 | 0100 00ff 

  0x000001922ee9c9dc: ;   {metadata(method data for {method} {0x000001924d802c40} 'render' '()V' in 'com/szymc/voxel_engine/Engine')}
  0x000001922ee9c9dc: c648 ba90 | 3faa 4d92 | 0100 008b | ba94 0000 | 0083 c702 | 89ba 9400 | 0000 81e7 | fe3f 0000 
  0x000001922ee9c9fc: 85ff 0f84 | 6f71 0000 

  0x000001922ee9ca04: ; ImmutableOopMap {[216]=Oop [224]=Oop [248]=Oop [288]=Oop [296]=Oop }
                      ;*goto {reexecute=1 rethrow=0 return_oop=0}
                      ; - (reexecute) com.szymc.voxel_engine.Engine::render@417 (line 246)
  0x000001922ee9ca04: 4d8b 5730 

  0x000001922ee9ca08: ;   {poll}
  0x000001922ee9ca08: 4185 0248 | ba90 3faa | 4d92 0100 | 00ff 8208 | 0900 00e9 | 50f7 ffff 

  0x000001922ee9ca20: ;   {metadata(method data for {method} {0x000001924d802c40} 'render' '()V' in 'com/szymc/voxel_engine/Engine')}
  0x000001922ee9ca20: 48ba 903f | aa4d 9201 | 0000 8bb2 | 9400 0000 | 83c6 0289 | b294 0000 | 0081 e6fe | 3f00 0085 
  0x000001922ee9ca40: f60f 844d | 7100 004d 

  0x000001922ee9ca48: ; ImmutableOopMap {[216]=Oop [224]=Oop [248]=Oop [288]=Oop }
                      ;*goto {reexecute=1 rethrow=0 return_oop=0}
                      ; - (reexecute) com.szymc.voxel_engine.Engine::render@420 (line 273)
                      ;   {poll}
  0x000001922ee9ca48: 8b57 3041 

  0x000001922ee9ca4c: ;   {metadata(method data for {method} {0x000001924d802c40} 'render' '()V' in 'com/szymc/voxel_engine/Engine')}
  0x000001922ee9ca4c: 8502 48ba | 903f aa4d | 9201 0000 | ff82 2009 | 0000 488b | 8424 2001 | 0000 e92d 

  0x000001922ee9ca68: ;   {metadata(method data for {method} {0x000001924d802c40} 'render' '()V' in 'com/szymc/voxel_engine/Engine')}
  0x000001922ee9ca68: f3ff ff48 | ba90 3faa | 4d92 0100 | 008b b294 | 0000 0083 | c602 89b2 | 9400 0000 | 81e6 fe3f 
  0x000001922ee9ca88: 0000 85f6 | 0f84 2371 | 0000 4d8b 

  0x000001922ee9ca94: ; ImmutableOopMap {[216]=Oop [224]=Oop [248]=Oop [288]=Oop }
                      ;*goto {reexecute=1 rethrow=0 return_oop=0}
                      ; - (reexecute) com.szymc.voxel_engine.Engine::render@227 (line 243)
                      ;   {poll}
  0x000001922ee9ca94: 5730 4185 

  0x000001922ee9ca98: ;   {metadata(method data for {method} {0x000001924d802c40} 'render' '()V' in 'com/szymc/voxel_engine/Engine')}
  0x000001922ee9ca98: 0248 ba90 | 3faa 4d92 | 0100 00ff | 8288 0500 | 0048 8b84 | 2420 0100 | 00e9 e2f2 

  0x000001922ee9cab4: ;   {metadata(method data for {method} {0x000001924d802c40} 'render' '()V' in 'com/szymc/voxel_engine/Engine')}
  0x000001922ee9cab4: ffff 48ba | 903f aa4d | 9201 0000 | 8bb2 9400 | 0000 83c6 | 0289 b294 | 0000 0081 | e6fe 3f00 
  0x000001922ee9cad4: 0085 f60f | 84f9 7000 | 004d 8b57 

  0x000001922ee9cae0: ; ImmutableOopMap {[216]=Oop [224]=Oop [248]=Oop [288]=Oop }
                      ;*goto {reexecute=1 rethrow=0 return_oop=0}
                      ; - (reexecute) com.szymc.voxel_engine.Engine::render@165 (line 240)
                      ;   {poll}
  0x000001922ee9cae0: 3041 8502 

  0x000001922ee9cae4: ;   {metadata(method data for {method} {0x000001924d802c40} 'render' '()V' in 'com/szymc/voxel_engine/Engine')}
  0x000001922ee9cae4: 48ba 903f | aa4d 9201 | 0000 ff82 | 6004 0000 | 488b 8424 | 2001 0000 | e997 f2ff | ff48 8b94 
  0x000001922ee9cb04: 24d8 0000 | 008b 7224 | 48c1 e603 

  0x000001922ee9cb10: ; implicit exception: dispatches to 0x000001922eea3bf7
                      ;   {metadata(method data for {method} {0x000001924d802c40} 'render' '()V' in 'com/szymc/voxel_engine/Engine')}
  0x000001922ee9cb10: 483b 0648 | bf90 3faa | 4d92 0100 | 008b 7608 | 41ba 0000 | 001f 4903 | f248 3bb7 | 4009 0000 
  0x000001922ee9cb30: 750d 4883 | 8748 0900 | 0001 e960 | 0000 0048 | 3bb7 5009 | 0000 750d | 4883 8758 | 0900 0001 
  0x000001922ee9cb50: e94a 0000 | 0048 83bf | 4009 0000 | 0075 1748 | 89b7 4009 | 0000 48c7 | 8748 0900 | 0001 0000 
  0x000001922ee9cb70: 00e9 2900 | 0000 4883 | bf50 0900 | 0000 7517 | 4889 b750 | 0900 0048 | c787 5809 | 0000 0100 
  0x000001922ee9cb90: 0000 e908 | 0000 0048 | 8387 3809 

  0x000001922ee9cb9c: ;   {metadata(method data for {method} {0x000001924d806148} 'stop' '()V' in 'com/szymc/localShaders/Shader')}
  0x000001922ee9cb9c: 0000 0148 | be48 a97a | 4d92 0100 | 008b be90 | 0000 0083 | c702 89be | 9000 0000 | 81e7 feff 
  0x000001922ee9cbbc: 1f00 85ff | 0f84 3670 

  0x000001922ee9cbc4: ;   {metadata(method data for {method} {0x000001924d806148} 'stop' '()V' in 'com/szymc/localShaders/Shader')}
  0x000001922ee9cbc4: 0000 48be | 48a9 7a4d | 9201 0000 | 4883 86d8 | 0000 0001 

  0x000001922ee9cbd8: ;   {metadata(method data for {method} {0x000001924d81ab68} 'glUseProgram' '(I)V' in 'org/lwjgl/opengl/GL20')}
  0x000001922ee9cbd8: 48be 30fa | a84d 9201 | 0000 8bbe | 9000 0000 | 83c7 0289 | be90 0000 | 0081 e7fe | ff1f 0085 
  0x000001922ee9cbf8: ff0f 841e 

  0x000001922ee9cbfc: ;   {metadata(method data for {method} {0x000001924d81ab68} 'glUseProgram' '(I)V' in 'org/lwjgl/opengl/GL20')}
  0x000001922ee9cbfc: 7000 0048 | be30 faa8 | 4d92 0100 | 0048 8386 | d800 0000 | 01ba 0000 

  0x000001922ee9cc14: ;   {static_call}
  0x000001922ee9cc14: 0000 90e8 

  0x000001922ee9cc18: ; ImmutableOopMap {[216]=Oop [224]=Oop [248]=Oop }
                      ;*invokestatic glUseProgram {reexecute=0 rethrow=0 return_oop=0}
                      ; - org.lwjgl.opengl.GL20::glUseProgram@1 (line 398)
                      ; - com.szymc.localShaders.Shader::stop@1 (line 82)
                      ; - com.szymc.voxel_engine.Engine::render@427 (line 275)
  0x000001922ee9cc18: 74c2 9b07 

  0x000001922ee9cc1c: ;   {post_call_nop}
  0x000001922ee9cc1c: 0f1f 8400 | 9424 0020 | 488b 9424 | d800 0000 | 8b72 2848 | c1e6 0348 | 89b4 2450 | 0100 0048 
  0x000001922ee9cc3c: 3b06 488b 

  0x000001922ee9cc40: ;   {metadata(method data for {method} {0x000001924d802c40} 'render' '()V' in 'com/szymc/voxel_engine/Engine')}
  0x000001922ee9cc40: fe48 bb90 | 3faa 4d92 

  0x000001922ee9cc48: ;   {metadata('com/szymc/localShaders/EntityShader')}
  0x000001922ee9cc48: 0100 0049 | ba00 e007 | 2000 0000 | 004c 8993 | 7009 0000 | 4883 8378 | 0900 0001 

  0x000001922ee9cc64: ;   {metadata(method data for {method} {0x000001924d915508} 'start' '()V' in 'com/szymc/localShaders/EntityShader')}
  0x000001922ee9cc64: 48bf 0000 | 7b4d 9201 | 0000 8b9f | 9000 0000 | 83c3 0289 | 9f90 0000 | 0081 e3fe | ff1f 0085 
  0x000001922ee9cc84: db0f 84b8 | 6f00 0048 

  0x000001922ee9cc8c: ;   {metadata(method data for {method} {0x000001924d915508} 'start' '()V' in 'com/szymc/localShaders/EntityShader')}
  0x000001922ee9cc8c: 8bfe 48bb | 0000 7b4d | 9201 0000 | 4883 83d8 | 0000 0001 

  0x000001922ee9cca0: ;   {metadata(method data for {method} {0x000001924d8060a0} 'start' '()V' in 'com/szymc/localShaders/Shader')}
  0x000001922ee9cca0: 48bf 8078 | 634d 9201 | 0000 8b9f | 9000 0000 | 83c3 0289 | 9f90 0000 | 0081 e3fe | ff1f 0085 
  0x000001922ee9ccc0: db0f 849d | 6f00 008b 

  0x000001922ee9ccc8: ;   {metadata(method data for {method} {0x000001924d8060a0} 'start' '()V' in 'com/szymc/localShaders/Shader')}
  0x000001922ee9ccc8: 7e0c 48bb | 8078 634d | 9201 0000 | 4883 83d8 | 0000 0001 

  0x000001922ee9ccdc: ;   {metadata(method data for {method} {0x000001924d81ab68} 'glUseProgram' '(I)V' in 'org/lwjgl/opengl/GL20')}
  0x000001922ee9ccdc: 48bb 30fa | a84d 9201 | 0000 8b83 | 9000 0000 | 83c0 0289 | 8390 0000 | 0025 feff | 1f00 85c0 
  0x000001922ee9ccfc: 0f84 836f 

  0x000001922ee9cd00: ;   {metadata(method data for {method} {0x000001924d81ab68} 'glUseProgram' '(I)V' in 'org/lwjgl/opengl/GL20')}
  0x000001922ee9cd00: 0000 48bb | 30fa a84d | 9201 0000 | 4883 83d8 | 0000 0001 

  0x000001922ee9cd14: ;   {static_call}
  0x000001922ee9cd14: 488b d7e8 

  0x000001922ee9cd18: ; ImmutableOopMap {[216]=Oop [224]=Oop [248]=Oop [336]=Oop }
                      ;*invokestatic glUseProgram {reexecute=0 rethrow=0 return_oop=0}
                      ; - org.lwjgl.opengl.GL20::glUseProgram@1 (line 398)
                      ; - com.szymc.localShaders.Shader::start@4 (line 78)
                      ; - com.szymc.localShaders.EntityShader::start@1 (line 28)
                      ; - com.szymc.voxel_engine.Engine::render@434 (line 276)
  0x000001922ee9cd18: 74c1 9b07 

  0x000001922ee9cd1c: ;   {post_call_nop}
  0x000001922ee9cd1c: 0f1f 8400 | 9425 0021 | 488b b424 | 5001 0000 | 8b56 2448 | c1e2 0348 

  0x000001922ee9cd34: ;   {metadata(method data for {method} {0x000001924d915508} 'start' '()V' in 'com/szymc/localShaders/EntityShader')}
  0x000001922ee9cd34: 85d2 48ba | 0000 7b4d | 9201 0000 | bfe8 0000 | 0074 05bf | f800 0000 | 488b 1c3a | 488d 5b01 
  0x000001922ee9cd54: 4889 1c3a | 0f84 9601 

  0x000001922ee9cd5c: ;   {metadata(method data for {method} {0x000001924d915508} 'start' '()V' in 'com/szymc/localShaders/EntityShader')}
  0x000001922ee9cd5c: 0000 48ba | 0000 7b4d | 9201 0000 | 4883 8208 | 0100 0001 

  0x000001922ee9cd70: ;   {metadata(method data for {method} {0x000001924d736f68} 'glActiveTexture' '(I)V' in 'org/lwjgl/opengl/GL13')}
  0x000001922ee9cd70: 48ba a809 | a94d 9201 | 0000 8bba | 9000 0000 | 83c7 0289 | ba90 0000 | 0081 e7fe | ff1f 0085 
  0x000001922ee9cd90: ff0f 840f 

  0x000001922ee9cd94: ;   {metadata(method data for {method} {0x000001924d736f68} 'glActiveTexture' '(I)V' in 'org/lwjgl/opengl/GL13')}
  0x000001922ee9cd94: 6f00 0048 | baa8 09a9 | 4d92 0100 | 0048 8382 | d800 0000 | 01ba c084 

  0x000001922ee9cdac: ;   {static_call}
  0x000001922ee9cdac: 0000 90e8 

  0x000001922ee9cdb0: ; ImmutableOopMap {[216]=Oop [224]=Oop [248]=Oop [336]=Oop }
                      ;*invokestatic glActiveTexture {reexecute=0 rethrow=0 return_oop=0}
                      ; - org.lwjgl.opengl.GL13::glActiveTexture@1 (line 570)
                      ; - com.szymc.localShaders.EntityShader::start@13 (line 30)
                      ; - com.szymc.voxel_engine.Engine::render@434 (line 276)
  0x000001922ee9cdb0: dcc3 9b07 

  0x000001922ee9cdb4: ;   {post_call_nop}
  0x000001922ee9cdb4: 0f1f 8400 | 2c26 0022 | 488b b424 | 5001 0000 | 8b76 2448 | c1e6 0348 | 3b06 488b 

  0x000001922ee9cdd0: ;   {metadata(method data for {method} {0x000001924d915508} 'start' '()V' in 'com/szymc/localShaders/EntityShader')}
  0x000001922ee9cdd0: d648 bf00 | 007b 4d92 

  0x000001922ee9cdd8: ;   {metadata('com/szymc/voxel_engine/Texture')}
  0x000001922ee9cdd8: 0100 0049 | bab0 8c07 | 2000 0000 | 004c 8997 | 2001 0000 | 4883 8728 | 0100 0001 

  0x000001922ee9cdf4: ;   {metadata(method data for {method} {0x000001924d873548} 'bind' '(I)V' in 'com/szymc/voxel_engine/Texture')}
  0x000001922ee9cdf4: 48ba 8801 | 7b4d 9201 | 0000 8bba | 9000 0000 | 83c7 0289 | ba90 0000 | 0081 e7fe | ff1f 0085 
  0x000001922ee9ce14: ff0f 84b1 

  0x000001922ee9ce18: ;   {metadata(method data for {method} {0x000001924d873548} 'bind' '(I)V' in 'com/szymc/voxel_engine/Texture')}
  0x000001922ee9ce18: 6e00 0048 | ba88 017b | 4d92 0100 | 0048 8382 | d800 0000 

  0x000001922ee9ce2c: ;   {metadata(method data for {method} {0x000001924d736f68} 'glActiveTexture' '(I)V' in 'org/lwjgl/opengl/GL13')}
  0x000001922ee9ce2c: 0148 baa8 | 09a9 4d92 | 0100 008b | ba90 0000 | 0083 c702 | 89ba 9000 | 0000 81e7 | feff 1f00 
  0x000001922ee9ce4c: 85ff 0f84 | 996e 0000 

  0x000001922ee9ce54: ;   {metadata(method data for {method} {0x000001924d736f68} 'glActiveTexture' '(I)V' in 'org/lwjgl/opengl/GL13')}
  0x000001922ee9ce54: 48ba a809 | a94d 9201 | 0000 4883 | 82d8 0000 | 0001 bac0 | 8400 0048 | 89b4 2458 | 0100 000f 
  0x000001922ee9ce74: ;   {static_call}
  0x000001922ee9ce74: 1f40 00e8 

  0x000001922ee9ce78: ; ImmutableOopMap {[216]=Oop [224]=Oop [248]=Oop [344]=Oop }
                      ;*invokestatic glActiveTexture {reexecute=0 rethrow=0 return_oop=0}
                      ; - org.lwjgl.opengl.GL13::glActiveTexture@1 (line 570)
                      ; - com.szymc.voxel_engine.Texture::bind@4 (line 228)
                      ; - com.szymc.localShaders.EntityShader::start@21 (line 31)
                      ; - com.szymc.voxel_engine.Engine::render@434 (line 276)
  0x000001922ee9ce78: 14c3 9b07 

  0x000001922ee9ce7c: ;   {post_call_nop}
  0x000001922ee9ce7c: 0f1f 8400 | f426 0023 | 488b b424 | 5801 0000 | 448b 460c 

  0x000001922ee9ce90: ;   {metadata(method data for {method} {0x000001924d873548} 'bind' '(I)V' in 'com/szymc/voxel_engine/Texture')}
  0x000001922ee9ce90: 48ba 8801 | 7b4d 9201 | 0000 4883 | 82e8 0000 

  0x000001922ee9cea0: ;   {metadata(method data for {method} {0x000001924d747b58} 'glBindTexture' '(II)V' in 'org/lwjgl/opengl/GL11')}
  0x000001922ee9cea0: 0001 48ba | c032 a94d | 9201 0000 | 8bb2 9000 | 0000 83c6 | 0289 b290 | 0000 0081 | e6fe ff1f 
  0x000001922ee9cec0: 0085 f60f | 8445 6e00 

  0x000001922ee9cec8: ;   {metadata(method data for {method} {0x000001924d747b58} 'glBindTexture' '(II)V' in 'org/lwjgl/opengl/GL11')}
  0x000001922ee9cec8: 0048 bac0 | 32a9 4d92 | 0100 0048 | 8382 d800 | 0000 01ba | 1a8c 0000 | 0f1f 8000 

  0x000001922ee9cee4: ;   {static_call}
  0x000001922ee9cee4: 0000 00e8 

  0x000001922ee9cee8: ; ImmutableOopMap {[216]=Oop [224]=Oop [248]=Oop }
                      ;*invokestatic glBindTexture {reexecute=0 rethrow=0 return_oop=0}
                      ; - org.lwjgl.opengl.GL11::glBindTexture@2 (line 854)
                      ; - com.szymc.voxel_engine.Texture::bind@13 (line 229)
                      ; - com.szymc.localShaders.EntityShader::start@21 (line 31)
                      ; - com.szymc.voxel_engine.Engine::render@434 (line 276)
  0x000001922ee9cee8: 244e 9c07 

  0x000001922ee9ceec: ;   {post_call_nop}
  0x000001922ee9ceec: 0f1f 8400 | 6427 0024 | 488b 9424 | d800 0000 | 8b72 2848 | c1e6 0348 | 89b4 2460 | 0100 008b 
  0x000001922ee9cf0c: 7a1c 48c1 | e703 483b | 0748 8bdf 

  0x000001922ee9cf18: ;   {metadata(method data for {method} {0x000001924d802c40} 'render' '()V' in 'com/szymc/voxel_engine/Engine')}
  0x000001922ee9cf18: 48b9 903f | aa4d 9201 

  0x000001922ee9cf20: ;   {metadata('com/szymc/voxel_engine/Camera')}
  0x000001922ee9cf20: 0000 49ba | 182c 0420 | 0000 0000 | 4c89 91a0 | 0900 0048 | 8381 a809 | 0000 018b | 5f24 48c1 
  0x000001922ee9cf40: e303 488b 

  0x000001922ee9cf44: ;   {metadata(method data for {method} {0x000001924d802c40} 'render' '()V' in 'com/szymc/voxel_engine/Engine')}
  0x000001922ee9cf44: cf49 b890 | 3faa 4d92 

  0x000001922ee9cf4c: ;   {metadata('com/szymc/voxel_engine/Camera')}
  0x000001922ee9cf4c: 0100 0049 | ba18 2c04 | 2000 0000 | 004d 8990 | d009 0000 | 4983 80d8 | 0900 0001 | 488b d748 
  0x000001922ee9cf6c: 899c 2468 | 0100 000f 

  0x000001922ee9cf74: ;   {optimized virtual_call}
  0x000001922ee9cf74: 1f40 00e8 

  0x000001922ee9cf78: ; ImmutableOopMap {[216]=Oop [224]=Oop [248]=Oop [352]=Oop [360]=Oop }
                      ;*invokevirtual getViewMatrix {reexecute=0 rethrow=0 return_oop=0}
                      ; - com.szymc.voxel_engine.Engine::render@452 (line 277)
  0x000001922ee9cf78: a453 e0ff 

  0x000001922ee9cf7c: ;   {post_call_nop}
  0x000001922ee9cf7c: 0f1f 8400 | f427 0025 | 488b b424 | 6001 0000 

  0x000001922ee9cf8c: ; implicit exception: dispatches to 0x000001922eea3d34
  0x000001922ee9cf8c: 483b 064c 

  0x000001922ee9cf90: ;   {metadata(method data for {method} {0x000001924d802c40} 'render' '()V' in 'com/szymc/voxel_engine/Engine')}
  0x000001922ee9cf90: 8bc6 49b9 | 903f aa4d | 9201 0000 

  0x000001922ee9cf9c: ;   {metadata('com/szymc/localShaders/EntityShader')}
  0x000001922ee9cf9c: 49ba 00e0 | 0720 0000 | 0000 4d89 | 9100 0a00 | 0049 8381 | 080a 0000 

  0x000001922ee9cfb4: ;   {metadata(method data for {method} {0x000001924d9156a0} 'setCamera' '(Lorg/joml/Matrix4f;Lorg/joml/Matrix4f;Ljava/nio/FloatBuffer;)V' in 'com/szymc/localShaders/EntityShader')}
  0x000001922ee9cfb4: 0149 b8c8 | 027b 4d92 | 0100 0045 | 8b88 9000 | 0000 4183 | c102 4589 | 8890 0000 | 0041 81e1 
  0x000001922ee9cfd4: feff 1f00 | 4585 c90f | 8458 6d00 | 008b 5e10 

  0x000001922ee9cfe4: ;   {metadata(method data for {method} {0x000001924d9156a0} 'setCamera' '(Lorg/joml/Matrix4f;Lorg/joml/Matrix4f;Ljava/nio/FloatBuffer;)V' in 'com/szymc/localShaders/EntityShader')}
  0x000001922ee9cfe4: 4c8b c649 | b9c8 027b | 4d92 0100 | 0045 8b40 | 0841 ba00 | 0000 1f4d | 03c2 4d3b | 81e0 0000 
  0x000001922ee9d004: 0075 0d49 | 8381 e800 | 0000 01e9 | 6000 0000 | 4d3b 81f0 | 0000 0075 | 0d49 8381 | f800 0000 
  0x000001922ee9d024: 01e9 4a00 | 0000 4983 | b9e0 0000 | 0000 7517 | 4d89 81e0 | 0000 0049 | c781 e800 | 0000 0100 
  0x000001922ee9d044: 0000 e929 | 0000 0049 | 83b9 f000 | 0000 0075 | 174d 8981 | f000 0000 | 49c7 81f8 | 0000 0001 
  0x000001922ee9d064: 0000 00e9 | 0800 0000 | 4983 81d8 | 0000 0001 

  0x000001922ee9d074: ;   {metadata(method data for {method} {0x000001924d806220} 'setMatrix' '(ILorg/joml/Matrix4f;Ljava/nio/FloatBuffer;)V' in 'com/szymc/localShaders/Shader')}
  0x000001922ee9d074: 49b8 302f | a94d 9201 | 0000 458b | 8890 0000 | 0041 83c1 | 0245 8988 | 9000 0000 | 4181 e1fe 
  0x000001922ee9d094: ff1f 0045 | 85c9 0f84 | ba6c 0000 | 4c8b 8424 | 6801 0000 

  0x000001922ee9d0a8: ; implicit exception: dispatches to 0x000001922eea3d7b
  0x000001922ee9d0a8: 493b 004d 

  0x000001922ee9d0ac: ;   {metadata(method data for {method} {0x000001924d806220} 'setMatrix' '(ILorg/joml/Matrix4f;Ljava/nio/FloatBuffer;)V' in 'com/szymc/localShaders/Shader')}
  0x000001922ee9d0ac: 8bc8 48bf | 302f a94d | 9201 0000 | 4883 87e8 | 0000 0001 

  0x000001922ee9d0c0: ;   {metadata(method data for {method} {0x000001924d43d660} 'get' '(Ljava/nio/FloatBuffer;)Ljava/nio/FloatBuffer;' in 'org/joml/Matrix4f')}
  0x000001922ee9d0c0: 49b9 c00c | a94d 9201 | 0000 418b | b990 0000 | 0083 c702 | 4189 b990 | 0000 0081 | e7fe ff1f 
  0x000001922ee9d0e0: 0085 ff0f | 8497 6c00 | 004c 8b8c | 24f8 0000 

  0x000001922ee9d0f0: ;   {metadata(method data for {method} {0x000001924d43d660} 'get' '(Ljava/nio/FloatBuffer;)Ljava/nio/FloatBuffer;' in 'org/joml/Matrix4f')}
  0x000001922ee9d0f0: 0048 bfc0 | 0ca9 4d92 | 0100 0045 | 8b49 0841 | ba00 0000 | 1f4d 03ca | 4c3b 8fe0 | 0000 0075 
  0x000001922ee9d110: 0d48 8387 | e800 0000 | 01e9 6000 | 0000 4c3b | 8ff0 0000 | 0075 0d48 | 8387 f800 | 0000 01e9 
  0x000001922ee9d130: 4a00 0000 | 4883 bfe0 | 0000 0000 | 7517 4c89 | 8fe0 0000 | 0048 c787 | e800 0000 | 0100 0000 
  0x000001922ee9d150: e929 0000 | 0048 83bf | f000 0000 | 0075 174c | 898f f000 | 0000 48c7 | 87f8 0000 | 0001 0000 
  0x000001922ee9d170: 00e9 0800 | 0000 4883 | 87d8 0000 | 0001 488b | 8c24 f800 | 0000 448b 

  0x000001922ee9d188: ;   {oop(a 'org/joml/MemUtil$MemUtilUnsafe'{0x000000060d6abd38})}
  0x000001922ee9d188: 4918 49bb | 38bd 6a0d | 0600 0000 

  0x000001922ee9d194: ;   {metadata(method data for {method} {0x000001924d43d660} 'get' '(Ljava/nio/FloatBuffer;)Ljava/nio/FloatBuffer;' in 'org/joml/Matrix4f')}
  0x000001922ee9d194: 498b fb48 | bac0 0ca9 | 4d92 0100 | 0048 8382 | 1801 0000 | 0148 8bf9 | 498b d34c | 899c 2478 
  0x000001922ee9d1b4: 0100 0048 | 8984 2470 | 0100 0089 | 9c24 4c01 

  0x000001922ee9d1c4: ;   {optimized virtual_call}
  0x000001922ee9d1c4: 0000 90e8 

  0x000001922ee9d1c8: ; ImmutableOopMap {[216]=Oop [224]=Oop [248]=Oop [352]=Oop [368]=Oop [376]=Oop }
                      ;*invokevirtual put {reexecute=0 rethrow=0 return_oop=0}
                      ; - org.joml.Matrix4f::get@9 (line 3241)
                      ; - com.szymc.localShaders.Shader::setMatrix@4 (line 86)
                      ; - com.szymc.localShaders.EntityShader::setCamera@7 (line 40)
                      ; - com.szymc.voxel_engine.Engine::render@456 (line 277)
  0x000001922ee9d1c8: 546a fdff 

  0x000001922ee9d1cc: ;   {post_call_nop}
  0x000001922ee9d1cc: 0f1f 8400 | 442a 0026 

  0x000001922ee9d1d4: ;   {metadata(method data for {method} {0x000001924d806220} 'setMatrix' '(ILorg/joml/Matrix4f;Ljava/nio/FloatBuffer;)V' in 'com/szymc/localShaders/Shader')}
  0x000001922ee9d1d4: 48ba 302f | a94d 9201 | 0000 4883 | 8208 0100 

  0x000001922ee9d1e4: ;   {metadata(method data for {method} {0x000001924d81c700} 'glUniformMatrix4fv' '(IZLjava/nio/FloatBuffer;)V' in 'org/lwjgl/opengl/GL20')}
  0x000001922ee9d1e4: 0001 48ba | 5810 a94d | 9201 0000 | 448b 8290 | 0000 0041 | 83c0 0244 | 8982 9000 | 0000 4181 
  0x000001922ee9d204: e0fe ff1f | 0045 85c0 | 0f84 8f6b 

  0x000001922ee9d210: ;   {metadata(method data for {method} {0x000001924d81c700} 'glUniformMatrix4fv' '(IZLjava/nio/FloatBuffer;)V' in 'org/lwjgl/opengl/GL20')}
  0x000001922ee9d210: 0000 48ba | 5810 a94d | 9201 0000 | 4883 82d8 | 0000 0001 | 8b94 244c | 0100 0041 | b800 0000 
  0x000001922ee9d230: 004c 8b8c | 24f8 0000 | 0066 0f1f 

  0x000001922ee9d23c: ;   {static_call}
  0x000001922ee9d23c: 4400 00e8 

  0x000001922ee9d240: ; ImmutableOopMap {[216]=Oop [224]=Oop [248]=Oop [352]=Oop [368]=Oop [376]=Oop }
                      ;*invokestatic glUniformMatrix4fv {reexecute=0 rethrow=0 return_oop=0}
                      ; - org.lwjgl.opengl.GL20::glUniformMatrix4fv@3 (line 791)
                      ; - com.szymc.localShaders.Shader::setMatrix@7 (line 86)
                      ; - com.szymc.localShaders.EntityShader::setCamera@7 (line 40)
                      ; - com.szymc.voxel_engine.Engine::render@456 (line 277)
  0x000001922ee9d240: bc77 fdff 

  0x000001922ee9d244: ;   {post_call_nop}
  0x000001922ee9d244: 0f1f 8400 | bc2a 0027 | 488b b424 | 6001 0000 

  0x000001922ee9d254: ;   {metadata(method data for {method} {0x000001924d9156a0} 'setCamera' '(Lorg/joml/Matrix4f;Lorg/joml/Matrix4f;Ljava/nio/FloatBuffer;)V' in 'com/szymc/localShaders/EntityShader')}
  0x000001922ee9d254: 8b5e 1449 | b8c8 027b | 4d92 0100 | 008b 7608 | 41ba 0000 | 001f 4903 | f249 3bb0 | 1001 0000 
  0x000001922ee9d274: 750d 4983 | 8018 0100 | 0001 e960 | 0000 0049 | 3bb0 2001 | 0000 750d | 4983 8028 | 0100 0001 
  0x000001922ee9d294: e94a 0000 | 0049 83b8 | 1001 0000 | 0075 1749 | 89b0 1001 | 0000 49c7 | 8018 0100 | 0001 0000 
  0x000001922ee9d2b4: 00e9 2900 | 0000 4983 | b820 0100 | 0000 7517 | 4989 b020 | 0100 0049 | c780 2801 | 0000 0100 
  0x000001922ee9d2d4: 0000 e908 | 0000 0049 | 8380 0801 

  0x000001922ee9d2e0: ;   {metadata(method data for {method} {0x000001924d806220} 'setMatrix' '(ILorg/joml/Matrix4f;Ljava/nio/FloatBuffer;)V' in 'com/szymc/localShaders/Shader')}
  0x000001922ee9d2e0: 0000 0149 | b830 2fa9 | 4d92 0100 | 0045 8b88 | 9000 0000 | 4183 c102 | 4589 8890 | 0000 0041 
  0x000001922ee9d300: 81e1 feff | 1f00 4585 | c90f 84b3 | 6a00 0048 | 8b84 2470 | 0100 0048 | 3b00 4c8b 

  0x000001922ee9d31c: ;   {metadata(method data for {method} {0x000001924d806220} 'setMatrix' '(ILorg/joml/Matrix4f;Ljava/nio/FloatBuffer;)V' in 'com/szymc/localShaders/Shader')}
  0x000001922ee9d31c: c049 b930 | 2fa9 4d92 | 0100 0049 | 8381 e800 

  0x000001922ee9d32c: ;   {metadata(method data for {method} {0x000001924d43d660} 'get' '(Ljava/nio/FloatBuffer;)Ljava/nio/FloatBuffer;' in 'org/joml/Matrix4f')}
  0x000001922ee9d32c: 0000 0149 | b8c0 0ca9 | 4d92 0100 | 0045 8b88 | 9000 0000 | 4183 c102 | 4589 8890 | 0000 0041 
  0x000001922ee9d34c: 81e1 feff | 1f00 4585 | c90f 848d | 6a00 004c | 8b84 24f8 

  0x000001922ee9d360: ;   {metadata(method data for {method} {0x000001924d43d660} 'get' '(Ljava/nio/FloatBuffer;)Ljava/nio/FloatBuffer;' in 'org/joml/Matrix4f')}
  0x000001922ee9d360: 0000 0049 | b9c0 0ca9 | 4d92 0100 | 0045 8b40 | 0841 ba00 | 0000 1f4d | 03c2 4d3b | 81e0 0000 
  0x000001922ee9d380: 0075 0d49 | 8381 e800 | 0000 01e9 | 6000 0000 | 4d3b 81f0 | 0000 0075 | 0d49 8381 | f800 0000 
  0x000001922ee9d3a0: 01e9 4a00 | 0000 4983 | b9e0 0000 | 0000 7517 | 4d89 81e0 | 0000 0049 | c781 e800 | 0000 0100 
  0x000001922ee9d3c0: 0000 e929 | 0000 0049 | 83b9 f000 | 0000 0075 | 174d 8981 | f000 0000 | 49c7 81f8 | 0000 0001 
  0x000001922ee9d3e0: 0000 00e9 | 0800 0000 | 4983 81d8 | 0000 0001 | 488b b424 | f800 0000 | 448b 4e18 | 4c8b 9c24 
  0x000001922ee9d400: 7801 0000 

  0x000001922ee9d404: ;   {metadata(method data for {method} {0x000001924d43d660} 'get' '(Ljava/nio/FloatBuffer;)Ljava/nio/FloatBuffer;' in 'org/joml/Matrix4f')}
  0x000001922ee9d404: 49b8 c00c | a94d 9201 | 0000 4983 | 8018 0100 | 0001 4c8b | c048 8bfe | 488b 9424 | 7801 0000 
  0x000001922ee9d424: 899c 2480 | 0100 000f 

  0x000001922ee9d42c: ;   {optimized virtual_call}
  0x000001922ee9d42c: 1f40 00e8 

  0x000001922ee9d430: ; ImmutableOopMap {[216]=Oop [224]=Oop [248]=Oop }
                      ;*invokevirtual put {reexecute=0 rethrow=0 return_oop=0}
                      ; - org.joml.Matrix4f::get@9 (line 3241)
                      ; - com.szymc.localShaders.Shader::setMatrix@4 (line 86)
                      ; - com.szymc.localShaders.EntityShader::setCamera@17 (line 41)
                      ; - com.szymc.voxel_engine.Engine::render@456 (line 277)
  0x000001922ee9d430: ec67 fdff 

  0x000001922ee9d434: ;   {post_call_nop}
  0x000001922ee9d434: 0f1f 8400 | ac2c 0028 

  0x000001922ee9d43c: ;   {metadata(method data for {method} {0x000001924d806220} 'setMatrix' '(ILorg/joml/Matrix4f;Ljava/nio/FloatBuffer;)V' in 'com/szymc/localShaders/Shader')}
  0x000001922ee9d43c: 48ba 302f | a94d 9201 | 0000 4883 | 8208 0100 

  0x000001922ee9d44c: ;   {metadata(method data for {method} {0x000001924d81c700} 'glUniformMatrix4fv' '(IZLjava/nio/FloatBuffer;)V' in 'org/lwjgl/opengl/GL20')}
  0x000001922ee9d44c: 0001 48ba | 5810 a94d | 9201 0000 | 448b 8290 | 0000 0041 | 83c0 0244 | 8982 9000 | 0000 4181 
  0x000001922ee9d46c: e0fe ff1f | 0045 85c0 | 0f84 8f69 

  0x000001922ee9d478: ;   {metadata(method data for {method} {0x000001924d81c700} 'glUniformMatrix4fv' '(IZLjava/nio/FloatBuffer;)V' in 'org/lwjgl/opengl/GL20')}
  0x000001922ee9d478: 0000 48ba | 5810 a94d | 9201 0000 | 4883 82d8 | 0000 0001 | 8b94 2480 | 0100 0041 | b800 0000 
  0x000001922ee9d498: 004c 8b8c | 24f8 0000 | 0066 0f1f 

  0x000001922ee9d4a4: ;   {static_call}
  0x000001922ee9d4a4: 4400 00e8 

  0x000001922ee9d4a8: ; ImmutableOopMap {[216]=Oop [224]=Oop [248]=Oop }
                      ;*invokestatic glUniformMatrix4fv {reexecute=0 rethrow=0 return_oop=0}
                      ; - org.lwjgl.opengl.GL20::glUniformMatrix4fv@3 (line 791)
                      ; - com.szymc.localShaders.Shader::setMatrix@7 (line 86)
                      ; - com.szymc.localShaders.EntityShader::setCamera@17 (line 41)
                      ; - com.szymc.voxel_engine.Engine::render@456 (line 277)
  0x000001922ee9d4a8: 5475 fdff 

  0x000001922ee9d4ac: ;   {post_call_nop}
  0x000001922ee9d4ac: 0f1f 8400 | 242d 0029 

  0x000001922ee9d4b4: ;   {metadata(method data for {method} {0x000001924d802c40} 'render' '()V' in 'com/szymc/voxel_engine/Engine')}
  0x000001922ee9d4b4: 48ba 903f | aa4d 9201 | 0000 4883 | 8228 0a00 

  0x000001922ee9d4c4: ;   {metadata(method data for {method} {0x000001924d9f2b88} 'getVao' '()I' in 'com/szymc/voxel_engine/EntityItem')}
  0x000001922ee9d4c4: 0001 48ba | 10cf 784d | 9201 0000 | 8bb2 9000 | 0000 83c6 | 0289 b290 | 0000 0081 | e6fe ff1f 
  0x000001922ee9d4e4: 0085 f60f | 843d 6900 

  0x000001922ee9d4ec: ;   {oop(a 'java/lang/Class'{0x000000060d6e4188} = 'com/szymc/voxel_engine/EntityItem')}
  0x000001922ee9d4ec: 0048 ba88 | 416e 0d06 | 0000 008b | 9284 0000 

  0x000001922ee9d4fc: ;   {metadata(method data for {method} {0x000001924d802c40} 'render' '()V' in 'com/szymc/voxel_engine/Engine')}
  0x000001922ee9d4fc: 0048 be90 | 3faa 4d92 | 0100 0048 | 8386 380a 

  0x000001922ee9d50c: ;   {metadata(method data for {method} {0x000001924d812e10} 'glBindVertexArray' '(I)V' in 'org/lwjgl/opengl/GL30')}
  0x000001922ee9d50c: 0000 0148 | be68 c9a8 | 4d92 0100 | 008b be90 | 0000 0083 | c702 89be | 9000 0000 | 81e7 feff 
  0x000001922ee9d52c: 1f00 85ff | 0f84 1569 

  0x000001922ee9d534: ;   {metadata(method data for {method} {0x000001924d812e10} 'glBindVertexArray' '(I)V' in 'org/lwjgl/opengl/GL30')}
  0x000001922ee9d534: 0000 48be | 68c9 a84d | 9201 0000 | 4883 86d8 | 0000 0001 | 0f1f 8000 

  0x000001922ee9d54c: ;   {static_call}
  0x000001922ee9d54c: 0000 00e8 

  0x000001922ee9d550: ; ImmutableOopMap {[216]=Oop [224]=Oop [248]=Oop }
                      ;*invokestatic glBindVertexArray {reexecute=0 rethrow=0 return_oop=0}
                      ; - org.lwjgl.opengl.GL30::glBindVertexArray@1 (line 2283)
                      ; - com.szymc.voxel_engine.Engine::render@462 (line 279)
  0x000001922ee9d550: bc08 9a07 

  0x000001922ee9d554: ;   {post_call_nop}
  0x000001922ee9d554: 0f1f 8400 | cc2d 002a | 488b 9424 | d800 0000 | 8b72 2048 | c1e6 0348 | 3b06 488b 

  0x000001922ee9d570: ;   {metadata(method data for {method} {0x000001924d802c40} 'render' '()V' in 'com/szymc/voxel_engine/Engine')}
  0x000001922ee9d570: fe48 b890 | 3faa 4d92 

  0x000001922ee9d578: ;   {metadata('com/szymc/voxel_engine/World')}
  0x000001922ee9d578: 0100 0049 | bab0 9206 | 2000 0000 | 004c 8990 | 500a 0000 | 4883 8058 | 0a00 0001 | 8b5e 3848 
  0x000001922ee9d598: c1e3 0348 | 85db 0f84 | 2500 0000 

  0x000001922ee9d5a4: ;   {metadata('it/unimi/dsi/fastutil/ints/Int2ObjectOpenHashMap')}
  0x000001922ee9d5a4: 48b9 48d5 | 0620 0000 | 0000 8b43 | 0841 ba00 | 0000 1f49 | 03c2 483b | 4848 0f85 | ad68 0000 
  0x000001922ee9d5c4: e900 0000 | 0048 8bf3 

  0x000001922ee9d5cc: ; implicit exception: dispatches to 0x000001922eea3e76
  0x000001922ee9d5cc: 483b 0348 

  0x000001922ee9d5d0: ;   {metadata(method data for {method} {0x000001924d802c40} 'render' '()V' in 'com/szymc/voxel_engine/Engine')}
  0x000001922ee9d5d0: 8bf3 48bf | 903f aa4d | 9201 0000 

  0x000001922ee9d5dc: ;   {metadata('it/unimi/dsi/fastutil/ints/Int2ObjectOpenHashMap')}
  0x000001922ee9d5dc: 49ba 48d5 | 0620 0000 | 0000 4c89 | 9780 0a00 | 0048 8387 | 880a 0000 

  0x000001922ee9d5f4: ;   {metadata(method data for {method} {0x000001924d7b8950} 'values' '()Lit/unimi/dsi/fastutil/objects/ObjectCollection;' in 'it/unimi/dsi/fastutil/ints/Int2ObjectOpenHashMap')}
  0x000001922ee9d5f4: 0148 be70 | 53a7 4d92 | 0100 008b | be90 0000 | 0083 c702 | 89be 9000 | 0000 81e7 | feff 1f00 
  0x000001922ee9d614: 85ff 0f84 | 5f68 0000 | 8b73 2048 | c1e6 0348 

  0x000001922ee9d624: ;   {metadata(method data for {method} {0x000001924d7b8950} 'values' '()Lit/unimi/dsi/fastutil/objects/ObjectCollection;' in 'it/unimi/dsi/fastutil/ints/Int2ObjectOpenHashMap')}
  0x000001922ee9d624: 85f6 48be | 7053 a74d | 9201 0000 | bfd8 0000 | 0075 05bf | e800 0000 | 488b 043e | 488d 4001 
  0x000001922ee9d644: 4889 043e | 0f85 b001 

  0x000001922ee9d64c: ;   {metadata('it/unimi/dsi/fastutil/ints/Int2ObjectOpenHashMap$1')}
  0x000001922ee9d64c: 0000 48ba | 4065 0a20 | 0000 0000 | 498b 87b0 | 0100 0048 | 8d78 1049 | 3bbf c001 | 0000 0f87 
  0x000001922ee9d66c: 2c68 0000 | 4989 bfb0 | 0100 0048 | c700 0100 | 0000 488b | ca41 ba00 | 0000 1f49 | 2bca 8948 
  0x000001922ee9d68c: 0848 33c9 | 8948 0c48 | 33c9 488b 

  0x000001922ee9d698: ;   {metadata(method data for {method} {0x000001924d7b8950} 'values' '()Lit/unimi/dsi/fastutil/objects/ObjectCollection;' in 'it/unimi/dsi/fastutil/ints/Int2ObjectOpenHashMap')}
  0x000001922ee9d698: d048 be70 | 53a7 4d92 | 0100 0048 | 8386 f800 

  0x000001922ee9d6a8: ;   {metadata(method data for {method} {0x000001924da5a070} '<init>' '(Lit/unimi/dsi/fastutil/ints/Int2ObjectOpenHashMap;)V' in 'it/unimi/dsi/fastutil/ints/Int2ObjectOpenHashMap$1')}
  0x000001922ee9d6a8: 0000 0148 | ba30 70a5 | 4d92 0100 | 008b b290 | 0000 0083 | c602 89b2 | 9000 0000 | 81e6 feff 
  0x000001922ee9d6c8: 1f00 85f6 | 0f84 d767 | 0000 410f | be57 4885 | d20f 85eb | 6700 004c | 8bd3 49c1 | ea03 4489 
  0x000001922ee9d6e8: 500c 488b | f048 33f3 | 48c1 ee16 | 7418 4885 | db74 1348 | 8bf0 48c1 | ee09 4903 | 7750 803e 
  0x000001922ee9d708: ff75 03c6 | 0600 488b 

  0x000001922ee9d710: ;   {metadata(method data for {method} {0x000001924da5a070} '<init>' '(Lit/unimi/dsi/fastutil/ints/Int2ObjectOpenHashMap;)V' in 'it/unimi/dsi/fastutil/ints/Int2ObjectOpenHashMap$1')}
  0x000001922ee9d710: d048 be30 | 70a5 4d92 | 0100 0048 | 8386 d800 

  0x000001922ee9d720: ;   {metadata(method data for {method} {0x000001924da5aac0} '<init>' '()V' in 'it/unimi/dsi/fastutil/objects/AbstractObjectCollection')}
  0x000001922ee9d720: 0000 0148 | bab8 3c7c | 4d92 0100 | 008b b290 | 0000 0083 | c602 89b2 | 9000 0000 | 81e6 feff 
  0x000001922ee9d740: 1f00 85f6 | 0f84 9e67 | 0000 488b 

  0x000001922ee9d74c: ;   {metadata(method data for {method} {0x000001924da5aac0} '<init>' '()V' in 'it/unimi/dsi/fastutil/objects/AbstractObjectCollection')}
  0x000001922ee9d74c: d048 beb8 | 3c7c 4d92 | 0100 0048 | 8386 d800 

  0x000001922ee9d75c: ;   {metadata(method data for {method} {0x000000001f2248b8} '<init>' '()V' in 'java/util/AbstractCollection')}
  0x000001922ee9d75c: 0000 0148 | ba90 2d01 | 4d92 0100 | 008b b290 | 0000 0083 | c602 89b2 | 9000 0000 | 81e6 feff 
  0x000001922ee9d77c: 1f00 85f6 | 0f84 8367 | 0000 488b 

  0x000001922ee9d788: ;   {metadata(method data for {method} {0x000000001f2248b8} '<init>' '()V' in 'java/util/AbstractCollection')}
  0x000001922ee9d788: d048 be90 | 2d01 4d92 | 0100 0048 | 8386 d800 

  0x000001922ee9d798: ;   {metadata(method data for {method} {0x000000001f4bc558} '<init>' '()V' in 'java/lang/Object')}
  0x000001922ee9d798: 0000 0148 | bab0 d300 | 4d92 0100 | 008b b290 | 0000 0083 | c602 89b2 | 9000 0000 | 81e6 feff 
  0x000001922ee9d7b8: 1f00 85f6 | 0f84 6867 | 0000 410f | be57 4885 | d20f 857c | 6700 004c | 8bd0 49c1 | ea03 4489 
  0x000001922ee9d7d8: 5320 488b | f348 33f0 | 48c1 ee16 | 7418 4885 | c074 1348 | 8bf3 48c1 | ee09 4903 | 7750 803e 
  0x000001922ee9d7f8: ff75 03c6 | 0600 8b53 | 2048 c1e2 | 0348 3b02 

  0x000001922ee9d808: ;   {metadata(method data for {method} {0x000001924d802c40} 'render' '()V' in 'com/szymc/voxel_engine/Engine')}
  0x000001922ee9d808: 488b fa48 | bb90 3faa | 4d92 0100 | 008b 7f08 | 41ba 0000 | 001f 4903 | fa48 3bbb | b00a 0000 
  0x000001922ee9d828: 750d 4883 | 83b8 0a00 | 0001 e960 | 0000 0048 | 3bbb c00a | 0000 750d | 4883 83c8 | 0a00 0001 
  0x000001922ee9d848: e94a 0000 | 0048 83bb | b00a 0000 | 0075 1748 | 89bb b00a | 0000 48c7 | 83b8 0a00 | 0001 0000 
  0x000001922ee9d868: 00e9 2900 | 0000 4883 | bbc0 0a00 | 0000 7517 | 4889 bbc0 | 0a00 0048 | c783 c80a | 0000 0100 
  0x000001922ee9d888: 0000 e908 | 0000 0048 | 8383 a80a | 0000 0166 | 0f1f 4400 | 0048 b8e8 | a4bf 5192 

  0x000001922ee9d8a4: ;   {virtual_call}
  0x000001922ee9d8a4: 0100 00e8 

  0x000001922ee9d8a8: ; ImmutableOopMap {[216]=Oop [224]=Oop [248]=Oop }
                      ;*invokeinterface iterator {reexecute=0 rethrow=0 return_oop=0}
                      ; - com.szymc.voxel_engine.Engine::render@477 (line 280)
  0x000001922ee9d8a8: 6613 fbff 

  0x000001922ee9d8ac: ;   {post_call_nop}
  0x000001922ee9d8ac: 0f1f 8400 | 2431 002b | 4889 8424 | 8801 0000 | 0f1f 4000 

  0x000001922ee9d8c0: ; implicit exception: dispatches to 0x000001922eea3f6e
  0x000001922ee9d8c0: 483b 0048 

  0x000001922ee9d8c4: ;   {metadata(method data for {method} {0x000001924d802c40} 'render' '()V' in 'com/szymc/voxel_engine/Engine')}
  0x000001922ee9d8c4: 8bf8 48bb | 903f aa4d | 9201 0000 | 8b7f 0841 | ba00 0000 | 1f49 03fa | 483b bbe0 | 0a00 0075 
  0x000001922ee9d8e4: 0d48 8383 | e80a 0000 | 01e9 6000 | 0000 483b | bbf0 0a00 | 0075 0d48 | 8383 f80a | 0000 01e9 
  0x000001922ee9d904: 4a00 0000 | 4883 bbe0 | 0a00 0000 | 7517 4889 | bbe0 0a00 | 0048 c783 | e80a 0000 | 0100 0000 
  0x000001922ee9d924: e929 0000 | 0048 83bb | f00a 0000 | 0075 1748 | 89bb f00a | 0000 48c7 | 83f8 0a00 | 0001 0000 
  0x000001922ee9d944: 00e9 0800 | 0000 4883 | 83d8 0a00 | 0001 488b | d048 b810 | a5bf 5192 

  0x000001922ee9d95c: ;   {virtual_call}
  0x000001922ee9d95c: 0100 00e8 

  0x000001922ee9d960: ; ImmutableOopMap {[216]=Oop [224]=Oop [248]=Oop [392]=Oop }
                      ;*invokeinterface hasNext {reexecute=0 rethrow=0 return_oop=0}
                      ; - com.szymc.voxel_engine.Engine::render@486 (line 280)
  0x000001922ee9d960: aef4 dfff 

  0x000001922ee9d964: ;   {post_call_nop}
  0x000001922ee9d964: 0f1f 8400 | dc31 002c 

  0x000001922ee9d96c: ;   {metadata(method data for {method} {0x000001924d802c40} 'render' '()V' in 'com/szymc/voxel_engine/Engine')}
  0x000001922ee9d96c: 85c0 48ba | 903f aa4d | 9201 0000 | be08 0b00 | 0074 05be | 180b 0000 | 488b 3c32 | 488d 7f01 
  0x000001922ee9d98c: 4889 3c32 | 0f84 a90d | 0000 488b | b424 8801 

  0x000001922ee9d99c: ;   {metadata(method data for {method} {0x000001924d802c40} 'render' '()V' in 'com/szymc/voxel_engine/Engine')}
  0x000001922ee9d99c: 0000 48bf | 903f aa4d | 9201 0000 | 8b76 0841 | ba00 0000 | 1f49 03f2 | 483b b730 | 0b00 0075 
  0x000001922ee9d9bc: 0d48 8387 | 380b 0000 | 01e9 6000 | 0000 483b | b740 0b00 | 0075 0d48 | 8387 480b | 0000 01e9 
  0x000001922ee9d9dc: 4a00 0000 | 4883 bf30 | 0b00 0000 | 7517 4889 | b730 0b00 | 0048 c787 | 380b 0000 | 0100 0000 
  0x000001922ee9d9fc: e929 0000 | 0048 83bf | 400b 0000 | 0075 1748 | 89b7 400b | 0000 48c7 | 8748 0b00 | 0001 0000 
  0x000001922ee9da1c: 00e9 0800 | 0000 4883 | 8728 0b00 | 0001 488b | 9424 8801 | 0000 6666 | 9048 b838 | a5bf 5192 
  0x000001922ee9da3c: ;   {virtual_call}
  0x000001922ee9da3c: 0100 00e8 

  0x000001922ee9da40: ; ImmutableOopMap {[216]=Oop [224]=Oop [248]=Oop [392]=Oop }
                      ;*invokeinterface next {reexecute=0 rethrow=0 return_oop=0}
                      ; - com.szymc.voxel_engine.Engine::render@496 (line 280)
  0x000001922ee9da40: 9c1f 2507 

  0x000001922ee9da44: ;   {post_call_nop}
  0x000001922ee9da44: 0f1f 8400 | bc32 002d 

  0x000001922ee9da4c: ;   {metadata(method data for {method} {0x000001924d802c40} 'render' '()V' in 'com/szymc/voxel_engine/Engine')}
  0x000001922ee9da4c: 4885 c048 | bf90 3faa | 4d92 0100 | 0075 0c80 | 8f51 0b00 | 0001 e9a7 | 0000 008b | 5808 41ba 
  0x000001922ee9da6c: 0000 001f | 4903 da48 | 3b9f 600b | 0000 750d | 4883 8768 | 0b00 0001 | e960 0000 | 0048 3b9f 
  0x000001922ee9da8c: 700b 0000 | 750d 4883 | 8778 0b00 | 0001 e94a | 0000 0048 | 83bf 600b | 0000 0075 | 1748 899f 
  0x000001922ee9daac: 600b 0000 | 48c7 8768 | 0b00 0001 | 0000 00e9 | 2900 0000 | 4883 bf70 | 0b00 0000 | 7517 4889 
  0x000001922ee9dacc: 9f70 0b00 | 0048 c787 | 780b 0000 | 0100 0000 | e908 0000 | 0048 8387 | 580b 0000 

  0x000001922ee9dae8: ;   {metadata('com/szymc/voxel_engine/Entity')}
  0x000001922ee9dae8: 0148 bbb0 | 5a09 2000 | 0000 008b | 7808 41ba | 0000 001f | 4903 fa48 | 3b5f 380f | 856a 6400 
  0x000001922ee9db08: 00e9 0000 | 0000 488b | f048 89b4 | 2490 0100 | 0048 8b94 | 24d8 0000 | 008b 7a4c | 48c1 e703 
  0x000001922ee9db28: ; implicit exception: dispatches to 0x000001922eea3f7c
  0x000001922ee9db28: 8b5e 1c48 | c1e3 03c5 | fa10 430c | c5fa 104b | 10c5 fa10 | 5314 483b | 0748 8bdf 

  0x000001922ee9db44: ;   {metadata(method data for {method} {0x000001924d802c40} 'render' '()V' in 'com/szymc/voxel_engine/Engine')}
  0x000001922ee9db44: 48b8 903f | aa4d 9201 

  0x000001922ee9db4c: ;   {metadata('org/joml/Vector3f')}
  0x000001922ee9db4c: 0000 49ba | 0832 0420 | 0000 0000 | 4c89 9090 | 0b00 0048 | 8380 980b 

  0x000001922ee9db64: ;   {metadata(method data for {method} {0x000001924d41d3f8} 'set' '(FFF)Lorg/joml/Vector3f;' in 'org/joml/Vector3f')}
  0x000001922ee9db64: 0000 0148 | bb58 2fa5 | 4d92 0100 | 008b 8390 | 0000 0083 | c002 8983 | 9000 0000 | 25fe ff1f 
  0x000001922ee9db84: 0085 c00f | 84fe 6300 | 00c5 fa11 | 470c c5fa | 114f 10c5 | fa11 5714 | 8b5a 5048 | c1e3 0348 
  0x000001922ee9dba4: 3b03 488b 

  0x000001922ee9dba8: ;   {metadata(method data for {method} {0x000001924d802c40} 'render' '()V' in 'com/szymc/voxel_engine/Engine')}
  0x000001922ee9dba8: c348 b990 | 3faa 4d92 

  0x000001922ee9dbb0: ;   {metadata('org/joml/Matrix4f')}
  0x000001922ee9dbb0: 0100 0049 | ba00 4004 | 2000 0000 | 004c 8991 | c00b 0000 | 4883 81c8 | 0b00 0001 

  0x000001922ee9dbcc: ;   {metadata(method data for {method} {0x000001924d43c6c8} 'translation' '(Lorg/joml/Vector3fc;)Lorg/joml/Matrix4f;' in 'org/joml/Matrix4f')}
  0x000001922ee9dbcc: 48b8 18b2 | a54d 9201 | 0000 8b88 | 9000 0000 | 83c1 0289 | 8890 0000 | 0081 e1fe | ff1f 0085 
  0x000001922ee9dbec: c90f 84be | 6300 0048 

  0x000001922ee9dbf4: ;   {metadata(method data for {method} {0x000001924d43c6c8} 'translation' '(Lorg/joml/Vector3fc;)Lorg/joml/Matrix4f;' in 'org/joml/Matrix4f')}
  0x000001922ee9dbf4: 8bc7 48b9 | 18b2 a54d | 9201 0000 

  0x000001922ee9dc00: ;   {metadata('org/joml/Vector3f')}
  0x000001922ee9dc00: 49ba 0832 | 0420 0000 | 0000 4c89 | 91e0 0000 | 0048 8381 | e800 0000 | 0148 8bc7 

  0x000001922ee9dc1c: ;   {metadata(method data for {method} {0x000001924d43c6c8} 'translation' '(Lorg/joml/Vector3fc;)Lorg/joml/Matrix4f;' in 'org/joml/Matrix4f')}
  0x000001922ee9dc1c: 48b9 18b2 | a54d 9201 

  0x000001922ee9dc24: ;   {metadata('org/joml/Vector3f')}
  0x000001922ee9dc24: 0000 49ba | 0832 0420 | 0000 0000 | 4c89 9110 | 0100 0048 | 8381 1801 

  0x000001922ee9dc3c: ;   {metadata(method data for {method} {0x000001924d43c6c8} 'translation' '(Lorg/joml/Vector3fc;)Lorg/joml/Matrix4f;' in 'org/joml/Matrix4f')}
  0x000001922ee9dc3c: 0000 0148 | b818 b2a5 | 4d92 0100 

  0x000001922ee9dc48: ;   {metadata('org/joml/Vector3f')}
  0x000001922ee9dc48: 0049 ba08 | 3204 2000 | 0000 004c | 8990 4001 | 0000 4883 | 8048 0100 | 0001 488b 

  0x000001922ee9dc64: ;   {metadata(method data for {method} {0x000001924d43c6c8} 'translation' '(Lorg/joml/Vector3fc;)Lorg/joml/Matrix4f;' in 'org/joml/Matrix4f')}
  0x000001922ee9dc64: fb48 b818 | b2a5 4d92 

  0x000001922ee9dc6c: ;   {metadata('org/joml/Matrix4f')}
  0x000001922ee9dc6c: 0100 0049 | ba00 4004 | 2000 0000 | 004c 8990 | 7001 0000 | 4883 8078 | 0100 0001 | 488b d30f 
  0x000001922ee9dc8c: ;   {optimized virtual_call}
  0x000001922ee9dc8c: 1f40 00e8 

  0x000001922ee9dc90: ; ImmutableOopMap {[216]=Oop [224]=Oop [248]=Oop [392]=Oop [400]=Oop }
                      ;*invokevirtual translation {reexecute=0 rethrow=0 return_oop=0}
                      ; - org.joml.Matrix4f::translation@19 (line 3069)
                      ; - com.szymc.voxel_engine.Engine::render@546 (line 282)
  0x000001922ee9dc90: 4c18 2507 

  0x000001922ee9dc94: ;   {post_call_nop}
  0x000001922ee9dc94: 0f1f 8400 | 0c35 002e | 488b 9424 | d800 0000 | 448b 4228 | 49c1 e003 | 448b 4a50 | 49c1 e103 
  0x000001922ee9dcb4: ; implicit exception: dispatches to 0x000001922eea3fd2
  0x000001922ee9dcb4: 493b 0049 

  0x000001922ee9dcb8: ;   {metadata(method data for {method} {0x000001924d802c40} 'render' '()V' in 'com/szymc/voxel_engine/Engine')}
  0x000001922ee9dcb8: 8bf8 48be | 903f aa4d | 9201 0000 

  0x000001922ee9dcc4: ;   {metadata('com/szymc/localShaders/EntityShader')}
  0x000001922ee9dcc4: 49ba 00e0 | 0720 0000 | 0000 4c89 | 96f0 0b00 | 0048 8386 | f80b 0000 

  0x000001922ee9dcdc: ;   {metadata(method data for {method} {0x000001924d915768} 'setModel' '(Lorg/joml/Matrix4f;Ljava/nio/FloatBuffer;)V' in 'com/szymc/localShaders/EntityShader')}
  0x000001922ee9dcdc: 0148 bfb8 | 54a7 4d92 | 0100 008b | b790 0000 | 0083 c602 | 89b7 9000 | 0000 81e6 | feff 1f00 
  0x000001922ee9dcfc: 85f6 0f84 | d362 0000 | 418b 7018 

  0x000001922ee9dd08: ;   {metadata(method data for {method} {0x000001924d915768} 'setModel' '(Lorg/joml/Matrix4f;Ljava/nio/FloatBuffer;)V' in 'com/szymc/localShaders/EntityShader')}
  0x000001922ee9dd08: 48bf b854 | a74d 9201 | 0000 458b | 4008 41ba | 0000 001f | 4d03 c24c | 3b87 e000 | 0000 750d 
  0x000001922ee9dd28: 4883 87e8 | 0000 0001 | e960 0000 | 004c 3b87 | f000 0000 | 750d 4883 | 87f8 0000 | 0001 e94a 
  0x000001922ee9dd48: 0000 0048 | 83bf e000 | 0000 0075 | 174c 8987 | e000 0000 | 48c7 87e8 | 0000 0001 | 0000 00e9 
  0x000001922ee9dd68: 2900 0000 | 4883 bff0 | 0000 0000 | 7517 4c89 | 87f0 0000 | 0048 c787 | f800 0000 | 0100 0000 
  0x000001922ee9dd88: e908 0000 | 0048 8387 | d800 0000 

  0x000001922ee9dd94: ;   {metadata(method data for {method} {0x000001924d806220} 'setMatrix' '(ILorg/joml/Matrix4f;Ljava/nio/FloatBuffer;)V' in 'com/szymc/localShaders/Shader')}
  0x000001922ee9dd94: 0149 b830 | 2fa9 4d92 | 0100 0041 | 8bb8 9000 | 0000 83c7 | 0241 89b8 | 9000 0000 | 81e7 feff 
  0x000001922ee9ddb4: 1f00 85ff | 0f84 3a62 | 0000 493b | 014d 8bc1 

  0x000001922ee9ddc4: ;   {metadata(method data for {method} {0x000001924d806220} 'setMatrix' '(ILorg/joml/Matrix4f;Ljava/nio/FloatBuffer;)V' in 'com/szymc/localShaders/Shader')}
  0x000001922ee9ddc4: 48bf 302f | a94d 9201 | 0000 4883 | 87e8 0000 

  0x000001922ee9ddd4: ;   {metadata(method data for {method} {0x000001924d43d660} 'get' '(Ljava/nio/FloatBuffer;)Ljava/nio/FloatBuffer;' in 'org/joml/Matrix4f')}
  0x000001922ee9ddd4: 0001 49b8 | c00c a94d | 9201 0000 | 418b b890 | 0000 0083 | c702 4189 | b890 0000 | 0081 e7fe 
  0x000001922ee9ddf4: ff1f 0085 | ff0f 841f | 6200 0048 | 8b84 24f8 

  0x000001922ee9de04: ;   {metadata(method data for {method} {0x000001924d43d660} 'get' '(Ljava/nio/FloatBuffer;)Ljava/nio/FloatBuffer;' in 'org/joml/Matrix4f')}
  0x000001922ee9de04: 0000 0049 | b8c0 0ca9 | 4d92 0100 | 008b 4008 | 41ba 0000 | 001f 4903 | c249 3b80 | e000 0000 
  0x000001922ee9de24: 750d 4983 | 80e8 0000 | 0001 e960 | 0000 0049 | 3b80 f000 | 0000 750d | 4983 80f8 | 0000 0001 
  0x000001922ee9de44: e94a 0000 | 0049 83b8 | e000 0000 | 0075 1749 | 8980 e000 | 0000 49c7 | 80e8 0000 | 0001 0000 
  0x000001922ee9de64: 00e9 2900 | 0000 4983 | b8f0 0000 | 0000 7517 | 4989 80f0 | 0000 0049 | c780 f800 | 0000 0100 
  0x000001922ee9de84: 0000 e908 | 0000 0049 | 8380 d800 | 0000 0148 | 8b84 24f8 | 0000 008b 

  0x000001922ee9de9c: ;   {oop(a 'org/joml/MemUtil$MemUtilUnsafe'{0x000000060d6abd38})}
  0x000001922ee9de9c: 7818 48bb | 38bd 6a0d | 0600 0000 

  0x000001922ee9dea8: ;   {metadata(method data for {method} {0x000001924d43d660} 'get' '(Ljava/nio/FloatBuffer;)Ljava/nio/FloatBuffer;' in 'org/joml/Matrix4f')}
  0x000001922ee9dea8: 4c8b c348 | b9c0 0ca9 | 4d92 0100 | 0048 8381 | 1801 0000 | 014d 8bc1 | 4c8b cf48 | 8bf8 488b 
  0x000001922ee9dec8: d389 b424 | 8401 0000 | 0f1f 8000 

  0x000001922ee9ded4: ;   {optimized virtual_call}
  0x000001922ee9ded4: 0000 00e8 

  0x000001922ee9ded8: ; ImmutableOopMap {[216]=Oop [224]=Oop [248]=Oop [392]=Oop [400]=Oop }
                      ;*invokevirtual put {reexecute=0 rethrow=0 return_oop=0}
                      ; - org.joml.Matrix4f::get@9 (line 3241)
                      ; - com.szymc.localShaders.Shader::setMatrix@4 (line 86)
                      ; - com.szymc.localShaders.EntityShader::setModel@7 (line 45)
                      ; - com.szymc.voxel_engine.Engine::render@559 (line 283)
  0x000001922ee9ded8: 0416 2507 

  0x000001922ee9dedc: ;   {post_call_nop}
  0x000001922ee9dedc: 0f1f 8400 | 5437 002f 

  0x000001922ee9dee4: ;   {metadata(method data for {method} {0x000001924d806220} 'setMatrix' '(ILorg/joml/Matrix4f;Ljava/nio/FloatBuffer;)V' in 'com/szymc/localShaders/Shader')}
  0x000001922ee9dee4: 48ba 302f | a94d 9201 | 0000 4883 | 8208 0100 

  0x000001922ee9def4: ;   {metadata(method data for {method} {0x000001924d81c700} 'glUniformMatrix4fv' '(IZLjava/nio/FloatBuffer;)V' in 'org/lwjgl/opengl/GL20')}
  0x000001922ee9def4: 0001 48ba | 5810 a94d | 9201 0000 | 448b 8290 | 0000 0041 | 83c0 0244 | 8982 9000 | 0000 4181 
  0x000001922ee9df14: e0fe ff1f | 0045 85c0 | 0f84 1d61 

  0x000001922ee9df20: ;   {metadata(method data for {method} {0x000001924d81c700} 'glUniformMatrix4fv' '(IZLjava/nio/FloatBuffer;)V' in 'org/lwjgl/opengl/GL20')}
  0x000001922ee9df20: 0000 48ba | 5810 a94d | 9201 0000 | 4883 82d8 | 0000 0001 | 8b94 2484 | 0100 0041 | b800 0000 
  0x000001922ee9df40: 004c 8b8c | 24f8 0000 | 0066 0f1f 

  0x000001922ee9df4c: ;   {static_call}
  0x000001922ee9df4c: 4400 00e8 

  0x000001922ee9df50: ; ImmutableOopMap {[216]=Oop [224]=Oop [248]=Oop [392]=Oop [400]=Oop }
                      ;*invokestatic glUniformMatrix4fv {reexecute=0 rethrow=0 return_oop=0}
                      ; - org.lwjgl.opengl.GL20::glUniformMatrix4fv@3 (line 791)
                      ; - com.szymc.localShaders.Shader::setMatrix@7 (line 86)
                      ; - com.szymc.localShaders.EntityShader::setModel@7 (line 45)
                      ; - com.szymc.voxel_engine.Engine::render@559 (line 283)
  0x000001922ee9df50: 8c1f 2507 

  0x000001922ee9df54: ;   {post_call_nop}
  0x000001922ee9df54: 0f1f 8400 | cc37 0030 | 488b b424 | 9001 0000 | 8b7e 1848 | c1e7 03c5 | fa10 470c 

  0x000001922ee9df70: ;   {metadata(method data for {method} {0x000001924d802c40} 'render' '()V' in 'com/szymc/voxel_engine/Engine')}
  0x000001922ee9df70: 48bf 903f | aa4d 9201 | 0000 4883 | 8718 0c00 | 0001 c5fa 

  0x000001922ee9df84: ;   {metadata(method data for {method} {0x000000001f4a5f58} 'floor' '(D)D' in 'java/lang/Math')}
  0x000001922ee9df84: 5ac0 48bf | 3828 294d | 9201 0000 | 8b9f 9000 | 0000 83c3 | 0289 9f90 | 0000 0081 | e3fe ff1f 
  0x000001922ee9dfa4: 0085 db0f | 84b8 6000 

  0x000001922ee9dfac: ;   {metadata(method data for {method} {0x000000001f4a5f58} 'floor' '(D)D' in 'java/lang/Math')}
  0x000001922ee9dfac: 0048 bf38 | 2829 4d92 | 0100 0048 | 8387 d800 

  0x000001922ee9dfbc: ;   {static_call}
  0x000001922ee9dfbc: 0000 01e8 

  0x000001922ee9dfc0: ; ImmutableOopMap {[216]=Oop [224]=Oop [248]=Oop [392]=Oop [400]=Oop }
                      ;*invokestatic floor {reexecute=0 rethrow=0 return_oop=0}
                      ; - java.lang.Math::floor@1 (line 527)
                      ; - com.szymc.voxel_engine.Engine::render@571 (line 285)
  0x000001922ee9dfc0: 1c1f 2507 

  0x000001922ee9dfc4: ;   {post_call_nop}
  0x000001922ee9dfc4: 0f1f 8400 | 3c38 0031 | c5fb 2cf0 | 81fe 0000 | 0080 750f | 4883 ec08 | c5fb 1104 

  0x000001922ee9dfe0: ;   {runtime_call Stub::Stub Generator d2i_fixup_stub}
  0x000001922ee9dfe0: 24e8 773a | 2007 5e48 | 8bbc 2490 | 0100 008b | 5f18 48c1 | e303 c5fa 

  0x000001922ee9dff8: ;   {metadata(method data for {method} {0x000001924d802c40} 'render' '()V' in 'com/szymc/voxel_engine/Engine')}
  0x000001922ee9dff8: 1043 1048 | bb90 3faa | 4d92 0100 | 0048 8383 | 280c 0000 | 01c5 fa5a 

  0x000001922ee9e010: ;   {metadata(method data for {method} {0x000000001f4a5f58} 'floor' '(D)D' in 'java/lang/Math')}
  0x000001922ee9e010: c048 bb38 | 2829 4d92 | 0100 008b | 8390 0000 | 0083 c002 | 8983 9000 | 0000 25fe | ff1f 0085 
  0x000001922ee9e030: c00f 8454 

  0x000001922ee9e034: ;   {metadata(method data for {method} {0x000000001f4a5f58} 'floor' '(D)D' in 'java/lang/Math')}
  0x000001922ee9e034: 6000 0048 | bb38 2829 | 4d92 0100 | 0048 8383 | d800 0000 | 0189 b424 | 9801 0000 | 0f1f 8000 
  0x000001922ee9e054: ;   {static_call}
  0x000001922ee9e054: 0000 00e8 

  0x000001922ee9e058: ; ImmutableOopMap {[216]=Oop [224]=Oop [248]=Oop [392]=Oop [400]=Oop }
                      ;*invokestatic floor {reexecute=0 rethrow=0 return_oop=0}
                      ; - java.lang.Math::floor@1 (line 527)
                      ; - com.szymc.voxel_engine.Engine::render@586 (line 286)
  0x000001922ee9e058: 841e 2507 

  0x000001922ee9e05c: ;   {post_call_nop}
  0x000001922ee9e05c: 0f1f 8400 | d438 0032 | c5fb 2cf0 | 81fe 0000 | 0080 750f | 4883 ec08 | c5fb 1104 

  0x000001922ee9e078: ;   {runtime_call Stub::Stub Generator d2i_fixup_stub}
  0x000001922ee9e078: 24e8 df39 | 2007 5e48 | 8bbc 2490 | 0100 008b | 5f18 48c1 | e303 c5fa 

  0x000001922ee9e090: ;   {metadata(method data for {method} {0x000001924d802c40} 'render' '()V' in 'com/szymc/voxel_engine/Engine')}
  0x000001922ee9e090: 1043 1448 | bb90 3faa | 4d92 0100 | 0048 8383 | 380c 0000 | 01c5 fa5a 

  0x000001922ee9e0a8: ;   {metadata(method data for {method} {0x000000001f4a5f58} 'floor' '(D)D' in 'java/lang/Math')}
  0x000001922ee9e0a8: c048 bb38 | 2829 4d92 | 0100 008b | 8390 0000 | 0083 c002 | 8983 9000 | 0000 25fe | ff1f 0085 
  0x000001922ee9e0c8: c00f 84e2 

  0x000001922ee9e0cc: ;   {metadata(method data for {method} {0x000000001f4a5f58} 'floor' '(D)D' in 'java/lang/Math')}
  0x000001922ee9e0cc: 5f00 0048 | bb38 2829 | 4d92 0100 | 0048 8383 | d800 0000 | 0189 b424 | 9c01 0000 | 0f1f 8000 
  0x000001922ee9e0ec: ;   {static_call}
  0x000001922ee9e0ec: 0000 00e8 

  0x000001922ee9e0f0: ; ImmutableOopMap {[216]=Oop [224]=Oop [248]=Oop [392]=Oop [400]=Oop }
                      ;*invokestatic floor {reexecute=0 rethrow=0 return_oop=0}
                      ; - java.lang.Math::floor@1 (line 527)
                      ; - com.szymc.voxel_engine.Engine::render@601 (line 287)
  0x000001922ee9e0f0: ec1d 2507 

  0x000001922ee9e0f4: ;   {post_call_nop}
  0x000001922ee9e0f4: 0f1f 8400 | 6c39 0033 | c5fb 2cf0 | 81fe 0000 | 0080 750f | 4883 ec08 | c5fb 1104 

  0x000001922ee9e110: ;   {runtime_call Stub::Stub Generator d2i_fixup_stub}
  0x000001922ee9e110: 24e8 4739 | 2007 5e48 | 8b94 24d8 | 0000 008b | 7a20 48c1 | e703 483b | 074c 8bc7 

  0x000001922ee9e12c: ;   {metadata(method data for {method} {0x000001924d802c40} 'render' '()V' in 'com/szymc/voxel_engine/Engine')}
  0x000001922ee9e12c: 49b9 903f | aa4d 9201 

  0x000001922ee9e134: ;   {metadata('com/szymc/voxel_engine/World')}
  0x000001922ee9e134: 0000 49ba | b092 0620 | 0000 0000 | 4d89 9150 | 0c00 0049 | 8381 580c | 0000 0144 | 8b84 2498 
  0x000001922ee9e154: 0100 0041 | c1f8 054c | 8bce 41c1 

  0x000001922ee9e160: ;   {metadata(method data for {method} {0x000001924d789ed0} 'getLoadedChunkAtPos' '(II)Lcom/szymc/voxel_engine/ChunkColumn;' in 'com/szymc/voxel_engine/World')}
  0x000001922ee9e160: f905 48bb | 70b2 a84d | 9201 0000 | 8b83 9000 | 0000 83c0 | 0289 8390 | 0000 0025 | feff 1f00 
  0x000001922ee9e180: 85c0 0f84 | 4f5f 0000 | 8b5f 3448 | c1e3 0348 

  0x000001922ee9e190: ;   {metadata(method data for {method} {0x000001924d789ed0} 'getLoadedChunkAtPos' '(II)Lcom/szymc/voxel_engine/ChunkColumn;' in 'com/szymc/voxel_engine/World')}
  0x000001922ee9e190: 8bc7 48b9 | 70b2 a84d | 9201 0000 | 4883 81e8 | 0000 0001 | 488b d789 | b424 a801 | 0000 4889 
  0x000001922ee9e1b0: 9c24 a001 

  0x000001922ee9e1b4: ;   {optimized virtual_call}
  0x000001922ee9e1b4: 0000 90e8 

  0x000001922ee9e1b8: ; ImmutableOopMap {[216]=Oop [224]=Oop [248]=Oop [392]=Oop [400]=Oop [416]=Oop }
                      ;*invokevirtual packKey {reexecute=0 rethrow=0 return_oop=0}
                      ; - com.szymc.voxel_engine.World::getLoadedChunkAtPos@7 (line 92)
                      ; - com.szymc.voxel_engine.Engine::render@619 (line 289)
  0x000001922ee9e1b8: 2413 2507 

  0x000001922ee9e1bc: ;   {post_call_nop}
  0x000001922ee9e1bc: 0f1f 8400 | 343a 0034 | 488b 9c24 | a001 0000 | 4885 db0f | 8425 0000 

  0x000001922ee9e1d4: ;   {metadata('it/unimi/dsi/fastutil/longs/Long2ObjectOpenHashMap')}
  0x000001922ee9e1d4: 0048 bf20 | ae06 2000 | 0000 008b | 7308 41ba | 0000 001f | 4903 f248 | 3b7e 480f | 8503 5f00 
  0x000001922ee9e1f4: 00e9 0000 | 0000 4c8b | c348 3b03 

  0x000001922ee9e200: ;   {metadata(method data for {method} {0x000001924d789ed0} 'getLoadedChunkAtPos' '(II)Lcom/szymc/voxel_engine/ChunkColumn;' in 'com/szymc/voxel_engine/World')}
  0x000001922ee9e200: 4c8b c348 | ba70 b2a8 | 4d92 0100 | 0048 8382 | 1801 0000 | 014c 8bc0 | 488b d30f 

  0x000001922ee9e21c: ;   {optimized virtual_call}
  0x000001922ee9e21c: 1f40 00e8 

  0x000001922ee9e220: ; ImmutableOopMap {[216]=Oop [224]=Oop [248]=Oop [392]=Oop [400]=Oop }
                      ;*invokeinterface get {reexecute=0 rethrow=0 return_oop=0}
                      ; - com.szymc.voxel_engine.World::getLoadedChunkAtPos@10 (line 92)
                      ; - com.szymc.voxel_engine.Engine::render@619 (line 289)
  0x000001922ee9e220: bc12 2507 

  0x000001922ee9e224: ;   {post_call_nop}
  0x000001922ee9e224: 0f1f 8400 | 9c3a 0035 

  0x000001922ee9e22c: ;   {metadata(method data for {method} {0x000001924d789ed0} 'getLoadedChunkAtPos' '(II)Lcom/szymc/voxel_engine/ChunkColumn;' in 'com/szymc/voxel_engine/World')}
  0x000001922ee9e22c: 4885 c049 | b970 b2a8 | 4d92 0100 | 0075 0d41 | 8089 3101 | 0000 01e9 | a700 0000 | 8b78 0841 
  0x000001922ee9e24c: ba00 0000 | 1f49 03fa | 493b b940 | 0100 0075 | 0d49 8381 | 4801 0000 | 01e9 6000 | 0000 493b 
  0x000001922ee9e26c: b950 0100 | 0075 0d49 | 8381 5801 | 0000 01e9 | 4a00 0000 | 4983 b940 | 0100 0000 | 7517 4989 
  0x000001922ee9e28c: b940 0100 | 0049 c781 | 4801 0000 | 0100 0000 | e929 0000 | 0049 83b9 | 5001 0000 | 0075 1749 
  0x000001922ee9e2ac: 89b9 5001 | 0000 49c7 | 8158 0100 | 0001 0000 | 00e9 0800 | 0000 4983 | 8138 0100 

  0x000001922ee9e2c8: ;   {metadata('com/szymc/voxel_engine/ChunkColumn')}
  0x000001922ee9e2c8: 0001 48bf | 1876 0a20 | 0000 0000 | 448b 4008 | 41ba 0000 | 001f 4d03 | c249 3bf8 | 0f85 185e 
  0x000001922ee9e2e8: 0000 e900 | 0000 0048 | 8bf0 483b | 064c 8bc6 

  0x000001922ee9e2f8: ;   {metadata(method data for {method} {0x000001924d802c40} 'render' '()V' in 'com/szymc/voxel_engine/Engine')}
  0x000001922ee9e2f8: 49b9 903f | aa4d 9201 

  0x000001922ee9e300: ;   {metadata('com/szymc/voxel_engine/ChunkColumn')}
  0x000001922ee9e300: 0000 49ba | 1876 0a20 | 0000 0000 | 4d89 9180 | 0c00 0049 | 8381 880c | 0000 018b | 9c24 9801 
  0x000001922ee9e320: 0000 83e3 | 1f8b 8424 | a801 0000 | 83e0 1f4c | 8bc3 448b | 8c24 9c01 | 0000 488b | f848 8bd6 
  0x000001922ee9e340: 8984 24b8 | 0100 0089 | 9c24 ac01 | 0000 4889 | b424 b001 

  0x000001922ee9e354: ;   {optimized virtual_call}
  0x000001922ee9e354: 0000 90e8 

  0x000001922ee9e358: ; ImmutableOopMap {[216]=Oop [224]=Oop [248]=Oop [392]=Oop [400]=Oop [432]=Oop }
                      ;*invokevirtual getSkylight {reexecute=0 rethrow=0 return_oop=0}
                      ; - com.szymc.voxel_engine.Engine::render@638 (line 290)
  0x000001922ee9e358: 8411 2507 

  0x000001922ee9e35c: ;   {post_call_nop}
  0x000001922ee9e35c: 0f1f 8400 | d43b 0036 | 488b b424 | b001 0000 

  0x000001922ee9e36c: ;   {metadata(method data for {method} {0x000001924d802c40} 'render' '()V' in 'com/szymc/voxel_engine/Engine')}
  0x000001922ee9e36c: 49b8 903f | aa4d 9201 

  0x000001922ee9e374: ;   {metadata('com/szymc/voxel_engine/ChunkColumn')}
  0x000001922ee9e374: 0000 49ba | 1876 0a20 | 0000 0000 | 4d89 90b0 | 0c00 0049 | 8380 b80c | 0000 0144 | 8b84 24ac 
  0x000001922ee9e394: 0100 0044 | 8b8c 249c | 0100 008b | bc24 b801 | 0000 488b | 9424 b001 | 0000 8984 | 24bc 0100 
  0x000001922ee9e3b4: ;   {optimized virtual_call}
  0x000001922ee9e3b4: 0066 90e8 

  0x000001922ee9e3b8: ; ImmutableOopMap {[216]=Oop [224]=Oop [248]=Oop [392]=Oop [400]=Oop }
                      ;*invokevirtual getBlockLight {reexecute=0 rethrow=0 return_oop=0}
                      ; - com.szymc.voxel_engine.Engine::render@657 (line 291)
  0x000001922ee9e3b8: 2411 2507 

  0x000001922ee9e3bc: ;   {post_call_nop}
  0x000001922ee9e3bc: 0f1f 8400 | 343c 0037 | 488b 9424 | d800 0000 | 8b72 2848 

  0x000001922ee9e3d0: ;   {metadata(method data for {method} {0x000001924d802c40} 'render' '()V' in 'com/szymc/voxel_engine/Engine')}
  0x000001922ee9e3d0: c1e6 0348 | bf90 3faa | 4d92 0100 | 0048 8387 | d80c 0000 

  0x000001922ee9e3e4: ;   {metadata(method data for {method} {0x000000001f4a6060} 'max' '(II)I' in 'java/lang/Math')}
  0x000001922ee9e3e4: 0148 bf30 | 5d05 4d92 | 0100 008b | 9f90 0000 | 0083 c302 | 899f 9000 | 0000 81e3 | feff 1f00 
  0x000001922ee9e404: 85db 0f84 | 045d 0000 | 8bbc 24bc | 0100 003b 

  0x000001922ee9e414: ;   {metadata(method data for {method} {0x000000001f4a6060} 'max' '(II)I' in 'java/lang/Math')}
  0x000001922ee9e414: f848 bb30 | 5d05 4d92 | 0100 00b9 | d800 0000 | 7c05 b9e8 | 0000 004c | 8b04 0b4d | 8d40 014c 
  0x000001922ee9e434: 8904 0b0f | 8c13 0000 

  0x000001922ee9e43c: ;   {metadata(method data for {method} {0x000000001f4a6060} 'max' '(II)I' in 'java/lang/Math')}
  0x000001922ee9e43c: 0048 bb30 | 5d05 4d92 | 0100 00ff | 83f8 0000 | 0048 8bc7 

  0x000001922ee9e450: ; implicit exception: dispatches to 0x000001922eea4131
  0x000001922ee9e450: 483b 0648 

  0x000001922ee9e454: ;   {metadata(method data for {method} {0x000001924d802c40} 'render' '()V' in 'com/szymc/voxel_engine/Engine')}
  0x000001922ee9e454: 8bde 48b9 | 903f aa4d | 9201 0000 

  0x000001922ee9e460: ;   {metadata('com/szymc/localShaders/EntityShader')}
  0x000001922ee9e460: 49ba 00e0 | 0720 0000 | 0000 4c89 | 91f0 0c00 | 0048 8381 | f80c 0000 | 010f bec0 

  0x000001922ee9e47c: ;   {metadata(method data for {method} {0x000001924d915828} 'setLightLevel' '(B)V' in 'com/szymc/localShaders/EntityShader')}
  0x000001922ee9e47c: 48bb e8dc | 7b4d 9201 | 0000 8b8b | 9000 0000 | 83c1 0289 | 8b90 0000 | 0081 e1fe | ff1f 0085 
  0x000001922ee9e49c: c90f 8493 | 5c00 008b 

  0x000001922ee9e4a4: ;   {metadata(method data for {method} {0x000001924d915828} 'setLightLevel' '(B)V' in 'com/szymc/localShaders/EntityShader')}
  0x000001922ee9e4a4: 7620 48bb | e8dc 7b4d | 9201 0000 | 4883 83d8 | 0000 0001 | c5fa 2ac0 

  0x000001922ee9e4bc: ;   {metadata(method data for {method} {0x000001924d81ad10} 'glUniform1f' '(IF)V' in 'org/lwjgl/opengl/GL20')}
  0x000001922ee9e4bc: 48bb 18de | 7b4d 9201 | 0000 8b83 | 9000 0000 | 83c0 0289 | 8390 0000 | 0025 feff | 1f00 85c0 
  0x000001922ee9e4dc: 0f84 755c 

  0x000001922ee9e4e0: ;   {metadata(method data for {method} {0x000001924d81ad10} 'glUniform1f' '(IF)V' in 'org/lwjgl/opengl/GL20')}
  0x000001922ee9e4e0: 0000 48bb | 18de 7b4d | 9201 0000 | 4883 83d8 | 0000 0001 

  0x000001922ee9e4f4: ;   {static_call}
  0x000001922ee9e4f4: 488b d6e8 

  0x000001922ee9e4f8: ; ImmutableOopMap {[216]=Oop [224]=Oop [248]=Oop [392]=Oop [400]=Oop }
                      ;*invokestatic glUniform1f {reexecute=0 rethrow=0 return_oop=0}
                      ; - org.lwjgl.opengl.GL20::glUniform1f@2 (line 425)
                      ; - com.szymc.localShaders.EntityShader::setLightLevel@6 (line 49)
                      ; - com.szymc.voxel_engine.Engine::render@674 (line 293)
  0x000001922ee9e4f8: e419 2507 

  0x000001922ee9e4fc: ;   {post_call_nop}
  0x000001922ee9e4fc: 0f1f 8400 | 743d 0038 | 488b b424 | 9001 0000 

  0x000001922ee9e50c: ;   {metadata(method data for {method} {0x000001924d802c40} 'render' '()V' in 'com/szymc/voxel_engine/Engine')}
  0x000001922ee9e50c: 48ba 903f | aa4d 9201 | 0000 8b76 | 0841 ba00 | 0000 1f49 | 03f2 483b | b220 0d00 | 0075 0d48 
  0x000001922ee9e52c: 8382 280d | 0000 01e9 | 6000 0000 | 483b b230 | 0d00 0075 | 0d48 8382 | 380d 0000 | 01e9 4a00 
  0x000001922ee9e54c: 0000 4883 | ba20 0d00 | 0000 7517 | 4889 b220 | 0d00 0048 | c782 280d | 0000 0100 | 0000 e929 
  0x000001922ee9e56c: 0000 0048 | 83ba 300d | 0000 0075 | 1748 89b2 | 300d 0000 | 48c7 8238 | 0d00 0001 | 0000 00e9 
  0x000001922ee9e58c: 0800 0000 | 4883 8218 | 0d00 0001 | 488b b424 | 9001 0000 | 8b56 0841 | ba00 0000 | 1f49 03d2 
  0x000001922ee9e5ac: 488b 5270 

  0x000001922ee9e5b0: ;   {oop(a 'java/lang/Class'{0x000000060d6e4188} = 'com/szymc/voxel_engine/EntityItem')}
  0x000001922ee9e5b0: 488b 1249 | b888 416e | 0d06 0000 | 0049 3bd0 

  0x000001922ee9e5c0: ;   {metadata(method data for {method} {0x000001924d802c40} 'render' '()V' in 'com/szymc/voxel_engine/Engine')}
  0x000001922ee9e5c0: 48ba 903f | aa4d 9201 | 0000 41b8 | 480d 0000 | 7506 41b8 | 580d 0000 | 4e8b 0c02 | 4d8d 4901 
  0x000001922ee9e5e0: 4e89 0c02 | 0f85 0a01 | 0000 4885 

  0x000001922ee9e5ec: ;   {metadata(method data for {method} {0x000001924d802c40} 'render' '()V' in 'com/szymc/voxel_engine/Engine')}
  0x000001922ee9e5ec: f649 b990 | 3faa 4d92 | 0100 0075 | 0d41 8089 | 610d 0000 | 01e9 a700 | 0000 8b7e | 0841 ba00 
  0x000001922ee9e60c: 0000 1f49 | 03fa 493b | b970 0d00 | 0075 0d49 | 8381 780d | 0000 01e9 | 6000 0000 | 493b b980 
  0x000001922ee9e62c: 0d00 0075 | 0d49 8381 | 880d 0000 | 01e9 4a00 | 0000 4983 | b970 0d00 | 0000 7517 | 4989 b970 
  0x000001922ee9e64c: 0d00 0049 | c781 780d | 0000 0100 | 0000 e929 | 0000 0049 | 83b9 800d | 0000 0075 | 1749 89b9 
  0x000001922ee9e66c: 800d 0000 | 49c7 8188 | 0d00 0001 | 0000 00e9 | 0800 0000 | 4983 8168 | 0d00 0001 

  0x000001922ee9e688: ;   {metadata('com/szymc/voxel_engine/EntityItem')}
  0x000001922ee9e688: 48bf c85c | 0920 0000 | 0000 448b | 4608 41ba | 0000 001f | 4d03 c249 | 3bf8 0f85 | d05a 0000 
  0x000001922ee9e6a8: e900 0000 | 0048 8bd6 

  0x000001922ee9e6b0: ; implicit exception: dispatches to 0x000001922eea4181
  0x000001922ee9e6b0: 448b 4228 | 49c1 e003 

  0x000001922ee9e6b8: ; implicit exception: dispatches to 0x000001922eea4186
  0x000001922ee9e6b8: 458b 480c | 498b 7810 | 418b 7018 

  0x000001922ee9e6c4: ;   {metadata(method data for {method} {0x000001924d802c40} 'render' '()V' in 'com/szymc/voxel_engine/Engine')}
  0x000001922ee9e6c4: 48ba 903f | aa4d 9201 | 0000 4883 | 8298 0d00 | 0001 ba04 | 0000 004d | 8bc1 41b9 | 0514 0000 
  0x000001922ee9e6e4: ;   {static_call}
  0x000001922ee9e6e4: 6666 90e8 

  0x000001922ee9e6e8: ; ImmutableOopMap {[216]=Oop [224]=Oop [248]=Oop [392]=Oop }
                      ;*invokestatic glDrawElementsBaseVertex {reexecute=0 rethrow=0 return_oop=0}
                      ; - com.szymc.voxel_engine.Engine::render@722 (line 297)
  0x000001922ee9e6e8: f417 2507 

  0x000001922ee9e6ec: ;   {post_call_nop}
  0x000001922ee9e6ec: 0f1f 8400 | 643f 0039 

  0x000001922ee9e6f4: ;   {metadata(method data for {method} {0x000001924d802c40} 'render' '()V' in 'com/szymc/voxel_engine/Engine')}
  0x000001922ee9e6f4: 48ba 903f | aa4d 9201 | 0000 8bb2 | 9400 0000 | 83c6 0289 | b294 0000 | 0081 e6fe | 3f00 0085 
  0x000001922ee9e714: f60f 8470 | 5a00 004d 

  0x000001922ee9e71c: ; ImmutableOopMap {[216]=Oop [224]=Oop [248]=Oop [392]=Oop }
                      ;*goto {reexecute=1 rethrow=0 return_oop=0}
                      ; - (reexecute) com.szymc.voxel_engine.Engine::render@725 (line 299)
                      ;   {poll}
  0x000001922ee9e71c: 8b57 3041 

  0x000001922ee9e720: ;   {metadata(method data for {method} {0x000001924d802c40} 'render' '()V' in 'com/szymc/voxel_engine/Engine')}
  0x000001922ee9e720: 8502 48ba | 903f aa4d | 9201 0000 | ff82 a80d | 0000 488b | 8424 8801 | 0000 e981 | f1ff ff48 
  0x000001922ee9e740: 8b94 24d8 | 0000 008b | 7228 48c1 | e603 483b 

  0x000001922ee9e750: ;   {metadata(method data for {method} {0x000001924d802c40} 'render' '()V' in 'com/szymc/voxel_engine/Engine')}
  0x000001922ee9e750: 0648 bf90 | 3faa 4d92 | 0100 008b | 7608 41ba | 0000 001f | 4903 f248 | 3bb7 c80d | 0000 750d 
  0x000001922ee9e770: 4883 87d0 | 0d00 0001 | e960 0000 | 0048 3bb7 | d80d 0000 | 750d 4883 | 87e0 0d00 | 0001 e94a 
  0x000001922ee9e790: 0000 0048 | 83bf c80d | 0000 0075 | 1748 89b7 | c80d 0000 | 48c7 87d0 | 0d00 0001 | 0000 00e9 
  0x000001922ee9e7b0: 2900 0000 | 4883 bfd8 | 0d00 0000 | 7517 4889 | b7d8 0d00 | 0048 c787 | e00d 0000 | 0100 0000 
  0x000001922ee9e7d0: e908 0000 | 0048 8387 | c00d 0000 

  0x000001922ee9e7dc: ;   {metadata(method data for {method} {0x000001924d806148} 'stop' '()V' in 'com/szymc/localShaders/Shader')}
  0x000001922ee9e7dc: 0148 be48 | a97a 4d92 | 0100 008b | be90 0000 | 0083 c702 | 89be 9000 | 0000 81e7 | feff 1f00 
  0x000001922ee9e7fc: 85ff 0f84 | ad59 0000 

  0x000001922ee9e804: ;   {metadata(method data for {method} {0x000001924d806148} 'stop' '()V' in 'com/szymc/localShaders/Shader')}
  0x000001922ee9e804: 48be 48a9 | 7a4d 9201 | 0000 4883 | 86d8 0000 

  0x000001922ee9e814: ;   {metadata(method data for {method} {0x000001924d81ab68} 'glUseProgram' '(I)V' in 'org/lwjgl/opengl/GL20')}
  0x000001922ee9e814: 0001 48be | 30fa a84d | 9201 0000 | 8bbe 9000 | 0000 83c7 | 0289 be90 | 0000 0081 | e7fe ff1f 
  0x000001922ee9e834: 0085 ff0f | 8495 5900 

  0x000001922ee9e83c: ;   {metadata(method data for {method} {0x000001924d81ab68} 'glUseProgram' '(I)V' in 'org/lwjgl/opengl/GL20')}
  0x000001922ee9e83c: 0048 be30 | faa8 4d92 | 0100 0048 | 8386 d800 | 0000 01ba | 0000 0000 

  0x000001922ee9e854: ;   {static_call}
  0x000001922ee9e854: 6666 90e8 

  0x000001922ee9e858: ; ImmutableOopMap {[216]=Oop [224]=Oop [248]=Oop }
                      ;*invokestatic glUseProgram {reexecute=0 rethrow=0 return_oop=0}
                      ; - org.lwjgl.opengl.GL20::glUseProgram@1 (line 398)
                      ; - com.szymc.localShaders.Shader::stop@1 (line 82)
                      ; - com.szymc.voxel_engine.Engine::render@732 (line 301)
  0x000001922ee9e858: 34a6 9b07 

  0x000001922ee9e85c: ;   {post_call_nop}
  0x000001922ee9e85c: 0f1f 8400 | d440 003b | 488b 9424 | d800 0000 | 8b72 2448 | c1e6 0348 | 3b06 488b 

  0x000001922ee9e878: ;   {metadata(method data for {method} {0x000001924d802c40} 'render' '()V' in 'com/szymc/voxel_engine/Engine')}
  0x000001922ee9e878: fe48 bb90 | 3faa 4d92 | 0100 008b | 7f08 41ba | 0000 001f | 4903 fa48 | 3bbb f80d | 0000 750d 
  0x000001922ee9e898: 4883 8300 | 0e00 0001 | e960 0000 | 0048 3bbb | 080e 0000 | 750d 4883 | 8310 0e00 | 0001 e94a 
  0x000001922ee9e8b8: 0000 0048 | 83bb f80d | 0000 0075 | 1748 89bb | f80d 0000 | 48c7 8300 | 0e00 0001 | 0000 00e9 
  0x000001922ee9e8d8: 2900 0000 | 4883 bb08 | 0e00 0000 | 7517 4889 | bb08 0e00 | 0048 c783 | 100e 0000 | 0100 0000 
  0x000001922ee9e8f8: e908 0000 | 0048 8383 | f00d 0000 

  0x000001922ee9e904: ;   {metadata(method data for {method} {0x000001924d8060a0} 'start' '()V' in 'com/szymc/localShaders/Shader')}
  0x000001922ee9e904: 0148 bf80 | 7863 4d92 | 0100 008b | 9f90 0000 | 0083 c302 | 899f 9000 | 0000 81e3 | feff 1f00 
  0x000001922ee9e924: 85db 0f84 | cc58 0000 

  0x000001922ee9e92c: ;   {metadata(method data for {method} {0x000001924d8060a0} 'start' '()V' in 'com/szymc/localShaders/Shader')}
  0x000001922ee9e92c: 8b76 0c48 | bf80 7863 | 4d92 0100 | 0048 8387 | d800 0000 

  0x000001922ee9e940: ;   {metadata(method data for {method} {0x000001924d81ab68} 'glUseProgram' '(I)V' in 'org/lwjgl/opengl/GL20')}
  0x000001922ee9e940: 0148 bf30 | faa8 4d92 | 0100 008b | 9f90 0000 | 0083 c302 | 899f 9000 | 0000 81e3 | feff 1f00 
  0x000001922ee9e960: 85db 0f84 | b158 0000 

  0x000001922ee9e968: ;   {metadata(method data for {method} {0x000001924d81ab68} 'glUseProgram' '(I)V' in 'org/lwjgl/opengl/GL20')}
  0x000001922ee9e968: 48bf 30fa | a84d 9201 | 0000 4883 | 87d8 0000 | 0001 488b 

  0x000001922ee9e97c: ;   {static_call}
  0x000001922ee9e97c: d666 90e8 

  0x000001922ee9e980: ; ImmutableOopMap {[216]=Oop [224]=Oop [248]=Oop }
                      ;*invokestatic glUseProgram {reexecute=0 rethrow=0 return_oop=0}
                      ; - org.lwjgl.opengl.GL20::glUseProgram@1 (line 398)
                      ; - com.szymc.localShaders.Shader::start@4 (line 78)
                      ; - com.szymc.voxel_engine.Engine::render@739 (line 302)
  0x000001922ee9e980: 0ca5 9b07 

  0x000001922ee9e984: ;   {post_call_nop}
  0x000001922ee9e984: 0f1f 8400 | fc41 003c 

  0x000001922ee9e98c: ;   {metadata(method data for {method} {0x000001924d802c40} 'render' '()V' in 'com/szymc/voxel_engine/Engine')}
  0x000001922ee9e98c: 48ba 903f | aa4d 9201 | 0000 4883 | 8220 0e00 

  0x000001922ee9e99c: ;   {metadata(method data for {method} {0x000001924d747340} 'glEnable' '(I)V' in 'org/lwjgl/opengl/GL11')}
  0x000001922ee9e99c: 0001 48ba | 1816 a94d | 9201 0000 | 8bb2 9000 | 0000 83c6 | 0289 b290 | 0000 0081 | e6fe ff1f 
  0x000001922ee9e9bc: 0085 f60f | 8475 5800 

  0x000001922ee9e9c4: ;   {metadata(method data for {method} {0x000001924d747340} 'glEnable' '(I)V' in 'org/lwjgl/opengl/GL11')}
  0x000001922ee9e9c4: 0048 ba18 | 16a9 4d92 | 0100 0048 | 8382 d800 | 0000 01ba | e20b 0000 

  0x000001922ee9e9dc: ;   {static_call}
  0x000001922ee9e9dc: 6666 90e8 

  0x000001922ee9e9e0: ; ImmutableOopMap {[216]=Oop [224]=Oop [248]=Oop }
                      ;*invokestatic glEnable {reexecute=0 rethrow=0 return_oop=0}
                      ; - org.lwjgl.opengl.GL11::glEnable@1 (line 724)
                      ; - com.szymc.voxel_engine.Engine::render@745 (line 304)
  0x000001922ee9e9e0: acd3 9a07 

  0x000001922ee9e9e4: ;   {post_call_nop}
  0x000001922ee9e9e4: 0f1f 8400 | 5c42 003d 

  0x000001922ee9e9ec: ;   {metadata(method data for {method} {0x000001924d802c40} 'render' '()V' in 'com/szymc/voxel_engine/Engine')}
  0x000001922ee9e9ec: 48ba 903f | aa4d 9201 | 0000 4883 | 8230 0e00 

  0x000001922ee9e9fc: ;   {metadata(method data for {method} {0x000001924d74be38} 'glDepthMask' '(Z)V' in 'org/lwjgl/opengl/GL11')}
  0x000001922ee9e9fc: 0001 48ba | 804a 794d | 9201 0000 | 8bb2 9000 | 0000 83c6 | 0289 b290 | 0000 0081 | e6fe ff1f 
  0x000001922ee9ea1c: 0085 f60f | 8436 5800 

  0x000001922ee9ea24: ;   {metadata(method data for {method} {0x000001924d74be38} 'glDepthMask' '(Z)V' in 'org/lwjgl/opengl/GL11')}
  0x000001922ee9ea24: 0048 ba80 | 4a79 4d92 | 0100 0048 | 8382 d800 | 0000 01ba | 0100 0000 

  0x000001922ee9ea3c: ;   {static_call}
  0x000001922ee9ea3c: 6666 90e8 

  0x000001922ee9ea40: ; ImmutableOopMap {[216]=Oop [224]=Oop [248]=Oop }
                      ;*invokestatic glDepthMask {reexecute=0 rethrow=0 return_oop=0}
                      ; - org.lwjgl.opengl.GL11::glDepthMask@1 (line 1780)
                      ; - com.szymc.voxel_engine.Engine::render@749 (line 305)
  0x000001922ee9ea40: cc5a 9e07 

  0x000001922ee9ea44: ;   {post_call_nop}
  0x000001922ee9ea44: 0f1f 8400 | bc42 003e | 488b 9424 | d800 0000 | 8b72 2048 | c1e6 0348 | 3b06 488b 

  0x000001922ee9ea60: ;   {metadata(method data for {method} {0x000001924d802c40} 'render' '()V' in 'com/szymc/voxel_engine/Engine')}
  0x000001922ee9ea60: fe48 b890 | 3faa 4d92 

  0x000001922ee9ea68: ;   {metadata('com/szymc/voxel_engine/World')}
  0x000001922ee9ea68: 0100 0049 | bab0 9206 | 2000 0000 | 004c 8990 | 480e 0000 | 4883 8050 | 0e00 0001 | 8b5e 3048 
  0x000001922ee9ea88: c1e3 0348 | 85db 0f84 | 2500 0000 

  0x000001922ee9ea94: ;   {metadata('it/unimi/dsi/fastutil/longs/Long2ObjectOpenHashMap')}
  0x000001922ee9ea94: 48b9 20ae | 0620 0000 | 0000 8b43 | 0841 ba00 | 0000 1f49 | 03c2 483b | 4848 0f85 | cd57 0000 
  0x000001922ee9eab4: e900 0000 | 0048 8bf3 

  0x000001922ee9eabc: ; implicit exception: dispatches to 0x000001922eea4286
  0x000001922ee9eabc: 483b 0348 

  0x000001922ee9eac0: ;   {metadata(method data for {method} {0x000001924d802c40} 'render' '()V' in 'com/szymc/voxel_engine/Engine')}
  0x000001922ee9eac0: 8bf3 48bf | 903f aa4d | 9201 0000 

  0x000001922ee9eacc: ;   {metadata('it/unimi/dsi/fastutil/longs/Long2ObjectOpenHashMap')}
  0x000001922ee9eacc: 49ba 20ae | 0620 0000 | 0000 4c89 | 9778 0e00 | 0048 8387 | 800e 0000 

  0x000001922ee9eae4: ;   {metadata(method data for {method} {0x000001924d7a3400} 'values' '()Lit/unimi/dsi/fastutil/objects/ObjectCollection;' in 'it/unimi/dsi/fastutil/longs/Long2ObjectOpenHashMap')}
  0x000001922ee9eae4: 0148 be40 | a39f 4d92 | 0100 008b | be90 0000 | 0083 c702 | 89be 9000 | 0000 81e7 | feff 1f00 
  0x000001922ee9eb04: 85ff 0f84 | 7f57 0000 | 8b73 2048 | c1e6 0348 

  0x000001922ee9eb14: ;   {metadata(method data for {method} {0x000001924d7a3400} 'values' '()Lit/unimi/dsi/fastutil/objects/ObjectCollection;' in 'it/unimi/dsi/fastutil/longs/Long2ObjectOpenHashMap')}
  0x000001922ee9eb14: 85f6 48be | 40a3 9f4d | 9201 0000 | bfd8 0000 | 0075 05bf | e800 0000 | 488b 043e | 488d 4001 
  0x000001922ee9eb34: 4889 043e | 0f85 b001 

  0x000001922ee9eb3c: ;   {metadata('it/unimi/dsi/fastutil/longs/Long2ObjectOpenHashMap$1')}
  0x000001922ee9eb3c: 0000 48ba | 48c4 0a20 | 0000 0000 | 498b 87b0 | 0100 0048 | 8d78 1049 | 3bbf c001 | 0000 0f87 
  0x000001922ee9eb5c: 4c57 0000 | 4989 bfb0 | 0100 0048 | c700 0100 | 0000 488b | ca41 ba00 | 0000 1f49 | 2bca 8948 
  0x000001922ee9eb7c: 0848 33c9 | 8948 0c48 | 33c9 488b 

  0x000001922ee9eb88: ;   {metadata(method data for {method} {0x000001924d7a3400} 'values' '()Lit/unimi/dsi/fastutil/objects/ObjectCollection;' in 'it/unimi/dsi/fastutil/longs/Long2ObjectOpenHashMap')}
  0x000001922ee9eb88: d048 be40 | a39f 4d92 | 0100 0048 | 8386 f800 

  0x000001922ee9eb98: ;   {metadata(method data for {method} {0x000001924da7a888} '<init>' '(Lit/unimi/dsi/fastutil/longs/Long2ObjectOpenHashMap;)V' in 'it/unimi/dsi/fastutil/longs/Long2ObjectOpenHashMap$1')}
  0x000001922ee9eb98: 0000 0148 | ba60 959f | 4d92 0100 | 008b b290 | 0000 0083 | c602 89b2 | 9000 0000 | 81e6 feff 
  0x000001922ee9ebb8: 1f00 85f6 | 0f84 f756 | 0000 410f | be57 4885 | d20f 850b | 5700 004c | 8bd3 49c1 | ea03 4489 
  0x000001922ee9ebd8: 500c 488b | f048 33f3 | 48c1 ee16 | 7418 4885 | db74 1348 | 8bf0 48c1 | ee09 4903 | 7750 803e 
  0x000001922ee9ebf8: ff75 03c6 | 0600 488b 

  0x000001922ee9ec00: ;   {metadata(method data for {method} {0x000001924da7a888} '<init>' '(Lit/unimi/dsi/fastutil/longs/Long2ObjectOpenHashMap;)V' in 'it/unimi/dsi/fastutil/longs/Long2ObjectOpenHashMap$1')}
  0x000001922ee9ec00: d048 be60 | 959f 4d92 | 0100 0048 | 8386 d800 

  0x000001922ee9ec10: ;   {metadata(method data for {method} {0x000001924da5aac0} '<init>' '()V' in 'it/unimi/dsi/fastutil/objects/AbstractObjectCollection')}
  0x000001922ee9ec10: 0000 0148 | bab8 3c7c | 4d92 0100 | 008b b290 | 0000 0083 | c602 89b2 | 9000 0000 | 81e6 feff 
  0x000001922ee9ec30: 1f00 85f6 | 0f84 be56 | 0000 488b 

  0x000001922ee9ec3c: ;   {metadata(method data for {method} {0x000001924da5aac0} '<init>' '()V' in 'it/unimi/dsi/fastutil/objects/AbstractObjectCollection')}
  0x000001922ee9ec3c: d048 beb8 | 3c7c 4d92 | 0100 0048 | 8386 d800 

  0x000001922ee9ec4c: ;   {metadata(method data for {method} {0x000000001f2248b8} '<init>' '()V' in 'java/util/AbstractCollection')}
  0x000001922ee9ec4c: 0000 0148 | ba90 2d01 | 4d92 0100 | 008b b290 | 0000 0083 | c602 89b2 | 9000 0000 | 81e6 feff 
  0x000001922ee9ec6c: 1f00 85f6 | 0f84 a356 | 0000 488b 

  0x000001922ee9ec78: ;   {metadata(method data for {method} {0x000000001f2248b8} '<init>' '()V' in 'java/util/AbstractCollection')}
  0x000001922ee9ec78: d048 be90 | 2d01 4d92 | 0100 0048 | 8386 d800 

  0x000001922ee9ec88: ;   {metadata(method data for {method} {0x000000001f4bc558} '<init>' '()V' in 'java/lang/Object')}
  0x000001922ee9ec88: 0000 0148 | bab0 d300 | 4d92 0100 | 008b b290 | 0000 0083 | c602 89b2 | 9000 0000 | 81e6 feff 
  0x000001922ee9eca8: 1f00 85f6 | 0f84 8856 | 0000 410f | be57 4885 | d20f 859c | 5600 004c | 8bd0 49c1 | ea03 4489 
  0x000001922ee9ecc8: 5320 488b | f348 33f0 | 48c1 ee16 | 7418 4885 | c074 1348 | 8bf3 48c1 | ee09 4903 | 7750 803e 
  0x000001922ee9ece8: ff75 03c6 | 0600 8b53 | 2048 c1e2 | 0348 3b02 

  0x000001922ee9ecf8: ;   {metadata(method data for {method} {0x000001924d802c40} 'render' '()V' in 'com/szymc/voxel_engine/Engine')}
  0x000001922ee9ecf8: 488b fa48 | bb90 3faa | 4d92 0100 | 008b 7f08 | 41ba 0000 | 001f 4903 | fa48 3bbb | a80e 0000 
  0x000001922ee9ed18: 750d 4883 | 83b0 0e00 | 0001 e960 | 0000 0048 | 3bbb b80e | 0000 750d | 4883 83c0 | 0e00 0001 
  0x000001922ee9ed38: e94a 0000 | 0048 83bb | a80e 0000 | 0075 1748 | 89bb a80e | 0000 48c7 | 83b0 0e00 | 0001 0000 
  0x000001922ee9ed58: 00e9 2900 | 0000 4883 | bbb8 0e00 | 0000 7517 | 4889 bbb8 | 0e00 0048 | c783 c00e | 0000 0100 
  0x000001922ee9ed78: 0000 e908 | 0000 0048 | 8383 a00e | 0000 0166 | 0f1f 4400 | 0048 b860 | a5bf 5192 

  0x000001922ee9ed94: ;   {virtual_call}
  0x000001922ee9ed94: 0100 00e8 

  0x000001922ee9ed98: ; ImmutableOopMap {[216]=Oop [224]=Oop [248]=Oop }
                      ;*invokeinterface iterator {reexecute=0 rethrow=0 return_oop=0}
                      ; - com.szymc.voxel_engine.Engine::render@764 (line 306)
  0x000001922ee9ed98: 76f2 e4ff 

  0x000001922ee9ed9c: ;   {post_call_nop}
  0x000001922ee9ed9c: 0f1f 8400 | 1446 003f | 4889 8424 | c001 0000 | 0f1f 4000 

  0x000001922ee9edb0: ; implicit exception: dispatches to 0x000001922eea437e
  0x000001922ee9edb0: 483b 0048 

  0x000001922ee9edb4: ;   {metadata(method data for {method} {0x000001924d802c40} 'render' '()V' in 'com/szymc/voxel_engine/Engine')}
  0x000001922ee9edb4: 8bf8 48bb | 903f aa4d | 9201 0000 | 8b7f 0841 | ba00 0000 | 1f49 03fa | 483b bbd8 | 0e00 0075 
  0x000001922ee9edd4: 0d48 8383 | e00e 0000 | 01e9 6000 | 0000 483b | bbe8 0e00 | 0075 0d48 | 8383 f00e | 0000 01e9 
  0x000001922ee9edf4: 4a00 0000 | 4883 bbd8 | 0e00 0000 | 7517 4889 | bbd8 0e00 | 0048 c783 | e00e 0000 | 0100 0000 
  0x000001922ee9ee14: e929 0000 | 0048 83bb | e80e 0000 | 0075 1748 | 89bb e80e | 0000 48c7 | 83f0 0e00 | 0001 0000 
  0x000001922ee9ee34: 00e9 0800 | 0000 4883 | 83d0 0e00 | 0001 488b | d048 b888 | a5bf 5192 

  0x000001922ee9ee4c: ;   {virtual_call}
  0x000001922ee9ee4c: 0100 00e8 

  0x000001922ee9ee50: ; ImmutableOopMap {[216]=Oop [224]=Oop [248]=Oop [448]=Oop }
                      ;*invokeinterface hasNext {reexecute=0 rethrow=0 return_oop=0}
                      ; - com.szymc.voxel_engine.Engine::render@773 (line 306)
  0x000001922ee9ee50: 2e16 a607 

  0x000001922ee9ee54: ;   {post_call_nop}
  0x000001922ee9ee54: 0f1f 8400 | cc46 0040 

  0x000001922ee9ee5c: ;   {metadata(method data for {method} {0x000001924d802c40} 'render' '()V' in 'com/szymc/voxel_engine/Engine')}
  0x000001922ee9ee5c: 85c0 48ba | 903f aa4d | 9201 0000 | be00 0f00 | 0074 05be | 100f 0000 | 488b 3c32 | 488d 7f01 
  0x000001922ee9ee7c: 4889 3c32 | 0f84 930c | 0000 488b | 8424 c001 

  0x000001922ee9ee8c: ;   {metadata(method data for {method} {0x000001924d802c40} 'render' '()V' in 'com/szymc/voxel_engine/Engine')}
  0x000001922ee9ee8c: 0000 48ba | 903f aa4d | 9201 0000 | 8b40 0841 | ba00 0000 | 1f49 03c2 | 483b 8228 | 0f00 0075 
  0x000001922ee9eeac: 0d48 8382 | 300f 0000 | 01e9 6000 | 0000 483b | 8238 0f00 | 0075 0d48 | 8382 400f | 0000 01e9 
  0x000001922ee9eecc: 4a00 0000 | 4883 ba28 | 0f00 0000 | 7517 4889 | 8228 0f00 | 0048 c782 | 300f 0000 | 0100 0000 
  0x000001922ee9eeec: e929 0000 | 0048 83ba | 380f 0000 | 0075 1748 | 8982 380f | 0000 48c7 | 8240 0f00 | 0001 0000 
  0x000001922ee9ef0c: 00e9 0800 | 0000 4883 | 8220 0f00 | 0001 488b | 9424 c001 | 0000 6666 | 9048 b8b0 | a5bf 5192 
  0x000001922ee9ef2c: ;   {virtual_call}
  0x000001922ee9ef2c: 0100 00e8 

  0x000001922ee9ef30: ; ImmutableOopMap {[216]=Oop [224]=Oop [248]=Oop [448]=Oop }
                      ;*invokeinterface next {reexecute=0 rethrow=0 return_oop=0}
                      ; - com.szymc.voxel_engine.Engine::render@783 (line 306)
  0x000001922ee9ef30: ce93 a707 

  0x000001922ee9ef34: ;   {post_call_nop}
  0x000001922ee9ef34: 0f1f 8400 | ac47 0041 

  0x000001922ee9ef3c: ;   {metadata(method data for {method} {0x000001924d802c40} 'render' '()V' in 'com/szymc/voxel_engine/Engine')}
  0x000001922ee9ef3c: 4885 c048 | bf90 3faa | 4d92 0100 | 0075 0c80 | 8f49 0f00 | 0001 e9a6 | 0000 008b | 5808 41ba 
  0x000001922ee9ef5c: 0000 001f | 4903 da48 | 3b9f 580f | 0000 750d | 4883 8760 | 0f00 0001 | e960 0000 | 0048 3b9f 
  0x000001922ee9ef7c: 680f 0000 | 750d 4883 | 8770 0f00 | 0001 e94a | 0000 0048 | 83bf 580f | 0000 0075 | 1748 899f 
  0x000001922ee9ef9c: 580f 0000 | 48c7 8760 | 0f00 0001 | 0000 00e9 | 2900 0000 | 4883 bf68 | 0f00 0000 | 7517 4889 
  0x000001922ee9efbc: 9f68 0f00 | 0048 c787 | 700f 0000 | 0100 0000 | e908 0000 | 0048 8387 | 500f 0000 

  0x000001922ee9efd8: ;   {metadata('com/szymc/voxel_engine/ChunkColumn')}
  0x000001922ee9efd8: 0148 bb18 | 760a 2000 | 0000 008b | 5008 41ba | 0000 001f | 4903 d248 | 3bda 0f85 | 8b53 0000 
  0x000001922ee9eff8: e900 0000 | 0048 8bf0 | 4889 b424 | c801 0000 

  0x000001922ee9f008: ;   {metadata(method data for {method} {0x000001924d802c40} 'render' '()V' in 'com/szymc/voxel_engine/Engine')}
  0x000001922ee9f008: 4885 f648 | ba90 3faa | 4d92 0100 | 00bf 900f | 0000 7405 | bf80 0f00 | 0048 8b1c | 3a48 8d5b 
  0x000001922ee9f028: 0148 891c | 3a0f 849b | 0a00 0048 | 8b94 24d8 | 0000 008b | 7a1c 48c1 | e703 8b7f | 2848 c1e7 
  0x000001922ee9f048: 0348 3b06 

  0x000001922ee9f04c: ;   {metadata(method data for {method} {0x000001924d802c40} 'render' '()V' in 'com/szymc/voxel_engine/Engine')}
  0x000001922ee9f04c: 488b de48 | b890 3faa | 4d92 0100 

  0x000001922ee9f058: ;   {metadata('com/szymc/voxel_engine/ChunkColumn')}
  0x000001922ee9f058: 0049 ba18 | 760a 2000 | 0000 004c | 8990 c00f | 0000 4883 | 80c8 0f00 | 0001 8b5e | 0c48 8bc6 
  0x000001922ee9f078: ;   {metadata(method data for {method} {0x000001924d802c40} 'render' '()V' in 'com/szymc/voxel_engine/Engine')}
  0x000001922ee9f078: 48b9 903f | aa4d 9201 

  0x000001922ee9f080: ;   {metadata('com/szymc/voxel_engine/ChunkColumn')}
  0x000001922ee9f080: 0000 49ba | 1876 0a20 | 0000 0000 | 4c89 91f0 | 0f00 0048 | 8381 f80f | 0000 018b | 4610 488b 
  0x000001922ee9f0a0: ;   {metadata(method data for {method} {0x000001924d802c40} 'render' '()V' in 'com/szymc/voxel_engine/Engine')}
  0x000001922ee9f0a0: ce49 b890 | 3faa 4d92 

  0x000001922ee9f0a8: ;   {metadata('com/szymc/voxel_engine/ChunkColumn')}
  0x000001922ee9f0a8: 0100 0049 | ba18 760a | 2000 0000 | 004d 8990 | 2010 0000 | 4983 8028 | 1000 0001 

  0x000001922ee9f0c4: ;   {metadata(method data for {method} {0x000001924d802c40} 'render' '()V' in 'com/szymc/voxel_engine/Engine')}
  0x000001922ee9f0c4: 488b ce49 | b890 3faa | 4d92 0100 

  0x000001922ee9f0d0: ;   {metadata('com/szymc/voxel_engine/ChunkColumn')}
  0x000001922ee9f0d0: 0049 ba18 | 760a 2000 | 0000 004d | 8990 5010 | 0000 4983 | 8058 1000 | 0001 483b | 0748 8bcf 
  0x000001922ee9f0f0: ;   {metadata(method data for {method} {0x000001924d802c40} 'render' '()V' in 'com/szymc/voxel_engine/Engine')}
  0x000001922ee9f0f0: 49b8 903f | aa4d 9201 

  0x000001922ee9f0f8: ;   {metadata('org/joml/FrustumIntersection')}
  0x000001922ee9f0f8: 0000 49ba | 105f 0520 | 0000 0000 | 4d89 9080 | 1000 0049 | 8380 8810 | 0000 01c1 | e305 c5fa 
  0x000001922ee9f118: 2ac3 c1e0 | 05c5 ea2a | d083 c320 | c5e2 2adb | 83c0 20c5 

  0x000001922ee9f12c: ;   {section_word}
  0x000001922ee9f12c: d22a e8c5 | fa10 0d61 

  0x000001922ee9f134: ;   {section_word}
  0x000001922ee9f134: b7ff ffc5 | fa10 255d | b7ff ff48 | 8bd7 0f1f 

  0x000001922ee9f144: ;   {optimized virtual_call}
  0x000001922ee9f144: 4400 00e8 

  0x000001922ee9f148: ; ImmutableOopMap {[216]=Oop [224]=Oop [248]=Oop [448]=Oop [456]=Oop }
                      ;*invokevirtual testAab {reexecute=0 rethrow=0 return_oop=0}
                      ; - com.szymc.voxel_engine.Engine::render@854 (line 309)
  0x000001922ee9f148: c44c a807 

  0x000001922ee9f14c: ;   {post_call_nop}
  0x000001922ee9f14c: 0f1f 8400 | c449 0042 

  0x000001922ee9f154: ;   {metadata(method data for {method} {0x000001924d802c40} 'render' '()V' in 'com/szymc/voxel_engine/Engine')}
  0x000001922ee9f154: 85c0 48ba | 903f aa4d | 9201 0000 | beb8 1000 | 0074 05be | a810 0000 | 488b 3c32 | 488d 7f01 
  0x000001922ee9f174: 4889 3c32 | 0f84 0509 | 0000 be00 | 0000 000f | 1f44 0000 | 488b bc24 | c801 0000 | 488b 9424 
  0x000001922ee9f194: d800 0000 

  0x000001922ee9f198: ;   {metadata(method data for {method} {0x000001924d802c40} 'render' '()V' in 'com/szymc/voxel_engine/Engine')}
  0x000001922ee9f198: 83fe 1048 | bb90 3faa | 4d92 0100 | 00b9 e010 | 0000 7d05 | b9f0 1000 | 004c 8b04 | 0b4d 8d40 
  0x000001922ee9f1b8: 014c 8904 | 0b0f 8d75 | 0800 0048 

  0x000001922ee9f1c4: ;   {metadata(method data for {method} {0x000001924d802c40} 'render' '()V' in 'com/szymc/voxel_engine/Engine')}
  0x000001922ee9f1c4: 8bdf 48b9 | 903f aa4d | 9201 0000 

  0x000001922ee9f1d0: ;   {metadata('com/szymc/voxel_engine/ChunkColumn')}
  0x000001922ee9f1d0: 49ba 1876 | 0a20 0000 | 0000 4c89 | 9108 1100 | 0048 8381 | 1011 0000 

  0x000001922ee9f1e8: ;   {metadata(method data for {method} {0x000001924da642e0} 'getSection' '(I)Lcom/szymc/voxel_engine/ChunkSection;' in 'com/szymc/voxel_engine/ChunkColumn')}
  0x000001922ee9f1e8: 0148 bb30 | aca8 4d92 | 0100 008b | 8b90 0000 | 0083 c102 | 898b 9000 | 0000 81e1 | feff 1f00 
  0x000001922ee9f208: 85c9 0f84 | 8b51 0000 | 8b5f 2048 | c1e3 038b | 4b0c ffc9 

  0x000001922ee9f21c: ;   {metadata(method data for {method} {0x000001924da642e0} 'getSection' '(I)Lcom/szymc/voxel_engine/ChunkSection;' in 'com/szymc/voxel_engine/ChunkColumn')}
  0x000001922ee9f21c: 3bf1 48b9 | 30ac a84d | 9201 0000 | 41b8 d800 | 0000 7e06 | 41b8 e800 | 0000 4e8b | 0c01 4d8d 
  0x000001922ee9f23c: 4901 4e89 | 0c01 0f8e | 0f00 0000 

  0x000001922ee9f248: ;   {oop(nullptr)}
  0x000001922ee9f248: 48bb 0000 | 0000 0000 | 0000 e914 | 0000 003b | 730c 0f83 | 6151 0000 | 4863 ce8b | 5c8b 1048 
  0x000001922ee9f268: c1e3 0348 

  0x000001922ee9f26c: ;   {metadata(method data for {method} {0x000001924d802c40} 'render' '()V' in 'com/szymc/voxel_engine/Engine')}
  0x000001922ee9f26c: 85db 48b9 | 903f aa4d | 9201 0000 | 41b8 3011 | 0000 7506 | 41b8 4011 | 0000 4e8b | 0c01 4d8d 
  0x000001922ee9f28c: 4901 4e89 | 0c01 0f85 | 1c00 0000 

  0x000001922ee9f298: ;   {metadata(method data for {method} {0x000001924d802c40} 'render' '()V' in 'com/szymc/voxel_engine/Engine')}
  0x000001922ee9f298: 48bb 903f | aa4d 9201 | 0000 ff83 | 5011 0000 | 89b4 24d0 | 0100 00e9 | 3807 0000 

  0x000001922ee9f2b4: ; implicit exception: dispatches to 0x000001922eea43cf
  0x000001922ee9f2b4: 483b 0348 

  0x000001922ee9f2b8: ;   {metadata(method data for {method} {0x000001924d802c40} 'render' '()V' in 'com/szymc/voxel_engine/Engine')}
  0x000001922ee9f2b8: 8bcb 49b8 | 903f aa4d | 9201 0000 

  0x000001922ee9f2c4: ;   {metadata('com/szymc/voxel_engine/ChunkSection')}
  0x000001922ee9f2c4: 49ba b878 | 0a20 0000 | 0000 4d89 | 9070 1100 | 0049 8380 | 7811 0000 | 018b 4b28 | 48c1 e103 
  0x000001922ee9f2e4: ;   {metadata(method data for {method} {0x000001924d802c40} 'render' '()V' in 'com/szymc/voxel_engine/Engine')}
  0x000001922ee9f2e4: 4885 c948 | b990 3faa | 4d92 0100 | 0041 b898 | 1100 0075 | 0641 b8a8 | 1100 004e | 8b0c 014d 
  0x000001922ee9f304: 8d49 014e | 890c 010f | 851c 0000 

  0x000001922ee9f310: ;   {metadata(method data for {method} {0x000001924d802c40} 'render' '()V' in 'com/szymc/voxel_engine/Engine')}
  0x000001922ee9f310: 0048 bb90 | 3faa 4d92 | 0100 00ff | 83b8 1100 | 0089 b424 | d001 0000 | e9bf 0600 | 0089 b424 
  0x000001922ee9f330: d001 0000 

  0x000001922ee9f334: ;   {metadata(method data for {method} {0x000001924d802c40} 'render' '()V' in 'com/szymc/voxel_engine/Engine')}
  0x000001922ee9f334: 488b cb49 | b890 3faa | 4d92 0100 

  0x000001922ee9f340: ;   {metadata('com/szymc/voxel_engine/ChunkSection')}
  0x000001922ee9f340: 0049 bab8 | 780a 2000 | 0000 004d | 8990 d811 | 0000 4983 | 80e0 1100 | 0001 8b4b | 0c4c 8bc3 
  0x000001922ee9f360: ;   {metadata(method data for {method} {0x000001924d802c40} 'render' '()V' in 'com/szymc/voxel_engine/Engine')}
  0x000001922ee9f360: 49b9 903f | aa4d 9201 

  0x000001922ee9f368: ;   {metadata('com/szymc/voxel_engine/ChunkSection')}
  0x000001922ee9f368: 0000 49ba | b878 0a20 | 0000 0000 | 4d89 9108 | 1200 0049 | 8381 1012 | 0000 0144 | 8b43 104c 
  0x000001922ee9f388: ;   {metadata(method data for {method} {0x000001924d802c40} 'render' '()V' in 'com/szymc/voxel_engine/Engine')}
  0x000001922ee9f388: 8bcb 49bb | 903f aa4d | 9201 0000 

  0x000001922ee9f394: ;   {metadata('com/szymc/voxel_engine/ChunkSection')}
  0x000001922ee9f394: 49ba b878 | 0a20 0000 | 0000 4d89 | 9338 1200 | 0049 8383 | 4012 0000 | 0144 8b4b | 144c 8bdb 
  0x000001922ee9f3b4: ;   {metadata(method data for {method} {0x000001924d802c40} 'render' '()V' in 'com/szymc/voxel_engine/Engine')}
  0x000001922ee9f3b4: 49bd 903f | aa4d 9201 

  0x000001922ee9f3bc: ;   {metadata('com/szymc/voxel_engine/ChunkSection')}
  0x000001922ee9f3bc: 0000 49ba | b878 0a20 | 0000 0000 | 4d89 9568 | 1200 0049 | 8385 7012 | 0000 014c | 8bd9 4183 
  0x000001922ee9f3dc: c320 4c8b 

  0x000001922ee9f3e0: ;   {metadata(method data for {method} {0x000001924d802c40} 'render' '()V' in 'com/szymc/voxel_engine/Engine')}
  0x000001922ee9f3e0: eb49 be90 | 3faa 4d92 

  0x000001922ee9f3e8: ;   {metadata('com/szymc/voxel_engine/ChunkSection')}
  0x000001922ee9f3e8: 0100 0049 | bab8 780a | 2000 0000 | 004d 8996 | 9812 0000 | 4983 86a0 | 1200 0001 | 498b f083 
  0x000001922ee9f408: c610 4c8b 

  0x000001922ee9f40c: ;   {metadata(method data for {method} {0x000001924d802c40} 'render' '()V' in 'com/szymc/voxel_engine/Engine')}
  0x000001922ee9f40c: eb49 be90 | 3faa 4d92 

  0x000001922ee9f414: ;   {metadata('com/szymc/voxel_engine/ChunkSection')}
  0x000001922ee9f414: 0100 0049 | bab8 780a | 2000 0000 | 004d 8996 | c812 0000 | 4983 86d0 | 1200 0001 | 498b f983 
  0x000001922ee9f434: c720 448b | 6a1c 49c1 | e503 458b | 6d28 49c1 | e503 c5ca | 2af1 c4c1 | 422a f8c4 | 413a 2ac1 
  0x000001922ee9f454: ; implicit exception: dispatches to 0x000001922eea43d9
  0x000001922ee9f454: 493b 4500 | 4d8b f548 | 899c 24d8 

  0x000001922ee9f460: ;   {metadata(method data for {method} {0x000001924d802c40} 'render' '()V' in 'com/szymc/voxel_engine/Engine')}
  0x000001922ee9f460: 0100 0048 | bb90 3faa | 4d92 0100 

  0x000001922ee9f46c: ;   {metadata('org/joml/FrustumIntersection')}
  0x000001922ee9f46c: 0049 ba10 | 5f05 2000 | 0000 004c | 8993 f812 | 0000 4883 | 8300 1300 | 0001 c4c1 | 622a dbc5 
  0x000001922ee9f48c: da2a e6c5 | d22a efc5 | f828 c6c5 | f828 cfc4 | c178 28d0 | 498b d589 | 8c24 e401 | 0000 4489 
  0x000001922ee9f4ac: 8424 e001 | 0000 4489 | 8c24 d401 | 0000 c57a | 1184 24dc | 0200 00c5 | fa11 bc24 | d802 0000 
  0x000001922ee9f4cc: c5fa 11b4 | 24d4 0200 

  0x000001922ee9f4d4: ;   {optimized virtual_call}
  0x000001922ee9f4d4: 0066 90e8 

  0x000001922ee9f4d8: ; ImmutableOopMap {[216]=Oop [224]=Oop [248]=Oop [448]=Oop [456]=Oop [472]=Oop }
                      ;*invokevirtual testAab {reexecute=0 rethrow=0 return_oop=0}
                      ; - com.szymc.voxel_engine.Engine::render@977 (line 326)
  0x000001922ee9f4d8: 0400 2507 

  0x000001922ee9f4dc: ;   {post_call_nop}
  0x000001922ee9f4dc: 0f1f 8400 | 544d 0043 

  0x000001922ee9f4e4: ;   {metadata(method data for {method} {0x000001924d802c40} 'render' '()V' in 'com/szymc/voxel_engine/Engine')}
  0x000001922ee9f4e4: 85c0 48ba | 903f aa4d | 9201 0000 | be20 1300 | 0075 05be | 3013 0000 | 488b 3c32 | 488d 7f01 
  0x000001922ee9f504: 4889 3c32 | 0f85 1500 

  0x000001922ee9f50c: ;   {metadata(method data for {method} {0x000001924d802c40} 'render' '()V' in 'com/szymc/voxel_engine/Engine')}
  0x000001922ee9f50c: 0000 48ba | 903f aa4d | 9201 0000 | ff82 4013 | 0000 e9c9 | 0400 00c5 | 7a10 8424 | dc02 0000 
  0x000001922ee9f52c: c5fa 10bc | 24d8 0200 | 00c5 fa10 | b424 d402 | 0000 488b | 9424 d800 | 0000 8b72 | 4c48 c1e6 
  0x000001922ee9f54c: 0348 3b06 

  0x000001922ee9f550: ;   {metadata(method data for {method} {0x000001924d802c40} 'render' '()V' in 'com/szymc/voxel_engine/Engine')}
  0x000001922ee9f550: 488b fe48 | b990 3faa | 4d92 0100 

  0x000001922ee9f55c: ;   {metadata('org/joml/Vector3f')}
  0x000001922ee9f55c: 0049 ba08 | 3204 2000 | 0000 004c | 8991 6013 | 0000 4883 | 8168 1300 

  0x000001922ee9f574: ;   {metadata(method data for {method} {0x000001924d41d3f8} 'set' '(FFF)Lorg/joml/Vector3f;' in 'org/joml/Vector3f')}
  0x000001922ee9f574: 0001 48bf | 582f a54d | 9201 0000 | 8b8f 9000 | 0000 83c1 | 0289 8f90 | 0000 0081 | e1fe ff1f 
  0x000001922ee9f594: 0085 c90f | 8446 4e00 | 00c5 fa11 | 760c c5fa | 117e 10c5 | 7a11 4614 | 8b7a 5048 | c1e7 0348 
  0x000001922ee9f5b4: 3b07 488b 

  0x000001922ee9f5b8: ;   {metadata(method data for {method} {0x000001924d802c40} 'render' '()V' in 'com/szymc/voxel_engine/Engine')}
  0x000001922ee9f5b8: cf49 b890 | 3faa 4d92 

  0x000001922ee9f5c0: ;   {metadata('org/joml/Matrix4f')}
  0x000001922ee9f5c0: 0100 0049 | ba00 4004 | 2000 0000 | 004d 8990 | 9013 0000 | 4983 8098 | 1300 0001 

  0x000001922ee9f5dc: ;   {metadata(method data for {method} {0x000001924d43c6c8} 'translation' '(Lorg/joml/Vector3fc;)Lorg/joml/Matrix4f;' in 'org/joml/Matrix4f')}
  0x000001922ee9f5dc: 48b9 18b2 | a54d 9201 | 0000 448b | 8190 0000 | 0041 83c0 | 0244 8981 | 9000 0000 | 4181 e0fe 
  0x000001922ee9f5fc: ff1f 0045 | 85c0 0f84 | 014e 0000 

  0x000001922ee9f608: ;   {metadata(method data for {method} {0x000001924d43c6c8} 'translation' '(Lorg/joml/Vector3fc;)Lorg/joml/Matrix4f;' in 'org/joml/Matrix4f')}
  0x000001922ee9f608: 488b ce49 | b818 b2a5 | 4d92 0100 

  0x000001922ee9f614: ;   {metadata('org/joml/Vector3f')}
  0x000001922ee9f614: 0049 ba08 | 3204 2000 | 0000 004d | 8990 e000 | 0000 4983 | 80e8 0000 | 0001 488b 

  0x000001922ee9f630: ;   {metadata(method data for {method} {0x000001924d43c6c8} 'translation' '(Lorg/joml/Vector3fc;)Lorg/joml/Matrix4f;' in 'org/joml/Matrix4f')}
  0x000001922ee9f630: ce49 b818 | b2a5 4d92 

  0x000001922ee9f638: ;   {metadata('org/joml/Vector3f')}
  0x000001922ee9f638: 0100 0049 | ba08 3204 | 2000 0000 | 004d 8990 | 1001 0000 | 4983 8018 | 0100 0001 

  0x000001922ee9f654: ;   {metadata(method data for {method} {0x000001924d43c6c8} 'translation' '(Lorg/joml/Vector3fc;)Lorg/joml/Matrix4f;' in 'org/joml/Matrix4f')}
  0x000001922ee9f654: 48b9 18b2 | a54d 9201 

  0x000001922ee9f65c: ;   {metadata('org/joml/Vector3f')}
  0x000001922ee9f65c: 0000 49ba | 0832 0420 | 0000 0000 | 4c89 9140 | 0100 0048 | 8381 4801 | 0000 0148 

  0x000001922ee9f678: ;   {metadata(method data for {method} {0x000001924d43c6c8} 'translation' '(Lorg/joml/Vector3fc;)Lorg/joml/Matrix4f;' in 'org/joml/Matrix4f')}
  0x000001922ee9f678: 8bf7 48b9 | 18b2 a54d | 9201 0000 

  0x000001922ee9f684: ;   {metadata('org/joml/Matrix4f')}
  0x000001922ee9f684: 49ba 0040 | 0420 0000 | 0000 4c89 | 9170 0100 | 0048 8381 | 7801 0000 | 01c5 f828 | c6c5 f828 
  0x000001922ee9f6a4: cfc4 c178 | 28d0 488b 

  0x000001922ee9f6ac: ;   {optimized virtual_call}
  0x000001922ee9f6ac: d766 90e8 

  0x000001922ee9f6b0: ; ImmutableOopMap {[216]=Oop [224]=Oop [248]=Oop [448]=Oop [456]=Oop [472]=Oop }
                      ;*invokevirtual translation {reexecute=0 rethrow=0 return_oop=0}
                      ; - org.joml.Matrix4f::translation@19 (line 3069)
                      ; - com.szymc.voxel_engine.Engine::render@1011 (line 331)
  0x000001922ee9f6b0: 2cfe 2407 

  0x000001922ee9f6b4: ;   {post_call_nop}
  0x000001922ee9f6b4: 0f1f 8400 | 2c4f 0044 | 488b 9424 | d800 0000 | 448b 4224 | 49c1 e003 | 448b 4a50 | 49c1 e103 
  0x000001922ee9f6d4: ; implicit exception: dispatches to 0x000001922eea442a
  0x000001922ee9f6d4: 493b 0049 

  0x000001922ee9f6d8: ;   {metadata(method data for {method} {0x000001924d802c40} 'render' '()V' in 'com/szymc/voxel_engine/Engine')}
  0x000001922ee9f6d8: 8bf8 48be | 903f aa4d | 9201 0000 

  0x000001922ee9f6e4: ;   {metadata('com/szymc/localShaders/WorldShader')}
  0x000001922ee9f6e4: 49ba 608a | 0720 0000 | 0000 4c89 | 96c0 1300 | 0048 8386 | c813 0000 

  0x000001922ee9f6fc: ;   {metadata(method data for {method} {0x000001924d871228} 'setModel' '(Lorg/joml/Matrix4f;Ljava/nio/FloatBuffer;)V' in 'com/szymc/localShaders/WorldShader')}
  0x000001922ee9f6fc: 0148 bfa8 | cd78 4d92 | 0100 008b | b790 0000 | 0083 c602 | 89b7 9000 | 0000 81e6 | feff 1f00 
  0x000001922ee9f71c: 85f6 0f84 | 0b4d 0000 | 418b 7018 

  0x000001922ee9f728: ;   {metadata(method data for {method} {0x000001924d871228} 'setModel' '(Lorg/joml/Matrix4f;Ljava/nio/FloatBuffer;)V' in 'com/szymc/localShaders/WorldShader')}
  0x000001922ee9f728: 48bf a8cd | 784d 9201 | 0000 458b | 4008 41ba | 0000 001f | 4d03 c24c | 3b87 e000 | 0000 750d 
  0x000001922ee9f748: 4883 87e8 | 0000 0001 | e960 0000 | 004c 3b87 | f000 0000 | 750d 4883 | 87f8 0000 | 0001 e94a 
  0x000001922ee9f768: 0000 0048 | 83bf e000 | 0000 0075 | 174c 8987 | e000 0000 | 48c7 87e8 | 0000 0001 | 0000 00e9 
  0x000001922ee9f788: 2900 0000 | 4883 bff0 | 0000 0000 | 7517 4c89 | 87f0 0000 | 0048 c787 | f800 0000 | 0100 0000 
  0x000001922ee9f7a8: e908 0000 | 0048 8387 | d800 0000 

  0x000001922ee9f7b4: ;   {metadata(method data for {method} {0x000001924d806220} 'setMatrix' '(ILorg/joml/Matrix4f;Ljava/nio/FloatBuffer;)V' in 'com/szymc/localShaders/Shader')}
  0x000001922ee9f7b4: 0149 b830 | 2fa9 4d92 | 0100 0041 | 8bb8 9000 | 0000 83c7 | 0241 89b8 | 9000 0000 | 81e7 feff 
  0x000001922ee9f7d4: 1f00 85ff | 0f84 724c | 0000 493b | 014d 8bc1 

  0x000001922ee9f7e4: ;   {metadata(method data for {method} {0x000001924d806220} 'setMatrix' '(ILorg/joml/Matrix4f;Ljava/nio/FloatBuffer;)V' in 'com/szymc/localShaders/Shader')}
  0x000001922ee9f7e4: 48bf 302f | a94d 9201 | 0000 4883 | 87e8 0000 

  0x000001922ee9f7f4: ;   {metadata(method data for {method} {0x000001924d43d660} 'get' '(Ljava/nio/FloatBuffer;)Ljava/nio/FloatBuffer;' in 'org/joml/Matrix4f')}
  0x000001922ee9f7f4: 0001 49b8 | c00c a94d | 9201 0000 | 418b b890 | 0000 0083 | c702 4189 | b890 0000 | 0081 e7fe 
  0x000001922ee9f814: ff1f 0085 | ff0f 8457 | 4c00 0048 | 8b84 24f8 

  0x000001922ee9f824: ;   {metadata(method data for {method} {0x000001924d43d660} 'get' '(Ljava/nio/FloatBuffer;)Ljava/nio/FloatBuffer;' in 'org/joml/Matrix4f')}
  0x000001922ee9f824: 0000 0049 | b8c0 0ca9 | 4d92 0100 | 008b 4008 | 41ba 0000 | 001f 4903 | c249 3b80 | e000 0000 
  0x000001922ee9f844: 750d 4983 | 80e8 0000 | 0001 e960 | 0000 0049 | 3b80 f000 | 0000 750d | 4983 80f8 | 0000 0001 
  0x000001922ee9f864: e94a 0000 | 0049 83b8 | e000 0000 | 0075 1749 | 8980 e000 | 0000 49c7 | 80e8 0000 | 0001 0000 
  0x000001922ee9f884: 00e9 2900 | 0000 4983 | b8f0 0000 | 0000 7517 | 4989 80f0 | 0000 0049 | c780 f800 | 0000 0100 
  0x000001922ee9f8a4: 0000 e908 | 0000 0049 | 8380 d800 | 0000 0148 | 8b84 24f8 | 0000 008b 

  0x000001922ee9f8bc: ;   {oop(a 'org/joml/MemUtil$MemUtilUnsafe'{0x000000060d6abd38})}
  0x000001922ee9f8bc: 7818 48bb | 38bd 6a0d | 0600 0000 

  0x000001922ee9f8c8: ;   {metadata(method data for {method} {0x000001924d43d660} 'get' '(Ljava/nio/FloatBuffer;)Ljava/nio/FloatBuffer;' in 'org/joml/Matrix4f')}
  0x000001922ee9f8c8: 4c8b c348 | b9c0 0ca9 | 4d92 0100 | 0048 8381 | 1801 0000 | 014d 8bc1 | 4c8b cf48 | 8bf8 488b 
  0x000001922ee9f8e8: d389 b424 | e801 0000 | 0f1f 8000 

  0x000001922ee9f8f4: ;   {optimized virtual_call}
  0x000001922ee9f8f4: 0000 00e8 

  0x000001922ee9f8f8: ; ImmutableOopMap {[216]=Oop [224]=Oop [248]=Oop [448]=Oop [456]=Oop [472]=Oop }
                      ;*invokevirtual put {reexecute=0 rethrow=0 return_oop=0}
                      ; - org.joml.Matrix4f::get@9 (line 3241)
                      ; - com.szymc.localShaders.Shader::setMatrix@4 (line 86)
                      ; - com.szymc.localShaders.WorldShader::setModel@7 (line 43)
                      ; - com.szymc.voxel_engine.Engine::render@1024 (line 332)
  0x000001922ee9f8f8: e4fb 2407 

  0x000001922ee9f8fc: ;   {post_call_nop}
  0x000001922ee9f8fc: 0f1f 8400 | 7451 0045 

  0x000001922ee9f904: ;   {metadata(method data for {method} {0x000001924d806220} 'setMatrix' '(ILorg/joml/Matrix4f;Ljava/nio/FloatBuffer;)V' in 'com/szymc/localShaders/Shader')}
  0x000001922ee9f904: 48ba 302f | a94d 9201 | 0000 4883 | 8208 0100 

  0x000001922ee9f914: ;   {metadata(method data for {method} {0x000001924d81c700} 'glUniformMatrix4fv' '(IZLjava/nio/FloatBuffer;)V' in 'org/lwjgl/opengl/GL20')}
  0x000001922ee9f914: 0001 48ba | 5810 a94d | 9201 0000 | 448b 8290 | 0000 0041 | 83c0 0244 | 8982 9000 | 0000 4181 
  0x000001922ee9f934: e0fe ff1f | 0045 85c0 | 0f84 554b 

  0x000001922ee9f940: ;   {metadata(method data for {method} {0x000001924d81c700} 'glUniformMatrix4fv' '(IZLjava/nio/FloatBuffer;)V' in 'org/lwjgl/opengl/GL20')}
  0x000001922ee9f940: 0000 48ba | 5810 a94d | 9201 0000 | 4883 82d8 | 0000 0001 | 8b94 24e8 | 0100 0041 | b800 0000 
  0x000001922ee9f960: 004c 8b8c | 24f8 0000 | 0066 0f1f 

  0x000001922ee9f96c: ;   {static_call}
  0x000001922ee9f96c: 4400 00e8 

  0x000001922ee9f970: ; ImmutableOopMap {[216]=Oop [224]=Oop [248]=Oop [448]=Oop [456]=Oop [472]=Oop }
                      ;*invokestatic glUniformMatrix4fv {reexecute=0 rethrow=0 return_oop=0}
                      ; - org.lwjgl.opengl.GL20::glUniformMatrix4fv@3 (line 791)
                      ; - com.szymc.localShaders.Shader::setMatrix@7 (line 86)
                      ; - com.szymc.localShaders.WorldShader::setModel@7 (line 43)
                      ; - com.szymc.voxel_engine.Engine::render@1024 (line 332)
  0x000001922ee9f970: 6c05 2507 

  0x000001922ee9f974: ;   {post_call_nop}
  0x000001922ee9f974: 0f1f 8400 | ec51 0046 | 488b 9c24 | d801 0000 

  0x000001922ee9f984: ;   {metadata(method data for {method} {0x000001924d802c40} 'render' '()V' in 'com/szymc/voxel_engine/Engine')}
  0x000001922ee9f984: 48ba 903f | aa4d 9201 

  0x000001922ee9f98c: ;   {metadata('com/szymc/voxel_engine/ChunkSection')}
  0x000001922ee9f98c: 0000 49ba | b878 0a20 | 0000 0000 | 4c89 92f0 | 1300 0048 | 8382 f813 | 0000 0148 | 8b9c 24d8 
  0x000001922ee9f9ac: 0100 008b | 5328 48c1 | e203 483b | 0248 8bf2 

  0x000001922ee9f9bc: ;   {metadata(method data for {method} {0x000001924d802c40} 'render' '()V' in 'com/szymc/voxel_engine/Engine')}
  0x000001922ee9f9bc: 48bf 903f | aa4d 9201 

  0x000001922ee9f9c4: ;   {metadata('com/szymc/voxel_engine/Mesh')}
  0x000001922ee9f9c4: 0000 49ba | 2064 0920 | 0000 0000 | 4c89 9720 | 1400 0048 | 8387 2814 

  0x000001922ee9f9dc: ;   {optimized virtual_call}
  0x000001922ee9f9dc: 0000 01e8 

  0x000001922ee9f9e0: ; ImmutableOopMap {[216]=Oop [224]=Oop [248]=Oop [448]=Oop [456]=Oop }
                      ;*invokevirtual render {reexecute=0 rethrow=0 return_oop=0}
                      ; - com.szymc.voxel_engine.Engine::render@1032 (line 334)
  0x000001922ee9f9e0: fcfa 2407 

  0x000001922ee9f9e4: ;   {post_call_nop}
  0x000001922ee9f9e4: 0f1f 8400 | 5c52 0047 | 8bb4 24d0 | 0100 00ff 

  0x000001922ee9f9f4: ;   {metadata(method data for {method} {0x000001924d802c40} 'render' '()V' in 'com/szymc/voxel_engine/Engine')}
  0x000001922ee9f9f4: c648 ba90 | 3faa 4d92 | 0100 008b | ba94 0000 | 0083 c702 | 89ba 9400 | 0000 81e7 | fe3f 0000 
  0x000001922ee9fa14: 85ff 0f84 | a14a 0000 

  0x000001922ee9fa1c: ; ImmutableOopMap {[216]=Oop [224]=Oop [248]=Oop [448]=Oop [456]=Oop }
                      ;*goto {reexecute=1 rethrow=0 return_oop=0}
                      ; - (reexecute) com.szymc.voxel_engine.Engine::render@1038 (line 313)
  0x000001922ee9fa1c: 4d8b 5730 

  0x000001922ee9fa20: ;   {poll}
  0x000001922ee9fa20: 4185 0248 | ba90 3faa | 4d92 0100 | 00ff 8248 | 1400 00e9 | 50f7 ffff 

  0x000001922ee9fa38: ;   {metadata(method data for {method} {0x000001924d802c40} 'render' '()V' in 'com/szymc/voxel_engine/Engine')}
  0x000001922ee9fa38: 48ba 903f | aa4d 9201 | 0000 8bb2 | 9400 0000 | 83c6 0289 | b294 0000 | 0081 e6fe | 3f00 0085 
  0x000001922ee9fa58: f60f 847f | 4a00 004d 

  0x000001922ee9fa60: ; ImmutableOopMap {[216]=Oop [224]=Oop [248]=Oop [448]=Oop }
                      ;*goto {reexecute=1 rethrow=0 return_oop=0}
                      ; - (reexecute) com.szymc.voxel_engine.Engine::render@1041 (line 336)
                      ;   {poll}
  0x000001922ee9fa60: 8b57 3041 

  0x000001922ee9fa64: ;   {metadata(method data for {method} {0x000001924d802c40} 'render' '()V' in 'com/szymc/voxel_engine/Engine')}
  0x000001922ee9fa64: 8502 48ba | 903f aa4d | 9201 0000 | ff82 6014 | 0000 488b | 8424 c001 | 0000 e92d 

  0x000001922ee9fa80: ;   {metadata(method data for {method} {0x000001924d802c40} 'render' '()V' in 'com/szymc/voxel_engine/Engine')}
  0x000001922ee9fa80: f3ff ff48 | ba90 3faa | 4d92 0100 | 008b b294 | 0000 0083 | c602 89b2 | 9400 0000 | 81e6 fe3f 
  0x000001922ee9faa0: 0000 85f6 | 0f84 554a | 0000 4d8b 

  0x000001922ee9faac: ; ImmutableOopMap {[216]=Oop [224]=Oop [248]=Oop [448]=Oop }
                      ;*goto {reexecute=1 rethrow=0 return_oop=0}
                      ; - (reexecute) com.szymc.voxel_engine.Engine::render@860 (line 310)
                      ;   {poll}
  0x000001922ee9faac: 5730 4185 

  0x000001922ee9fab0: ;   {metadata(method data for {method} {0x000001924d802c40} 'render' '()V' in 'com/szymc/voxel_engine/Engine')}
  0x000001922ee9fab0: 0248 ba90 | 3faa 4d92 | 0100 00ff | 82c8 1000 | 0048 8b84 | 24c0 0100 | 00e9 e2f2 

  0x000001922ee9facc: ;   {metadata(method data for {method} {0x000001924d802c40} 'render' '()V' in 'com/szymc/voxel_engine/Engine')}
  0x000001922ee9facc: ffff 48ba | 903f aa4d | 9201 0000 | 8bb2 9400 | 0000 83c6 | 0289 b294 | 0000 0081 | e6fe 3f00 
  0x000001922ee9faec: 0085 f60f | 842b 4a00 | 004d 8b57 

  0x000001922ee9faf8: ; ImmutableOopMap {[216]=Oop [224]=Oop [248]=Oop [448]=Oop }
                      ;*goto {reexecute=1 rethrow=0 return_oop=0}
                      ; - (reexecute) com.szymc.voxel_engine.Engine::render@798 (line 307)
                      ;   {poll}
  0x000001922ee9faf8: 3041 8502 

  0x000001922ee9fafc: ;   {metadata(method data for {method} {0x000001924d802c40} 'render' '()V' in 'com/szymc/voxel_engine/Engine')}
  0x000001922ee9fafc: 48ba 903f | aa4d 9201 | 0000 ff82 | a00f 0000 | 488b 8424 | c001 0000 | e997 f2ff | ff48 8b94 
  0x000001922ee9fb1c: 24d8 0000 | 008b 7238 | 48c1 e603 

  0x000001922ee9fb28: ;   {metadata(method data for {method} {0x000001924d802c40} 'render' '()V' in 'com/szymc/voxel_engine/Engine')}
  0x000001922ee9fb28: 4885 f648 | be90 3faa | 4d92 0100 | 00bf 7814 | 0000 7405 | bf88 1400 | 0048 8b1c | 3e48 8d5b 
  0x000001922ee9fb48: 0148 891c | 3e0f 8421 | 1900 008b | 7234 48c1 | e603 483b | 0648 8bfe 

  0x000001922ee9fb60: ;   {metadata(method data for {method} {0x000001924d802c40} 'render' '()V' in 'com/szymc/voxel_engine/Engine')}
  0x000001922ee9fb60: 48bb 903f | aa4d 9201 | 0000 8b7f | 0841 ba00 | 0000 1f49 | 03fa 483b | bba0 1400 | 0075 0d48 
  0x000001922ee9fb80: 8383 a814 | 0000 01e9 | 6000 0000 | 483b bbb0 | 1400 0075 | 0d48 8383 | b814 0000 | 01e9 4a00 
  0x000001922ee9fba0: 0000 4883 | bba0 1400 | 0000 7517 | 4889 bba0 | 1400 0048 | c783 a814 | 0000 0100 | 0000 e929 
  0x000001922ee9fbc0: 0000 0048 | 83bb b014 | 0000 0075 | 1748 89bb | b014 0000 | 48c7 83b8 | 1400 0001 | 0000 00e9 
  0x000001922ee9fbe0: 0800 0000 | 4883 8398 | 1400 0001 

  0x000001922ee9fbec: ;   {metadata(method data for {method} {0x000001924d8060a0} 'start' '()V' in 'com/szymc/localShaders/Shader')}
  0x000001922ee9fbec: 48bf 8078 | 634d 9201 | 0000 8b9f | 9000 0000 | 83c3 0289 | 9f90 0000 | 0081 e3fe | ff1f 0085 
  0x000001922ee9fc0c: db0f 8433 | 4900 008b 

  0x000001922ee9fc14: ;   {metadata(method data for {method} {0x000001924d8060a0} 'start' '()V' in 'com/szymc/localShaders/Shader')}
  0x000001922ee9fc14: 760c 48bf | 8078 634d | 9201 0000 | 4883 87d8 | 0000 0001 

  0x000001922ee9fc28: ;   {metadata(method data for {method} {0x000001924d81ab68} 'glUseProgram' '(I)V' in 'org/lwjgl/opengl/GL20')}
  0x000001922ee9fc28: 48bf 30fa | a84d 9201 | 0000 8b9f | 9000 0000 | 83c3 0289 | 9f90 0000 | 0081 e3fe | ff1f 0085 
  0x000001922ee9fc48: db0f 8418 

  0x000001922ee9fc4c: ;   {metadata(method data for {method} {0x000001924d81ab68} 'glUseProgram' '(I)V' in 'org/lwjgl/opengl/GL20')}
  0x000001922ee9fc4c: 4900 0048 | bf30 faa8 | 4d92 0100 | 0048 8387 | d800 0000 | 0148 8bd6 

  0x000001922ee9fc64: ;   {static_call}
  0x000001922ee9fc64: 6666 90e8 

  0x000001922ee9fc68: ; ImmutableOopMap {[216]=Oop [224]=Oop [248]=Oop }
                      ;*invokestatic glUseProgram {reexecute=0 rethrow=0 return_oop=0}
                      ; - org.lwjgl.opengl.GL20::glUseProgram@1 (line 398)
                      ; - com.szymc.localShaders.Shader::start@4 (line 78)
                      ; - com.szymc.voxel_engine.Engine::render@1055 (line 339)
  0x000001922ee9fc68: 7402 2507 

  0x000001922ee9fc6c: ;   {post_call_nop}
  0x000001922ee9fc6c: 0f1f 8400 | e454 004c | 488b 9424 | d800 0000 | 8b72 3448 | c1e6 0348 | 89b4 24f0 | 0100 008b 
  0x000001922ee9fc8c: 7a1c 48c1 | e703 483b | 0748 8bdf 

  0x000001922ee9fc98: ;   {metadata(method data for {method} {0x000001924d802c40} 'render' '()V' in 'com/szymc/voxel_engine/Engine')}
  0x000001922ee9fc98: 48b8 903f | aa4d 9201 

  0x000001922ee9fca0: ;   {metadata('com/szymc/voxel_engine/Camera')}
  0x000001922ee9fca0: 0000 49ba | 182c 0420 | 0000 0000 | 4c89 90d0 | 1400 0048 | 8380 d814 | 0000 018b | 5f24 48c1 
  0x000001922ee9fcc0: e303 488b 

  0x000001922ee9fcc4: ;   {metadata(method data for {method} {0x000001924d802c40} 'render' '()V' in 'com/szymc/voxel_engine/Engine')}
  0x000001922ee9fcc4: c748 b990 | 3faa 4d92 

  0x000001922ee9fccc: ;   {metadata('com/szymc/voxel_engine/Camera')}
  0x000001922ee9fccc: 0100 0049 | ba18 2c04 | 2000 0000 | 004c 8991 | 0015 0000 | 4883 8108 | 1500 0001 | 488b d748 
  0x000001922ee9fcec: 899c 24f8 | 0100 000f 

  0x000001922ee9fcf4: ;   {optimized virtual_call}
  0x000001922ee9fcf4: 1f40 00e8 

  0x000001922ee9fcf8: ; ImmutableOopMap {[216]=Oop [224]=Oop [248]=Oop [496]=Oop [504]=Oop }
                      ;*invokevirtual getViewMatrix {reexecute=0 rethrow=0 return_oop=0}
                      ; - com.szymc.voxel_engine.Engine::render@1073 (line 340)
  0x000001922ee9fcf8: e4f7 2407 

  0x000001922ee9fcfc: ;   {post_call_nop}
  0x000001922ee9fcfc: 0f1f 8400 | 7455 004d | 488b b424 | f001 0000 

  0x000001922ee9fd0c: ; implicit exception: dispatches to 0x000001922eea458d
  0x000001922ee9fd0c: 483b 064c 

  0x000001922ee9fd10: ;   {metadata(method data for {method} {0x000001924d802c40} 'render' '()V' in 'com/szymc/voxel_engine/Engine')}
  0x000001922ee9fd10: 8bc6 49b9 | 903f aa4d | 9201 0000 

  0x000001922ee9fd1c: ;   {metadata('com/szymc/localShaders/OutlineShader')}
  0x000001922ee9fd1c: 49ba 3056 | 0920 0000 | 0000 4d89 | 9130 1500 | 0049 8381 | 3815 0000 

  0x000001922ee9fd34: ;   {metadata(method data for {method} {0x000001924d9ef2a0} 'setCamera' '(Lorg/joml/Matrix4f;Lorg/joml/Matrix4f;Ljava/nio/FloatBuffer;)V' in 'com/szymc/localShaders/OutlineShader')}
  0x000001922ee9fd34: 0149 b8d8 | e27b 4d92 | 0100 0045 | 8b88 9000 | 0000 4183 | c102 4589 | 8890 0000 | 0041 81e1 
  0x000001922ee9fd54: feff 1f00 | 4585 c90f | 8431 4800 | 008b 5e10 

  0x000001922ee9fd64: ;   {metadata(method data for {method} {0x000001924d9ef2a0} 'setCamera' '(Lorg/joml/Matrix4f;Lorg/joml/Matrix4f;Ljava/nio/FloatBuffer;)V' in 'com/szymc/localShaders/OutlineShader')}
  0x000001922ee9fd64: 4c8b c649 | b9d8 e27b | 4d92 0100 | 0045 8b40 | 0841 ba00 | 0000 1f4d | 03c2 4d3b | 81e0 0000 
  0x000001922ee9fd84: 0075 0d49 | 8381 e800 | 0000 01e9 | 6000 0000 | 4d3b 81f0 | 0000 0075 | 0d49 8381 | f800 0000 
  0x000001922ee9fda4: 01e9 4a00 | 0000 4983 | b9e0 0000 | 0000 7517 | 4d89 81e0 | 0000 0049 | c781 e800 | 0000 0100 
  0x000001922ee9fdc4: 0000 e929 | 0000 0049 | 83b9 f000 | 0000 0075 | 174d 8981 | f000 0000 | 49c7 81f8 | 0000 0001 
  0x000001922ee9fde4: 0000 00e9 | 0800 0000 | 4983 81d8 | 0000 0001 

  0x000001922ee9fdf4: ;   {metadata(method data for {method} {0x000001924d806220} 'setMatrix' '(ILorg/joml/Matrix4f;Ljava/nio/FloatBuffer;)V' in 'com/szymc/localShaders/Shader')}
  0x000001922ee9fdf4: 49b8 302f | a94d 9201 | 0000 458b | 8890 0000 | 0041 83c1 | 0245 8988 | 9000 0000 | 4181 e1fe 
  0x000001922ee9fe14: ff1f 0045 | 85c9 0f84 | 9347 0000 | 4c8b 8424 | f801 0000 

  0x000001922ee9fe28: ; implicit exception: dispatches to 0x000001922eea45d4
  0x000001922ee9fe28: 493b 004d 

  0x000001922ee9fe2c: ;   {metadata(method data for {method} {0x000001924d806220} 'setMatrix' '(ILorg/joml/Matrix4f;Ljava/nio/FloatBuffer;)V' in 'com/szymc/localShaders/Shader')}
  0x000001922ee9fe2c: 8bc8 48bf | 302f a94d | 9201 0000 | 4883 87e8 | 0000 0001 

  0x000001922ee9fe40: ;   {metadata(method data for {method} {0x000001924d43d660} 'get' '(Ljava/nio/FloatBuffer;)Ljava/nio/FloatBuffer;' in 'org/joml/Matrix4f')}
  0x000001922ee9fe40: 49b9 c00c | a94d 9201 | 0000 418b | b990 0000 | 0083 c702 | 4189 b990 | 0000 0081 | e7fe ff1f 
  0x000001922ee9fe60: 0085 ff0f | 8470 4700 | 004c 8b8c | 24f8 0000 

  0x000001922ee9fe70: ;   {metadata(method data for {method} {0x000001924d43d660} 'get' '(Ljava/nio/FloatBuffer;)Ljava/nio/FloatBuffer;' in 'org/joml/Matrix4f')}
  0x000001922ee9fe70: 0048 bfc0 | 0ca9 4d92 | 0100 0045 | 8b49 0841 | ba00 0000 | 1f4d 03ca | 4c3b 8fe0 | 0000 0075 
  0x000001922ee9fe90: 0d48 8387 | e800 0000 | 01e9 6000 | 0000 4c3b | 8ff0 0000 | 0075 0d48 | 8387 f800 | 0000 01e9 
  0x000001922ee9feb0: 4a00 0000 | 4883 bfe0 | 0000 0000 | 7517 4c89 | 8fe0 0000 | 0048 c787 | e800 0000 | 0100 0000 
  0x000001922ee9fed0: e929 0000 | 0048 83bf | f000 0000 | 0075 174c | 898f f000 | 0000 48c7 | 87f8 0000 | 0001 0000 
  0x000001922ee9fef0: 00e9 0800 | 0000 4883 | 87d8 0000 | 0001 488b | 8c24 f800 | 0000 448b 

  0x000001922ee9ff08: ;   {oop(a 'org/joml/MemUtil$MemUtilUnsafe'{0x000000060d6abd38})}
  0x000001922ee9ff08: 4918 49bb | 38bd 6a0d | 0600 0000 

  0x000001922ee9ff14: ;   {metadata(method data for {method} {0x000001924d43d660} 'get' '(Ljava/nio/FloatBuffer;)Ljava/nio/FloatBuffer;' in 'org/joml/Matrix4f')}
  0x000001922ee9ff14: 498b fb48 | bac0 0ca9 | 4d92 0100 | 0048 8382 | 1801 0000 | 0148 8bf9 | 498b d34c | 899c 2408 
  0x000001922ee9ff34: 0200 0048 | 8984 2400 | 0200 0089 | 9c24 ec01 

  0x000001922ee9ff44: ;   {optimized virtual_call}
  0x000001922ee9ff44: 0000 90e8 

  0x000001922ee9ff48: ; ImmutableOopMap {[216]=Oop [224]=Oop [248]=Oop [496]=Oop [512]=Oop [520]=Oop }
                      ;*invokevirtual put {reexecute=0 rethrow=0 return_oop=0}
                      ; - org.joml.Matrix4f::get@9 (line 3241)
                      ; - com.szymc.localShaders.Shader::setMatrix@4 (line 86)
                      ; - com.szymc.localShaders.OutlineShader::setCamera@7 (line 32)
                      ; - com.szymc.voxel_engine.Engine::render@1077 (line 340)
  0x000001922ee9ff48: 94f5 2407 

  0x000001922ee9ff4c: ;   {post_call_nop}
  0x000001922ee9ff4c: 0f1f 8400 | c457 004e 

  0x000001922ee9ff54: ;   {metadata(method data for {method} {0x000001924d806220} 'setMatrix' '(ILorg/joml/Matrix4f;Ljava/nio/FloatBuffer;)V' in 'com/szymc/localShaders/Shader')}
  0x000001922ee9ff54: 48ba 302f | a94d 9201 | 0000 4883 | 8208 0100 

  0x000001922ee9ff64: ;   {metadata(method data for {method} {0x000001924d81c700} 'glUniformMatrix4fv' '(IZLjava/nio/FloatBuffer;)V' in 'org/lwjgl/opengl/GL20')}
  0x000001922ee9ff64: 0001 48ba | 5810 a94d | 9201 0000 | 448b 8290 | 0000 0041 | 83c0 0244 | 8982 9000 | 0000 4181 
  0x000001922ee9ff84: e0fe ff1f | 0045 85c0 | 0f84 6846 

  0x000001922ee9ff90: ;   {metadata(method data for {method} {0x000001924d81c700} 'glUniformMatrix4fv' '(IZLjava/nio/FloatBuffer;)V' in 'org/lwjgl/opengl/GL20')}
  0x000001922ee9ff90: 0000 48ba | 5810 a94d | 9201 0000 | 4883 82d8 | 0000 0001 | 8b94 24ec | 0100 0041 | b800 0000 
  0x000001922ee9ffb0: 004c 8b8c | 24f8 0000 | 0066 0f1f 

  0x000001922ee9ffbc: ;   {static_call}
  0x000001922ee9ffbc: 4400 00e8 

  0x000001922ee9ffc0: ; ImmutableOopMap {[216]=Oop [224]=Oop [248]=Oop [496]=Oop [512]=Oop [520]=Oop }
                      ;*invokestatic glUniformMatrix4fv {reexecute=0 rethrow=0 return_oop=0}
                      ; - org.lwjgl.opengl.GL20::glUniformMatrix4fv@3 (line 791)
                      ; - com.szymc.localShaders.Shader::setMatrix@7 (line 86)
                      ; - com.szymc.localShaders.OutlineShader::setCamera@7 (line 32)
                      ; - com.szymc.voxel_engine.Engine::render@1077 (line 340)
  0x000001922ee9ffc0: 1cff 2407 

  0x000001922ee9ffc4: ;   {post_call_nop}
  0x000001922ee9ffc4: 0f1f 8400 | 3c58 004f | 488b b424 | f001 0000 

  0x000001922ee9ffd4: ;   {metadata(method data for {method} {0x000001924d9ef2a0} 'setCamera' '(Lorg/joml/Matrix4f;Lorg/joml/Matrix4f;Ljava/nio/FloatBuffer;)V' in 'com/szymc/localShaders/OutlineShader')}
  0x000001922ee9ffd4: 8b5e 1449 | b8d8 e27b | 4d92 0100 | 008b 7608 | 41ba 0000 | 001f 4903 | f249 3bb0 | 1001 0000 
  0x000001922ee9fff4: 750d 4983 | 8018 0100 | 0001 e960 | 0000 0049 | 3bb0 2001 | 0000 750d | 4983 8028 | 0100 0001 
  0x000001922eea0014: e94a 0000 | 0049 83b8 | 1001 0000 | 0075 1749 | 89b0 1001 | 0000 49c7 | 8018 0100 | 0001 0000 
  0x000001922eea0034: 00e9 2900 | 0000 4983 | b820 0100 | 0000 7517 | 4989 b020 | 0100 0049 | c780 2801 | 0000 0100 
  0x000001922eea0054: 0000 e908 | 0000 0049 | 8380 0801 

  0x000001922eea0060: ;   {metadata(method data for {method} {0x000001924d806220} 'setMatrix' '(ILorg/joml/Matrix4f;Ljava/nio/FloatBuffer;)V' in 'com/szymc/localShaders/Shader')}
  0x000001922eea0060: 0000 0149 | b830 2fa9 | 4d92 0100 | 0045 8b88 | 9000 0000 | 4183 c102 | 4589 8890 | 0000 0041 
  0x000001922eea0080: 81e1 feff | 1f00 4585 | c90f 848c | 4500 0048 | 8b84 2400 | 0200 0048 | 3b00 4c8b 

  0x000001922eea009c: ;   {metadata(method data for {method} {0x000001924d806220} 'setMatrix' '(ILorg/joml/Matrix4f;Ljava/nio/FloatBuffer;)V' in 'com/szymc/localShaders/Shader')}
  0x000001922eea009c: c049 b930 | 2fa9 4d92 | 0100 0049 | 8381 e800 

  0x000001922eea00ac: ;   {metadata(method data for {method} {0x000001924d43d660} 'get' '(Ljava/nio/FloatBuffer;)Ljava/nio/FloatBuffer;' in 'org/joml/Matrix4f')}
  0x000001922eea00ac: 0000 0149 | b8c0 0ca9 | 4d92 0100 | 0045 8b88 | 9000 0000 | 4183 c102 | 4589 8890 | 0000 0041 
  0x000001922eea00cc: 81e1 feff | 1f00 4585 | c90f 8466 | 4500 004c | 8b84 24f8 

  0x000001922eea00e0: ;   {metadata(method data for {method} {0x000001924d43d660} 'get' '(Ljava/nio/FloatBuffer;)Ljava/nio/FloatBuffer;' in 'org/joml/Matrix4f')}
  0x000001922eea00e0: 0000 0049 | b9c0 0ca9 | 4d92 0100 | 0045 8b40 | 0841 ba00 | 0000 1f4d | 03c2 4d3b | 81e0 0000 
  0x000001922eea0100: 0075 0d49 | 8381 e800 | 0000 01e9 | 6000 0000 | 4d3b 81f0 | 0000 0075 | 0d49 8381 | f800 0000 
  0x000001922eea0120: 01e9 4a00 | 0000 4983 | b9e0 0000 | 0000 7517 | 4d89 81e0 | 0000 0049 | c781 e800 | 0000 0100 
  0x000001922eea0140: 0000 e929 | 0000 0049 | 83b9 f000 | 0000 0075 | 174d 8981 | f000 0000 | 49c7 81f8 | 0000 0001 
  0x000001922eea0160: 0000 00e9 | 0800 0000 | 4983 81d8 | 0000 0001 | 488b b424 | f800 0000 | 448b 4e18 | 4c8b 9c24 
  0x000001922eea0180: 0802 0000 

  0x000001922eea0184: ;   {metadata(method data for {method} {0x000001924d43d660} 'get' '(Ljava/nio/FloatBuffer;)Ljava/nio/FloatBuffer;' in 'org/joml/Matrix4f')}
  0x000001922eea0184: 49b8 c00c | a94d 9201 | 0000 4983 | 8018 0100 | 0001 4c8b | c048 8bfe | 488b 9424 | 0802 0000 
  0x000001922eea01a4: 899c 2410 | 0200 000f 

  0x000001922eea01ac: ;   {optimized virtual_call}
  0x000001922eea01ac: 1f40 00e8 

  0x000001922eea01b0: ; ImmutableOopMap {[216]=Oop [224]=Oop [248]=Oop [520]=Oop }
                      ;*invokevirtual put {reexecute=0 rethrow=0 return_oop=0}
                      ; - org.joml.Matrix4f::get@9 (line 3241)
                      ; - com.szymc.localShaders.Shader::setMatrix@4 (line 86)
                      ; - com.szymc.localShaders.OutlineShader::setCamera@17 (line 33)
                      ; - com.szymc.voxel_engine.Engine::render@1077 (line 340)
  0x000001922eea01b0: 2cf3 2407 

  0x000001922eea01b4: ;   {post_call_nop}
  0x000001922eea01b4: 0f1f 8400 | 2c5a 0050 

  0x000001922eea01bc: ;   {metadata(method data for {method} {0x000001924d806220} 'setMatrix' '(ILorg/joml/Matrix4f;Ljava/nio/FloatBuffer;)V' in 'com/szymc/localShaders/Shader')}
  0x000001922eea01bc: 48ba 302f | a94d 9201 | 0000 4883 | 8208 0100 

  0x000001922eea01cc: ;   {metadata(method data for {method} {0x000001924d81c700} 'glUniformMatrix4fv' '(IZLjava/nio/FloatBuffer;)V' in 'org/lwjgl/opengl/GL20')}
  0x000001922eea01cc: 0001 48ba | 5810 a94d | 9201 0000 | 448b 8290 | 0000 0041 | 83c0 0244 | 8982 9000 | 0000 4181 
  0x000001922eea01ec: e0fe ff1f | 0045 85c0 | 0f84 6844 

  0x000001922eea01f8: ;   {metadata(method data for {method} {0x000001924d81c700} 'glUniformMatrix4fv' '(IZLjava/nio/FloatBuffer;)V' in 'org/lwjgl/opengl/GL20')}
  0x000001922eea01f8: 0000 48ba | 5810 a94d | 9201 0000 | 4883 82d8 | 0000 0001 | 8b94 2410 | 0200 0041 | b800 0000 
  0x000001922eea0218: 004c 8b8c | 24f8 0000 | 0066 0f1f 

  0x000001922eea0224: ;   {static_call}
  0x000001922eea0224: 4400 00e8 

  0x000001922eea0228: ; ImmutableOopMap {[216]=Oop [224]=Oop [248]=Oop [520]=Oop }
                      ;*invokestatic glUniformMatrix4fv {reexecute=0 rethrow=0 return_oop=0}
                      ; - org.lwjgl.opengl.GL20::glUniformMatrix4fv@3 (line 791)
                      ; - com.szymc.localShaders.Shader::setMatrix@7 (line 86)
                      ; - com.szymc.localShaders.OutlineShader::setCamera@17 (line 33)
                      ; - com.szymc.voxel_engine.Engine::render@1077 (line 340)
  0x000001922eea0228: b4fc 2407 

  0x000001922eea022c: ;   {post_call_nop}
  0x000001922eea022c: 0f1f 8400 | a45a 0051 | 488b 9424 | d800 0000 | 448b 4234 | 49c1 e003 | 448b 4a38 | 49c1 e103 
  0x000001922eea024c: ; implicit exception: dispatches to 0x000001922eea4683
  0x000001922eea024c: 493b 0049 

  0x000001922eea0250: ;   {metadata(method data for {method} {0x000001924d802c40} 'render' '()V' in 'com/szymc/voxel_engine/Engine')}
  0x000001922eea0250: 8bf8 48be | 903f aa4d | 9201 0000 

  0x000001922eea025c: ;   {metadata('com/szymc/localShaders/OutlineShader')}
  0x000001922eea025c: 49ba 3056 | 0920 0000 | 0000 4c89 | 9660 1500 | 0048 8386 | 6815 0000 

  0x000001922eea0274: ;   {metadata(method data for {method} {0x000001924d9ef368} 'setModel' '(Lorg/joml/Matrix4f;Ljava/nio/FloatBuffer;)V' in 'com/szymc/localShaders/OutlineShader')}
  0x000001922eea0274: 0148 bf68 | e47b 4d92 | 0100 008b | b790 0000 | 0083 c602 | 89b7 9000 | 0000 81e6 | feff 1f00 
  0x000001922eea0294: 85f6 0f84 | ec43 0000 | 418b 7018 

  0x000001922eea02a0: ;   {metadata(method data for {method} {0x000001924d9ef368} 'setModel' '(Lorg/joml/Matrix4f;Ljava/nio/FloatBuffer;)V' in 'com/szymc/localShaders/OutlineShader')}
  0x000001922eea02a0: 48bf 68e4 | 7b4d 9201 | 0000 458b | 4008 41ba | 0000 001f | 4d03 c24c | 3b87 e000 | 0000 750d 
  0x000001922eea02c0: 4883 87e8 | 0000 0001 | e960 0000 | 004c 3b87 | f000 0000 | 750d 4883 | 87f8 0000 | 0001 e94a 
  0x000001922eea02e0: 0000 0048 | 83bf e000 | 0000 0075 | 174c 8987 | e000 0000 | 48c7 87e8 | 0000 0001 | 0000 00e9 
  0x000001922eea0300: 2900 0000 | 4883 bff0 | 0000 0000 | 7517 4c89 | 87f0 0000 | 0048 c787 | f800 0000 | 0100 0000 
  0x000001922eea0320: e908 0000 | 0048 8387 | d800 0000 

  0x000001922eea032c: ;   {metadata(method data for {method} {0x000001924d806220} 'setMatrix' '(ILorg/joml/Matrix4f;Ljava/nio/FloatBuffer;)V' in 'com/szymc/localShaders/Shader')}
  0x000001922eea032c: 0149 b830 | 2fa9 4d92 | 0100 0041 | 8bb8 9000 | 0000 83c7 | 0241 89b8 | 9000 0000 | 81e7 feff 
  0x000001922eea034c: 1f00 85ff | 0f84 5343 | 0000 493b | 014d 8bc1 

  0x000001922eea035c: ;   {metadata(method data for {method} {0x000001924d806220} 'setMatrix' '(ILorg/joml/Matrix4f;Ljava/nio/FloatBuffer;)V' in 'com/szymc/localShaders/Shader')}
  0x000001922eea035c: 48bf 302f | a94d 9201 | 0000 4883 | 87e8 0000 

  0x000001922eea036c: ;   {metadata(method data for {method} {0x000001924d43d660} 'get' '(Ljava/nio/FloatBuffer;)Ljava/nio/FloatBuffer;' in 'org/joml/Matrix4f')}
  0x000001922eea036c: 0001 49b8 | c00c a94d | 9201 0000 | 418b b890 | 0000 0083 | c702 4189 | b890 0000 | 0081 e7fe 
  0x000001922eea038c: ff1f 0085 | ff0f 8438 | 4300 0048 | 8b84 24f8 

  0x000001922eea039c: ;   {metadata(method data for {method} {0x000001924d43d660} 'get' '(Ljava/nio/FloatBuffer;)Ljava/nio/FloatBuffer;' in 'org/joml/Matrix4f')}
  0x000001922eea039c: 0000 0049 | b8c0 0ca9 | 4d92 0100 | 008b 4008 | 41ba 0000 | 001f 4903 | c249 3b80 | e000 0000 
  0x000001922eea03bc: 750d 4983 | 80e8 0000 | 0001 e960 | 0000 0049 | 3b80 f000 | 0000 750d | 4983 80f8 | 0000 0001 
  0x000001922eea03dc: e94a 0000 | 0049 83b8 | e000 0000 | 0075 1749 | 8980 e000 | 0000 49c7 | 80e8 0000 | 0001 0000 
  0x000001922eea03fc: 00e9 2900 | 0000 4983 | b8f0 0000 | 0000 7517 | 4989 80f0 | 0000 0049 | c780 f800 | 0000 0100 
  0x000001922eea041c: 0000 e908 | 0000 0049 | 8380 d800 | 0000 0148 | 8b84 24f8 | 0000 008b | 7818 4c8b | 9c24 0802 
  0x000001922eea043c: ;   {metadata(method data for {method} {0x000001924d43d660} 'get' '(Ljava/nio/FloatBuffer;)Ljava/nio/FloatBuffer;' in 'org/joml/Matrix4f')}
  0x000001922eea043c: 0000 49b8 | c00c a94d | 9201 0000 | 4983 8018 | 0100 0001 | 4d8b c14c | 8bcf 488b | f848 8b94 
  0x000001922eea045c: 2408 0200 | 0089 b424 | 1402 0000 | 0f1f 8000 

  0x000001922eea046c: ;   {optimized virtual_call}
  0x000001922eea046c: 0000 00e8 

  0x000001922eea0470: ; ImmutableOopMap {[216]=Oop [224]=Oop [248]=Oop }
                      ;*invokevirtual put {reexecute=0 rethrow=0 return_oop=0}
                      ; - org.joml.Matrix4f::get@9 (line 3241)
                      ; - com.szymc.localShaders.Shader::setMatrix@4 (line 86)
                      ; - com.szymc.localShaders.OutlineShader::setModel@7 (line 37)
                      ; - com.szymc.voxel_engine.Engine::render@1089 (line 341)
  0x000001922eea0470: 6cf0 2407 

  0x000001922eea0474: ;   {post_call_nop}
  0x000001922eea0474: 0f1f 8400 | ec5c 0052 

  0x000001922eea047c: ;   {metadata(method data for {method} {0x000001924d806220} 'setMatrix' '(ILorg/joml/Matrix4f;Ljava/nio/FloatBuffer;)V' in 'com/szymc/localShaders/Shader')}
  0x000001922eea047c: 48ba 302f | a94d 9201 | 0000 4883 | 8208 0100 

  0x000001922eea048c: ;   {metadata(method data for {method} {0x000001924d81c700} 'glUniformMatrix4fv' '(IZLjava/nio/FloatBuffer;)V' in 'org/lwjgl/opengl/GL20')}
  0x000001922eea048c: 0001 48ba | 5810 a94d | 9201 0000 | 448b 8290 | 0000 0041 | 83c0 0244 | 8982 9000 | 0000 4181 
  0x000001922eea04ac: e0fe ff1f | 0045 85c0 | 0f84 3642 

  0x000001922eea04b8: ;   {metadata(method data for {method} {0x000001924d81c700} 'glUniformMatrix4fv' '(IZLjava/nio/FloatBuffer;)V' in 'org/lwjgl/opengl/GL20')}
  0x000001922eea04b8: 0000 48ba | 5810 a94d | 9201 0000 | 4883 82d8 | 0000 0001 | 8b94 2414 | 0200 0041 | b800 0000 
  0x000001922eea04d8: 004c 8b8c | 24f8 0000 | 0066 0f1f 

  0x000001922eea04e4: ;   {static_call}
  0x000001922eea04e4: 4400 00e8 

  0x000001922eea04e8: ; ImmutableOopMap {[216]=Oop [224]=Oop [248]=Oop }
                      ;*invokestatic glUniformMatrix4fv {reexecute=0 rethrow=0 return_oop=0}
                      ; - org.lwjgl.opengl.GL20::glUniformMatrix4fv@3 (line 791)
                      ; - com.szymc.localShaders.Shader::setMatrix@7 (line 86)
                      ; - com.szymc.localShaders.OutlineShader::setModel@7 (line 37)
                      ; - com.szymc.voxel_engine.Engine::render@1089 (line 341)
  0x000001922eea04e8: f4f9 2407 

  0x000001922eea04ec: ;   {post_call_nop}
  0x000001922eea04ec: 0f1f 8400 | 645d 0053 | 488b 9424 | d800 0000 | 8b72 3c48 | c1e6 0348 | 3b06 488b 

  0x000001922eea0508: ;   {metadata(method data for {method} {0x000001924d802c40} 'render' '()V' in 'com/szymc/voxel_engine/Engine')}
  0x000001922eea0508: fe48 bb90 | 3faa 4d92 

  0x000001922eea0510: ;   {metadata('com/szymc/voxel_engine/BlockOutline')}
  0x000001922eea0510: 0100 0049 | ba88 5809 | 2000 0000 | 004c 8993 | 9015 0000 | 4883 8398 | 1500 0001 

  0x000001922eea052c: ;   {metadata(method data for {method} {0x000001924d802c40} 'render' '()V' in 'com/szymc/voxel_engine/Engine')}
  0x000001922eea052c: 8b76 0c48 | bf90 3faa | 4d92 0100 | 0048 8387 | b815 0000 

  0x000001922eea0540: ;   {metadata(method data for {method} {0x000001924d812e10} 'glBindVertexArray' '(I)V' in 'org/lwjgl/opengl/GL30')}
  0x000001922eea0540: 0148 bf68 | c9a8 4d92 | 0100 008b | 9f90 0000 | 0083 c302 | 899f 9000 | 0000 81e3 | feff 1f00 
  0x000001922eea0560: 85db 0f84 | ae41 0000 

  0x000001922eea0568: ;   {metadata(method data for {method} {0x000001924d812e10} 'glBindVertexArray' '(I)V' in 'org/lwjgl/opengl/GL30')}
  0x000001922eea0568: 48bf 68c9 | a84d 9201 | 0000 4883 | 87d8 0000 | 0001 488b 

  0x000001922eea057c: ;   {static_call}
  0x000001922eea057c: d666 90e8 

  0x000001922eea0580: ; ImmutableOopMap {[216]=Oop [224]=Oop [248]=Oop }
                      ;*invokestatic glBindVertexArray {reexecute=0 rethrow=0 return_oop=0}
                      ; - org.lwjgl.opengl.GL30::glBindVertexArray@1 (line 2283)
                      ; - com.szymc.voxel_engine.Engine::render@1099 (line 343)
  0x000001922eea0580: 5cf9 2407 

  0x000001922eea0584: ;   {post_call_nop}
  0x000001922eea0584: 0f1f 8400 | fc5d 0054 

  0x000001922eea058c: ;   {metadata(method data for {method} {0x000001924d802c40} 'render' '()V' in 'com/szymc/voxel_engine/Engine')}
  0x000001922eea058c: 48ba 903f | aa4d 9201 | 0000 4883 | 82c8 1500 

  0x000001922eea059c: ;   {metadata(method data for {method} {0x000001924d74bd68} 'glDepthFunc' '(I)V' in 'org/lwjgl/opengl/GL11')}
  0x000001922eea059c: 0001 48ba | c0e5 7b4d | 9201 0000 | 8bb2 9000 | 0000 83c6 | 0289 b290 | 0000 0081 | e6fe ff1f 
  0x000001922eea05bc: 0085 f60f | 8472 4100 

  0x000001922eea05c4: ;   {metadata(method data for {method} {0x000001924d74bd68} 'glDepthFunc' '(I)V' in 'org/lwjgl/opengl/GL11')}
  0x000001922eea05c4: 0048 bac0 | e57b 4d92 | 0100 0048 | 8382 d800 | 0000 01ba | 0302 0000 

  0x000001922eea05dc: ;   {static_call}
  0x000001922eea05dc: 6666 90e8 

  0x000001922eea05e0: ; ImmutableOopMap {[216]=Oop [224]=Oop [248]=Oop }
                      ;*invokestatic glDepthFunc {reexecute=0 rethrow=0 return_oop=0}
                      ; - org.lwjgl.opengl.GL11::glDepthFunc@1 (line 1767)
                      ; - com.szymc.voxel_engine.Engine::render@1105 (line 344)
  0x000001922eea05e0: fcf8 2407 

  0x000001922eea05e4: ;   {post_call_nop}
  0x000001922eea05e4: 0f1f 8400 | 5c5e 0055 

  0x000001922eea05ec: ;   {metadata(method data for {method} {0x000001924d802c40} 'render' '()V' in 'com/szymc/voxel_engine/Engine')}
  0x000001922eea05ec: 48be 903f | aa4d 9201 | 0000 4883 | 86d8 1500 

  0x000001922eea05fc: ;   {metadata(method data for {method} {0x000001924d7568a8} 'glLineWidth' '(F)V' in 'org/lwjgl/opengl/GL11')}
  0x000001922eea05fc: 0001 48be | e8e6 7b4d | 9201 0000 | 8bbe 9000 | 0000 83c7 | 0289 be90 | 0000 0081 | e7fe ff1f 
  0x000001922eea061c: 0085 ff0f | 8433 4100 

  0x000001922eea0624: ;   {metadata(method data for {method} {0x000001924d7568a8} 'glLineWidth' '(F)V' in 'org/lwjgl/opengl/GL11')}
  0x000001922eea0624: 0048 bee8 | e67b 4d92 | 0100 0048 | 8386 d800 

  0x000001922eea0634: ;   {section_word}
  0x000001922eea0634: 0000 01c5 | fa10 0561 

  0x000001922eea063c: ;   {static_call}
  0x000001922eea063c: a2ff ffe8 

  0x000001922eea0640: ; ImmutableOopMap {[216]=Oop [224]=Oop [248]=Oop }
                      ;*invokestatic glLineWidth {reexecute=0 rethrow=0 return_oop=0}
                      ; - org.lwjgl.opengl.GL11::glLineWidth@1 (line 4078)
                      ; - com.szymc.voxel_engine.Engine::render@1111 (line 346)
  0x000001922eea0640: 9cf8 2407 

  0x000001922eea0644: ;   {post_call_nop}
  0x000001922eea0644: 0f1f 8400 | bc5e 0056 | 488b 9424 | d800 0000 | 448b 4234 | 49c1 e003 

  0x000001922eea065c: ; implicit exception: dispatches to 0x000001922eea4779
  0x000001922eea065c: 493b 0049 

  0x000001922eea0660: ;   {metadata(method data for {method} {0x000001924d802c40} 'render' '()V' in 'com/szymc/voxel_engine/Engine')}
  0x000001922eea0660: 8bf0 48bf | 903f aa4d | 9201 0000 

  0x000001922eea066c: ;   {metadata('com/szymc/localShaders/OutlineShader')}
  0x000001922eea066c: 49ba 3056 | 0920 0000 | 0000 4c89 | 97f0 1500 | 0048 8387 | f815 0000 

  0x000001922eea0684: ;   {metadata(method data for {method} {0x000001924d9ef428} 'setIsRenderingFace' '(Z)V' in 'com/szymc/localShaders/OutlineShader')}
  0x000001922eea0684: 0148 bed0 | 9a7b 4d92 | 0100 008b | be90 0000 | 0083 c702 | 89be 9000 | 0000 81e7 | feff 1f00 
  0x000001922eea06a4: 85ff 0f84 | d240 0000 | 458b 4020 

  0x000001922eea06b0: ;   {metadata(method data for {method} {0x000001924d9ef428} 'setIsRenderingFace' '(Z)V' in 'com/szymc/localShaders/OutlineShader')}
  0x000001922eea06b0: 48be d09a | 7b4d 9201 | 0000 ff86 | d800 0000 

  0x000001922eea06c0: ;   {metadata(method data for {method} {0x000001924d9ef428} 'setIsRenderingFace' '(Z)V' in 'com/szymc/localShaders/OutlineShader')}
  0x000001922eea06c0: 48be d09a | 7b4d 9201 | 0000 4883 | 8610 0100 

  0x000001922eea06d0: ;   {metadata(method data for {method} {0x000001924d81b128} 'glUniform1i' '(II)V' in 'org/lwjgl/opengl/GL20')}
  0x000001922eea06d0: 0001 48be | d0c6 a84d | 9201 0000 | 8bbe 9000 | 0000 83c7 | 0289 be90 | 0000 0081 | e7fe ff1f 
  0x000001922eea06f0: 0085 ff0f | 84a6 4000 

  0x000001922eea06f8: ;   {metadata(method data for {method} {0x000001924d81b128} 'glUniform1i' '(II)V' in 'org/lwjgl/opengl/GL20')}
  0x000001922eea06f8: 0048 bed0 | c6a8 4d92 | 0100 0048 | 8386 d800 | 0000 0149 | 8bd0 41b8 | 0000 0000 

  0x000001922eea0714: ;   {static_call}
  0x000001922eea0714: 6666 90e8 

  0x000001922eea0718: ; ImmutableOopMap {[216]=Oop [224]=Oop [248]=Oop }
                      ;*invokestatic glUniform1i {reexecute=0 rethrow=0 return_oop=0}
                      ; - org.lwjgl.opengl.GL20::glUniform1i@2 (line 487)
                      ; - com.szymc.localShaders.OutlineShader::setIsRenderingFace@13 (line 41)
                      ; - com.szymc.voxel_engine.Engine::render@1119 (line 347)
  0x000001922eea0718: c4f7 2407 

  0x000001922eea071c: ;   {post_call_nop}
  0x000001922eea071c: 0f1f 8400 | 945f 0057 

  0x000001922eea0724: ;   {metadata(method data for {method} {0x000001924d802c40} 'render' '()V' in 'com/szymc/voxel_engine/Engine')}
  0x000001922eea0724: 49b8 903f | aa4d 9201 | 0000 4983 | 8018 1600 | 0001 bf00 | 0000 00ba | 0100 0000 | 41b8 1800 
  0x000001922eea0744: 0000 41b9 | 0514 0000 

  0x000001922eea074c: ;   {static_call}
  0x000001922eea074c: 6666 90e8 

  0x000001922eea0750: ; ImmutableOopMap {[216]=Oop [224]=Oop [248]=Oop }
                      ;*invokestatic glDrawElements {reexecute=0 rethrow=0 return_oop=0}
                      ; - com.szymc.voxel_engine.Engine::render@1129 (line 348)
  0x000001922eea0750: 8cf7 2407 

  0x000001922eea0754: ;   {post_call_nop}
  0x000001922eea0754: 0f1f 8400 | cc5f 0058 | 488b 9424 | d800 0000 | 448b 4248 | 49c1 e003 

  0x000001922eea076c: ;   {metadata(method data for {method} {0x000001924d802c40} 'render' '()V' in 'com/szymc/voxel_engine/Engine')}
  0x000001922eea076c: 4d85 c048 | be90 3faa | 4d92 0100 | 00bf 2816 | 0000 7405 | bf38 1600 | 0048 8b1c | 3e48 8d5b 
  0x000001922eea078c: 0148 891c | 3e0f 8405 | 0400 004d | 85c0 0f84 | 2040 0000 

  0x000001922eea07a0: ; implicit exception: dispatches to 0x000001922eea47cd
  0x000001922eea07a0: e93b 4000 | 0090 9090 | 900f 1f80 | 0000 0000 

  0x000001922eea07b0: ; implicit exception: dispatches to 0x000001922eea47ea
  0x000001922eea07b0: e948 4000 | 0090 9090 | 90c5 fa5e 

  0x000001922eea07bc: ;   {section_word}
  0x000001922eea07bc: c1c5 fa59 | 05df a0ff 

  0x000001922eea07c4: ;   {section_word}
  0x000001922eea07c4: ffc5 fa10 | 0ddb a0ff | ffc5 f25c | c8c5 7a2c | c141 81f8 | 0000 0080 | 7510 4883 | ec08 c5fa 
  0x000001922eea07e4: ;   {runtime_call Stub::Stub Generator f2i_fixup_stub}
  0x000001922eea07e4: 110c 24e8 | e411 2007 | 4158 be08 

  0x000001922eea07f0: ;   {oop([I{0x000000060d783d90})}
  0x000001922eea07f0: 0000 0048 | bf90 3d78 | 0d06 0000 | 0041 3bf0 | 0f86 0140 | 0000 4d63 | c046 8b44 | 8710 8b72 
  0x000001922eea0810: 3448 c1e6 | 0348 3b06 

  0x000001922eea0818: ;   {metadata(method data for {method} {0x000001924d802c40} 'render' '()V' in 'com/szymc/voxel_engine/Engine')}
  0x000001922eea0818: 488b fe48 | bb90 3faa | 4d92 0100 

  0x000001922eea0824: ;   {metadata('com/szymc/localShaders/OutlineShader')}
  0x000001922eea0824: 0049 ba30 | 5609 2000 | 0000 004c | 8993 5016 | 0000 4883 | 8358 1600 

  0x000001922eea083c: ;   {metadata(method data for {method} {0x000001924d9ef4e0} 'setLocal_breakTexId' '(I)V' in 'com/szymc/localShaders/OutlineShader')}
  0x000001922eea083c: 0001 48bf | 389c 7b4d | 9201 0000 | 8b9f 9000 | 0000 83c3 | 0289 9f90 | 0000 0081 | e3fe ff1f 
  0x000001922eea085c: 0085 db0f | 84b5 3f00 | 008b 7624 

  0x000001922eea0868: ;   {metadata(method data for {method} {0x000001924d9ef4e0} 'setLocal_breakTexId' '(I)V' in 'com/szymc/localShaders/OutlineShader')}
  0x000001922eea0868: 48bf 389c | 7b4d 9201 | 0000 4883 | 87d8 0000 

  0x000001922eea0878: ;   {metadata(method data for {method} {0x000001924d81b128} 'glUniform1i' '(II)V' in 'org/lwjgl/opengl/GL20')}
  0x000001922eea0878: 0001 48bf | d0c6 a84d | 9201 0000 | 8b9f 9000 | 0000 83c3 | 0289 9f90 | 0000 0081 | e3fe ff1f 
  0x000001922eea0898: 0085 db0f | 849a 3f00 

  0x000001922eea08a0: ;   {metadata(method data for {method} {0x000001924d81b128} 'glUniform1i' '(II)V' in 'org/lwjgl/opengl/GL20')}
  0x000001922eea08a0: 0048 bfd0 | c6a8 4d92 | 0100 0048 | 8387 d800 | 0000 0148 

  0x000001922eea08b4: ;   {static_call}
  0x000001922eea08b4: 8bd6 90e8 

  0x000001922eea08b8: ; ImmutableOopMap {[216]=Oop [224]=Oop [248]=Oop }
                      ;*invokestatic glUniform1i {reexecute=0 rethrow=0 return_oop=0}
                      ; - org.lwjgl.opengl.GL20::glUniform1i@2 (line 487)
                      ; - com.szymc.localShaders.OutlineShader::setLocal_breakTexId@5 (line 45)
                      ; - com.szymc.voxel_engine.Engine::render@1175 (line 353)
  0x000001922eea08b8: 24f6 2407 

  0x000001922eea08bc: ;   {post_call_nop}
  0x000001922eea08bc: 0f1f 8400 | 3461 0059 | 488b 9424 | d800 0000 | 448b 4234 | 49c1 e003 

  0x000001922eea08d4: ; implicit exception: dispatches to 0x000001922eea485c
  0x000001922eea08d4: 493b 0049 

  0x000001922eea08d8: ;   {metadata(method data for {method} {0x000001924d802c40} 'render' '()V' in 'com/szymc/voxel_engine/Engine')}
  0x000001922eea08d8: 8bf0 48bf | 903f aa4d | 9201 0000 

  0x000001922eea08e4: ;   {metadata('com/szymc/localShaders/OutlineShader')}
  0x000001922eea08e4: 49ba 3056 | 0920 0000 | 0000 4c89 | 9780 1600 | 0048 8387 | 8816 0000 

  0x000001922eea08fc: ;   {metadata(method data for {method} {0x000001924d9ef428} 'setIsRenderingFace' '(Z)V' in 'com/szymc/localShaders/OutlineShader')}
  0x000001922eea08fc: 0148 bed0 | 9a7b 4d92 | 0100 008b | be90 0000 | 0083 c702 | 89be 9000 | 0000 81e7 | feff 1f00 
  0x000001922eea091c: 85ff 0f84 | 3d3f 0000 | 458b 4020 

  0x000001922eea0928: ;   {metadata(method data for {method} {0x000001924d9ef428} 'setIsRenderingFace' '(Z)V' in 'com/szymc/localShaders/OutlineShader')}
  0x000001922eea0928: 48be d09a | 7b4d 9201 | 0000 ff86 | e800 0000 

  0x000001922eea0938: ;   {metadata(method data for {method} {0x000001924d9ef428} 'setIsRenderingFace' '(Z)V' in 'com/szymc/localShaders/OutlineShader')}
  0x000001922eea0938: 48be d09a | 7b4d 9201 | 0000 ff86 | f800 0000 

  0x000001922eea0948: ;   {metadata(method data for {method} {0x000001924d9ef428} 'setIsRenderingFace' '(Z)V' in 'com/szymc/localShaders/OutlineShader')}
  0x000001922eea0948: 48be d09a | 7b4d 9201 | 0000 4883 | 8610 0100 

  0x000001922eea0958: ;   {metadata(method data for {method} {0x000001924d81b128} 'glUniform1i' '(II)V' in 'org/lwjgl/opengl/GL20')}
  0x000001922eea0958: 0001 48be | d0c6 a84d | 9201 0000 | 8bbe 9000 | 0000 83c7 | 0289 be90 | 0000 0081 | e7fe ff1f 
  0x000001922eea0978: 0085 ff0f | 8401 3f00 

  0x000001922eea0980: ;   {metadata(method data for {method} {0x000001924d81b128} 'glUniform1i' '(II)V' in 'org/lwjgl/opengl/GL20')}
  0x000001922eea0980: 0048 bed0 | c6a8 4d92 | 0100 0048 | 8386 d800 | 0000 0149 | 8bd0 41b8 | 0100 0000 

  0x000001922eea099c: ;   {static_call}
  0x000001922eea099c: 6666 90e8 

  0x000001922eea09a0: ; ImmutableOopMap {[216]=Oop [224]=Oop [248]=Oop }
                      ;*invokestatic glUniform1i {reexecute=0 rethrow=0 return_oop=0}
                      ; - org.lwjgl.opengl.GL20::glUniform1i@2 (line 487)
                      ; - com.szymc.localShaders.OutlineShader::setIsRenderingFace@13 (line 41)
                      ; - com.szymc.voxel_engine.Engine::render@1183 (line 354)
  0x000001922eea09a0: 3cf5 2407 

  0x000001922eea09a4: ;   {post_call_nop}
  0x000001922eea09a4: 0f1f 8400 | 1c62 005a 

  0x000001922eea09ac: ;   {metadata(method data for {method} {0x000001924d802c40} 'render' '()V' in 'com/szymc/voxel_engine/Engine')}
  0x000001922eea09ac: 48be 903f | aa4d 9201 | 0000 4883 | 86a8 1600 

  0x000001922eea09bc: ;   {metadata(method data for {method} {0x000001924d736f68} 'glActiveTexture' '(I)V' in 'org/lwjgl/opengl/GL13')}
  0x000001922eea09bc: 0001 48be | a809 a94d | 9201 0000 | 8bbe 9000 | 0000 83c7 | 0289 be90 | 0000 0081 | e7fe ff1f 
  0x000001922eea09dc: 0085 ff0f | 84be 3e00 

  0x000001922eea09e4: ;   {metadata(method data for {method} {0x000001924d736f68} 'glActiveTexture' '(I)V' in 'org/lwjgl/opengl/GL13')}
  0x000001922eea09e4: 0048 bea8 | 09a9 4d92 | 0100 0048 | 8386 d800 | 0000 01ba | c084 0000 

  0x000001922eea09fc: ;   {static_call}
  0x000001922eea09fc: 6666 90e8 

  0x000001922eea0a00: ; ImmutableOopMap {[216]=Oop [224]=Oop [248]=Oop }
                      ;*invokestatic glActiveTexture {reexecute=0 rethrow=0 return_oop=0}
                      ; - org.lwjgl.opengl.GL13::glActiveTexture@1 (line 570)
                      ; - com.szymc.voxel_engine.Engine::render@1189 (line 356)
  0x000001922eea0a00: dcf4 2407 

  0x000001922eea0a04: ;   {post_call_nop}
  0x000001922eea0a04: 0f1f 8400 | 7c62 005b | 488b 9424 | d800 0000 | 8b72 3c48 | c1e6 0348 | 3b06 488b 

  0x000001922eea0a20: ;   {metadata(method data for {method} {0x000001924d802c40} 'render' '()V' in 'com/szymc/voxel_engine/Engine')}
  0x000001922eea0a20: fe48 bb90 | 3faa 4d92 

  0x000001922eea0a28: ;   {metadata('com/szymc/voxel_engine/BlockOutline')}
  0x000001922eea0a28: 0100 0049 | ba88 5809 | 2000 0000 | 004c 8993 | c016 0000 | 4883 83c8 | 1600 0001 

  0x000001922eea0a44: ;   {metadata(method data for {method} {0x000001924d802c40} 'render' '()V' in 'com/szymc/voxel_engine/Engine')}
  0x000001922eea0a44: 8b76 1048 | bf90 3faa | 4d92 0100 | 0048 8387 | e816 0000 

  0x000001922eea0a58: ;   {metadata(method data for {method} {0x000001924d812e10} 'glBindVertexArray' '(I)V' in 'org/lwjgl/opengl/GL30')}
  0x000001922eea0a58: 0148 bf68 | c9a8 4d92 | 0100 008b | 9f90 0000 | 0083 c302 | 899f 9000 | 0000 81e3 | feff 1f00 
  0x000001922eea0a78: 85db 0f84 | 493e 0000 

  0x000001922eea0a80: ;   {metadata(method data for {method} {0x000001924d812e10} 'glBindVertexArray' '(I)V' in 'org/lwjgl/opengl/GL30')}
  0x000001922eea0a80: 48bf 68c9 | a84d 9201 | 0000 4883 | 87d8 0000 | 0001 488b 

  0x000001922eea0a94: ;   {static_call}
  0x000001922eea0a94: d666 90e8 

  0x000001922eea0a98: ; ImmutableOopMap {[216]=Oop [224]=Oop [248]=Oop }
                      ;*invokestatic glBindVertexArray {reexecute=0 rethrow=0 return_oop=0}
                      ; - org.lwjgl.opengl.GL30::glBindVertexArray@1 (line 2283)
                      ; - com.szymc.voxel_engine.Engine::render@1199 (line 357)
  0x000001922eea0a98: 44f4 2407 

  0x000001922eea0a9c: ;   {post_call_nop}
  0x000001922eea0a9c: 0f1f 8400 | 1463 005c 

  0x000001922eea0aa4: ;   {metadata(method data for {method} {0x000001924d802c40} 'render' '()V' in 'com/szymc/voxel_engine/Engine')}
  0x000001922eea0aa4: 48ba 903f | aa4d 9201 | 0000 4883 | 82f8 1600 

  0x000001922eea0ab4: ;   {metadata(method data for {method} {0x000001924d74be38} 'glDepthMask' '(Z)V' in 'org/lwjgl/opengl/GL11')}
  0x000001922eea0ab4: 0001 48ba | 804a 794d | 9201 0000 | 8bb2 9000 | 0000 83c6 | 0289 b290 | 0000 0081 | e6fe ff1f 
  0x000001922eea0ad4: 0085 f60f | 840d 3e00 

  0x000001922eea0adc: ;   {metadata(method data for {method} {0x000001924d74be38} 'glDepthMask' '(Z)V' in 'org/lwjgl/opengl/GL11')}
  0x000001922eea0adc: 0048 ba80 | 4a79 4d92 | 0100 0048 | 8382 d800 | 0000 01ba | 0000 0000 

  0x000001922eea0af4: ;   {static_call}
  0x000001922eea0af4: 6666 90e8 

  0x000001922eea0af8: ; ImmutableOopMap {[216]=Oop [224]=Oop [248]=Oop }
                      ;*invokestatic glDepthMask {reexecute=0 rethrow=0 return_oop=0}
                      ; - org.lwjgl.opengl.GL11::glDepthMask@1 (line 1780)
                      ; - com.szymc.voxel_engine.Engine::render@1203 (line 358)
  0x000001922eea0af8: e4f3 2407 

  0x000001922eea0afc: ;   {post_call_nop}
  0x000001922eea0afc: 0f1f 8400 | 7463 005d 

  0x000001922eea0b04: ;   {metadata(method data for {method} {0x000001924d802c40} 'render' '()V' in 'com/szymc/voxel_engine/Engine')}
  0x000001922eea0b04: 48ba 903f | aa4d 9201 | 0000 4883 | 8208 1700 | 0001 bf00 | 0000 00ba | 0400 0000 | 41b8 2400 
  0x000001922eea0b24: 0000 41b9 | 0514 0000 

  0x000001922eea0b2c: ;   {static_call}
  0x000001922eea0b2c: 6666 90e8 

  0x000001922eea0b30: ; ImmutableOopMap {[216]=Oop [224]=Oop [248]=Oop }
                      ;*invokestatic glDrawElements {reexecute=0 rethrow=0 return_oop=0}
                      ; - com.szymc.voxel_engine.Engine::render@1213 (line 359)
  0x000001922eea0b30: acf3 2407 

  0x000001922eea0b34: ;   {post_call_nop}
  0x000001922eea0b34: 0f1f 8400 | ac63 005e 

  0x000001922eea0b3c: ;   {metadata(method data for {method} {0x000001924d802c40} 'render' '()V' in 'com/szymc/voxel_engine/Engine')}
  0x000001922eea0b3c: 48ba 903f | aa4d 9201 | 0000 4883 | 8218 1700 

  0x000001922eea0b4c: ;   {metadata(method data for {method} {0x000001924d74be38} 'glDepthMask' '(Z)V' in 'org/lwjgl/opengl/GL11')}
  0x000001922eea0b4c: 0001 48ba | 804a 794d | 9201 0000 | 8bb2 9000 | 0000 83c6 | 0289 b290 | 0000 0081 | e6fe ff1f 
  0x000001922eea0b6c: 0085 f60f | 8496 3d00 

  0x000001922eea0b74: ;   {metadata(method data for {method} {0x000001924d74be38} 'glDepthMask' '(Z)V' in 'org/lwjgl/opengl/GL11')}
  0x000001922eea0b74: 0048 ba80 | 4a79 4d92 | 0100 0048 | 8382 d800 | 0000 01ba | 0100 0000 

  0x000001922eea0b8c: ;   {static_call}
  0x000001922eea0b8c: 6666 90e8 

  0x000001922eea0b90: ; ImmutableOopMap {[216]=Oop [224]=Oop [248]=Oop }
                      ;*invokestatic glDepthMask {reexecute=0 rethrow=0 return_oop=0}
                      ; - org.lwjgl.opengl.GL11::glDepthMask@1 (line 1780)
                      ; - com.szymc.voxel_engine.Engine::render@1217 (line 360)
  0x000001922eea0b90: 4cf3 2407 

  0x000001922eea0b94: ;   {post_call_nop}
  0x000001922eea0b94: 0f1f 8400 | 0c64 005f 

  0x000001922eea0b9c: ;   {metadata(method data for {method} {0x000001924d802c40} 'render' '()V' in 'com/szymc/voxel_engine/Engine')}
  0x000001922eea0b9c: 48be 903f | aa4d 9201 | 0000 4883 | 8628 1700 

  0x000001922eea0bac: ;   {metadata(method data for {method} {0x000001924d74bd68} 'glDepthFunc' '(I)V' in 'org/lwjgl/opengl/GL11')}
  0x000001922eea0bac: 0001 48be | c0e5 7b4d | 9201 0000 | 8bbe 9000 | 0000 83c7 | 0289 be90 | 0000 0081 | e7fe ff1f 
  0x000001922eea0bcc: 0085 ff0f | 8457 3d00 

  0x000001922eea0bd4: ;   {metadata(method data for {method} {0x000001924d74bd68} 'glDepthFunc' '(I)V' in 'org/lwjgl/opengl/GL11')}
  0x000001922eea0bd4: 0048 bec0 | e57b 4d92 | 0100 0048 | 8386 d800 | 0000 01ba | 0102 0000 

  0x000001922eea0bec: ;   {static_call}
  0x000001922eea0bec: 6666 90e8 

  0x000001922eea0bf0: ; ImmutableOopMap {[216]=Oop [224]=Oop [248]=Oop }
                      ;*invokestatic glDepthFunc {reexecute=0 rethrow=0 return_oop=0}
                      ; - org.lwjgl.opengl.GL11::glDepthFunc@1 (line 1767)
                      ; - com.szymc.voxel_engine.Engine::render@1223 (line 364)
  0x000001922eea0bf0: ecf2 2407 

  0x000001922eea0bf4: ;   {post_call_nop}
  0x000001922eea0bf4: 0f1f 8400 | 6c64 0060 | 488b 9424 | d800 0000 | 8b72 3448 | c1e6 0348 

  0x000001922eea0c0c: ;   {metadata(method data for {method} {0x000001924d802c40} 'render' '()V' in 'com/szymc/voxel_engine/Engine')}
  0x000001922eea0c0c: 3b06 48bf | 903f aa4d | 9201 0000 | 8b76 0841 | ba00 0000 | 1f49 03f2 | 483b b740 | 1700 0075 
  0x000001922eea0c2c: 0d48 8387 | 4817 0000 | 01e9 6000 | 0000 483b | b750 1700 | 0075 0d48 | 8387 5817 | 0000 01e9 
  0x000001922eea0c4c: 4a00 0000 | 4883 bf40 | 1700 0000 | 7517 4889 | b740 1700 | 0048 c787 | 4817 0000 | 0100 0000 
  0x000001922eea0c6c: e929 0000 | 0048 83bf | 5017 0000 | 0075 1748 | 89b7 5017 | 0000 48c7 | 8758 1700 | 0001 0000 
  0x000001922eea0c8c: 00e9 0800 | 0000 4883 | 8738 1700 

  0x000001922eea0c98: ;   {metadata(method data for {method} {0x000001924d806148} 'stop' '()V' in 'com/szymc/localShaders/Shader')}
  0x000001922eea0c98: 0001 48be | 48a9 7a4d | 9201 0000 | 8bbe 9000 | 0000 83c7 | 0289 be90 | 0000 0081 | e7fe ff1f 
  0x000001922eea0cb8: 0085 ff0f | 8491 3c00 

  0x000001922eea0cc0: ;   {metadata(method data for {method} {0x000001924d806148} 'stop' '()V' in 'com/szymc/localShaders/Shader')}
  0x000001922eea0cc0: 0048 be48 | a97a 4d92 | 0100 0048 | 8386 d800 

  0x000001922eea0cd0: ;   {metadata(method data for {method} {0x000001924d81ab68} 'glUseProgram' '(I)V' in 'org/lwjgl/opengl/GL20')}
  0x000001922eea0cd0: 0000 0148 | be30 faa8 | 4d92 0100 | 008b be90 | 0000 0083 | c702 89be | 9000 0000 | 81e7 feff 
  0x000001922eea0cf0: 1f00 85ff | 0f84 793c 

  0x000001922eea0cf8: ;   {metadata(method data for {method} {0x000001924d81ab68} 'glUseProgram' '(I)V' in 'org/lwjgl/opengl/GL20')}
  0x000001922eea0cf8: 0000 48be | 30fa a84d | 9201 0000 | 4883 86d8 | 0000 0001 | ba00 0000 | 0066 0f1f 

  0x000001922eea0d14: ;   {static_call}
  0x000001922eea0d14: 4400 00e8 

  0x000001922eea0d18: ; ImmutableOopMap {[216]=Oop [224]=Oop [248]=Oop }
                      ;*invokestatic glUseProgram {reexecute=0 rethrow=0 return_oop=0}
                      ; - org.lwjgl.opengl.GL20::glUseProgram@1 (line 398)
                      ; - com.szymc.localShaders.Shader::stop@1 (line 82)
                      ; - com.szymc.voxel_engine.Engine::render@1230 (line 367)
  0x000001922eea0d18: c4f1 2407 

  0x000001922eea0d1c: ;   {post_call_nop}
  0x000001922eea0d1c: 0f1f 8400 | 9465 0061 

  0x000001922eea0d24: ;   {metadata(method data for {method} {0x000001924d802c40} 'render' '()V' in 'com/szymc/voxel_engine/Engine')}
  0x000001922eea0d24: 48ba 903f | aa4d 9201 | 0000 4883 | 8268 1700 

  0x000001922eea0d34: ;   {metadata(method data for {method} {0x000001924d812e10} 'glBindVertexArray' '(I)V' in 'org/lwjgl/opengl/GL30')}
  0x000001922eea0d34: 0001 48ba | 68c9 a84d | 9201 0000 | 8bb2 9000 | 0000 83c6 | 0289 b290 | 0000 0081 | e6fe ff1f 
  0x000001922eea0d54: 0085 f60f | 8437 3c00 

  0x000001922eea0d5c: ;   {metadata(method data for {method} {0x000001924d812e10} 'glBindVertexArray' '(I)V' in 'org/lwjgl/opengl/GL30')}
  0x000001922eea0d5c: 0048 ba68 | c9a8 4d92 | 0100 0048 | 8382 d800 | 0000 01ba | 0000 0000 

  0x000001922eea0d74: ;   {static_call}
  0x000001922eea0d74: 6666 90e8 

  0x000001922eea0d78: ; ImmutableOopMap {[216]=Oop [224]=Oop [248]=Oop }
                      ;*invokestatic glBindVertexArray {reexecute=0 rethrow=0 return_oop=0}
                      ; - org.lwjgl.opengl.GL30::glBindVertexArray@1 (line 2283)
                      ; - com.szymc.voxel_engine.Engine::render@1234 (line 368)
  0x000001922eea0d78: 64f1 2407 

  0x000001922eea0d7c: ;   {post_call_nop}
  0x000001922eea0d7c: 0f1f 8400 | f465 0062 | 488b 9424 | d800 0000 | 8b72 2448 | c1e6 0348 | 3b06 488b 

  0x000001922eea0d98: ;   {metadata(method data for {method} {0x000001924d802c40} 'render' '()V' in 'com/szymc/voxel_engine/Engine')}
  0x000001922eea0d98: fe48 bb90 | 3faa 4d92 | 0100 008b | 7f08 41ba | 0000 001f | 4903 fa48 | 3bbb 8017 | 0000 750d 
  0x000001922eea0db8: 4883 8388 | 1700 0001 | e960 0000 | 0048 3bbb | 9017 0000 | 750d 4883 | 8398 1700 | 0001 e94a 
  0x000001922eea0dd8: 0000 0048 | 83bb 8017 | 0000 0075 | 1748 89bb | 8017 0000 | 48c7 8388 | 1700 0001 | 0000 00e9 
  0x000001922eea0df8: 2900 0000 | 4883 bb90 | 1700 0000 | 7517 4889 | bb90 1700 | 0048 c783 | 9817 0000 | 0100 0000 
  0x000001922eea0e18: e908 0000 | 0048 8383 | 7817 0000 

  0x000001922eea0e24: ;   {metadata(method data for {method} {0x000001924d8060a0} 'start' '()V' in 'com/szymc/localShaders/Shader')}
  0x000001922eea0e24: 0148 bf80 | 7863 4d92 | 0100 008b | 9f90 0000 | 0083 c302 | 899f 9000 | 0000 81e3 | feff 1f00 
  0x000001922eea0e44: 85db 0f84 | 6e3b 0000 

  0x000001922eea0e4c: ;   {metadata(method data for {method} {0x000001924d8060a0} 'start' '()V' in 'com/szymc/localShaders/Shader')}
  0x000001922eea0e4c: 8b76 0c48 | bf80 7863 | 4d92 0100 | 0048 8387 | d800 0000 

  0x000001922eea0e60: ;   {metadata(method data for {method} {0x000001924d81ab68} 'glUseProgram' '(I)V' in 'org/lwjgl/opengl/GL20')}
  0x000001922eea0e60: 0148 bf30 | faa8 4d92 | 0100 008b | 9f90 0000 | 0083 c302 | 899f 9000 | 0000 81e3 | feff 1f00 
  0x000001922eea0e80: 85db 0f84 | 533b 0000 

  0x000001922eea0e88: ;   {metadata(method data for {method} {0x000001924d81ab68} 'glUseProgram' '(I)V' in 'org/lwjgl/opengl/GL20')}
  0x000001922eea0e88: 48bf 30fa | a84d 9201 | 0000 4883 | 87d8 0000 | 0001 488b 

  0x000001922eea0e9c: ;   {static_call}
  0x000001922eea0e9c: d666 90e8 

  0x000001922eea0ea0: ; ImmutableOopMap {[216]=Oop [224]=Oop [248]=Oop }
                      ;*invokestatic glUseProgram {reexecute=0 rethrow=0 return_oop=0}
                      ; - org.lwjgl.opengl.GL20::glUseProgram@1 (line 398)
                      ; - com.szymc.localShaders.Shader::start@4 (line 78)
                      ; - com.szymc.voxel_engine.Engine::render@1241 (line 371)
  0x000001922eea0ea0: 3cf0 2407 

  0x000001922eea0ea4: ;   {post_call_nop}
  0x000001922eea0ea4: 0f1f 8400 | 1c67 0063 | 488b 9424 | d800 0000 | 8b72 2448 | c1e6 0348 | 89b4 2418 | 0200 008b 
  0x000001922eea0ec4: 7a1c 48c1 | e703 483b | 0748 8bdf 

  0x000001922eea0ed0: ;   {metadata(method data for {method} {0x000001924d802c40} 'render' '()V' in 'com/szymc/voxel_engine/Engine')}
  0x000001922eea0ed0: 48b8 903f | aa4d 9201 

  0x000001922eea0ed8: ;   {metadata('com/szymc/voxel_engine/Camera')}
  0x000001922eea0ed8: 0000 49ba | 182c 0420 | 0000 0000 | 4c89 90b0 | 1700 0048 | 8380 b817 | 0000 018b | 5f24 48c1 
  0x000001922eea0ef8: e303 488b 

  0x000001922eea0efc: ;   {metadata(method data for {method} {0x000001924d802c40} 'render' '()V' in 'com/szymc/voxel_engine/Engine')}
  0x000001922eea0efc: c748 b990 | 3faa 4d92 

  0x000001922eea0f04: ;   {metadata('com/szymc/voxel_engine/Camera')}
  0x000001922eea0f04: 0100 0049 | ba18 2c04 | 2000 0000 | 004c 8991 | e017 0000 | 4883 81e8 | 1700 0001 | 488b d748 
  0x000001922eea0f24: 899c 2420 | 0200 000f 

  0x000001922eea0f2c: ;   {optimized virtual_call}
  0x000001922eea0f2c: 1f40 00e8 

  0x000001922eea0f30: ; ImmutableOopMap {[216]=Oop [224]=Oop [248]=Oop [536]=Oop [544]=Oop }
                      ;*invokevirtual getViewMatrix {reexecute=0 rethrow=0 return_oop=0}
                      ; - com.szymc.voxel_engine.Engine::render@1259 (line 372)
  0x000001922eea0f30: ace5 2407 

  0x000001922eea0f34: ;   {post_call_nop}
  0x000001922eea0f34: 0f1f 8400 | ac67 0064 | 488b b424 | 1802 0000 

  0x000001922eea0f44: ; implicit exception: dispatches to 0x000001922eea4a01
  0x000001922eea0f44: 483b 064c 

  0x000001922eea0f48: ;   {metadata(method data for {method} {0x000001924d802c40} 'render' '()V' in 'com/szymc/voxel_engine/Engine')}
  0x000001922eea0f48: 8bc6 49b9 | 903f aa4d | 9201 0000 

  0x000001922eea0f54: ;   {metadata('com/szymc/localShaders/WorldShader')}
  0x000001922eea0f54: 49ba 608a | 0720 0000 | 0000 4d89 | 9110 1800 | 0049 8381 | 1818 0000 

  0x000001922eea0f6c: ;   {metadata(method data for {method} {0x000001924d871160} 'setCamera' '(Lorg/joml/Matrix4f;Lorg/joml/Matrix4f;Ljava/nio/FloatBuffer;)V' in 'com/szymc/localShaders/WorldShader')}
  0x000001922eea0f6c: 0149 b860 | c7a5 4d92 | 0100 0045 | 8b88 9000 | 0000 4183 | c102 4589 | 8890 0000 | 0041 81e1 
  0x000001922eea0f8c: feff 1f00 | 4585 c90f | 846d 3a00 | 008b 5e10 

  0x000001922eea0f9c: ;   {metadata(method data for {method} {0x000001924d871160} 'setCamera' '(Lorg/joml/Matrix4f;Lorg/joml/Matrix4f;Ljava/nio/FloatBuffer;)V' in 'com/szymc/localShaders/WorldShader')}
  0x000001922eea0f9c: 4c8b c649 | b960 c7a5 | 4d92 0100 | 0045 8b40 | 0841 ba00 | 0000 1f4d | 03c2 4d3b | 81e0 0000 
  0x000001922eea0fbc: 0075 0d49 | 8381 e800 | 0000 01e9 | 6000 0000 | 4d3b 81f0 | 0000 0075 | 0d49 8381 | f800 0000 
  0x000001922eea0fdc: 01e9 4a00 | 0000 4983 | b9e0 0000 | 0000 7517 | 4d89 81e0 | 0000 0049 | c781 e800 | 0000 0100 
  0x000001922eea0ffc: 0000 e929 | 0000 0049 | 83b9 f000 | 0000 0075 | 174d 8981 | f000 0000 | 49c7 81f8 | 0000 0001 
  0x000001922eea101c: 0000 00e9 | 0800 0000 | 4983 81d8 | 0000 0001 

  0x000001922eea102c: ;   {metadata(method data for {method} {0x000001924d806220} 'setMatrix' '(ILorg/joml/Matrix4f;Ljava/nio/FloatBuffer;)V' in 'com/szymc/localShaders/Shader')}
  0x000001922eea102c: 49b8 302f | a94d 9201 | 0000 458b | 8890 0000 | 0041 83c1 | 0245 8988 | 9000 0000 | 4181 e1fe 
  0x000001922eea104c: ff1f 0045 | 85c9 0f84 | cf39 0000 | 4c8b 8424 | 2002 0000 

  0x000001922eea1060: ; implicit exception: dispatches to 0x000001922eea4a48
  0x000001922eea1060: 493b 004d 

  0x000001922eea1064: ;   {metadata(method data for {method} {0x000001924d806220} 'setMatrix' '(ILorg/joml/Matrix4f;Ljava/nio/FloatBuffer;)V' in 'com/szymc/localShaders/Shader')}
  0x000001922eea1064: 8bc8 48bf | 302f a94d | 9201 0000 | 4883 87e8 | 0000 0001 

  0x000001922eea1078: ;   {metadata(method data for {method} {0x000001924d43d660} 'get' '(Ljava/nio/FloatBuffer;)Ljava/nio/FloatBuffer;' in 'org/joml/Matrix4f')}
  0x000001922eea1078: 49b9 c00c | a94d 9201 | 0000 418b | b990 0000 | 0083 c702 | 4189 b990 | 0000 0081 | e7fe ff1f 
  0x000001922eea1098: 0085 ff0f | 84ac 3900 | 004c 8b8c | 24f8 0000 

  0x000001922eea10a8: ;   {metadata(method data for {method} {0x000001924d43d660} 'get' '(Ljava/nio/FloatBuffer;)Ljava/nio/FloatBuffer;' in 'org/joml/Matrix4f')}
  0x000001922eea10a8: 0048 bfc0 | 0ca9 4d92 | 0100 0045 | 8b49 0841 | ba00 0000 | 1f4d 03ca | 4c3b 8fe0 | 0000 0075 
  0x000001922eea10c8: 0d48 8387 | e800 0000 | 01e9 6000 | 0000 4c3b | 8ff0 0000 | 0075 0d48 | 8387 f800 | 0000 01e9 
  0x000001922eea10e8: 4a00 0000 | 4883 bfe0 | 0000 0000 | 7517 4c89 | 8fe0 0000 | 0048 c787 | e800 0000 | 0100 0000 
  0x000001922eea1108: e929 0000 | 0048 83bf | f000 0000 | 0075 174c | 898f f000 | 0000 48c7 | 87f8 0000 | 0001 0000 
  0x000001922eea1128: 00e9 0800 | 0000 4883 | 87d8 0000 | 0001 488b | 8c24 f800 | 0000 448b 

  0x000001922eea1140: ;   {oop(a 'org/joml/MemUtil$MemUtilUnsafe'{0x000000060d6abd38})}
  0x000001922eea1140: 4918 49bb | 38bd 6a0d | 0600 0000 

  0x000001922eea114c: ;   {metadata(method data for {method} {0x000001924d43d660} 'get' '(Ljava/nio/FloatBuffer;)Ljava/nio/FloatBuffer;' in 'org/joml/Matrix4f')}
  0x000001922eea114c: 498b fb48 | bac0 0ca9 | 4d92 0100 | 0048 8382 | 1801 0000 | 0148 8bf9 | 498b d34c | 899c 2438 
  0x000001922eea116c: 0200 0048 | 8984 2430 | 0200 0089 | 9c24 2802 

  0x000001922eea117c: ;   {optimized virtual_call}
  0x000001922eea117c: 0000 90e8 

  0x000001922eea1180: ; ImmutableOopMap {[216]=Oop [224]=Oop [248]=Oop [536]=Oop [560]=Oop [568]=Oop }
                      ;*invokevirtual put {reexecute=0 rethrow=0 return_oop=0}
                      ; - org.joml.Matrix4f::get@9 (line 3241)
                      ; - com.szymc.localShaders.Shader::setMatrix@4 (line 86)
                      ; - com.szymc.localShaders.WorldShader::setCamera@7 (line 38)
                      ; - com.szymc.voxel_engine.Engine::render@1263 (line 372)
  0x000001922eea1180: 5ce3 2407 

  0x000001922eea1184: ;   {post_call_nop}
  0x000001922eea1184: 0f1f 8400 | fc69 0065 

  0x000001922eea118c: ;   {metadata(method data for {method} {0x000001924d806220} 'setMatrix' '(ILorg/joml/Matrix4f;Ljava/nio/FloatBuffer;)V' in 'com/szymc/localShaders/Shader')}
  0x000001922eea118c: 48ba 302f | a94d 9201 | 0000 4883 | 8208 0100 

  0x000001922eea119c: ;   {metadata(method data for {method} {0x000001924d81c700} 'glUniformMatrix4fv' '(IZLjava/nio/FloatBuffer;)V' in 'org/lwjgl/opengl/GL20')}
  0x000001922eea119c: 0001 48ba | 5810 a94d | 9201 0000 | 448b 8290 | 0000 0041 | 83c0 0244 | 8982 9000 | 0000 4181 
  0x000001922eea11bc: e0fe ff1f | 0045 85c0 | 0f84 a438 

  0x000001922eea11c8: ;   {metadata(method data for {method} {0x000001924d81c700} 'glUniformMatrix4fv' '(IZLjava/nio/FloatBuffer;)V' in 'org/lwjgl/opengl/GL20')}
  0x000001922eea11c8: 0000 48ba | 5810 a94d | 9201 0000 | 4883 82d8 | 0000 0001 | 8b94 2428 | 0200 0041 | b800 0000 
  0x000001922eea11e8: 004c 8b8c | 24f8 0000 | 0066 0f1f 

  0x000001922eea11f4: ;   {static_call}
  0x000001922eea11f4: 4400 00e8 

  0x000001922eea11f8: ; ImmutableOopMap {[216]=Oop [224]=Oop [248]=Oop [536]=Oop [560]=Oop [568]=Oop }
                      ;*invokestatic glUniformMatrix4fv {reexecute=0 rethrow=0 return_oop=0}
                      ; - org.lwjgl.opengl.GL20::glUniformMatrix4fv@3 (line 791)
                      ; - com.szymc.localShaders.Shader::setMatrix@7 (line 86)
                      ; - com.szymc.localShaders.WorldShader::setCamera@7 (line 38)
                      ; - com.szymc.voxel_engine.Engine::render@1263 (line 372)
  0x000001922eea11f8: e4ec 2407 

  0x000001922eea11fc: ;   {post_call_nop}
  0x000001922eea11fc: 0f1f 8400 | 746a 0066 | 488b b424 | 1802 0000 

  0x000001922eea120c: ;   {metadata(method data for {method} {0x000001924d871160} 'setCamera' '(Lorg/joml/Matrix4f;Lorg/joml/Matrix4f;Ljava/nio/FloatBuffer;)V' in 'com/szymc/localShaders/WorldShader')}
  0x000001922eea120c: 8b5e 1449 | b860 c7a5 | 4d92 0100 | 008b 7608 | 41ba 0000 | 001f 4903 | f249 3bb0 | 1001 0000 
  0x000001922eea122c: 750d 4983 | 8018 0100 | 0001 e960 | 0000 0049 | 3bb0 2001 | 0000 750d | 4983 8028 | 0100 0001 
  0x000001922eea124c: e94a 0000 | 0049 83b8 | 1001 0000 | 0075 1749 | 89b0 1001 | 0000 49c7 | 8018 0100 | 0001 0000 
  0x000001922eea126c: 00e9 2900 | 0000 4983 | b820 0100 | 0000 7517 | 4989 b020 | 0100 0049 | c780 2801 | 0000 0100 
  0x000001922eea128c: 0000 e908 | 0000 0049 | 8380 0801 

  0x000001922eea1298: ;   {metadata(method data for {method} {0x000001924d806220} 'setMatrix' '(ILorg/joml/Matrix4f;Ljava/nio/FloatBuffer;)V' in 'com/szymc/localShaders/Shader')}
  0x000001922eea1298: 0000 0149 | b830 2fa9 | 4d92 0100 | 0045 8b88 | 9000 0000 | 4183 c102 | 4589 8890 | 0000 0041 
  0x000001922eea12b8: 81e1 feff | 1f00 4585 | c90f 84c8 | 3700 0048 | 8b84 2430 | 0200 0048 | 3b00 4c8b 

  0x000001922eea12d4: ;   {metadata(method data for {method} {0x000001924d806220} 'setMatrix' '(ILorg/joml/Matrix4f;Ljava/nio/FloatBuffer;)V' in 'com/szymc/localShaders/Shader')}
  0x000001922eea12d4: c049 b930 | 2fa9 4d92 | 0100 0049 | 8381 e800 

  0x000001922eea12e4: ;   {metadata(method data for {method} {0x000001924d43d660} 'get' '(Ljava/nio/FloatBuffer;)Ljava/nio/FloatBuffer;' in 'org/joml/Matrix4f')}
  0x000001922eea12e4: 0000 0149 | b8c0 0ca9 | 4d92 0100 | 0045 8b88 | 9000 0000 | 4183 c102 | 4589 8890 | 0000 0041 
  0x000001922eea1304: 81e1 feff | 1f00 4585 | c90f 84a2 | 3700 004c | 8b84 24f8 

  0x000001922eea1318: ;   {metadata(method data for {method} {0x000001924d43d660} 'get' '(Ljava/nio/FloatBuffer;)Ljava/nio/FloatBuffer;' in 'org/joml/Matrix4f')}
  0x000001922eea1318: 0000 0049 | b9c0 0ca9 | 4d92 0100 | 0045 8b40 | 0841 ba00 | 0000 1f4d | 03c2 4d3b | 81e0 0000 
  0x000001922eea1338: 0075 0d49 | 8381 e800 | 0000 01e9 | 6000 0000 | 4d3b 81f0 | 0000 0075 | 0d49 8381 | f800 0000 
  0x000001922eea1358: 01e9 4a00 | 0000 4983 | b9e0 0000 | 0000 7517 | 4d89 81e0 | 0000 0049 | c781 e800 | 0000 0100 
  0x000001922eea1378: 0000 e929 | 0000 0049 | 83b9 f000 | 0000 0075 | 174d 8981 | f000 0000 | 49c7 81f8 | 0000 0001 
  0x000001922eea1398: 0000 00e9 | 0800 0000 | 4983 81d8 | 0000 0001 | 488b b424 | f800 0000 | 448b 4e18 | 4c8b 9c24 
  0x000001922eea13b8: 3802 0000 

  0x000001922eea13bc: ;   {metadata(method data for {method} {0x000001924d43d660} 'get' '(Ljava/nio/FloatBuffer;)Ljava/nio/FloatBuffer;' in 'org/joml/Matrix4f')}
  0x000001922eea13bc: 49b8 c00c | a94d 9201 | 0000 4983 | 8018 0100 | 0001 4c8b | c048 8bfe | 488b 9424 | 3802 0000 
  0x000001922eea13dc: 899c 242c | 0200 000f 

  0x000001922eea13e4: ;   {optimized virtual_call}
  0x000001922eea13e4: 1f40 00e8 

  0x000001922eea13e8: ; ImmutableOopMap {[216]=Oop [224]=Oop [248]=Oop }
                      ;*invokevirtual put {reexecute=0 rethrow=0 return_oop=0}
                      ; - org.joml.Matrix4f::get@9 (line 3241)
                      ; - com.szymc.localShaders.Shader::setMatrix@4 (line 86)
                      ; - com.szymc.localShaders.WorldShader::setCamera@17 (line 39)
                      ; - com.szymc.voxel_engine.Engine::render@1263 (line 372)
  0x000001922eea13e8: f4e0 2407 

  0x000001922eea13ec: ;   {post_call_nop}
  0x000001922eea13ec: 0f1f 8400 | 646c 0067 

  0x000001922eea13f4: ;   {metadata(method data for {method} {0x000001924d806220} 'setMatrix' '(ILorg/joml/Matrix4f;Ljava/nio/FloatBuffer;)V' in 'com/szymc/localShaders/Shader')}
  0x000001922eea13f4: 48ba 302f | a94d 9201 | 0000 4883 | 8208 0100 

  0x000001922eea1404: ;   {metadata(method data for {method} {0x000001924d81c700} 'glUniformMatrix4fv' '(IZLjava/nio/FloatBuffer;)V' in 'org/lwjgl/opengl/GL20')}
  0x000001922eea1404: 0001 48ba | 5810 a94d | 9201 0000 | 448b 8290 | 0000 0041 | 83c0 0244 | 8982 9000 | 0000 4181 
  0x000001922eea1424: e0fe ff1f | 0045 85c0 | 0f84 a436 

  0x000001922eea1430: ;   {metadata(method data for {method} {0x000001924d81c700} 'glUniformMatrix4fv' '(IZLjava/nio/FloatBuffer;)V' in 'org/lwjgl/opengl/GL20')}
  0x000001922eea1430: 0000 48ba | 5810 a94d | 9201 0000 | 4883 82d8 | 0000 0001 | 8b94 242c | 0200 0041 | b800 0000 
  0x000001922eea1450: 004c 8b8c | 24f8 0000 | 0066 0f1f 

  0x000001922eea145c: ;   {static_call}
  0x000001922eea145c: 4400 00e8 

  0x000001922eea1460: ; ImmutableOopMap {[216]=Oop [224]=Oop }
                      ;*invokestatic glUniformMatrix4fv {reexecute=0 rethrow=0 return_oop=0}
                      ; - org.lwjgl.opengl.GL20::glUniformMatrix4fv@3 (line 791)
                      ; - com.szymc.localShaders.Shader::setMatrix@7 (line 86)
                      ; - com.szymc.localShaders.WorldShader::setCamera@17 (line 39)
                      ; - com.szymc.voxel_engine.Engine::render@1263 (line 372)
  0x000001922eea1460: 7cea 2407 

  0x000001922eea1464: ;   {post_call_nop}
  0x000001922eea1464: 0f1f 8400 | dc6c 0068 | 488b 9424 | d800 0000 | 8b72 2448 | c1e6 0348 

  0x000001922eea147c: ;   {metadata(method data for {method} {0x000001924d802c40} 'render' '()V' in 'com/szymc/voxel_engine/Engine')}
  0x000001922eea147c: 3b06 48bf | 903f aa4d | 9201 0000 | 8b76 0841 | ba00 0000 | 1f49 03f2 | 483b b740 | 1800 0075 
  0x000001922eea149c: 0d48 8387 | 4818 0000 | 01e9 6000 | 0000 483b | b750 1800 | 0075 0d48 | 8387 5818 | 0000 01e9 
  0x000001922eea14bc: 4a00 0000 | 4883 bf40 | 1800 0000 | 7517 4889 | b740 1800 | 0048 c787 | 4818 0000 | 0100 0000 
  0x000001922eea14dc: e929 0000 | 0048 83bf | 5018 0000 | 0075 1748 | 89b7 5018 | 0000 48c7 | 8758 1800 | 0001 0000 
  0x000001922eea14fc: 00e9 0800 | 0000 4883 | 8738 1800 

  0x000001922eea1508: ;   {metadata(method data for {method} {0x000001924d806148} 'stop' '()V' in 'com/szymc/localShaders/Shader')}
  0x000001922eea1508: 0001 48be | 48a9 7a4d | 9201 0000 | 8bbe 9000 | 0000 83c7 | 0289 be90 | 0000 0081 | e7fe ff1f 
  0x000001922eea1528: 0085 ff0f | 84cb 3500 

  0x000001922eea1530: ;   {metadata(method data for {method} {0x000001924d806148} 'stop' '()V' in 'com/szymc/localShaders/Shader')}
  0x000001922eea1530: 0048 be48 | a97a 4d92 | 0100 0048 | 8386 d800 

  0x000001922eea1540: ;   {metadata(method data for {method} {0x000001924d81ab68} 'glUseProgram' '(I)V' in 'org/lwjgl/opengl/GL20')}
  0x000001922eea1540: 0000 0148 | be30 faa8 | 4d92 0100 | 008b be90 | 0000 0083 | c702 89be | 9000 0000 | 81e7 feff 
  0x000001922eea1560: 1f00 85ff | 0f84 b335 

  0x000001922eea1568: ;   {metadata(method data for {method} {0x000001924d81ab68} 'glUseProgram' '(I)V' in 'org/lwjgl/opengl/GL20')}
  0x000001922eea1568: 0000 48be | 30fa a84d | 9201 0000 | 4883 86d8 | 0000 0001 | ba00 0000 | 0066 0f1f 

  0x000001922eea1584: ;   {static_call}
  0x000001922eea1584: 4400 00e8 

  0x000001922eea1588: ; ImmutableOopMap {[216]=Oop [224]=Oop }
                      ;*invokestatic glUseProgram {reexecute=0 rethrow=0 return_oop=0}
                      ; - org.lwjgl.opengl.GL20::glUseProgram@1 (line 398)
                      ; - com.szymc.localShaders.Shader::stop@1 (line 82)
                      ; - com.szymc.voxel_engine.Engine::render@1270 (line 375)
  0x000001922eea1588: 0479 9b07 

  0x000001922eea158c: ;   {post_call_nop}
  0x000001922eea158c: 0f1f 8400 | 046e 0069 | 488b 9424 | d800 0000 | 8b72 4048 | c1e6 0348 | 3b06 4c8b 

  0x000001922eea15a8: ;   {metadata(method data for {method} {0x000001924d802c40} 'render' '()V' in 'com/szymc/voxel_engine/Engine')}
  0x000001922eea15a8: c649 b990 | 3faa 4d92 

  0x000001922eea15b0: ;   {metadata('com/szymc/voxel_engine/UIRenderer')}
  0x000001922eea15b0: 0100 0049 | ba20 3609 | 2000 0000 | 004d 8991 | 7018 0000 | 4983 8178 | 1800 0001 | 41b8 4006 
  0x000001922eea15d0: 0000 41b9 | 8403 0000 | 488b d60f 

  0x000001922eea15dc: ;   {optimized virtual_call}
  0x000001922eea15dc: 1f40 00e8 

  0x000001922eea15e0: ; ImmutableOopMap {[216]=Oop [224]=Oop }
                      ;*invokevirtual beginUiRendering {reexecute=0 rethrow=0 return_oop=0}
                      ; - com.szymc.voxel_engine.Engine::render@1283 (line 377)
  0x000001922eea15e0: bce5 dcff 

  0x000001922eea15e4: ;   {post_call_nop}
  0x000001922eea15e4: 0f1f 8400 | 5c6e 006a | 488b 9424 | d800 0000 | 8b72 4048 | c1e6 0344 | 8b42 0c48 | 3b06 488b 
  0x000001922eea1604: ;   {metadata(method data for {method} {0x000001924d802c40} 'render' '()V' in 'com/szymc/voxel_engine/Engine')}
  0x000001922eea1604: fe48 bb90 | 3faa 4d92 

  0x000001922eea160c: ;   {metadata('com/szymc/voxel_engine/UIRenderer')}
  0x000001922eea160c: 0100 0049 | ba20 3609 | 2000 0000 | 004c 8993 | a018 0000 | 4883 83a8 | 1800 0001 

  0x000001922eea1628: ;   {section_word}
  0x000001922eea1628: c5fa 1005 | 7c92 ffff 

  0x000001922eea1630: ;   {section_word}
  0x000001922eea1630: c5fa 100d | 7892 ffff 

  0x000001922eea1638: ;   {section_word}
  0x000001922eea1638: c5fa 1015 | 7492 ffff 

  0x000001922eea1640: ;   {section_word}
  0x000001922eea1640: c5fa 101d | 7092 ffff | 488b d60f 

  0x000001922eea164c: ;   {optimized virtual_call}
  0x000001922eea164c: 1f40 00e8 

  0x000001922eea1650: ; ImmutableOopMap {[216]=Oop [224]=Oop }
                      ;*invokevirtual drawTexture {reexecute=0 rethrow=0 return_oop=0}
                      ; - com.szymc.voxel_engine.Engine::render@1314 (line 381)
  0x000001922eea1650: ec5c 0200 

  0x000001922eea1654: ;   {post_call_nop}
  0x000001922eea1654: 0f1f 8400 | cc6e 006b 

  0x000001922eea165c: ;   {section_word}
  0x000001922eea165c: c5fa 1005 | 5892 ffff 

  0x000001922eea1664: ;   {section_word}
  0x000001922eea1664: c5fa 5905 | 5492 ffff 

  0x000001922eea166c: ;   {section_word}
  0x000001922eea166c: c5fa 100d | 5092 ffff | c5f2 5cc8 | c5fa 2cf1 | 81fe 0000 | 0080 750f | 4883 ec08 | c5fa 110c 
  0x000001922eea168c: ;   {runtime_call Stub::Stub Generator f2i_fixup_stub}
  0x000001922eea168c: 24e8 3e03 | 2007 5e89 | b424 4002 | 0000 488b | 9424 d800 | 0000 8b7a | 4048 c1e7 | 0348 8bde 
  0x000001922eea16ac: 83eb 0289 | 9c24 4402 | 0000 c53a | 2ac3 c57a | 1184 24e0 | 0200 0048 | 3b07 488b 

  0x000001922eea16c8: ;   {metadata(method data for {method} {0x000001924d802c40} 'render' '()V' in 'com/szymc/voxel_engine/Engine')}
  0x000001922eea16c8: c748 b990 | 3faa 4d92 

  0x000001922eea16d0: ;   {metadata('com/szymc/voxel_engine/UIRenderer')}
  0x000001922eea16d0: 0100 0049 | ba20 3609 | 2000 0000 | 004c 8991 | d018 0000 | 4883 81d8 | 1800 0001 | c4c1 7828 
  0x000001922eea16f0: ;   {section_word}
  0x000001922eea16f0: c0c5 fa10 | 0dcf 91ff 

  0x000001922eea16f8: ;   {section_word}
  0x000001922eea16f8: ffc5 fa10 | 15cb 91ff 

  0x000001922eea1700: ;   {section_word}
  0x000001922eea1700: ffc5 fa10 | 1dc7 91ff 

  0x000001922eea1708: ;   {section_word}
  0x000001922eea1708: ffc5 fa10 | 25c3 91ff 

  0x000001922eea1710: ;   {section_word}
  0x000001922eea1710: ffc5 fa10 | 2dbf 91ff 

  0x000001922eea1718: ;   {section_word}
  0x000001922eea1718: ffc5 fa10 | 35bb 91ff 

  0x000001922eea1720: ;   {section_word}
  0x000001922eea1720: ffc5 fa10 | 3db7 91ff | ff48 8bd7 

  0x000001922eea172c: ;   {optimized virtual_call}
  0x000001922eea172c: 6666 90e8 

  0x000001922eea1730: ; ImmutableOopMap {[216]=Oop [224]=Oop }
                      ;*invokevirtual drawRect {reexecute=0 rethrow=0 return_oop=0}
                      ; - com.szymc.voxel_engine.Engine::render@1372 (line 384)
  0x000001922eea1730: 5cc2 a307 

  0x000001922eea1734: ;   {post_call_nop}
  0x000001922eea1734: 0f1f 8400 | ac6f 006c | 488b 9424 | d800 0000 | 8b72 3048 | c1e6 0348 | 3b06 488b 

  0x000001922eea1750: ;   {metadata(method data for {method} {0x000001924d802c40} 'render' '()V' in 'com/szymc/voxel_engine/Engine')}
  0x000001922eea1750: fe48 bb90 | 3faa 4d92 

  0x000001922eea1758: ;   {metadata('com/szymc/voxel_engine/PlayerCharacter')}
  0x000001922eea1758: 0100 0049 | baf8 d009 | 2000 0000 | 004c 8993 | 0019 0000 | 4883 8308 | 1900 0001 | 8b76 4048 
  0x000001922eea1778: c1e6 0348 | 89b4 2448 | 0200 00bf | 0000 0000 | 8bb4 2440 | 0200 0090 

  0x000001922eea1790: ;   {metadata(method data for {method} {0x000001924d802c40} 'render' '()V' in 'com/szymc/voxel_engine/Engine')}
  0x000001922eea1790: 83ff 0948 | b890 3faa | 4d92 0100 | 00b9 2819 | 0000 7d05 | b938 1900 | 004c 8b04 | 084d 8d40 
  0x000001922eea17b0: 014c 8904 | 080f 8d12 | 0200 008b | 4230 48c1 | e003 8b40 

  0x000001922eea17c4: ;   {metadata(method data for {method} {0x000001924d802c40} 'render' '()V' in 'com/szymc/voxel_engine/Engine')}
  0x000001922eea17c4: 1c3b c748 | b890 3faa | 4d92 0100 | 00b9 4819 | 0000 7505 | b958 1900 | 004c 8b04 | 084d 8d40 
  0x000001922eea17e4: 014c 8904 | 080f 851d 

  0x000001922eea17ec: ;   {metadata(method data for {method} {0x000001924d802c40} 'render' '()V' in 'com/szymc/voxel_engine/Engine')}
  0x000001922eea17ec: 0000 0048 | b890 3faa | 4d92 0100 | 00ff 8068 

  0x000001922eea17fc: ;   {section_word}
  0x000001922eea17fc: 1900 00c5 | fa10 35dd | 90ff ffe9 | 0800 0000 

  0x000001922eea180c: ;   {section_word}
  0x000001922eea180c: c5fa 1035 | d490 ffff | 8b42 4048 | c1e0 0348 | 8bcf c1e1 | 0603 ce48 | 3b00 4c8b 

  0x000001922eea1828: ;   {metadata(method data for {method} {0x000001924d802c40} 'render' '()V' in 'com/szymc/voxel_engine/Engine')}
  0x000001922eea1828: c049 b990 | 3faa 4d92 

  0x000001922eea1830: ;   {metadata('com/szymc/voxel_engine/UIRenderer')}
  0x000001922eea1830: 0100 0049 | ba20 3609 | 2000 0000 | 004d 8991 | 8819 0000 | 4983 8190 | 1900 0001 | 4c8b c141 
  0x000001922eea1850: 83c0 02c4 | c17a 2ac0 | 41b8 4000 | 0000 4183 | e804 c4c1 

  0x000001922eea1864: ;   {section_word}
  0x000001922eea1864: 622a d8c5 | fa10 0d7d | 90ff ffc5 | f828 d3c5 | f828 e6c5 

  0x000001922eea1878: ;   {section_word}
  0x000001922eea1878: f828 eec5 | fa10 3d6d | 90ff ff48 | 8bd0 898c | 2454 0200 | 0089 bc24 | 5002 0000 

  0x000001922eea1894: ;   {optimized virtual_call}
  0x000001922eea1894: 6666 90e8 

  0x000001922eea1898: ; ImmutableOopMap {[216]=Oop [224]=Oop [584]=Oop }
                      ;*invokevirtual drawRect {reexecute=0 rethrow=0 return_oop=0}
                      ; - com.szymc.voxel_engine.Engine::render@1454 (line 389)
  0x000001922eea1898: f4c0 a307 

  0x000001922eea189c: ;   {post_call_nop}
  0x000001922eea189c: 0f1f 8400 | 1471 006d | 488b b424 | 4802 0000 | 8bbc 2450 | 0200 003b | 7e0c 0f83 | aa32 0000 
  0x000001922eea18bc: 4c63 c746 | 0fbe 4406 | 1045 85c0 

  0x000001922eea18c8: ;   {metadata(method data for {method} {0x000001924d802c40} 'render' '()V' in 'com/szymc/voxel_engine/Engine')}
  0x000001922eea18c8: 48ba 903f | aa4d 9201 | 0000 bbc0 | 1900 0075 | 05bb b019 | 0000 488b | 041a 488d | 4001 4889 
  0x000001922eea18e8: 041a 0f85 | 0c00 0000 | 89bc 2450 | 0200 00e9 | 7000 0000 | 8b8c 2454 | 0200 0089 | bc24 5002 
  0x000001922eea1908: 0000 488b | 9424 d800 | 0000 8b5a | 4048 c1e3 | 0348 3b03 

  0x000001922eea191c: ;   {metadata(method data for {method} {0x000001924d802c40} 'render' '()V' in 'com/szymc/voxel_engine/Engine')}
  0x000001922eea191c: 488b c349 | b990 3faa | 4d92 0100 

  0x000001922eea1928: ;   {metadata('com/szymc/voxel_engine/UIRenderer')}
  0x000001922eea1928: 0049 ba20 | 3609 2000 | 0000 004d | 8991 d819 | 0000 4983 | 81e0 1900 | 0001 c5fa | 2ac1 b840 
  0x000001922eea1948: 0000 00c5 

  0x000001922eea194c: ;   {section_word}
  0x000001922eea194c: e22a d8c5 | fa10 0d9d | 8fff ffc5 | f828 d348 

  0x000001922eea195c: ;   {optimized virtual_call}
  0x000001922eea195c: 8bd3 90e8 

  0x000001922eea1960: ; ImmutableOopMap {[216]=Oop [224]=Oop [584]=Oop }
                      ;*invokevirtual drawIcon {reexecute=0 rethrow=0 return_oop=0}
                      ; - com.szymc.voxel_engine.Engine::render@1493 (line 391)
  0x000001922eea1960: fcbc ebff 

  0x000001922eea1964: ;   {post_call_nop}
  0x000001922eea1964: 0f1f 8400 | dc71 006e | 8bbc 2450 | 0200 00ff 

  0x000001922eea1974: ;   {metadata(method data for {method} {0x000001924d802c40} 'render' '()V' in 'com/szymc/voxel_engine/Engine')}
  0x000001922eea1974: c749 b890 | 3faa 4d92 | 0100 0045 | 8b88 9400 | 0000 4183 | c102 4589 | 8894 0000 | 0041 81e1 
  0x000001922eea1994: fe3f 0000 | 4585 c90f | 84d8 3100 | 004d 8b57 

  0x000001922eea19a4: ; ImmutableOopMap {[216]=Oop [224]=Oop [584]=Oop }
                      ;*goto {reexecute=1 rethrow=0 return_oop=0}
                      ; - (reexecute) com.szymc.voxel_engine.Engine::render@1499 (line 387)
                      ;   {poll}
  0x000001922eea19a4: 3041 8502 

  0x000001922eea19a8: ;   {metadata(method data for {method} {0x000001924d802c40} 'render' '()V' in 'com/szymc/voxel_engine/Engine')}
  0x000001922eea19a8: 49b8 903f | aa4d 9201 | 0000 41ff | 8000 1a00 | 008b b424 | 4002 0000 | 488b 9424 | d800 0000 
  0x000001922eea19c8: e9c3 fdff | ff8b 7240 | 48c1 e603 

  0x000001922eea19d4: ; implicit exception: dispatches to 0x000001922eea4b9a
  0x000001922eea19d4: 483b 064c 

  0x000001922eea19d8: ;   {metadata(method data for {method} {0x000001924d802c40} 'render' '()V' in 'com/szymc/voxel_engine/Engine')}
  0x000001922eea19d8: 8bc6 49b9 | 903f aa4d | 9201 0000 

  0x000001922eea19e4: ;   {metadata('com/szymc/voxel_engine/UIRenderer')}
  0x000001922eea19e4: 49ba 2036 | 0920 0000 | 0000 4d89 | 9120 1a00 | 0049 8381 | 281a 0000 | 0141 b840 | 0600 0041 
  0x000001922eea1a04: b984 0300 | 0048 8bd6 

  0x000001922eea1a0c: ;   {optimized virtual_call}
  0x000001922eea1a0c: 6666 90e8 

  0x000001922eea1a10: ; ImmutableOopMap {[216]=Oop [224]=Oop [584]=Oop }
                      ;*invokevirtual beginTextRendering {reexecute=0 rethrow=0 return_oop=0}
                      ; - com.szymc.voxel_engine.Engine::render@1512 (line 394)
  0x000001922eea1a10: 0c1a dfff 

  0x000001922eea1a14: ;   {post_call_nop}
  0x000001922eea1a14: 0f1f 8400 | 8c72 0070 | be00 0000 | 00e9 2702 | 0000 6690 | 8b7a 3048 | c1e7 0348 | 3b07 488b 
  0x000001922eea1a34: ;   {metadata(method data for {method} {0x000001924d802c40} 'render' '()V' in 'com/szymc/voxel_engine/Engine')}
  0x000001922eea1a34: df48 b890 | 3faa 4d92 

  0x000001922eea1a3c: ;   {metadata('com/szymc/voxel_engine/PlayerCharacter')}
  0x000001922eea1a3c: 0100 0049 | baf8 d009 | 2000 0000 | 004c 8990 | 701a 0000 | 4883 8078 | 1a00 0001 

  0x000001922eea1a58: ;   {metadata(method data for {method} {0x000001924da3b918} 'readInventoryType' '(B)B' in 'com/szymc/voxel_engine/PlayerCharacter')}
  0x000001922eea1a58: 48bb 6818 | a94d 9201 | 0000 8b83 | 9000 0000 | 83c0 0289 | 8390 0000 | 0025 feff | 1f00 85c0 
  0x000001922eea1a78: 0f84 2631 | 0000 8b5f | 4048 c1e3 | 033b 730c | 0f83 4131 | 0000 4863 | c60f be5c | 0310 c1e3 
  0x000001922eea1a98: 18c1 fb18 

  0x000001922eea1a9c: ;   {metadata(method data for {method} {0x000001924d802c40} 'render' '()V' in 'com/szymc/voxel_engine/Engine')}
  0x000001922eea1a9c: 85db 48bb | 903f aa4d | 9201 0000 | b8a8 1a00 | 0075 05b8 | 981a 0000 | 488b 0c03 | 488d 4901 
  0x000001922eea1abc: 4889 0c03 | 0f85 0c00 | 0000 89b4 | 2460 0200 | 00e9 2a01 | 0000 8b5a | 4048 c1e3 | 0348 8bc7 
  0x000001922eea1adc: ;   {metadata(method data for {method} {0x000001924d802c40} 'render' '()V' in 'com/szymc/voxel_engine/Engine')}
  0x000001922eea1adc: 48b9 903f | aa4d 9201 

  0x000001922eea1ae4: ;   {metadata('com/szymc/voxel_engine/PlayerCharacter')}
  0x000001922eea1ae4: 0000 49ba | f8d0 0920 | 0000 0000 | 4c89 91c0 | 1a00 0048 | 8381 c81a 

  0x000001922eea1afc: ;   {metadata(method data for {method} {0x000001924da3b9d0} 'readInventoryAmount' '(B)B' in 'com/szymc/voxel_engine/PlayerCharacter')}
  0x000001922eea1afc: 0000 0148 | b8f8 b3a5 | 4d92 0100 | 008b 8890 | 0000 0083 | c102 8988 | 9000 0000 | 81e1 feff 
  0x000001922eea1b1c: 1f00 85c9 | 0f84 b730 | 0000 8b7f | 3c48 c1e7 | 033b 770c | 0f83 d230 | 0000 4863 | c60f be7c 
  0x000001922eea1b3c: ;   {metadata(method data for {method} {0x000001924d802c40} 'render' '()V' in 'com/szymc/voxel_engine/Engine')}
  0x000001922eea1b3c: 0710 48b8 | 903f aa4d | 9201 0000 | 4883 80e8 | 1a00 0001 | c1e7 18c1 | ff18 488b | d789 b424 
  0x000001922eea1b5c: 6002 0000 | 4889 9c24 | 5802 0000 | 0f1f 8000 

  0x000001922eea1b6c: ;   {static_call}
  0x000001922eea1b6c: 0000 00e8 

  0x000001922eea1b70: ; ImmutableOopMap {[216]=Oop [224]=Oop [584]=Oop [600]=Oop }
                      ;*invokestatic toString {reexecute=0 rethrow=0 return_oop=0}
                      ; - com.szymc.voxel_engine.Engine::render@1550 (line 397)
  0x000001922eea1b70: 8c2c e7ff 

  0x000001922eea1b74: ;   {post_call_nop}
  0x000001922eea1b74: 0f1f 8400 | ec73 0071 | 488b 9c24 | 5802 0000 

  0x000001922eea1b84: ; implicit exception: dispatches to 0x000001922eea4c16
  0x000001922eea1b84: 483b 034c 

  0x000001922eea1b88: ;   {metadata(method data for {method} {0x000001924d802c40} 'render' '()V' in 'com/szymc/voxel_engine/Engine')}
  0x000001922eea1b88: 8bc3 49b9 | 903f aa4d | 9201 0000 

  0x000001922eea1b94: ;   {metadata('com/szymc/voxel_engine/UIRenderer')}
  0x000001922eea1b94: 49ba 2036 | 0920 0000 | 0000 4d89 | 9100 1b00 | 0049 8381 | 081b 0000 | 018b b424 | 6002 0000 
  0x000001922eea1bb4: c1e6 0603 | b424 4002 | 0000 41b8 | 4000 0000 | 4183 e804 | 4103 f041 | b840 0000 | 0049 8bf8 
  0x000001922eea1bd4: 81c7 3003 | 0000 4c8b | c04c 8bce 

  0x000001922eea1be0: ;   {oop(a 'com/szymc/voxel_engine/UIRenderer$TextAlignment'{0x000000060d697bb8})}
  0x000001922eea1be0: 48be b87b | 690d 0600 | 0000 488b 

  0x000001922eea1bec: ;   {optimized virtual_call}
  0x000001922eea1bec: d366 90e8 

  0x000001922eea1bf0: ; ImmutableOopMap {[216]=Oop [224]=Oop [584]=Oop }
                      ;*invokevirtual renderFont {reexecute=0 rethrow=0 return_oop=0}
                      ; - com.szymc.voxel_engine.Engine::render@1575 (line 397)
  0x000001922eea1bf0: 4c5f fcff 

  0x000001922eea1bf4: ;   {post_call_nop}
  0x000001922eea1bf4: 0f1f 8400 | 6c74 0072 | 8bb4 2460 | 0200 00ff | c640 0fbe 

  0x000001922eea1c08: ;   {metadata(method data for {method} {0x000001924d802c40} 'render' '()V' in 'com/szymc/voxel_engine/Engine')}
  0x000001922eea1c08: f649 b890 | 3faa 4d92 | 0100 0045 | 8b88 9400 | 0000 4183 | c102 4589 | 8894 0000 | 0041 81e1 
  0x000001922eea1c28: fe3f 0000 | 4585 c90f | 84e6 2f00 | 004d 8b57 

  0x000001922eea1c38: ; ImmutableOopMap {[216]=Oop [224]=Oop [584]=Oop }
                      ;*goto {reexecute=1 rethrow=0 return_oop=0}
                      ; - (reexecute) com.szymc.voxel_engine.Engine::render@1585 (line 395)
                      ;   {poll}
  0x000001922eea1c38: 3041 8502 

  0x000001922eea1c3c: ;   {metadata(method data for {method} {0x000001924d802c40} 'render' '()V' in 'com/szymc/voxel_engine/Engine')}
  0x000001922eea1c3c: 49b8 903f | aa4d 9201 | 0000 41ff | 8028 1b00 | 0048 8b94 | 24d8 0000 | 0083 fe09 

  0x000001922eea1c58: ;   {metadata(method data for {method} {0x000001924d802c40} 'render' '()V' in 'com/szymc/voxel_engine/Engine')}
  0x000001922eea1c58: 48bf 903f | aa4d 9201 | 0000 bb58 | 1a00 007c | 05bb 481a | 0000 488b | 041f 488d | 4001 4889 
  0x000001922eea1c78: 041f 0f8c | a8fd ffff | 448b 4230 | 49c1 e003 

  0x000001922eea1c88: ; implicit exception: dispatches to 0x000001922eea4c3c
  0x000001922eea1c88: 493b 004d 

  0x000001922eea1c8c: ;   {metadata(method data for {method} {0x000001924d802c40} 'render' '()V' in 'com/szymc/voxel_engine/Engine')}
  0x000001922eea1c8c: 8bc8 48be | 903f aa4d | 9201 0000 

  0x000001922eea1c98: ;   {metadata('com/szymc/voxel_engine/PlayerCharacter')}
  0x000001922eea1c98: 49ba f8d0 | 0920 0000 | 0000 4c89 | 9648 1b00 | 0048 8386 | 501b 0000 | 0145 0fbe | 4024 4183 
  0x000001922eea1cb8: e001 4585 

  0x000001922eea1cbc: ;   {metadata(method data for {method} {0x000001924d802c40} 'render' '()V' in 'com/szymc/voxel_engine/Engine')}
  0x000001922eea1cbc: c049 b890 | 3faa 4d92 | 0100 0041 | b970 1b00 | 0074 0641 | b980 1b00 | 004b 8b34 | 0848 8d76 
  0x000001922eea1cdc: 014b 8934 | 080f 8445 | 1100 008b | 7240 48c1 | e603 483b | 064c 8bc6 

  0x000001922eea1cf4: ;   {metadata(method data for {method} {0x000001924d802c40} 'render' '()V' in 'com/szymc/voxel_engine/Engine')}
  0x000001922eea1cf4: 49b9 903f | aa4d 9201 

  0x000001922eea1cfc: ;   {metadata('com/szymc/voxel_engine/UIRenderer')}
  0x000001922eea1cfc: 0000 49ba | 2036 0920 | 0000 0000 | 4d89 9198 | 1b00 0049 | 8381 a01b | 0000 0141 | b840 0600 
  0x000001922eea1d1c: 0041 b984 | 0300 0048 

  0x000001922eea1d24: ;   {optimized virtual_call}
  0x000001922eea1d24: 8bd6 90e8 

  0x000001922eea1d28: ; ImmutableOopMap {[216]=Oop [224]=Oop [584]=Oop }
                      ;*invokevirtual beginUiRendering {reexecute=0 rethrow=0 return_oop=0}
                      ; - com.szymc.voxel_engine.Engine::render@1608 (line 404)
  0x000001922eea1d28: 74de dcff 

  0x000001922eea1d2c: ;   {post_call_nop}
  0x000001922eea1d2c: 0f1f 8400 | a475 0074 | ba40 0000 | 00c1 e202 | 488b f283 | c602 81c6 | 0e01 0000 | c5fa 2ac6 
  0x000001922eea1d4c: ;   {section_word}
  0x000001922eea1d4c: c5fa 5e05 | a48b ffff 

  0x000001922eea1d54: ;   {section_word}
  0x000001922eea1d54: c5fa 100d | a08b ffff | c5f2 5cc8 | c5fa 118c | 24e4 0200 | 0048 8bb4 | 24d8 0000 | 008b 7e40 
  0x000001922eea1d74: 48c1 e703 

  0x000001922eea1d78: ; implicit exception: dispatches to 0x000001922eea4c46
  0x000001922eea1d78: 483b 0748 

  0x000001922eea1d7c: ;   {metadata(method data for {method} {0x000001924d802c40} 'render' '()V' in 'com/szymc/voxel_engine/Engine')}
  0x000001922eea1d7c: 8bdf 48b8 | 903f aa4d | 9201 0000 

  0x000001922eea1d88: ;   {metadata('com/szymc/voxel_engine/UIRenderer')}
  0x000001922eea1d88: 49ba 2036 | 0920 0000 | 0000 4c89 | 90c8 1b00 | 0048 8380 | d01b 0000 

  0x000001922eea1da0: ;   {section_word}
  0x000001922eea1da0: 01c5 fa10 | 0557 8bff 

  0x000001922eea1da8: ;   {section_word}
  0x000001922eea1da8: ffc5 fa10 | 0d53 8bff 

  0x000001922eea1db0: ;   {section_word}
  0x000001922eea1db0: ffc5 fa10 | 154f 8bff 

  0x000001922eea1db8: ;   {section_word}
  0x000001922eea1db8: ffc5 fa10 | 1d4b 8bff 

  0x000001922eea1dc0: ;   {section_word}
  0x000001922eea1dc0: ffc5 fa10 | 2547 8bff 

  0x000001922eea1dc8: ;   {section_word}
  0x000001922eea1dc8: ffc5 fa10 | 2d43 8bff 

  0x000001922eea1dd0: ;   {section_word}
  0x000001922eea1dd0: ffc5 fa10 | 353f 8bff 

  0x000001922eea1dd8: ;   {section_word}
  0x000001922eea1dd8: ffc5 fa10 | 3d3b 8bff | ff89 9424 | 6402 0000 | 488b d70f 

  0x000001922eea1dec: ;   {optimized virtual_call}
  0x000001922eea1dec: 1f40 00e8 

  0x000001922eea1df0: ; ImmutableOopMap {[216]=Oop [224]=Oop [584]=Oop }
                      ;*invokevirtual drawRect {reexecute=0 rethrow=0 return_oop=0}
                      ; - com.szymc.voxel_engine.Engine::render@1656 (line 409)
  0x000001922eea1df0: 9cbb a307 

  0x000001922eea1df4: ;   {post_call_nop}
  0x000001922eea1df4: 0f1f 8400 | 6c76 0075 | 488b 9424 | d800 0000 | 8b72 4048 | c1e6 03bf | 4000 0000 | 488b dfc1 
  0x000001922eea1e14: e703 03fb | 83c7 0489 | bc24 6802 | 0000 483b | 0648 8bde 

  0x000001922eea1e28: ;   {metadata(method data for {method} {0x000001924d802c40} 'render' '()V' in 'com/szymc/voxel_engine/Engine')}
  0x000001922eea1e28: 48b8 903f | aa4d 9201 

  0x000001922eea1e30: ;   {metadata('com/szymc/voxel_engine/UIRenderer')}
  0x000001922eea1e30: 0000 49ba | 2036 0920 | 0000 0000 | 4c89 90f8 | 1b00 0048 | 8380 001c | 0000 01c5 | fa10 8c24 
  0x000001922eea1e50: e402 0000 

  0x000001922eea1e54: ;   {section_word}
  0x000001922eea1e54: c5f2 5c0d | c48a ffff | c5ea 2ad7 | 8b9c 2464 | 0200 0083 | c304 83c3 | 0c81 c30e | 0100 00c5 
  0x000001922eea1e74: e22a dbc5 | fa10 8424 | e002 0000 

  0x000001922eea1e80: ;   {section_word}
  0x000001922eea1e80: c5fa 1025 | 9c8a ffff 

  0x000001922eea1e88: ;   {section_word}
  0x000001922eea1e88: c5fa 102d | 988a ffff 

  0x000001922eea1e90: ;   {section_word}
  0x000001922eea1e90: c5fa 1035 | 948a ffff 

  0x000001922eea1e98: ;   {section_word}
  0x000001922eea1e98: c5fa 103d | 908a ffff | 488b d60f 

  0x000001922eea1ea4: ;   {optimized virtual_call}
  0x000001922eea1ea4: 1f40 00e8 

  0x000001922eea1ea8: ; ImmutableOopMap {[216]=Oop [224]=Oop [584]=Oop }
                      ;*invokevirtual drawRect {reexecute=0 rethrow=0 return_oop=0}
                      ; - com.szymc.voxel_engine.Engine::render@1703 (line 410)
  0x000001922eea1ea8: e4ba a307 

  0x000001922eea1eac: ;   {post_call_nop}
  0x000001922eea1eac: 0f1f 8400 | 2477 0076 | be00 0000 | 000f 1f80 | 0000 0000 | c5fa 108c | 24e4 0200 | 0048 8b94 
  0x000001922eea1ecc: 24d8 0000 | 0083 fe04 

  0x000001922eea1ed4: ;   {metadata(method data for {method} {0x000001924d802c40} 'render' '()V' in 'com/szymc/voxel_engine/Engine')}
  0x000001922eea1ed4: 48bb 903f | aa4d 9201 | 0000 b820 | 1c00 007d | 05b8 301c | 0000 488b | 0c03 488d | 4901 4889 
  0x000001922eea1ef4: 0c03 0f8d | e303 0000 | bb00 0000 | 000f 1f80 | 0000 0000 

  0x000001922eea1f08: ;   {metadata(method data for {method} {0x000001924d802c40} 'render' '()V' in 'com/szymc/voxel_engine/Engine')}
  0x000001922eea1f08: 83fb 0948 | b890 3faa | 4d92 0100 | 00b9 401c | 0000 7d05 | b950 1c00 | 004c 8b04 | 084d 8d40 
  0x000001922eea1f28: 014c 8904 | 080f 8d53 | 0300 008b | 4240 48c1 | e003 488b | cbc1 e106 | 038c 2440 | 0200 0083 
  0x000001922eea1f48: c102 c53a | 2ac1 488b | cec1 e106 | c5fa 2ac1 | c5fa 58c1 

  0x000001922eea1f5c: ;   {section_word}
  0x000001922eea1f5c: c5fa 5805 | d089 ffff | b90e 0100 | 00c5 ea2a | d1c5 fa58 | c283 fe03 

  0x000001922eea1f74: ;   {metadata(method data for {method} {0x000001924d802c40} 'render' '()V' in 'com/szymc/voxel_engine/Engine')}
  0x000001922eea1f74: 48b9 903f | aa4d 9201 | 0000 41b8 | 601c 0000 | 7506 41b8 | 701c 0000 | 4e8b 0c01 | 4d8d 4901 
  0x000001922eea1f94: 4e89 0c01 | 0f85 1a00 

  0x000001922eea1f9c: ;   {metadata(method data for {method} {0x000001924d802c40} 'render' '()V' in 'com/szymc/voxel_engine/Engine')}
  0x000001922eea1f9c: 0000 48b9 | 903f aa4d | 9201 0000 | ff81 801c | 0000 b90c | 0000 00e9 | 0500 0000 | b900 0000 
  0x000001922eea1fbc: 0089 9c24 | 7002 0000 | 89b4 246c | 0200 0041 | b840 0000 | 0041 83e8 | 04c4 4132 | 2ac8 483b 
  0x000001922eea1fdc: 004c 8bc0 

  0x000001922eea1fe0: ;   {metadata(method data for {method} {0x000001924d802c40} 'render' '()V' in 'com/szymc/voxel_engine/Engine')}
  0x000001922eea1fe0: 49b9 903f | aa4d 9201 

  0x000001922eea1fe8: ;   {metadata('com/szymc/voxel_engine/UIRenderer')}
  0x000001922eea1fe8: 0000 49ba | 2036 0920 | 0000 0000 | 4d89 91a0 | 1c00 0049 | 8381 a81c | 0000 01c5 | ea2a d1c5 
  0x000001922eea2008: ea58 d0c5 | fa11 8424 | e802 0000 | c4c1 7828 | c0c5 f828 | cac4 c178 | 28d1 c4c1 

  0x000001922eea2024: ;   {section_word}
  0x000001922eea2024: 7828 d9c5 | fa10 2509 

  0x000001922eea202c: ;   {section_word}
  0x000001922eea202c: 89ff ffc5 | fa10 2d05 

  0x000001922eea2034: ;   {section_word}
  0x000001922eea2034: 89ff ffc5 | fa10 3501 

  0x000001922eea203c: ;   {section_word}
  0x000001922eea203c: 89ff ffc5 | fa10 3dfd | 88ff ff48 | 8bd0 c57a | 118c 24f0 | 0200 00c5 | 7a11 8424 | ec02 0000 
  0x000001922eea205c: ;   {optimized virtual_call}
  0x000001922eea205c: 6666 90e8 

  0x000001922eea2060: ; ImmutableOopMap {[216]=Oop [224]=Oop [584]=Oop }
                      ;*invokevirtual drawRect {reexecute=0 rethrow=0 return_oop=0}
                      ; - com.szymc.voxel_engine.Engine::render@1789 (line 414)
  0x000001922eea2060: 2cb9 a307 

  0x000001922eea2064: ;   {post_call_nop}
  0x000001922eea2064: 0f1f 8400 | dc78 0077 | 41b8 0300 | 0000 442b | 8424 6c02 | 0000 498b | d041 c1e0 | 0344 03c2 
  0x000001922eea2084: 4403 8424 | 7002 0000 | 488b b424 | 4802 0000 

  0x000001922eea2094: ; implicit exception: dispatches to 0x000001922eea4c55
  0x000001922eea2094: 443b 460c | 0f83 c12b | 0000 4963 | d00f be54 | 1610 85d2 

  0x000001922eea20a8: ;   {metadata(method data for {method} {0x000001924d802c40} 'render' '()V' in 'com/szymc/voxel_engine/Engine')}
  0x000001922eea20a8: 48bf 903f | aa4d 9201 | 0000 bbc8 | 1c00 0074 | 05bb d81c | 0000 488b | 041f 488d | 4001 4889 
  0x000001922eea20c8: 041f 0f84 | 4c01 0000 | 488b bc24 | d800 0000 | 8b5f 4448 | c1e3 0348 

  0x000001922eea20e0: ;   {metadata(method data for {method} {0x000001924d802c40} 'render' '()V' in 'com/szymc/voxel_engine/Engine')}
  0x000001922eea20e0: 85db 48b8 | 903f aa4d | 9201 0000 | b9e8 1c00 | 0074 05b9 | f81c 0000 | 4c8b 0c08 | 4d8d 4901 
  0x000001922eea2100: 4c89 0c08 | 0f84 3f00 | 0000 4885 | db0f 845a | 2b00 000f | 1f44 0000 

  0x000001922eea2118: ; implicit exception: dispatches to 0x000001922eea4c7a
  0x000001922eea2118: 8b83 1400 | 0000 413b 

  0x000001922eea2120: ;   {metadata(method data for {method} {0x000001924d802c40} 'render' '()V' in 'com/szymc/voxel_engine/Engine')}
  0x000001922eea2120: c049 b890 | 3faa 4d92 | 0100 00bb | 081d 0000 | 7405 bb18 | 1d00 0049 | 8b04 1848 | 8d40 0149 
  0x000001922eea2140: 8904 180f | 84d3 0000 | 008b 9c24 | 6c02 0000 | 8b47 4048 | c1e0 0383 

  0x000001922eea2158: ;   {metadata(method data for {method} {0x000001924d802c40} 'render' '()V' in 'com/szymc/voxel_engine/Engine')}
  0x000001922eea2158: fb03 49b8 | 903f aa4d | 9201 0000 | b928 1d00 | 0075 05b9 | 381d 0000 | 4d8b 0c08 | 4d8d 4901 
  0x000001922eea2178: 4d89 0c08 | 0f85 1c00 

  0x000001922eea2180: ;   {metadata(method data for {method} {0x000001924d802c40} 'render' '()V' in 'com/szymc/voxel_engine/Engine')}
  0x000001922eea2180: 0000 49b8 | 903f aa4d | 9201 0000 | 41ff 8048 | 1d00 0041 | b80c 0000 | 00e9 0600 | 0000 41b8 
  0x000001922eea21a0: 0000 0000 | c57a 108c | 24f0 0200 | 00c5 fa10 | 8424 e802 | 0000 c57a | 1084 24ec | 0200 0089 
  0x000001922eea21c0: 9c24 6c02 | 0000 483b | 0048 8bc8 

  0x000001922eea21cc: ;   {metadata(method data for {method} {0x000001924d802c40} 'render' '()V' in 'com/szymc/voxel_engine/Engine')}
  0x000001922eea21cc: 49b9 903f | aa4d 9201 

  0x000001922eea21d4: ;   {metadata('com/szymc/voxel_engine/UIRenderer')}
  0x000001922eea21d4: 0000 49ba | 2036 0920 | 0000 0000 | 4d89 9168 | 1d00 0049 | 8381 701d | 0000 01c4 | c172 2ac8 
  0x000001922eea21f4: c5f2 58c8 | 4c8b c2c4 | c178 28c0 | c4c1 7828 | d1c4 c178 | 28d9 488b 

  0x000001922eea220c: ;   {optimized virtual_call}
  0x000001922eea220c: d066 90e8 

  0x000001922eea2210: ; ImmutableOopMap {[216]=Oop [224]=Oop [584]=Oop }
                      ;*invokevirtual drawIcon {reexecute=0 rethrow=0 return_oop=0}
                      ; - com.szymc.voxel_engine.Engine::render@1891 (line 417)
  0x000001922eea2210: 4cb4 ebff 

  0x000001922eea2214: ;   {post_call_nop}
  0x000001922eea2214: 0f1f 8400 | 8c7a 0078 | 8b9c 2470 | 0200 00ff 

  0x000001922eea2224: ;   {metadata(method data for {method} {0x000001924d802c40} 'render' '()V' in 'com/szymc/voxel_engine/Engine')}
  0x000001922eea2224: c349 b890 | 3faa 4d92 | 0100 0045 | 8b88 9400 | 0000 4183 | c102 4589 | 8894 0000 | 0041 81e1 
  0x000001922eea2244: fe3f 0000 | 4585 c90f | 8448 2a00 | 004d 8b57 

  0x000001922eea2254: ; ImmutableOopMap {[216]=Oop [224]=Oop [584]=Oop }
                      ;*goto {reexecute=1 rethrow=0 return_oop=0}
                      ; - (reexecute) com.szymc.voxel_engine.Engine::render@1897 (line 413)
                      ;   {poll}
  0x000001922eea2254: 3041 8502 

  0x000001922eea2258: ;   {metadata(method data for {method} {0x000001924d802c40} 'render' '()V' in 'com/szymc/voxel_engine/Engine')}
  0x000001922eea2258: 49b8 903f | aa4d 9201 | 0000 41ff | 8090 1d00 | 008b b424 | 6c02 0000 | c5fa 108c | 24e4 0200 
  0x000001922eea2278: 0048 8b94 | 24d8 0000 | 00e9 82fc | ffff 89b4 | 246c 0200 | 008b b424 | 6c02 0000 

  0x000001922eea2294: ;   {metadata(method data for {method} {0x000001924d802c40} 'render' '()V' in 'com/szymc/voxel_engine/Engine')}
  0x000001922eea2294: ffc6 49b8 | 903f aa4d | 9201 0000 | 458b 8894 | 0000 0041 | 83c1 0245 | 8988 9400 | 0000 4181 
  0x000001922eea22b4: e1fe 3f00 | 0045 85c9 | 0f84 f829 | 0000 4d8b 

  0x000001922eea22c4: ; ImmutableOopMap {[216]=Oop [224]=Oop [584]=Oop }
                      ;*goto {reexecute=1 rethrow=0 return_oop=0}
                      ; - (reexecute) com.szymc.voxel_engine.Engine::render@1903 (line 412)
                      ;   {poll}
  0x000001922eea22c4: 5730 4185 

  0x000001922eea22c8: ;   {metadata(method data for {method} {0x000001924d802c40} 'render' '()V' in 'com/szymc/voxel_engine/Engine')}
  0x000001922eea22c8: 0249 b890 | 3faa 4d92 | 0100 0041 | ff80 a81d | 0000 e9e1 | fbff ff8b | 7240 48c1 | e603 483b 
  0x000001922eea22e8: 064c 8bc6 

  0x000001922eea22ec: ;   {metadata(method data for {method} {0x000001924d802c40} 'render' '()V' in 'com/szymc/voxel_engine/Engine')}
  0x000001922eea22ec: 49b9 903f | aa4d 9201 

  0x000001922eea22f4: ;   {metadata('com/szymc/voxel_engine/UIRenderer')}
  0x000001922eea22f4: 0000 49ba | 2036 0920 | 0000 0000 | 4d89 91c8 | 1d00 0049 | 8381 d01d | 0000 0141 | b840 0600 
  0x000001922eea2314: 0041 b984 | 0300 0048 

  0x000001922eea231c: ;   {optimized virtual_call}
  0x000001922eea231c: 8bd6 90e8 

  0x000001922eea2320: ; ImmutableOopMap {[216]=Oop [224]=Oop }
                      ;*invokevirtual beginTextRendering {reexecute=0 rethrow=0 return_oop=0}
                      ; - com.szymc.voxel_engine.Engine::render@1916 (line 421)
  0x000001922eea2320: fc10 dfff 

  0x000001922eea2324: ;   {post_call_nop}
  0x000001922eea2324: 0f1f 8400 | 9c7b 007b | be00 0000 | 000f 1f80 | 0000 0000 | 488b 9424 | d800 0000 

  0x000001922eea2340: ;   {metadata(method data for {method} {0x000001924d802c40} 'render' '()V' in 'com/szymc/voxel_engine/Engine')}
  0x000001922eea2340: 83fe 0448 | bf90 3faa | 4d92 0100 | 00bb f01d | 0000 7d05 | bb00 1e00 | 0048 8b04 | 1f48 8d40 
  0x000001922eea2360: 0148 8904 | 1f0f 8da3 | 0300 00bf | 0000 0000 

  0x000001922eea2370: ;   {metadata(method data for {method} {0x000001924d802c40} 'render' '()V' in 'com/szymc/voxel_engine/Engine')}
  0x000001922eea2370: 83ff 0948 | bb90 3faa | 4d92 0100 | 00b8 101e | 0000 7d05 | b820 1e00 | 0048 8b0c | 0348 8d49 
  0x000001922eea2390: 0148 890c | 030f 8d1a | 0300 00bb | 0300 0000 | 2bde 488b | c3c1 e303 | 03d8 03df | 8b42 3048 
  0x000001922eea23b0: c1e0 0348 | 3b00 488b 

  0x000001922eea23b8: ;   {metadata(method data for {method} {0x000001924d802c40} 'render' '()V' in 'com/szymc/voxel_engine/Engine')}
  0x000001922eea23b8: c849 b890 | 3faa 4d92 

  0x000001922eea23c0: ;   {metadata('com/szymc/voxel_engine/PlayerCharacter')}
  0x000001922eea23c0: 0100 0049 | baf8 d009 | 2000 0000 | 004d 8990 | 381e 0000 | 4983 8040 | 1e00 0001 | 488b cb0f 
  0x000001922eea23e0: ;   {metadata(method data for {method} {0x000001924da3b9d0} 'readInventoryAmount' '(B)B' in 'com/szymc/voxel_engine/PlayerCharacter')}
  0x000001922eea23e0: bec9 49b8 | f8b3 a54d | 9201 0000 | 458b 8890 | 0000 0041 | 83c1 0245 | 8988 9000 | 0000 4181 
  0x000001922eea2400: e1fe ff1f | 0045 85c9 | 0f84 d728 | 0000 8b40 | 3c48 c1e0 | 033b 480c | 0f83 f228 | 0000 4863 
  0x000001922eea2420: c90f be44 | 0810 c1e0 | 18c1 f818 

  0x000001922eea242c: ;   {metadata(method data for {method} {0x000001924d802c40} 'render' '()V' in 'com/szymc/voxel_engine/Engine')}
  0x000001922eea242c: 85c0 48b9 | 903f aa4d | 9201 0000 | 41b8 701e | 0000 7506 | 41b8 601e | 0000 4e8b | 0c01 4d8d 
  0x000001922eea244c: 4901 4e89 | 0c01 0f85 | 1300 0000 | 89bc 2474 | 0200 0089 | b424 7802 | 0000 e9e9 | 0100 008b 
  0x000001922eea246c: 4a44 48c1 | e103 4885 

  0x000001922eea2474: ;   {metadata(method data for {method} {0x000001924d802c40} 'render' '()V' in 'com/szymc/voxel_engine/Engine')}
  0x000001922eea2474: c949 b890 | 3faa 4d92 | 0100 0041 | b980 1e00 | 0074 0641 | b990 1e00 | 004f 8b1c | 084d 8d5b 
  0x000001922eea2494: 014f 891c | 080f 844e | 0000 0048 | 85c9 0f84 | 7628 0000 

  0x000001922eea24a8: ; implicit exception: dispatches to 0x000001922eea4d2b
  0x000001922eea24a8: 448b 8114 | 0000 0044 

  0x000001922eea24b0: ;   {metadata(method data for {method} {0x000001924d802c40} 'render' '()V' in 'com/szymc/voxel_engine/Engine')}
  0x000001922eea24b0: 3bc3 48bb | 903f aa4d | 9201 0000 | b9b0 1e00 | 0075 05b9 | a01e 0000 | 4c8b 040b | 4d8d 4001 
  0x000001922eea24d0: 4c89 040b | 0f85 1300 | 0000 89bc | 2474 0200 | 0089 b424 | 7802 0000 | e967 0100 | 0089 bc24 
  0x000001922eea24f0: 7402 0000 | 89b4 2478 | 0200 008b | 5a40 48c1 

  0x000001922eea2500: ;   {metadata(method data for {method} {0x000001924d802c40} 'render' '()V' in 'com/szymc/voxel_engine/Engine')}
  0x000001922eea2500: e303 48b9 | 903f aa4d | 9201 0000 | 4883 81c0 | 1e00 0001 | 488b d048 | 899c 2480 

  0x000001922eea251c: ;   {static_call}
  0x000001922eea251c: 0200 00e8 

  0x000001922eea2520: ; ImmutableOopMap {[216]=Oop [224]=Oop [640]=Oop }
                      ;*invokestatic toString {reexecute=0 rethrow=0 return_oop=0}
                      ; - com.szymc.voxel_engine.Engine::render@1992 (line 428)
  0x000001922eea2520: dc22 e7ff 

  0x000001922eea2524: ;   {post_call_nop}
  0x000001922eea2524: 0f1f 8400 | 9c7d 007c | 8bbc 2474 | 0200 00c1 | e706 03bc | 2440 0200 | 0041 b840 | 0000 0041 
  0x000001922eea2544: 83e8 0441 | 03f8 8bb4 | 2478 0200 | 00c1 e606 | c5fa 2ac6 | c5fa 5884 | 24e4 0200 | 00c4 c172 
  0x000001922eea2564: 2ac8 c5fa | 58c1 41b8 | 0e01 0000 | c4c1 722a | c8c5 fa58 | c18b b424 | 7802 0000 

  0x000001922eea2580: ;   {metadata(method data for {method} {0x000001924d802c40} 'render' '()V' in 'com/szymc/voxel_engine/Engine')}
  0x000001922eea2580: 83fe 0349 | b890 3faa | 4d92 0100 | 0041 b9d0 | 1e00 0075 | 0641 b9e0 | 1e00 004b | 8b14 0848 
  0x000001922eea25a0: 8d52 014b | 8914 080f | 851c 0000 

  0x000001922eea25ac: ;   {metadata(method data for {method} {0x000001924d802c40} 'render' '()V' in 'com/szymc/voxel_engine/Engine')}
  0x000001922eea25ac: 0049 b890 | 3faa 4d92 | 0100 0041 | ff80 f01e | 0000 41b8 | 0c00 0000 | e906 0000 | 0041 b800 
  0x000001922eea25cc: 0000 0048 | 8b9c 2480 | 0200 0089 | b424 7802 | 0000 483b | 034c 8bcb 

  0x000001922eea25e4: ;   {metadata(method data for {method} {0x000001924d802c40} 'render' '()V' in 'com/szymc/voxel_engine/Engine')}
  0x000001922eea25e4: 48ba 903f | aa4d 9201 

  0x000001922eea25ec: ;   {metadata('com/szymc/voxel_engine/UIRenderer')}
  0x000001922eea25ec: 0000 49ba | 2036 0920 | 0000 0000 | 4c89 9210 | 1f00 0048 | 8382 181f | 0000 01c4 | c172 2ac8 
  0x000001922eea260c: c5f2 58c8 | c5fa 2cd1 | 81fa 0000 | 0080 750f | 4883 ec08 | c5fa 110c 

  0x000001922eea2624: ;   {runtime_call Stub::Stub Generator f2i_fixup_stub}
  0x000001922eea2624: 24e8 a6f3 | 1f07 5a4c | 8bc0 4c8b | cf48 8bfa 

  0x000001922eea2634: ;   {oop(a 'com/szymc/voxel_engine/UIRenderer$TextAlignment'{0x000000060d697bb8})}
  0x000001922eea2634: 48be b87b | 690d 0600 | 0000 488b | d366 0f1f 

  0x000001922eea2644: ;   {optimized virtual_call}
  0x000001922eea2644: 4400 00e8 

  0x000001922eea2648: ; ImmutableOopMap {[216]=Oop [224]=Oop }
                      ;*invokevirtual renderFont {reexecute=0 rethrow=0 return_oop=0}
                      ; - com.szymc.voxel_engine.Engine::render@2045 (line 428)
  0x000001922eea2648: f454 fcff 

  0x000001922eea264c: ;   {post_call_nop}
  0x000001922eea264c: 0f1f 8400 | c47e 007d | 8bbc 2474 | 0200 00ff 

  0x000001922eea265c: ;   {metadata(method data for {method} {0x000001924d802c40} 'render' '()V' in 'com/szymc/voxel_engine/Engine')}
  0x000001922eea265c: c749 b890 | 3faa 4d92 | 0100 0045 | 8b88 9400 | 0000 4183 | c102 4589 | 8894 0000 | 0041 81e1 
  0x000001922eea267c: fe3f 0000 | 4585 c90f | 84c2 2600 | 004d 8b57 

  0x000001922eea268c: ; ImmutableOopMap {[216]=Oop [224]=Oop }
                      ;*goto {reexecute=1 rethrow=0 return_oop=0}
                      ; - (reexecute) com.szymc.voxel_engine.Engine::render@2051 (line 423)
                      ;   {poll}
  0x000001922eea268c: 3041 8502 

  0x000001922eea2690: ;   {metadata(method data for {method} {0x000001924d802c40} 'render' '()V' in 'com/szymc/voxel_engine/Engine')}
  0x000001922eea2690: 49b8 903f | aa4d 9201 | 0000 41ff | 8038 1f00 | 008b b424 | 7802 0000 | 488b 9424 | d800 0000 
  0x000001922eea26b0: e9bb fcff | ff89 b424 | 7802 0000 | 8bb4 2478 | 0200 00ff 

  0x000001922eea26c4: ;   {metadata(method data for {method} {0x000001924d802c40} 'render' '()V' in 'com/szymc/voxel_engine/Engine')}
  0x000001922eea26c4: c649 b890 | 3faa 4d92 | 0100 0045 | 8b88 9400 | 0000 4183 | c102 4589 | 8894 0000 | 0041 81e1 
  0x000001922eea26e4: fe3f 0000 | 4585 c90f | 847b 2600 | 004d 8b57 

  0x000001922eea26f4: ; ImmutableOopMap {[216]=Oop [224]=Oop }
                      ;*goto {reexecute=1 rethrow=0 return_oop=0}
                      ; - (reexecute) com.szymc.voxel_engine.Engine::render@2057 (line 422)
                      ;   {poll}
  0x000001922eea26f4: 3041 8502 

  0x000001922eea26f8: ;   {metadata(method data for {method} {0x000001924d802c40} 'render' '()V' in 'com/szymc/voxel_engine/Engine')}
  0x000001922eea26f8: 49b8 903f | aa4d 9201 | 0000 41ff | 8050 1f00 | 00e9 2afc | ffff 8b42 | 4048 c1e0 | 0348 3b00 
  0x000001922eea2718: ;   {metadata(method data for {method} {0x000001924d802c40} 'render' '()V' in 'com/szymc/voxel_engine/Engine')}
  0x000001922eea2718: 4c8b c049 | b990 3faa | 4d92 0100 

  0x000001922eea2724: ;   {metadata('com/szymc/voxel_engine/UIRenderer')}
  0x000001922eea2724: 0049 ba20 | 3609 2000 | 0000 004d | 8991 701f | 0000 4983 | 8178 1f00 | 0001 41b8 | 4006 0000 
  0x000001922eea2744: 41b9 8403 | 0000 488b 

  0x000001922eea274c: ;   {optimized virtual_call}
  0x000001922eea274c: d066 90e8 

  0x000001922eea2750: ; ImmutableOopMap {[216]=Oop [224]=Oop }
                      ;*invokevirtual beginUiRendering {reexecute=0 rethrow=0 return_oop=0}
                      ; - com.szymc.voxel_engine.Engine::render@2070 (line 433)
  0x000001922eea2750: 4cd4 dcff 

  0x000001922eea2754: ;   {post_call_nop}
  0x000001922eea2754: 0f1f 8400 | cc7f 0080 | ba40 0000 | 00d1 e28b | 9c24 4402 | 0000 039c | 2468 0200 | 002b da81 
  0x000001922eea2774: eb9b 0000 | 0089 9c24 | 7c02 0000 | c5fa 108c | 24e4 0200 

  0x000001922eea2788: ;   {section_word}
  0x000001922eea2788: 00c5 f258 | 0db7 81ff | ffc5 fa2c | f181 fe00 | 0000 8075 | 0f48 83ec | 08c5 fa11 

  0x000001922eea27a4: ;   {runtime_call Stub::Stub Generator f2i_fixup_stub}
  0x000001922eea27a4: 0c24 e825 | f21f 075e | 89b4 2488 | 0200 0048 | 8bbc 24d8 | 0000 008b | 4740 48c1 | e003 c53a 
  0x000001922eea27c4: 2ac6 483b | 0048 8bc8 

  0x000001922eea27cc: ;   {metadata(method data for {method} {0x000001924d802c40} 'render' '()V' in 'com/szymc/voxel_engine/Engine')}
  0x000001922eea27cc: 49b8 903f | aa4d 9201 

  0x000001922eea27d4: ;   {metadata('com/szymc/voxel_engine/UIRenderer')}
  0x000001922eea27d4: 0000 49ba | 2036 0920 | 0000 0000 | 4d89 90a0 | 1f00 0049 | 8380 a81f | 0000 01c5 | fa2a c348 
  0x000001922eea27f4: 8bca 83c1 | 04c5 ea2a | d1c5 e22a | dac4 c178 

  0x000001922eea2804: ;   {section_word}
  0x000001922eea2804: 28c8 c5fa | 1025 3e81 

  0x000001922eea280c: ;   {section_word}
  0x000001922eea280c: ffff c5fa | 102d 3a81 

  0x000001922eea2814: ;   {section_word}
  0x000001922eea2814: ffff c5fa | 1035 3681 

  0x000001922eea281c: ;   {section_word}
  0x000001922eea281c: ffff c5fa | 103d 3281 | ffff 8994 | 248c 0200 | 0048 8bd0 | c57a 1184 | 24f4 0200 | 0066 0f1f 
  0x000001922eea283c: ;   {optimized virtual_call}
  0x000001922eea283c: 4400 00e8 

  0x000001922eea2840: ; ImmutableOopMap {[216]=Oop [224]=Oop }
                      ;*invokevirtual drawRect {reexecute=0 rethrow=0 return_oop=0}
                      ; - com.szymc.voxel_engine.Engine::render@2137 (line 436)
  0x000001922eea2840: 4cb1 a307 

  0x000001922eea2844: ;   {post_call_nop}
  0x000001922eea2844: 0f1f 8400 | bc80 0081 | be00 0000 | 000f 1f80 | 0000 0000 | 8bbc 2488 | 0200 008b | 9c24 7c02 
  0x000001922eea2864: 0000 488b | 9424 d800 | 0000 83fe 

  0x000001922eea2870: ;   {metadata(method data for {method} {0x000001924d802c40} 'render' '()V' in 'com/szymc/voxel_engine/Engine')}
  0x000001922eea2870: 0148 b890 | 3faa 4d92 | 0100 00b9 | c81f 0000 | 7f05 b9d8 | 1f00 004c | 8b04 084d | 8d40 014c 
  0x000001922eea2890: 8904 080f | 8fef 0400 | 00b8 0000 | 0000 e965 | 0400 000f | 1f44 0000 | 488b cec1 | e106 03cb 
  0x000001922eea28b0: 83c1 0289 | 8c24 9802 | 0000 4c8b | c041 c1e0 | 0644 03c7 | 4183 c002 | 4489 8424 | 9c02 0000 
  0x000001922eea28d0: 4c8b ce41 | d1e1 4183 | c124 41bb | 0100 0000 | 442b d845 | 03cb 450f | bec9 4489 | 8c24 9402 
  0x000001922eea28f0: 0000 448b | 5a40 49c1 | e303 c53a | 2ac1 c441 | 322a c841 | bd40 0000 | 0041 83ed | 04c4 412a 
  0x000001922eea2910: 2ad5 493b | 034d 8beb | 89b4 2490 

  0x000001922eea291c: ;   {metadata(method data for {method} {0x000001924d802c40} 'render' '()V' in 'com/szymc/voxel_engine/Engine')}
  0x000001922eea291c: 0200 0049 | be90 3faa | 4d92 0100 

  0x000001922eea2928: ;   {metadata('com/szymc/voxel_engine/UIRenderer')}
  0x000001922eea2928: 0049 ba20 | 3609 2000 | 0000 004d | 8996 1020 | 0000 4983 | 8618 2000 | 0001 c4c1 | 7828 c0c4 
  0x000001922eea2948: c178 28c9 | c4c1 7828 | d2c4 c178 

  0x000001922eea2954: ;   {section_word}
  0x000001922eea2954: 28da c5fa | 1025 fe7f 

  0x000001922eea295c: ;   {section_word}
  0x000001922eea295c: ffff c5fa | 102d fa7f 

  0x000001922eea2964: ;   {section_word}
  0x000001922eea2964: ffff c5fa | 1035 f67f 

  0x000001922eea296c: ;   {section_word}
  0x000001922eea296c: ffff c5fa | 103d f27f | ffff 498b | d389 8424 | a002 0000 | c57a 1194 | 2400 0300 | 00c5 7a11 
  0x000001922eea298c: 8c24 fc02 | 0000 c57a | 1184 24f8 | 0200 000f 

  0x000001922eea299c: ;   {optimized virtual_call}
  0x000001922eea299c: 1f40 00e8 

  0x000001922eea29a0: ; ImmutableOopMap {[216]=Oop [224]=Oop }
                      ;*invokevirtual drawRect {reexecute=0 rethrow=0 return_oop=0}
                      ; - com.szymc.voxel_engine.Engine::render@2227 (line 442)
  0x000001922eea29a0: ecaf a307 

  0x000001922eea29a4: ;   {post_call_nop}
  0x000001922eea29a4: 0f1f 8400 | 1c82 0082 | 488b 9424 | d800 0000 | 448b 4230 | 49c1 e003 

  0x000001922eea29bc: ; implicit exception: dispatches to 0x000001922eea4d9c
  0x000001922eea29bc: 493b 0049 

  0x000001922eea29c0: ;   {metadata(method data for {method} {0x000001924d802c40} 'render' '()V' in 'com/szymc/voxel_engine/Engine')}
  0x000001922eea29c0: 8bf0 48bf | 903f aa4d | 9201 0000 

  0x000001922eea29cc: ;   {metadata('com/szymc/voxel_engine/PlayerCharacter')}
  0x000001922eea29cc: 49ba f8d0 | 0920 0000 | 0000 4c89 | 9740 2000 | 0048 8387 | 4820 0000 

  0x000001922eea29e4: ;   {metadata(method data for {method} {0x000001924da3b918} 'readInventoryType' '(B)B' in 'com/szymc/voxel_engine/PlayerCharacter')}
  0x000001922eea29e4: 0148 be68 | 18a9 4d92 | 0100 008b | be90 0000 | 0083 c702 | 89be 9000 | 0000 81e7 | feff 1f00 
  0x000001922eea2a04: 85ff 0f84 | 9523 0000 | 418b 7040 | 48c1 e603 | 448b 8c24 | 9402 0000 

  0x000001922eea2a1c: ; implicit exception: dispatches to 0x000001922eea4dc2
  0x000001922eea2a1c: 443b 4e0c | 0f83 a623 | 0000 4963 | f90f be74 | 3e10 c1e6 | 18c1 fe18 

  0x000001922eea2a34: ;   {metadata(method data for {method} {0x000001924d802c40} 'render' '()V' in 'com/szymc/voxel_engine/Engine')}
  0x000001922eea2a34: 85f6 48bf | 903f aa4d | 9201 0000 | bb68 2000 | 0074 05bb | 7820 0000 | 488b 041f | 488d 4001 
  0x000001922eea2a54: 4889 041f | 0f84 4602 | 0000 c57a | 1094 2400 | 0300 00c5 | 7a10 8c24 | fc02 0000 | c57a 1084 
  0x000001922eea2a74: 24f8 0200 | 008b 5a40 | 48c1 e303 

  0x000001922eea2a80: ;   {metadata(method data for {method} {0x000001924d802c40} 'render' '()V' in 'com/szymc/voxel_engine/Engine')}
  0x000001922eea2a80: 498b c049 | bb90 3faa | 4d92 0100 

  0x000001922eea2a8c: ;   {metadata('com/szymc/voxel_engine/PlayerCharacter')}
  0x000001922eea2a8c: 0049 baf8 | d009 2000 | 0000 004d | 8993 9020 | 0000 4983 | 8398 2000 

  0x000001922eea2aa4: ;   {metadata(method data for {method} {0x000001924da3b918} 'readInventoryType' '(B)B' in 'com/szymc/voxel_engine/PlayerCharacter')}
  0x000001922eea2aa4: 0001 48b8 | 6818 a94d | 9201 0000 | 448b 9890 | 0000 0041 | 83c3 0244 | 8998 9000 | 0000 4181 
  0x000001922eea2ac4: e3fe ff1f | 0045 85db | 0f84 0823 | 0000 483b | 034c 8bc3 

  0x000001922eea2ad8: ;   {metadata(method data for {method} {0x000001924d802c40} 'render' '()V' in 'com/szymc/voxel_engine/Engine')}
  0x000001922eea2ad8: 48b8 903f | aa4d 9201 

  0x000001922eea2ae0: ;   {metadata('com/szymc/voxel_engine/UIRenderer')}
  0x000001922eea2ae0: 0000 49ba | 2036 0920 | 0000 0000 | 4c89 90c0 | 2000 0048 | 8380 c820 | 0000 014c | 8bc6 c4c1 
  0x000001922eea2b00: 7828 c0c4 | c178 28c9 | c4c1 7828 | d2c4 c178 | 28da 488b 

  0x000001922eea2b14: ;   {optimized virtual_call}
  0x000001922eea2b14: d366 90e8 

  0x000001922eea2b18: ; ImmutableOopMap {[216]=Oop [224]=Oop }
                      ;*invokevirtual drawIcon {reexecute=0 rethrow=0 return_oop=0}
                      ; - com.szymc.voxel_engine.Engine::render@2271 (line 444)
  0x000001922eea2b18: 44ab ebff 

  0x000001922eea2b1c: ;   {post_call_nop}
  0x000001922eea2b1c: 0f1f 8400 | 9483 0083 | 488b 9424 | d800 0000 | 8b72 4048 | c1e6 0348 | 3b06 4c8b 

  0x000001922eea2b38: ;   {metadata(method data for {method} {0x000001924d802c40} 'render' '()V' in 'com/szymc/voxel_engine/Engine')}
  0x000001922eea2b38: c649 b990 | 3faa 4d92 

  0x000001922eea2b40: ;   {metadata('com/szymc/voxel_engine/UIRenderer')}
  0x000001922eea2b40: 0100 0049 | ba20 3609 | 2000 0000 | 004d 8991 | f020 0000 | 4983 81f8 | 2000 0001 | 41b8 4006 
  0x000001922eea2b60: 0000 41b9 | 8403 0000 | 488b d60f 

  0x000001922eea2b6c: ;   {optimized virtual_call}
  0x000001922eea2b6c: 1f40 00e8 

  0x000001922eea2b70: ; ImmutableOopMap {[216]=Oop [224]=Oop }
                      ;*invokevirtual beginTextRendering {reexecute=0 rethrow=0 return_oop=0}
                      ; - com.szymc.voxel_engine.Engine::render@2284 (line 445)
  0x000001922eea2b70: ac08 dfff 

  0x000001922eea2b74: ;   {post_call_nop}
  0x000001922eea2b74: 0f1f 8400 | ec83 0084 | 488b 9424 | d800 0000 | 8b72 4048 | c1e6 038b | 7a30 48c1 | e703 483b 
  0x000001922eea2b94: 0748 8bdf 

  0x000001922eea2b98: ;   {metadata(method data for {method} {0x000001924d802c40} 'render' '()V' in 'com/szymc/voxel_engine/Engine')}
  0x000001922eea2b98: 48b8 903f | aa4d 9201 

  0x000001922eea2ba0: ;   {metadata('com/szymc/voxel_engine/PlayerCharacter')}
  0x000001922eea2ba0: 0000 49ba | f8d0 0920 | 0000 0000 | 4c89 9020 | 2100 0048 | 8380 2821 

  0x000001922eea2bb8: ;   {metadata(method data for {method} {0x000001924da3b9d0} 'readInventoryAmount' '(B)B' in 'com/szymc/voxel_engine/PlayerCharacter')}
  0x000001922eea2bb8: 0000 0148 | bbf8 b3a5 | 4d92 0100 | 008b 8390 | 0000 0083 | c002 8983 | 9000 0000 | 25fe ff1f 
  0x000001922eea2bd8: 0085 c00f | 8429 2200 | 008b 7f3c | 48c1 e703 | 448b 8c24 | 9402 0000 

  0x000001922eea2bf0: ; implicit exception: dispatches to 0x000001922eea4e2b
  0x000001922eea2bf0: 443b 4f0c | 0f83 3b22 | 0000 4d63 | c942 0fbe 

  0x000001922eea2c00: ;   {metadata(method data for {method} {0x000001924d802c40} 'render' '()V' in 'com/szymc/voxel_engine/Engine')}
  0x000001922eea2c00: 7c0f 1048 | bb90 3faa | 4d92 0100 | 0048 8383 | 4821 0000 | 01c1 e718 | c1ff 1848 | 8bd7 4889 
  0x000001922eea2c20: b424 a802 

  0x000001922eea2c24: ;   {static_call}
  0x000001922eea2c24: 0000 90e8 

  0x000001922eea2c28: ; ImmutableOopMap {[216]=Oop [224]=Oop [680]=Oop }
                      ;*invokestatic toString {reexecute=0 rethrow=0 return_oop=0}
                      ; - com.szymc.voxel_engine.Engine::render@2300 (line 446)
  0x000001922eea2c28: d41b e7ff 

  0x000001922eea2c2c: ;   {post_call_nop}
  0x000001922eea2c2c: 0f1f 8400 | a484 0085 | 488b 9424 | a802 0000 

  0x000001922eea2c3c: ; implicit exception: dispatches to 0x000001922eea4e43
  0x000001922eea2c3c: 483b 0248 

  0x000001922eea2c40: ;   {metadata(method data for {method} {0x000001924d802c40} 'render' '()V' in 'com/szymc/voxel_engine/Engine')}
  0x000001922eea2c40: 8bf2 49b8 | 903f aa4d | 9201 0000 

  0x000001922eea2c4c: ;   {metadata('com/szymc/voxel_engine/UIRenderer')}
  0x000001922eea2c4c: 49ba 2036 | 0920 0000 | 0000 4d89 | 9060 2100 | 0049 8380 | 6821 0000 | 018b 8c24 | 9802 0000 
  0x000001922eea2c6c: 83c1 4083 | e904 448b | 8424 9c02 | 0000 4183 | c040 498b | f883 ef04 | 4c8b c04c 

  0x000001922eea2c88: ;   {oop(a 'com/szymc/voxel_engine/UIRenderer$TextAlignment'{0x000000060d697bb8})}
  0x000001922eea2c88: 8bc9 48be | b87b 690d | 0600 0000 

  0x000001922eea2c94: ;   {optimized virtual_call}
  0x000001922eea2c94: 6666 90e8 

  0x000001922eea2c98: ; ImmutableOopMap {[216]=Oop [224]=Oop }
                      ;*invokevirtual renderFont {reexecute=0 rethrow=0 return_oop=0}
                      ; - com.szymc.voxel_engine.Engine::render@2320 (line 446)
  0x000001922eea2c98: a44e fcff 

  0x000001922eea2c9c: ;   {post_call_nop}
  0x000001922eea2c9c: 0f1f 8400 | 1485 0086 | 8b84 24a0 | 0200 00ff 

  0x000001922eea2cac: ;   {metadata(method data for {method} {0x000001924d802c40} 'render' '()V' in 'com/szymc/voxel_engine/Engine')}
  0x000001922eea2cac: c048 ba90 | 3faa 4d92 | 0100 008b | b294 0000 | 0083 c602 | 89b2 9400 | 0000 81e6 | fe3f 0000 
  0x000001922eea2ccc: 85f6 0f84 | 7421 0000 

  0x000001922eea2cd4: ; ImmutableOopMap {[216]=Oop [224]=Oop }
                      ;*goto {reexecute=1 rethrow=0 return_oop=0}
                      ; - (reexecute) com.szymc.voxel_engine.Engine::render@2326 (line 438)
  0x000001922eea2cd4: 4d8b 5730 

  0x000001922eea2cd8: ;   {poll}
  0x000001922eea2cd8: 4185 0248 | ba90 3faa | 4d92 0100 | 00ff 8288 | 2100 008b | b424 9002 | 0000 8bbc | 2488 0200 
  0x000001922eea2cf8: 008b 9c24 | 7c02 0000 | 488b 9424 | d800 0000 

  0x000001922eea2d08: ;   {metadata(method data for {method} {0x000001924d802c40} 'render' '()V' in 'com/szymc/voxel_engine/Engine')}
  0x000001922eea2d08: 83f8 0148 | b990 3faa | 4d92 0100 | 0041 b8f8 | 1f00 007e | 0641 b8e8 | 1f00 004e | 8b0c 014d 
  0x000001922eea2d28: 8d49 014e | 890c 010f | 8e73 fbff | ff89 b424 | 9002 0000 | 8bb4 2490 | 0200 00ff 

  0x000001922eea2d44: ;   {metadata(method data for {method} {0x000001924d802c40} 'render' '()V' in 'com/szymc/voxel_engine/Engine')}
  0x000001922eea2d44: c648 ba90 | 3faa 4d92 | 0100 008b | ba94 0000 | 0083 c702 | 89ba 9400 | 0000 81e7 | fe3f 0000 
  0x000001922eea2d64: 85ff 0f84 | fd20 0000 

  0x000001922eea2d6c: ; ImmutableOopMap {[216]=Oop [224]=Oop }
                      ;*goto {reexecute=1 rethrow=0 return_oop=0}
                      ; - (reexecute) com.szymc.voxel_engine.Engine::render@2332 (line 437)
  0x000001922eea2d6c: 4d8b 5730 

  0x000001922eea2d70: ;   {poll}
  0x000001922eea2d70: 4185 0248 | ba90 3faa | 4d92 0100 | 00ff 82a0 | 2100 00e9 | d0fa ffff | c57a 1084 | 24f4 0200 
  0x000001922eea2d90: 008b b424 | 8c02 0000 | 8b7a 4048 | c1e7 0348 | 3b07 488b 

  0x000001922eea2da4: ;   {metadata(method data for {method} {0x000001924d802c40} 'render' '()V' in 'com/szymc/voxel_engine/Engine')}
  0x000001922eea2da4: c748 b990 | 3faa 4d92 

  0x000001922eea2dac: ;   {metadata('com/szymc/voxel_engine/UIRenderer')}
  0x000001922eea2dac: 0100 0049 | ba20 3609 | 2000 0000 | 004c 8991 | c021 0000 | 4883 81c8 | 2100 0001 | 03f3 83c6 
  0x000001922eea2dcc: 4bc5 fa2a | c6be 4000 | 0000 c5e2 | 2ade c5f8 

  0x000001922eea2ddc: ;   {section_word}
  0x000001922eea2ddc: 28cb c5f2 | 5e0d 867b | ffff c4c1 | 7258 c8c5 

  0x000001922eea2dec: ;   {section_word}
  0x000001922eea2dec: f828 d3c5 | fa10 2579 

  0x000001922eea2df4: ;   {section_word}
  0x000001922eea2df4: 7bff ffc5 | fa10 2d75 

  0x000001922eea2dfc: ;   {section_word}
  0x000001922eea2dfc: 7bff ffc5 | fa10 3571 

  0x000001922eea2e04: ;   {section_word}
  0x000001922eea2e04: 7bff ffc5 | fa10 3d6d | 7bff ff48 | 8bd7 0f1f 

  0x000001922eea2e14: ;   {optimized virtual_call}
  0x000001922eea2e14: 4400 00e8 

  0x000001922eea2e18: ; ImmutableOopMap {[216]=Oop [224]=Oop }
                      ;*invokevirtual drawRect {reexecute=0 rethrow=0 return_oop=0}
                      ; - com.szymc.voxel_engine.Engine::render@2375 (line 451)
  0x000001922eea2e18: 74ab a307 

  0x000001922eea2e1c: ;   {post_call_nop}
  0x000001922eea2e1c: 0f1f 8400 | 9486 0089 | 488b 9424 | d800 0000 | 448b 4244 | 49c1 e003 

  0x000001922eea2e34: ;   {metadata(method data for {method} {0x000001924d802c40} 'render' '()V' in 'com/szymc/voxel_engine/Engine')}
  0x000001922eea2e34: 4d85 c049 | b890 3faa | 4d92 0100 | 0041 b9e8 | 2100 0074 | 0641 b9f8 | 2100 004b | 8b34 0848 
  0x000001922eea2e54: 8d76 014b | 8934 080f | 8493 0200 | 0044 8b42 | 10c4 c17a | 2ac0 41b8 | 4000 0000 | 4183 e804 
  0x000001922eea2e74: c4c1 722a | c8c5 f828 

  0x000001922eea2e7c: ;   {section_word}
  0x000001922eea2e7c: d1c5 ea5e | 15fb 7aff | ffc5 fa5c | c2c5 fa2c | f081 fe00 | 0000 8075 | 0f48 83ec | 08c5 fa11 
  0x000001922eea2e9c: ;   {runtime_call Stub::Stub Generator f2i_fixup_stub}
  0x000001922eea2e9c: 0424 e82d | eb1f 075e | 89b4 24a4 | 0200 0044 | 8b4a 14c4 | c17a 2ac1 | c5fa 5cc2 | c5fa 2cf8 
  0x000001922eea2ebc: 81ff 0000 | 0080 750f | 4883 ec08 | c5fa 1104 

  0x000001922eea2ecc: ;   {runtime_call Stub::Stub Generator f2i_fixup_stub}
  0x000001922eea2ecc: 24e8 feea | 1f07 5f89 | bc24 b002 | 0000 8b5a | 4048 c1e3 | 0348 3b03 

  0x000001922eea2ee4: ;   {metadata(method data for {method} {0x000001924d802c40} 'render' '()V' in 'com/szymc/voxel_engine/Engine')}
  0x000001922eea2ee4: 4c8b cb48 | b890 3faa | 4d92 0100 

  0x000001922eea2ef0: ;   {metadata('com/szymc/voxel_engine/UIRenderer')}
  0x000001922eea2ef0: 0049 ba20 | 3609 2000 | 0000 004c | 8990 1022 | 0000 4883 | 8018 2200 | 0001 4489 | 8424 b402 
  0x000001922eea2f10: 0000 41b8 | 4006 0000 | 41b9 8403 | 0000 488b | d3c5 fa11 | 8c24 0403 | 0000 0f1f 

  0x000001922eea2f2c: ;   {optimized virtual_call}
  0x000001922eea2f2c: 4400 00e8 

  0x000001922eea2f30: ; ImmutableOopMap {[216]=Oop [224]=Oop }
                      ;*invokevirtual beginUiRendering {reexecute=0 rethrow=0 return_oop=0}
                      ; - com.szymc.voxel_engine.Engine::render@2427 (line 458)
  0x000001922eea2f30: 6ccc dcff 

  0x000001922eea2f34: ;   {post_call_nop}
  0x000001922eea2f34: 0f1f 8400 | ac87 008a | 488b 9424 | d800 0000 | 8b72 4048 | c1e6 0344 | 8b42 4449 | c1e0 034d 
  0x000001922eea2f54: 85c0 0f84 | 381f 0000 | 0f1f 4000 

  0x000001922eea2f60: ; implicit exception: dispatches to 0x000001922eea4ea1
  0x000001922eea2f60: 410f beb8 | 1800 0000 

  0x000001922eea2f68: ; implicit exception: dispatches to 0x000001922eea4ebd
  0x000001922eea2f68: 483b 064c 

  0x000001922eea2f6c: ;   {metadata(method data for {method} {0x000001924d802c40} 'render' '()V' in 'com/szymc/voxel_engine/Engine')}
  0x000001922eea2f6c: 8bc6 48bb | 903f aa4d | 9201 0000 

  0x000001922eea2f78: ;   {metadata('com/szymc/voxel_engine/UIRenderer')}
  0x000001922eea2f78: 49ba 2036 | 0920 0000 | 0000 4c89 | 9340 2200 | 0048 8383 | 4822 0000 | 018b 9c24 | a402 0000 
  0x000001922eea2f98: c5fa 2ac3 | 8b84 24b0 | 0200 00c5 | f22a c84c | 8bc7 c5fa | 1094 2404 | 0300 00c5 | fa10 9c24 
  0x000001922eea2fb8: 0403 0000 

  0x000001922eea2fbc: ;   {optimized virtual_call}
  0x000001922eea2fbc: 488b d6e8 

  0x000001922eea2fc0: ; ImmutableOopMap {[216]=Oop [224]=Oop }
                      ;*invokevirtual drawIcon {reexecute=0 rethrow=0 return_oop=0}
                      ; - com.szymc.voxel_engine.Engine::render@2457 (line 459)
  0x000001922eea2fc0: 9ca6 ebff 

  0x000001922eea2fc4: ;   {post_call_nop}
  0x000001922eea2fc4: 0f1f 8400 | 3c88 008b | 488b 9424 | d800 0000 | 8b72 4048 | c1e6 0348 | 3b06 4c8b 

  0x000001922eea2fe0: ;   {metadata(method data for {method} {0x000001924d802c40} 'render' '()V' in 'com/szymc/voxel_engine/Engine')}
  0x000001922eea2fe0: c649 b990 | 3faa 4d92 

  0x000001922eea2fe8: ;   {metadata('com/szymc/voxel_engine/UIRenderer')}
  0x000001922eea2fe8: 0100 0049 | ba20 3609 | 2000 0000 | 004d 8991 | 7022 0000 | 4983 8178 | 2200 0001 | 41b8 4006 
  0x000001922eea3008: 0000 41b9 | 8403 0000 | 488b d60f 

  0x000001922eea3014: ;   {optimized virtual_call}
  0x000001922eea3014: 1f40 00e8 

  0x000001922eea3018: ; ImmutableOopMap {[216]=Oop [224]=Oop }
                      ;*invokevirtual beginTextRendering {reexecute=0 rethrow=0 return_oop=0}
                      ; - com.szymc.voxel_engine.Engine::render@2470 (line 460)
  0x000001922eea3018: 0404 dfff 

  0x000001922eea301c: ;   {post_call_nop}
  0x000001922eea301c: 0f1f 8400 | 9488 008c | 488b 9424 | d800 0000 | 8b72 4048 | c1e6 038b | 7a44 48c1 | e703 4885 
  0x000001922eea303c: ff0f 8484 | 1e00 000f | 1f44 0000 

  0x000001922eea3048: ; implicit exception: dispatches to 0x000001922eea4ed4
  0x000001922eea3048: 0fbe 9f19 

  0x000001922eea304c: ;   {metadata(method data for {method} {0x000001924d802c40} 'render' '()V' in 'com/szymc/voxel_engine/Engine')}
  0x000001922eea304c: 0000 0048 | bf90 3faa | 4d92 0100 | 0048 8387 | 9822 0000 | 0148 8bd3 | 4889 b424 | b802 0000 
  0x000001922eea306c: ;   {static_call}
  0x000001922eea306c: 6666 90e8 

  0x000001922eea3070: ; ImmutableOopMap {[216]=Oop [224]=Oop [696]=Oop }
                      ;*invokestatic toString {reexecute=0 rethrow=0 return_oop=0}
                      ; - com.szymc.voxel_engine.Engine::render@2484 (line 461)
  0x000001922eea3070: 8c17 e7ff 

  0x000001922eea3074: ;   {post_call_nop}
  0x000001922eea3074: 0f1f 8400 | ec88 008d | 488b 9424 | b802 0000 

  0x000001922eea3084: ; implicit exception: dispatches to 0x000001922eea4eef
  0x000001922eea3084: 483b 0248 

  0x000001922eea3088: ;   {metadata(method data for {method} {0x000001924d802c40} 'render' '()V' in 'com/szymc/voxel_engine/Engine')}
  0x000001922eea3088: 8bf2 49b8 | 903f aa4d | 9201 0000 

  0x000001922eea3094: ;   {metadata('com/szymc/voxel_engine/UIRenderer')}
  0x000001922eea3094: 49ba 2036 | 0920 0000 | 0000 4d89 | 90b0 2200 | 0049 8380 | b822 0000 | 018b b424 | a402 0000 
  0x000001922eea30b4: 03b4 24b4 | 0200 008b | bc24 b002 | 0000 03bc | 24b4 0200 | 004c 8bc0 

  0x000001922eea30cc: ;   {oop(a 'com/szymc/voxel_engine/UIRenderer$TextAlignment'{0x000000060d697bb8})}
  0x000001922eea30cc: 4c8b ce48 | beb8 7b69 | 0d06 0000 | 0066 0f1f 

  0x000001922eea30dc: ;   {optimized virtual_call}
  0x000001922eea30dc: 4400 00e8 

  0x000001922eea30e0: ; ImmutableOopMap {[216]=Oop [224]=Oop }
                      ;*invokevirtual renderFont {reexecute=0 rethrow=0 return_oop=0}
                      ; - com.szymc.voxel_engine.Engine::render@2504 (line 461)
  0x000001922eea30e0: 5c4a fcff 

  0x000001922eea30e4: ;   {post_call_nop}
  0x000001922eea30e4: 0f1f 8400 | 5c89 008e | 488b 9424 | d800 0000 | 8b52 4048 | c1e2 0348 | 3b02 488b 

  0x000001922eea3100: ;   {metadata(method data for {method} {0x000001924d802c40} 'render' '()V' in 'com/szymc/voxel_engine/Engine')}
  0x000001922eea3100: f248 bf90 | 3faa 4d92 

  0x000001922eea3108: ;   {metadata('com/szymc/voxel_engine/UIRenderer')}
  0x000001922eea3108: 0100 0049 | ba20 3609 | 2000 0000 | 004c 8997 | e022 0000 | 4883 87e8 | 2200 0001 

  0x000001922eea3124: ;   {optimized virtual_call}
  0x000001922eea3124: 6666 90e8 

  0x000001922eea3128: ; ImmutableOopMap {[224]=Oop }
                      ;*invokevirtual end {reexecute=0 rethrow=0 return_oop=0}
                      ; - com.szymc.voxel_engine.Engine::render@2511 (line 464)
  0x000001922eea3128: f446 0200 

  0x000001922eea312c: ;   {post_call_nop}
  0x000001922eea312c: 0f1f 8400 | a489 008f 

  0x000001922eea3134: ;   {metadata(method data for {method} {0x000001924d802c40} 'render' '()V' in 'com/szymc/voxel_engine/Engine')}
  0x000001922eea3134: 48ba 903f | aa4d 9201 | 0000 4883 | 8208 2300 

  0x000001922eea3144: ;   {metadata(method data for {method} {0x000001924d74be38} 'glDepthMask' '(Z)V' in 'org/lwjgl/opengl/GL11')}
  0x000001922eea3144: 0001 48ba | 804a 794d | 9201 0000 | 8bb2 9000 | 0000 83c6 | 0289 b290 | 0000 0081 | e6fe ff1f 
  0x000001922eea3164: 0085 f60f | 848c 1d00 

  0x000001922eea316c: ;   {metadata(method data for {method} {0x000001924d74be38} 'glDepthMask' '(Z)V' in 'org/lwjgl/opengl/GL11')}
  0x000001922eea316c: 0048 ba80 | 4a79 4d92 | 0100 0048 | 8382 d800 | 0000 01ba | 0100 0000 

  0x000001922eea3184: ;   {static_call}
  0x000001922eea3184: 6666 90e8 

  0x000001922eea3188: ; ImmutableOopMap {[224]=Oop }
                      ;*invokestatic glDepthMask {reexecute=0 rethrow=0 return_oop=0}
                      ; - org.lwjgl.opengl.GL11::glDepthMask@1 (line 1780)
                      ; - com.szymc.voxel_engine.Engine::render@2515 (line 466)
  0x000001922eea3188: 8413 9e07 

  0x000001922eea318c: ;   {post_call_nop}
  0x000001922eea318c: 0f1f 8400 | 048a 0090 | 488b b424 | e000 0000 

  0x000001922eea319c: ;   {metadata(method data for {method} {0x000001924d802c40} 'render' '()V' in 'com/szymc/voxel_engine/Engine')}
  0x000001922eea319c: 4885 f648 | b890 3faa | 4d92 0100 | 00ba 1823 | 0000 7405 | ba28 2300 | 0048 8b3c | 1048 8d7f 
  0x000001922eea31bc: 0148 893c | 100f 8425 | 0300 00e9 | b501 0000 | 488b b424 | e000 0000 | 498b 8768 | 0500 004d 
  0x000001922eea31dc: 33d2 4d89 | 9768 0500 | 004d 33d2 | 4d89 9770 | 0500 0048 

  0x000001922eea31f0: ;   {metadata(method data for {method} {0x000001924d802c40} 'render' '()V' in 'com/szymc/voxel_engine/Engine')}
  0x000001922eea31f0: 85f6 48ba | 903f aa4d | 9201 0000 | bf80 2300 | 0074 05bf | 9023 0000 | 488b 1c3a | 488d 5b01 
  0x000001922eea3210: 4889 1c3a | 0f84 d203 | 0000 4889 | 8424 c002 | 0000 483b | 0648 8bd6 

  0x000001922eea3228: ;   {metadata(method data for {method} {0x000001924d802c40} 'render' '()V' in 'com/szymc/voxel_engine/Engine')}
  0x000001922eea3228: 48bf 903f | aa4d 9201 | 0000 8b52 | 0841 ba00 | 0000 1f49 | 03d2 483b | 97a8 2300 | 0075 0d48 
  0x000001922eea3248: 8387 b023 | 0000 01e9 | 6000 0000 | 483b 97b8 | 2300 0075 | 0d48 8387 | c023 0000 | 01e9 4a00 
  0x000001922eea3268: 0000 4883 | bfa8 2300 | 0000 7517 | 4889 97a8 | 2300 0048 | c787 b023 | 0000 0100 | 0000 e929 
  0x000001922eea3288: 0000 0048 | 83bf b823 | 0000 0075 | 1748 8997 | b823 0000 | 48c7 87c0 | 2300 0001 | 0000 00e9 
  0x000001922eea32a8: 0800 0000 | 4883 87a0 | 2300 0001 

  0x000001922eea32b4: ;   {metadata(method data for {method} {0x000001924d65f568} 'close' '()V' in 'org/lwjgl/system/MemoryStack')}
  0x000001922eea32b4: 48ba 98e7 | 714d 9201 | 0000 8bba | 9000 0000 | 83c7 0289 | ba90 0000 | 0081 e7fe | ff1f 0085 
  0x000001922eea32d4: ff0f 8444 | 1c00 0048 

  0x000001922eea32dc: ;   {metadata(method data for {method} {0x000001924d65f568} 'close' '()V' in 'org/lwjgl/system/MemoryStack')}
  0x000001922eea32dc: 8bd6 48bf | 98e7 714d | 9201 0000 | 8b52 0841 | ba00 0000 | 1f49 03d2 | 483b 97e0 | 0000 0075 
  0x000001922eea32fc: 0d48 8387 | e800 0000 | 01e9 6000 | 0000 483b | 97f0 0000 | 0075 0d48 | 8387 f800 | 0000 01e9 
  0x000001922eea331c: 4a00 0000 | 4883 bfe0 | 0000 0000 | 7517 4889 | 97e0 0000 | 0048 c787 | e800 0000 | 0100 0000 
  0x000001922eea333c: e929 0000 | 0048 83bf | f000 0000 | 0075 1748 | 8997 f000 | 0000 48c7 | 87f8 0000 | 0001 0000 
  0x000001922eea335c: 00e9 0800 | 0000 4883 | 87d8 0000 | 0001 488b 

  0x000001922eea336c: ;   {optimized virtual_call}
  0x000001922eea336c: d666 90e8 

  0x000001922eea3370: ; ImmutableOopMap {[704]=Oop }
                      ;*invokevirtual pop {reexecute=0 rethrow=0 return_oop=0}
                      ; - org.lwjgl.system.MemoryStack::close@1 (line 168)
                      ; - com.szymc.voxel_engine.Engine::render@2535 (line 225)
  0x000001922eea3370: 6cc1 2407 

  0x000001922eea3374: ;   {post_call_nop}
  0x000001922eea3374: 0f1f 8400 | ec8b 0091 | e97e 0100 | 0048 8bc6 

  0x000001922eea3384: ;   {metadata(method data for {method} {0x000001924d802c40} 'render' '()V' in 'com/szymc/voxel_engine/Engine')}
  0x000001922eea3384: 48ba 903f | aa4d 9201 | 0000 8b40 | 0841 ba00 | 0000 1f49 | 03c2 483b | 8240 2300 | 0075 0d48 
  0x000001922eea33a4: 8382 4823 | 0000 01e9 | 6000 0000 | 483b 8250 | 2300 0075 | 0d48 8382 | 5823 0000 | 01e9 4a00 
  0x000001922eea33c4: 0000 4883 | ba40 2300 | 0000 7517 | 4889 8240 | 2300 0048 | c782 4823 | 0000 0100 | 0000 e929 
  0x000001922eea33e4: 0000 0048 | 83ba 5023 | 0000 0075 | 1748 8982 | 5023 0000 | 48c7 8258 | 2300 0001 | 0000 00e9 
  0x000001922eea3404: 0800 0000 | 4883 8238 | 2300 0001 

  0x000001922eea3410: ;   {metadata(method data for {method} {0x000001924d65f568} 'close' '()V' in 'org/lwjgl/system/MemoryStack')}
  0x000001922eea3410: 48ba 98e7 | 714d 9201 | 0000 8bba | 9000 0000 | 83c7 0289 | ba90 0000 | 0081 e7fe | ff1f 0085 
  0x000001922eea3430: ff0f 8409 | 1b00 0048 

  0x000001922eea3438: ;   {metadata(method data for {method} {0x000001924d65f568} 'close' '()V' in 'org/lwjgl/system/MemoryStack')}
  0x000001922eea3438: 8bc6 48ba | 98e7 714d | 9201 0000 | 8b40 0841 | ba00 0000 | 1f49 03c2 | 483b 82e0 | 0000 0075 
  0x000001922eea3458: 0d48 8382 | e800 0000 | 01e9 6000 | 0000 483b | 82f0 0000 | 0075 0d48 | 8382 f800 | 0000 01e9 
  0x000001922eea3478: 4a00 0000 | 4883 bae0 | 0000 0000 | 7517 4889 | 82e0 0000 | 0048 c782 | e800 0000 | 0100 0000 
  0x000001922eea3498: e929 0000 | 0048 83ba | f000 0000 | 0075 1748 | 8982 f000 | 0000 48c7 | 82f8 0000 | 0001 0000 
  0x000001922eea34b8: 00e9 0800 | 0000 4883 | 82d8 0000 | 0001 488b | d666 0f1f 

  0x000001922eea34cc: ;   {optimized virtual_call}
  0x000001922eea34cc: 4400 00e8 

  0x000001922eea34d0: ; ImmutableOopMap {}
                      ;*invokevirtual pop {reexecute=0 rethrow=0 return_oop=0}
                      ; - org.lwjgl.system.MemoryStack::close@1 (line 168)
                      ; - com.szymc.voxel_engine.Engine::render@2523 (line 467)
  0x000001922eea34d0: 3c88 9807 

  0x000001922eea34d4: ;   {post_call_nop}
  0x000001922eea34d4: 0f1f 8400 | 4c8d 0092 

  0x000001922eea34dc: ;   {metadata(method data for {method} {0x000001924d802c40} 'render' '()V' in 'com/szymc/voxel_engine/Engine')}
  0x000001922eea34dc: 48b8 903f | aa4d 9201 | 0000 ff80 | 6823 0000 | 4881 c410 | 0300 005d 

  0x000001922eea34f4: ;   {poll_return}
  0x000001922eea34f4: 493b 6728 | 0f87 631a 

  0x000001922eea34fc: ;   {metadata(method data for {method} {0x000001924d802c40} 'render' '()V' in 'com/szymc/voxel_engine/Engine')}
  0x000001922eea34fc: 0000 c348 | b890 3faa | 4d92 0100 | 00ff 80d0 | 2300 0048 | 8b84 24c0 | 0200 00e9 | d000 0000 
  0x000001922eea351c: 498b 8768 | 0500 004d | 33d2 4d89 | 9768 0500 | 004d 33d2 | 4d89 9770 | 0500 004c | 8b84 24c0 
  0x000001922eea353c: ;   {metadata(method data for {method} {0x000001924d802c40} 'render' '()V' in 'com/szymc/voxel_engine/Engine')}
  0x000001922eea353c: 0200 0048 | ba90 3faa | 4d92 0100 | 0045 8b40 | 0841 ba00 | 0000 1f4d | 03c2 4c3b | 82f0 2300 
  0x000001922eea355c: 0075 0d48 | 8382 f823 | 0000 01e9 | 6000 0000 | 4c3b 8200 | 2400 0075 | 0d48 8382 | 0824 0000 
  0x000001922eea357c: 01e9 4a00 | 0000 4883 | baf0 2300 | 0000 7517 | 4c89 82f0 | 2300 0048 | c782 f823 | 0000 0100 
  0x000001922eea359c: 0000 e929 | 0000 0048 | 83ba 0024 | 0000 0075 | 174c 8982 | 0024 0000 | 48c7 8208 | 2400 0001 
  0x000001922eea35bc: 0000 00e9 | 0800 0000 | 4883 82e8 | 2300 0001 | 4c8b c048 | 8b94 24c0 

  0x000001922eea35d4: ;   {optimized virtual_call}
  0x000001922eea35d4: 0200 00e8 

  0x000001922eea35d8: ; ImmutableOopMap {[704]=Oop }
                      ;*invokevirtual addSuppressed {reexecute=0 rethrow=0 return_oop=0}
                      ; - com.szymc.voxel_engine.Engine::render@2544 (line 225)
  0x000001922eea35d8: 04bf 2407 

  0x000001922eea35dc: ;   {post_call_nop}
  0x000001922eea35dc: 0f1f 8400 | 548e 0093 | 488b 8424 | c002 0000 | e9a3 1900 

  0x000001922eea35f0: ;   {metadata({method} {0x000001924d802c40} 'render' '()V' in 'com/szymc/voxel_engine/Engine')}
  0x000001922eea35f0: 0049 ba38 | 2c80 4d92 | 0100 004c | 8954 2408 | 48c7 0424 | ffff ffff 

  0x000001922eea3608: ;   {runtime_call C1 Runtime counter_overflow_blob}
  0x000001922eea3608: e8d3 e732 

  0x000001922eea360c: ; ImmutableOopMap {rdx=Oop [216]=Oop }
                      ;*synchronization entry
                      ; - com.szymc.voxel_engine.Engine::render@-1 (line 221)
  0x000001922eea360c: 07e9 fc73 

  0x000001922eea3610: ;   {metadata({method} {0x000001924d748750} 'glClearColor' '(FFFF)V' in 'org/lwjgl/opengl/GL11')}
  0x000001922eea3610: ffff 49ba | 4887 744d | 9201 0000 | 4c89 5424 | 0848 c704 | 24ff ffff 

  0x000001922eea3628: ;   {runtime_call C1 Runtime counter_overflow_blob}
  0x000001922eea3628: ffe8 b2e7 

  0x000001922eea362c: ; ImmutableOopMap {[216]=Oop }
                      ;*synchronization entry
                      ; - org.lwjgl.opengl.GL11::glClearColor@-1 (line 1022)
                      ; - com.szymc.voxel_engine.Engine::render@10 (line 221)
  0x000001922eea362c: 3207 e914 

  0x000001922eea3630: ;   {metadata({method} {0x000001924d748580} 'glClear' '(I)V' in 'org/lwjgl/opengl/GL11')}
  0x000001922eea3630: 74ff ff49 | ba78 8574 | 4d92 0100 | 004c 8954 | 2408 48c7 | 0424 ffff 

  0x000001922eea3648: ;   {runtime_call C1 Runtime counter_overflow_blob}
  0x000001922eea3648: ffff e891 

  0x000001922eea364c: ; ImmutableOopMap {[216]=Oop }
                      ;*synchronization entry
                      ; - org.lwjgl.opengl.GL11::glClear@-1 (line 992)
                      ; - com.szymc.voxel_engine.Engine::render@16 (line 222)
  0x000001922eea364c: e732 07e9 | 7174 ffff 

  0x000001922eea3654: ;   {metadata({method} {0x000001924d75a778} 'glPolygonMode' '(II)V' in 'org/lwjgl/opengl/GL11')}
  0x000001922eea3654: 49ba 70a7 | 754d 9201 | 0000 4c89 | 5424 0848 | c704 24ff 

  0x000001922eea3668: ;   {runtime_call C1 Runtime counter_overflow_blob}
  0x000001922eea3668: ffff ffe8 

  0x000001922eea366c: ; ImmutableOopMap {[216]=Oop }
                      ;*synchronization entry
                      ; - org.lwjgl.opengl.GL11::glPolygonMode@-1 (line 4987)
                      ; - com.szymc.voxel_engine.Engine::render@31 (line 223)
  0x000001922eea366c: 70e7 3207 | e9ef 74ff 

  0x000001922eea3674: ;   {metadata({method} {0x000001924d75a778} 'glPolygonMode' '(II)V' in 'org/lwjgl/opengl/GL11')}
  0x000001922eea3674: ff49 ba70 | a775 4d92 | 0100 004c | 8954 2408 | 48c7 0424 | ffff ffff 

  0x000001922eea368c: ;   {runtime_call C1 Runtime counter_overflow_blob}
  0x000001922eea368c: e84f e732 

  0x000001922eea3690: ; ImmutableOopMap {[216]=Oop }
                      ;*synchronization entry
                      ; - org.lwjgl.opengl.GL11::glPolygonMode@-1 (line 4987)
                      ; - com.szymc.voxel_engine.Engine::render@43 (line 223)
  0x000001922eea3690: 07e9 5175 

  0x000001922eea3694: ;   {metadata({method} {0x000001924d664350} 'stackPush' '()Lorg/lwjgl/system/MemoryStack;' in 'org/lwjgl/system/MemoryStack')}
  0x000001922eea3694: ffff 49ba | 4843 664d | 9201 0000 | 4c89 5424 | 0848 c704 | 24ff ffff 

  0x000001922eea36ac: ;   {runtime_call C1 Runtime counter_overflow_blob}
  0x000001922eea36ac: ffe8 2ee7 

  0x000001922eea36b0: ; ImmutableOopMap {[216]=Oop }
                      ;*synchronization entry
                      ; - org.lwjgl.system.MemoryStack::stackPush@-1 (line 915)
                      ; - com.szymc.voxel_engine.Engine::render@46 (line 225)
  0x000001922eea36b0: 3207 e998 

  0x000001922eea36b4: ;   {metadata({method} {0x000001924d6642b0} 'stackGet' '()Lorg/lwjgl/system/MemoryStack;' in 'org/lwjgl/system/MemoryStack')}
  0x000001922eea36b4: 75ff ff49 | baa8 4266 | 4d92 0100 | 004c 8954 | 2408 48c7 | 0424 ffff 

  0x000001922eea36cc: ;   {runtime_call C1 Runtime counter_overflow_blob}
  0x000001922eea36cc: ffff e80d 

  0x000001922eea36d0: ; ImmutableOopMap {[216]=Oop }
                      ;*synchronization entry
                      ; - org.lwjgl.system.MemoryStack::stackGet@-1 (line 906)
                      ; - org.lwjgl.system.MemoryStack::stackPush@0 (line 915)
                      ; - com.szymc.voxel_engine.Engine::render@46 (line 225)
  0x000001922eea36d0: e732 07e9 | b275 ffff 

  0x000001922eea36d8: ;   {metadata({method} {0x000000001f262498} 'get' '()Ljava/lang/Object;' in 'java/lang/ThreadLocal')}
  0x000001922eea36d8: 49ba 9024 | 261f 0000 | 0000 4c89 | 5424 0848 | c704 24ff 

  0x000001922eea36ec: ;   {runtime_call C1 Runtime counter_overflow_blob}
  0x000001922eea36ec: ffff ffe8 

  0x000001922eea36f0: ; ImmutableOopMap {rdx=Oop [216]=Oop }
                      ;*synchronization entry
                      ; - java.lang.ThreadLocal::get@-1 (line 171)
                      ; - org.lwjgl.system.MemoryStack::stackGet@3 (line 906)
                      ; - org.lwjgl.system.MemoryStack::stackPush@0 (line 915)
                      ; - com.szymc.voxel_engine.Engine::render@46 (line 225)
  0x000001922eea36f0: ece6 3207 | e954 76ff | ff48 8904 

  0x000001922eea36fc: ;   {runtime_call C1 Runtime throw_class_cast_exception_blob}
  0x000001922eea36fc: 24e8 de99 

  0x000001922eea3700: ; ImmutableOopMap {[216]=Oop }
                      ;*checkcast {reexecute=0 rethrow=0 return_oop=0}
                      ; - org.lwjgl.system.MemoryStack::stackGet@6 (line 906)
                      ; - org.lwjgl.system.MemoryStack::stackPush@0 (line 915)
                      ; - com.szymc.voxel_engine.Engine::render@46 (line 225)
                      ;   {runtime_call C1 Runtime throw_null_pointer_exception_blob}
  0x000001922eea3700: 3207 e8d9 

  0x000001922eea3704: ; ImmutableOopMap {rdx=Oop [216]=Oop }
                      ;*invokevirtual push {reexecute=0 rethrow=0 return_oop=0}
                      ; - org.lwjgl.system.MemoryStack::stackPush@3 (line 915)
                      ; - com.szymc.voxel_engine.Engine::render@46 (line 225)
                      ;   {runtime_call C1 Runtime throw_null_pointer_exception_blob}
  0x000001922eea3704: 6732 07e8 

  0x000001922eea3708: ; ImmutableOopMap {rdx=Oop rsi=Oop [216]=Oop [224]=Oop }
                      ;*invokevirtual start {reexecute=0 rethrow=0 return_oop=0}
                      ; - com.szymc.voxel_engine.Engine::render@54 (line 226)
  0x000001922eea3708: d467 3207 

  0x000001922eea370c: ;   {metadata({method} {0x000001924d8060a0} 'start' '()V' in 'com/szymc/localShaders/Shader')}
  0x000001922eea370c: 49ba 9860 | 804d 9201 | 0000 4c89 | 5424 0848 | c704 24ff 

  0x000001922eea3720: ;   {runtime_call C1 Runtime counter_overflow_blob}
  0x000001922eea3720: ffff ffe8 

  0x000001922eea3724: ; ImmutableOopMap {rdx=Oop rsi=Oop [216]=Oop [224]=Oop }
                      ;*synchronization entry
                      ; - com.szymc.localShaders.Shader::start@-1 (line 78)
                      ; - com.szymc.voxel_engine.Engine::render@54 (line 226)
  0x000001922eea3724: b8e6 3207 | e997 78ff 

  0x000001922eea372c: ;   {metadata({method} {0x000001924d81ab68} 'glUseProgram' '(I)V' in 'org/lwjgl/opengl/GL20')}
  0x000001922eea372c: ff49 ba60 | ab81 4d92 | 0100 004c | 8954 2408 | 48c7 0424 | ffff ffff 

  0x000001922eea3744: ;   {runtime_call C1 Runtime counter_overflow_blob}
  0x000001922eea3744: e897 e632 

  0x000001922eea3748: ; ImmutableOopMap {rdx=Oop [216]=Oop [224]=Oop }
                      ;*synchronization entry
                      ; - org.lwjgl.opengl.GL20::glUseProgram@-1 (line 398)
                      ; - com.szymc.localShaders.Shader::start@4 (line 78)
                      ; - com.szymc.voxel_engine.Engine::render@54 (line 226)
  0x000001922eea3748: 07e9 b278 

  0x000001922eea374c: ;   {runtime_call C1 Runtime throw_null_pointer_exception_blob}
  0x000001922eea374c: ffff e88d 

  0x000001922eea3750: ; ImmutableOopMap {rax=Oop [216]=Oop [224]=Oop }
                      ;*invokevirtual mallocFloat {reexecute=0 rethrow=0 return_oop=0}
                      ; - com.szymc.voxel_engine.Engine::render@60 (line 228)
                      ;   {runtime_call C1 Runtime throw_null_pointer_exception_blob}
  0x000001922eea3750: 6732 07e8 

  0x000001922eea3754: ; ImmutableOopMap {rax=Oop rdx=Oop rsi=Oop rdi=Oop [216]=Oop [224]=Oop [232]=Oop [248]=Oop }
                      ;*invokevirtual getProjectionMatrix {reexecute=0 rethrow=0 return_oop=0}
                      ; - com.szymc.voxel_engine.Engine::render@72 (line 229)
  0x000001922eea3754: 8867 3207 

  0x000001922eea3758: ;   {runtime_call C1 Runtime throw_null_pointer_exception_blob}
  0x000001922eea3758: e883 6732 

  0x000001922eea375c: ; ImmutableOopMap {rax=Oop rsi=Oop [216]=Oop [224]=Oop [232]=Oop [240]=Oop [248]=Oop }
                      ;*invokevirtual setCamera {reexecute=0 rethrow=0 return_oop=0}
                      ; - com.szymc.voxel_engine.Engine::render@83 (line 229)
                      ;   {metadata({method} {0x000001924d871160} 'setCamera' '(Lorg/joml/Matrix4f;Lorg/joml/Matrix4f;Ljava/nio/FloatBuffer;)V' in 'com/szymc/localShaders/WorldShader')}
  0x000001922eea375c: 0749 ba58 | 1187 4d92 | 0100 004c | 8954 2408 | 48c7 0424 | ffff ffff 

  0x000001922eea3774: ;   {runtime_call C1 Runtime counter_overflow_blob}
  0x000001922eea3774: e867 e632 

  0x000001922eea3778: ; ImmutableOopMap {rax=Oop rsi=Oop [216]=Oop [224]=Oop [232]=Oop [240]=Oop [248]=Oop }
                      ;*synchronization entry
                      ; - com.szymc.localShaders.WorldShader::setCamera@-1 (line 38)
                      ; - com.szymc.voxel_engine.Engine::render@83 (line 229)
  0x000001922eea3778: 07e9 537a 

  0x000001922eea377c: ;   {metadata({method} {0x000001924d806220} 'setMatrix' '(ILorg/joml/Matrix4f;Ljava/nio/FloatBuffer;)V' in 'com/szymc/localShaders/Shader')}
  0x000001922eea377c: ffff 49ba | 1862 804d | 9201 0000 | 4c89 5424 | 0848 c704 | 24ff ffff 

  0x000001922eea3794: ;   {runtime_call C1 Runtime counter_overflow_blob}
  0x000001922eea3794: ffe8 46e6 

  0x000001922eea3798: ; ImmutableOopMap {rax=Oop rsi=Oop [216]=Oop [224]=Oop [232]=Oop [240]=Oop [248]=Oop }
                      ;*synchronization entry
                      ; - com.szymc.localShaders.Shader::setMatrix@-1 (line 86)
                      ; - com.szymc.localShaders.WorldShader::setCamera@7 (line 38)
                      ; - com.szymc.voxel_engine.Engine::render@83 (line 229)
  0x000001922eea3798: 3207 e9f1 

  0x000001922eea379c: ;   {runtime_call C1 Runtime throw_null_pointer_exception_blob}
  0x000001922eea379c: 7aff ffe8 

  0x000001922eea37a0: ; ImmutableOopMap {rax=Oop rsi=Oop r8=Oop [216]=Oop [224]=Oop [232]=Oop [248]=Oop }
                      ;*invokevirtual get {reexecute=0 rethrow=0 return_oop=0}
                      ; - com.szymc.localShaders.Shader::setMatrix@4 (line 86)
                      ; - com.szymc.localShaders.WorldShader::setCamera@7 (line 38)
                      ; - com.szymc.voxel_engine.Engine::render@83 (line 229)
  0x000001922eea37a0: 3c67 3207 

  0x000001922eea37a4: ;   {metadata({method} {0x000001924d43d660} 'get' '(Ljava/nio/FloatBuffer;)Ljava/nio/FloatBuffer;' in 'org/joml/Matrix4f')}
  0x000001922eea37a4: 49ba 58d6 | 434d 9201 | 0000 4c89 | 5424 0848 | c704 24ff 

  0x000001922eea37b8: ;   {runtime_call C1 Runtime counter_overflow_blob}
  0x000001922eea37b8: ffff ffe8 

  0x000001922eea37bc: ; ImmutableOopMap {rax=Oop rsi=Oop r8=Oop [216]=Oop [224]=Oop [232]=Oop [248]=Oop }
                      ;*synchronization entry
                      ; - org.joml.Matrix4f::get@-1 (line 3241)
                      ; - com.szymc.localShaders.Shader::setMatrix@4 (line 86)
                      ; - com.szymc.localShaders.WorldShader::setCamera@7 (line 38)
                      ; - com.szymc.voxel_engine.Engine::render@83 (line 229)
  0x000001922eea37bc: 20e6 3207 | e914 7bff 

  0x000001922eea37c4: ;   {runtime_call C1 Runtime throw_null_pointer_exception_blob}
  0x000001922eea37c4: ffe8 1667 

  0x000001922eea37c8: ; ImmutableOopMap {rax=Oop rsi=Oop r8=Oop rcx=Oop [216]=Oop [224]=Oop [232]=Oop [248]=Oop }
                      ;*invokevirtual position {reexecute=0 rethrow=0 return_oop=0}
                      ; - org.joml.Matrix4f::get@5 (line 3241)
                      ; - com.szymc.localShaders.Shader::setMatrix@4 (line 86)
                      ; - com.szymc.localShaders.WorldShader::setCamera@7 (line 38)
                      ; - com.szymc.voxel_engine.Engine::render@83 (line 229)
                      ;   {metadata({method} {0x000001924d81c700} 'glUniformMatrix4fv' '(IZLjava/nio/FloatBuffer;)V' in 'org/lwjgl/opengl/GL20')}
  0x000001922eea37c8: 3207 49ba | f8c6 814d | 9201 0000 | 4c89 5424 | 0848 c704 | 24ff ffff 

  0x000001922eea37e0: ;   {runtime_call C1 Runtime counter_overflow_blob}
  0x000001922eea37e0: ffe8 fae5 

  0x000001922eea37e4: ; ImmutableOopMap {[216]=Oop [224]=Oop [232]=Oop [248]=Oop [264]=Oop [272]=Oop }
                      ;*synchronization entry
                      ; - org.lwjgl.opengl.GL20::glUniformMatrix4fv@-1 (line 791)
                      ; - com.szymc.localShaders.Shader::setMatrix@7 (line 86)
                      ; - com.szymc.localShaders.WorldShader::setCamera@7 (line 38)
                      ; - com.szymc.voxel_engine.Engine::render@83 (line 229)
  0x000001922eea37e4: 3207 e917 

  0x000001922eea37e8: ;   {metadata({method} {0x000001924d806220} 'setMatrix' '(ILorg/joml/Matrix4f;Ljava/nio/FloatBuffer;)V' in 'com/szymc/localShaders/Shader')}
  0x000001922eea37e8: 7cff ff49 | ba18 6280 | 4d92 0100 | 004c 8954 | 2408 48c7 | 0424 ffff 

  0x000001922eea3800: ;   {runtime_call C1 Runtime counter_overflow_blob}
  0x000001922eea3800: ffff e8d9 

  0x000001922eea3804: ; ImmutableOopMap {[216]=Oop [224]=Oop [248]=Oop [264]=Oop [272]=Oop }
                      ;*synchronization entry
                      ; - com.szymc.localShaders.Shader::setMatrix@-1 (line 86)
                      ; - com.szymc.localShaders.WorldShader::setCamera@17 (line 39)
                      ; - com.szymc.voxel_engine.Engine::render@83 (line 229)
  0x000001922eea3804: e532 07e9 | f37c ffff 

  0x000001922eea380c: ;   {runtime_call C1 Runtime throw_null_pointer_exception_blob}
  0x000001922eea380c: e8cf 6632 

  0x000001922eea3810: ; ImmutableOopMap {rax=Oop [216]=Oop [224]=Oop [248]=Oop [272]=Oop }
                      ;*invokevirtual get {reexecute=0 rethrow=0 return_oop=0}
                      ; - com.szymc.localShaders.Shader::setMatrix@4 (line 86)
                      ; - com.szymc.localShaders.WorldShader::setCamera@17 (line 39)
                      ; - com.szymc.voxel_engine.Engine::render@83 (line 229)
                      ;   {metadata({method} {0x000001924d43d660} 'get' '(Ljava/nio/FloatBuffer;)Ljava/nio/FloatBuffer;' in 'org/joml/Matrix4f')}
  0x000001922eea3810: 0749 ba58 | d643 4d92 | 0100 004c | 8954 2408 | 48c7 0424 | ffff ffff 

  0x000001922eea3828: ;   {runtime_call C1 Runtime counter_overflow_blob}
  0x000001922eea3828: e8b3 e532 

  0x000001922eea382c: ; ImmutableOopMap {rax=Oop [216]=Oop [224]=Oop [248]=Oop [272]=Oop }
                      ;*synchronization entry
                      ; - org.joml.Matrix4f::get@-1 (line 3241)
                      ; - com.szymc.localShaders.Shader::setMatrix@4 (line 86)
                      ; - com.szymc.localShaders.WorldShader::setCamera@17 (line 39)
                      ; - com.szymc.voxel_engine.Engine::render@83 (line 229)
  0x000001922eea382c: 07e9 197d 

  0x000001922eea3830: ;   {metadata({method} {0x000001924d81c700} 'glUniformMatrix4fv' '(IZLjava/nio/FloatBuffer;)V' in 'org/lwjgl/opengl/GL20')}
  0x000001922eea3830: ffff 49ba | f8c6 814d | 9201 0000 | 4c89 5424 | 0848 c704 | 24ff ffff 

  0x000001922eea3848: ;   {runtime_call C1 Runtime counter_overflow_blob}
  0x000001922eea3848: ffe8 92e5 

  0x000001922eea384c: ; ImmutableOopMap {[216]=Oop [224]=Oop [248]=Oop }
                      ;*synchronization entry
                      ; - org.lwjgl.opengl.GL20::glUniformMatrix4fv@-1 (line 791)
                      ; - com.szymc.localShaders.Shader::setMatrix@7 (line 86)
                      ; - com.szymc.localShaders.WorldShader::setCamera@17 (line 39)
                      ; - com.szymc.voxel_engine.Engine::render@83 (line 229)
  0x000001922eea384c: 3207 e917 

  0x000001922eea3850: ;   {runtime_call C1 Runtime throw_null_pointer_exception_blob}
  0x000001922eea3850: 7eff ffe8 

  0x000001922eea3854: ; ImmutableOopMap {rdx=Oop rsi=Oop [216]=Oop [224]=Oop [248]=Oop }
                      ;*invokevirtual getViewMatrix {reexecute=0 rethrow=0 return_oop=0}
                      ; - com.szymc.voxel_engine.Engine::render@90 (line 231)
  0x000001922eea3854: 8866 3207 

  0x000001922eea3858: ;   {runtime_call C1 Runtime throw_null_pointer_exception_blob}
  0x000001922eea3858: e883 6632 

  0x000001922eea385c: ; ImmutableOopMap {rax=Oop rdx=Oop rsi=Oop [216]=Oop [224]=Oop [248]=Oop }
                      ;*invokevirtual updateFrustum {reexecute=0 rethrow=0 return_oop=0}
                      ; - com.szymc.voxel_engine.Engine::render@99 (line 232)
                      ;   {metadata({method} {0x000001924d40d8e0} 'updateFrustum' '(Lorg/joml/Matrix4f;)V' in 'com/szymc/voxel_engine/Camera')}
  0x000001922eea385c: 0749 bad8 | d840 4d92 | 0100 004c | 8954 2408 | 48c7 0424 | ffff ffff 

  0x000001922eea3874: ;   {runtime_call C1 Runtime counter_overflow_blob}
  0x000001922eea3874: e867 e532 

  0x000001922eea3878: ; ImmutableOopMap {rax=Oop rdx=Oop rsi=Oop [216]=Oop [224]=Oop [248]=Oop }
                      ;*synchronization entry
                      ; - com.szymc.voxel_engine.Camera::updateFrustum@-1 (line 85)
                      ; - com.szymc.voxel_engine.Engine::render@99 (line 232)
  0x000001922eea3878: 07e9 d27e 

  0x000001922eea387c: ;   {runtime_call C1 Runtime throw_null_pointer_exception_blob}
  0x000001922eea387c: ffff e85d 

  0x000001922eea3880: ; ImmutableOopMap {rax=Oop rdx=Oop rsi=Oop rdi=Oop r9=Oop [216]=Oop [224]=Oop [248]=Oop }
                      ;*invokevirtual mul {reexecute=0 rethrow=0 return_oop=0}
                      ; - com.szymc.voxel_engine.Camera::updateFrustum@9 (line 85)
                      ; - com.szymc.voxel_engine.Engine::render@99 (line 232)
                      ;   {runtime_call C1 Runtime throw_null_pointer_exception_blob}
  0x000001922eea3880: 6632 07e8 

  0x000001922eea3884: ; ImmutableOopMap {rdx=Oop r8=Oop [216]=Oop [224]=Oop [248]=Oop }
                      ;*invokevirtual set {reexecute=0 rethrow=0 return_oop=0}
                      ; - com.szymc.voxel_engine.Camera::updateFrustum@21 (line 86)
                      ; - com.szymc.voxel_engine.Engine::render@99 (line 232)
  0x000001922eea3884: 5866 3207 

  0x000001922eea3888: ;   {metadata({method} {0x000001924d5ea580} 'set' '(Lorg/joml/Matrix4fc;)Lorg/joml/FrustumIntersection;' in 'org/joml/FrustumIntersection')}
  0x000001922eea3888: 49ba 78a5 | 5e4d 9201 | 0000 4c89 | 5424 0848 | c704 24ff 

  0x000001922eea389c: ;   {runtime_call C1 Runtime counter_overflow_blob}
  0x000001922eea389c: ffff ffe8 

  0x000001922eea38a0: ; ImmutableOopMap {rdx=Oop r8=Oop [216]=Oop [224]=Oop [248]=Oop }
                      ;*synchronization entry
                      ; - org.joml.FrustumIntersection::set@-1 (line 184)
                      ; - com.szymc.voxel_engine.Camera::updateFrustum@21 (line 86)
                      ; - com.szymc.voxel_engine.Engine::render@99 (line 232)
  0x000001922eea38a0: 3ce5 3207 | e964 7fff 

  0x000001922eea38a8: ;   {metadata({method} {0x000001924d747410} 'glDisable' '(I)V' in 'org/lwjgl/opengl/GL11')}
  0x000001922eea38a8: ff49 ba08 | 7474 4d92 | 0100 004c | 8954 2408 | 48c7 0424 | ffff ffff 

  0x000001922eea38c0: ;   {runtime_call C1 Runtime counter_overflow_blob}
  0x000001922eea38c0: e81b e532 

  0x000001922eea38c4: ; ImmutableOopMap {[216]=Oop [224]=Oop [248]=Oop }
                      ;*synchronization entry
                      ; - org.lwjgl.opengl.GL11::glDisable@-1 (line 737)
                      ; - com.szymc.voxel_engine.Engine::render@105 (line 234)
  0x000001922eea38c4: 07e9 bb7f 

  0x000001922eea38c8: ;   {metadata({method} {0x000001924d74be38} 'glDepthMask' '(Z)V' in 'org/lwjgl/opengl/GL11')}
  0x000001922eea38c8: ffff 49ba | 30be 744d | 9201 0000 | 4c89 5424 | 0848 c704 | 24ff ffff 

  0x000001922eea38e0: ;   {runtime_call C1 Runtime counter_overflow_blob}
  0x000001922eea38e0: ffe8 fae4 

  0x000001922eea38e4: ; ImmutableOopMap {[216]=Oop [224]=Oop [248]=Oop }
                      ;*synchronization entry
                      ; - org.lwjgl.opengl.GL11::glDepthMask@-1 (line 1780)
                      ; - com.szymc.voxel_engine.Engine::render@109 (line 235)
  0x000001922eea38e4: 3207 e9fa 

  0x000001922eea38e8: ;   {runtime_call C1 Runtime throw_null_pointer_exception_blob}
  0x000001922eea38e8: 7fff ffe8 

  0x000001922eea38ec: ; ImmutableOopMap {rdx=Oop rsi=Oop [216]=Oop [224]=Oop [248]=Oop }
                      ;*invokevirtual start {reexecute=0 rethrow=0 return_oop=0}
                      ; - com.szymc.voxel_engine.Engine::render@116 (line 238)
  0x000001922eea38ec: f065 3207 

  0x000001922eea38f0: ;   {metadata({method} {0x000001924d8060a0} 'start' '()V' in 'com/szymc/localShaders/Shader')}
  0x000001922eea38f0: 49ba 9860 | 804d 9201 | 0000 4c89 | 5424 0848 | c704 24ff 

  0x000001922eea3904: ;   {runtime_call C1 Runtime counter_overflow_blob}
  0x000001922eea3904: ffff ffe8 

  0x000001922eea3908: ; ImmutableOopMap {rdx=Oop rsi=Oop [216]=Oop [224]=Oop [248]=Oop }
                      ;*synchronization entry
                      ; - com.szymc.localShaders.Shader::start@-1 (line 78)
                      ; - com.szymc.voxel_engine.Engine::render@116 (line 238)
  0x000001922eea3908: d4e4 3207 | e9c3 80ff 

  0x000001922eea3910: ;   {metadata({method} {0x000001924d81ab68} 'glUseProgram' '(I)V' in 'org/lwjgl/opengl/GL20')}
  0x000001922eea3910: ff49 ba60 | ab81 4d92 | 0100 004c | 8954 2408 | 48c7 0424 | ffff ffff 

  0x000001922eea3928: ;   {runtime_call C1 Runtime counter_overflow_blob}
  0x000001922eea3928: e8b3 e432 

  0x000001922eea392c: ; ImmutableOopMap {rdx=Oop [216]=Oop [224]=Oop [248]=Oop }
                      ;*synchronization entry
                      ; - org.lwjgl.opengl.GL20::glUseProgram@-1 (line 398)
                      ; - com.szymc.localShaders.Shader::start@4 (line 78)
                      ; - com.szymc.voxel_engine.Engine::render@116 (line 238)
  0x000001922eea392c: 07e9 de80 

  0x000001922eea3930: ;   {runtime_call C1 Runtime throw_null_pointer_exception_blob}
  0x000001922eea3930: ffff e8a9 

  0x000001922eea3934: ; ImmutableOopMap {rdx=Oop rsi=Oop [216]=Oop [224]=Oop [248]=Oop }
                      ;*invokevirtual getRendered {reexecute=0 rethrow=0 return_oop=0}
                      ; - com.szymc.voxel_engine.Engine::render@123 (line 239)
                      ;   {runtime_call C1 Runtime throw_incompatible_class_change_error_blob}
  0x000001922eea3934: 6532 07e8 

  0x000001922eea3938: ; ImmutableOopMap {rdx=Oop rbx=Oop [216]=Oop [224]=Oop [248]=Oop }
                      ;*invokeinterface values {reexecute=0 rethrow=0 return_oop=0}
                      ; - com.szymc.voxel_engine.Engine::render@126 (line 239)
  0x000001922eea3938: a49a 3207 

  0x000001922eea393c: ;   {runtime_call C1 Runtime throw_null_pointer_exception_blob}
  0x000001922eea393c: e89f 6532 

  0x000001922eea3940: ; ImmutableOopMap {rdx=Oop rbx=Oop [216]=Oop [224]=Oop [248]=Oop }
                      ;*invokeinterface values {reexecute=0 rethrow=0 return_oop=0}
                      ; - com.szymc.voxel_engine.Engine::render@126 (line 239)
                      ;   {metadata({method} {0x000001924d7a3400} 'values' '()Lit/unimi/dsi/fastutil/objects/ObjectCollection;' in 'it/unimi/dsi/fastutil/longs/Long2ObjectOpenHashMap')}
  0x000001922eea3940: 0749 baf8 | 337a 4d92 | 0100 004c | 8954 2408 | 48c7 0424 | ffff ffff 

  0x000001922eea3958: ;   {runtime_call C1 Runtime counter_overflow_blob}
  0x000001922eea3958: e883 e432 

  0x000001922eea395c: ; ImmutableOopMap {rdx=Oop rbx=Oop [216]=Oop [224]=Oop [248]=Oop }
                      ;*synchronization entry
                      ; - it.unimi.dsi.fastutil.longs.Long2ObjectOpenHashMap::values@-1 (line 1217)
                      ; - com.szymc.voxel_engine.Engine::render@126 (line 239)
  0x000001922eea395c: 07e9 9281 | ffff 488b 

  0x000001922eea3964: ;   {runtime_call C1 Runtime fast_new_instance_blob}
  0x000001922eea3964: d2e8 766f 

  0x000001922eea3968: ; ImmutableOopMap {rbx=Oop [216]=Oop [224]=Oop [248]=Oop }
                      ;*new {reexecute=0 rethrow=0 return_oop=0}
                      ; - it.unimi.dsi.fastutil.longs.Long2ObjectOpenHashMap::values@8 (line 1217)
                      ; - com.szymc.voxel_engine.Engine::render@126 (line 239)
  0x000001922eea3968: 3207 e9ff 

  0x000001922eea396c: ;   {metadata({method} {0x000001924da7a888} '<init>' '(Lit/unimi/dsi/fastutil/longs/Long2ObjectOpenHashMap;)V' in 'it/unimi/dsi/fastutil/longs/Long2ObjectOpenHashMap$1')}
  0x000001922eea396c: 81ff ff49 | ba80 a8a7 | 4d92 0100 | 004c 8954 | 2408 48c7 | 0424 ffff 

  0x000001922eea3984: ;   {runtime_call C1 Runtime counter_overflow_blob}
  0x000001922eea3984: ffff e855 

  0x000001922eea3988: ; ImmutableOopMap {rbx=Oop rax=Oop [216]=Oop [224]=Oop [248]=Oop }
                      ;*synchronization entry
                      ; - it.unimi.dsi.fastutil.longs.Long2ObjectOpenHashMap$1::<init>@-1 (line 1217)
                      ; - it.unimi.dsi.fastutil.longs.Long2ObjectOpenHashMap::values@13 (line 1217)
                      ; - com.szymc.voxel_engine.Engine::render@126 (line 239)
  0x000001922eea3988: e432 07e9 | 1a82 ffff | 8b50 0c48 | c1e2 0348 | 85d2 0f84 | 1782 ffff | 4889 1424 

  0x000001922eea39a4: ;   {runtime_call g1_pre_barrier_slow}
  0x000001922eea39a4: e837 eb32 | 07e9 0982 

  0x000001922eea39ac: ;   {metadata({method} {0x000001924da5aac0} '<init>' '()V' in 'it/unimi/dsi/fastutil/objects/AbstractObjectCollection')}
  0x000001922eea39ac: ffff 49ba | b8aa a54d | 9201 0000 | 4c89 5424 | 0848 c704 | 24ff ffff 

  0x000001922eea39c4: ;   {runtime_call C1 Runtime counter_overflow_blob}
  0x000001922eea39c4: ffe8 16e4 

  0x000001922eea39c8: ; ImmutableOopMap {rbx=Oop rax=Oop [216]=Oop [224]=Oop [248]=Oop }
                      ;*synchronization entry
                      ; - it.unimi.dsi.fastutil.objects.AbstractObjectCollection::<init>@-1 (line 34)
                      ; - it.unimi.dsi.fastutil.longs.Long2ObjectOpenHashMap$1::<init>@6 (line 1217)
                      ; - it.unimi.dsi.fastutil.longs.Long2ObjectOpenHashMap::values@13 (line 1217)
                      ; - com.szymc.voxel_engine.Engine::render@126 (line 239)
  0x000001922eea39c8: 3207 e953 

  0x000001922eea39cc: ;   {metadata({method} {0x000000001f2248b8} '<init>' '()V' in 'java/util/AbstractCollection')}
  0x000001922eea39cc: 82ff ff49 | bab0 4822 | 1f00 0000 | 004c 8954 | 2408 48c7 | 0424 ffff 

  0x000001922eea39e4: ;   {runtime_call C1 Runtime counter_overflow_blob}
  0x000001922eea39e4: ffff e8f5 

  0x000001922eea39e8: ; ImmutableOopMap {rbx=Oop rax=Oop [216]=Oop [224]=Oop [248]=Oop }
                      ;*synchronization entry
                      ; - java.util.AbstractCollection::<init>@-1 (line 70)
                      ; - it.unimi.dsi.fastutil.objects.AbstractObjectCollection::<init>@1 (line 34)
                      ; - it.unimi.dsi.fastutil.longs.Long2ObjectOpenHashMap$1::<init>@6 (line 1217)
                      ; - it.unimi.dsi.fastutil.longs.Long2ObjectOpenHashMap::values@13 (line 1217)
                      ; - com.szymc.voxel_engine.Engine::render@126 (line 239)
  0x000001922eea39e8: e332 07e9 | 6e82 ffff 

  0x000001922eea39f0: ;   {metadata({method} {0x000000001f4bc558} '<init>' '()V' in 'java/lang/Object')}
  0x000001922eea39f0: 49ba 50c5 | 4b1f 0000 | 0000 4c89 | 5424 0848 | c704 24ff 

  0x000001922eea3a04: ;   {runtime_call C1 Runtime counter_overflow_blob}
  0x000001922eea3a04: ffff ffe8 

  0x000001922eea3a08: ; ImmutableOopMap {rbx=Oop rax=Oop [216]=Oop [224]=Oop [248]=Oop }
                      ;*synchronization entry
                      ; - java.lang.Object::<init>@-1 (line 46)
                      ; - java.util.AbstractCollection::<init>@1 (line 70)
                      ; - it.unimi.dsi.fastutil.objects.AbstractObjectCollection::<init>@1 (line 34)
                      ; - it.unimi.dsi.fastutil.longs.Long2ObjectOpenHashMap$1::<init>@6 (line 1217)
                      ; - it.unimi.dsi.fastutil.longs.Long2ObjectOpenHashMap::values@13 (line 1217)
                      ; - com.szymc.voxel_engine.Engine::render@126 (line 239)
  0x000001922eea3a08: d4e3 3207 | e989 82ff | ff8b 5320 | 48c1 e203 | 4885 d20f | 8486 82ff | ff48 8914 

  0x000001922eea3a24: ;   {runtime_call g1_pre_barrier_slow}
  0x000001922eea3a24: 24e8 b6ea | 3207 e978 

  0x000001922eea3a2c: ;   {runtime_call C1 Runtime throw_null_pointer_exception_blob}
  0x000001922eea3a2c: 82ff ffe8 

  0x000001922eea3a30: ; ImmutableOopMap {rdx=Oop [216]=Oop [224]=Oop [248]=Oop }
                      ;*invokeinterface iterator {reexecute=0 rethrow=0 return_oop=0}
                      ; - com.szymc.voxel_engine.Engine::render@131 (line 239)
  0x000001922eea3a30: ac64 3207 

  0x000001922eea3a34: ;   {runtime_call C1 Runtime throw_null_pointer_exception_blob}
  0x000001922eea3a34: e8a7 6432 

  0x000001922eea3a38: ; ImmutableOopMap {rax=Oop [216]=Oop [224]=Oop [248]=Oop [288]=Oop }
                      ;*invokeinterface hasNext {reexecute=0 rethrow=0 return_oop=0}
                      ; - com.szymc.voxel_engine.Engine::render@140 (line 239)
  0x000001922eea3a38: 0748 8904 

  0x000001922eea3a3c: ;   {runtime_call C1 Runtime throw_class_cast_exception_blob}
  0x000001922eea3a3c: 24e8 9e96 

  0x000001922eea3a40: ; ImmutableOopMap {[216]=Oop [224]=Oop [248]=Oop [288]=Oop }
                      ;*checkcast {reexecute=0 rethrow=0 return_oop=0}
                      ; - com.szymc.voxel_engine.Engine::render@155 (line 239)
                      ;   {runtime_call C1 Runtime throw_null_pointer_exception_blob}
  0x000001922eea3a40: 3207 e899 

  0x000001922eea3a44: ; ImmutableOopMap {rsi=Oop rdx=Oop [216]=Oop [224]=Oop [248]=Oop [288]=Oop [296]=Oop }
                      ;*getfield frustumInt {reexecute=1 rethrow=0 return_oop=0}
                      ; - (reexecute) com.szymc.voxel_engine.Engine::render@172 (line 242)
                      ;   {runtime_call C1 Runtime throw_null_pointer_exception_blob}
  0x000001922eea3a44: 6432 07e8 

  0x000001922eea3a48: ; ImmutableOopMap {rsi=Oop rdx=Oop rdi=Oop [216]=Oop [224]=Oop [248]=Oop [288]=Oop [296]=Oop }
                      ;*invokevirtual getWorldX {reexecute=0 rethrow=0 return_oop=0}
                      ; - com.szymc.voxel_engine.Engine::render@177 (line 242)
  0x000001922eea3a48: 9464 3207 

  0x000001922eea3a4c: ;   {runtime_call C1 Runtime throw_null_pointer_exception_blob}
  0x000001922eea3a4c: e88f 6432 

  0x000001922eea3a50: ; ImmutableOopMap {rsi=Oop rdx=Oop rdi=Oop [216]=Oop [224]=Oop [248]=Oop [288]=Oop [296]=Oop }
                      ;*invokevirtual testAab {reexecute=0 rethrow=0 return_oop=0}
                      ; - com.szymc.voxel_engine.Engine::render@221 (line 242)
                      ;   {metadata({method} {0x000001924da642e0} 'getSection' '(I)Lcom/szymc/voxel_engine/ChunkSection;' in 'com/szymc/voxel_engine/ChunkColumn')}
  0x000001922eea3a50: 0749 bad8 | 42a6 4d92 | 0100 004c | 8954 2408 | 48c7 0424 | ffff ffff 

  0x000001922eea3a68: ;   {runtime_call C1 Runtime counter_overflow_blob}
  0x000001922eea3a68: e873 e332 

  0x000001922eea3a6c: ; ImmutableOopMap {rdi=Oop rdx=Oop [216]=Oop [224]=Oop [248]=Oop [288]=Oop [296]=Oop }
                      ;*synchronization entry
                      ; - com.szymc.voxel_engine.ChunkColumn::getSection@-1 (line 172)
                      ; - com.szymc.voxel_engine.Engine::render@244 (line 247)
  0x000001922eea3a6c: 07e9 8687 

  0x000001922eea3a70: ;   {runtime_call C1 Runtime throw_null_pointer_exception_blob}
  0x000001922eea3a70: ffff e869 

  0x000001922eea3a74: ; ImmutableOopMap {rdi=Oop rdx=Oop rbx=Oop [216]=Oop [224]=Oop [248]=Oop [288]=Oop [296]=Oop }
                      ;*arraylength {reexecute=0 rethrow=0 return_oop=0}
                      ; - com.szymc.voxel_engine.ChunkColumn::getSection@5 (line 172)
                      ; - com.szymc.voxel_engine.Engine::render@244 (line 247)
  0x000001922eea3a74: 6432 0748 | 8934 2448 | 895c 2408 

  0x000001922eea3a80: ;   {runtime_call C1 Runtime throw_range_check_failed_blob}
  0x000001922eea3a80: e85b 5b32 

  0x000001922eea3a84: ; ImmutableOopMap {rdi=Oop rdx=Oop rbx=Oop [216]=Oop [224]=Oop [248]=Oop [288]=Oop [296]=Oop }
                      ;*aaload {reexecute=0 rethrow=0 return_oop=0}
                      ; - com.szymc.voxel_engine.ChunkColumn::getSection@18 (line 173)
                      ; - com.szymc.voxel_engine.Engine::render@244 (line 247)
                      ;   {runtime_call C1 Runtime throw_null_pointer_exception_blob}
  0x000001922eea3a84: 07e8 5664 

  0x000001922eea3a88: ; ImmutableOopMap {rdi=Oop rdx=Oop rbx=Oop [216]=Oop [224]=Oop [248]=Oop [288]=Oop [296]=Oop }
                      ;*invokevirtual getMesh {reexecute=0 rethrow=0 return_oop=0}
                      ; - com.szymc.voxel_engine.Engine::render@259 (line 249)
                      ;   {runtime_call C1 Runtime throw_null_pointer_exception_blob}
  0x000001922eea3a88: 3207 e851 

  0x000001922eea3a8c: ; ImmutableOopMap {rdx=Oop rbx=Oop [216]=Oop [224]=Oop [248]=Oop [288]=Oop [296]=Oop }
                      ;*getfield frustumInt {reexecute=1 rethrow=0 return_oop=0}
                      ; - (reexecute) com.szymc.voxel_engine.Engine::render@323 (line 259)
                      ;   {runtime_call C1 Runtime throw_null_pointer_exception_blob}
  0x000001922eea3a8c: 6432 07e8 

  0x000001922eea3a90: ; ImmutableOopMap {rdx=Oop rbx=Oop r13=Oop [216]=Oop [224]=Oop [248]=Oop [288]=Oop [296]=Oop }
                      ;*invokevirtual testAab {reexecute=0 rethrow=0 return_oop=0}
                      ; - com.szymc.voxel_engine.Engine::render@344 (line 259)
  0x000001922eea3a90: 4c64 3207 

  0x000001922eea3a94: ;   {runtime_call C1 Runtime throw_null_pointer_exception_blob}
  0x000001922eea3a94: e847 6432 

  0x000001922eea3a98: ; ImmutableOopMap {rdx=Oop rsi=Oop [216]=Oop [224]=Oop [248]=Oop [288]=Oop [296]=Oop [312]=Oop }
                      ;*invokevirtual set {reexecute=0 rethrow=0 return_oop=0}
                      ; - com.szymc.voxel_engine.Engine::render@378 (line 267)
                      ;   {metadata({method} {0x000001924d41d3f8} 'set' '(FFF)Lorg/joml/Vector3f;' in 'org/joml/Vector3f')}
  0x000001922eea3a98: 0749 baf0 | d341 4d92 | 0100 004c | 8954 2408 | 48c7 0424 | ffff ffff 

  0x000001922eea3ab0: ;   {runtime_call C1 Runtime counter_overflow_blob}
  0x000001922eea3ab0: e82b e332 

  0x000001922eea3ab4: ; ImmutableOopMap {rdx=Oop rsi=Oop [216]=Oop [224]=Oop [248]=Oop [288]=Oop [296]=Oop [312]=Oop }
                      ;*synchronization entry
                      ; - org.joml.Vector3f::set@-1 (line 355)
                      ; - com.szymc.voxel_engine.Engine::render@378 (line 267)
  0x000001922eea3ab4: 07e9 cb8a 

  0x000001922eea3ab8: ;   {runtime_call C1 Runtime throw_null_pointer_exception_blob}
  0x000001922eea3ab8: ffff e821 

  0x000001922eea3abc: ; ImmutableOopMap {rdx=Oop rsi=Oop rdi=Oop [216]=Oop [224]=Oop [248]=Oop [288]=Oop [296]=Oop [312]=Oop }
                      ;*invokevirtual translation {reexecute=0 rethrow=0 return_oop=0}
                      ; - com.szymc.voxel_engine.Engine::render@390 (line 268)
                      ;   {metadata({method} {0x000001924d43c6c8} 'translation' '(Lorg/joml/Vector3fc;)Lorg/joml/Matrix4f;' in 'org/joml/Matrix4f')}
  0x000001922eea3abc: 6432 0749 | bac0 c643 | 4d92 0100 | 004c 8954 | 2408 48c7 | 0424 ffff 

  0x000001922eea3ad4: ;   {runtime_call C1 Runtime counter_overflow_blob}
  0x000001922eea3ad4: ffff e805 

  0x000001922eea3ad8: ; ImmutableOopMap {rdx=Oop rsi=Oop rdi=Oop [216]=Oop [224]=Oop [248]=Oop [288]=Oop [296]=Oop [312]=Oop }
                      ;*synchronization entry
                      ; - org.joml.Matrix4f::translation@-1 (line 3069)
                      ; - com.szymc.voxel_engine.Engine::render@390 (line 268)
  0x000001922eea3ad8: e332 07e9 | 108b ffff 

  0x000001922eea3ae0: ;   {runtime_call C1 Runtime throw_null_pointer_exception_blob}
  0x000001922eea3ae0: e8fb 6332 

  0x000001922eea3ae4: ; ImmutableOopMap {rdx=Oop r8=Oop r9=Oop [216]=Oop [224]=Oop [248]=Oop [288]=Oop [296]=Oop [312]=Oop }
                      ;*invokevirtual setModel {reexecute=0 rethrow=0 return_oop=0}
                      ; - com.szymc.voxel_engine.Engine::render@403 (line 269)
                      ;   {metadata({method} {0x000001924d871228} 'setModel' '(Lorg/joml/Matrix4f;Ljava/nio/FloatBuffer;)V' in 'com/szymc/localShaders/WorldShader')}
  0x000001922eea3ae4: 0749 ba20 | 1287 4d92 | 0100 004c | 8954 2408 | 48c7 0424 | ffff ffff 

  0x000001922eea3afc: ;   {runtime_call C1 Runtime counter_overflow_blob}
  0x000001922eea3afc: e8df e232 

  0x000001922eea3b00: ; ImmutableOopMap {rdx=Oop r8=Oop r9=Oop [216]=Oop [224]=Oop [248]=Oop [288]=Oop [296]=Oop [312]=Oop }
                      ;*synchronization entry
                      ; - com.szymc.localShaders.WorldShader::setModel@-1 (line 43)
                      ; - com.szymc.voxel_engine.Engine::render@403 (line 269)
  0x000001922eea3b00: 07e9 068c 

  0x000001922eea3b04: ;   {metadata({method} {0x000001924d806220} 'setMatrix' '(ILorg/joml/Matrix4f;Ljava/nio/FloatBuffer;)V' in 'com/szymc/localShaders/Shader')}
  0x000001922eea3b04: ffff 49ba | 1862 804d | 9201 0000 | 4c89 5424 | 0848 c704 | 24ff ffff 

  0x000001922eea3b1c: ;   {runtime_call C1 Runtime counter_overflow_blob}
  0x000001922eea3b1c: ffe8 bee2 

  0x000001922eea3b20: ; ImmutableOopMap {rdx=Oop r9=Oop [216]=Oop [224]=Oop [248]=Oop [288]=Oop [296]=Oop [312]=Oop }
                      ;*synchronization entry
                      ; - com.szymc.localShaders.Shader::setMatrix@-1 (line 86)
                      ; - com.szymc.localShaders.WorldShader::setModel@7 (line 43)
                      ; - com.szymc.voxel_engine.Engine::render@403 (line 269)
  0x000001922eea3b20: 3207 e99f 

  0x000001922eea3b24: ;   {runtime_call C1 Runtime throw_null_pointer_exception_blob}
  0x000001922eea3b24: 8cff ffe8 

  0x000001922eea3b28: ; ImmutableOopMap {rdx=Oop r9=Oop [216]=Oop [224]=Oop [248]=Oop [288]=Oop [296]=Oop [312]=Oop }
                      ;*invokevirtual get {reexecute=0 rethrow=0 return_oop=0}
                      ; - com.szymc.localShaders.Shader::setMatrix@4 (line 86)
                      ; - com.szymc.localShaders.WorldShader::setModel@7 (line 43)
                      ; - com.szymc.voxel_engine.Engine::render@403 (line 269)
  0x000001922eea3b28: b463 3207 

  0x000001922eea3b2c: ;   {metadata({method} {0x000001924d43d660} 'get' '(Ljava/nio/FloatBuffer;)Ljava/nio/FloatBuffer;' in 'org/joml/Matrix4f')}
  0x000001922eea3b2c: 49ba 58d6 | 434d 9201 | 0000 4c89 | 5424 0848 | c704 24ff 

  0x000001922eea3b40: ;   {runtime_call C1 Runtime counter_overflow_blob}
  0x000001922eea3b40: ffff ffe8 

  0x000001922eea3b44: ; ImmutableOopMap {rdx=Oop r9=Oop [216]=Oop [224]=Oop [248]=Oop [288]=Oop [296]=Oop [312]=Oop }
                      ;*synchronization entry
                      ; - org.joml.Matrix4f::get@-1 (line 3241)
                      ; - com.szymc.localShaders.Shader::setMatrix@4 (line 86)
                      ; - com.szymc.localShaders.WorldShader::setModel@7 (line 43)
                      ; - com.szymc.voxel_engine.Engine::render@403 (line 269)
  0x000001922eea3b44: 98e2 3207 | e9ba 8cff 

  0x000001922eea3b4c: ;   {metadata({method} {0x000001924d81c700} 'glUniformMatrix4fv' '(IZLjava/nio/FloatBuffer;)V' in 'org/lwjgl/opengl/GL20')}
  0x000001922eea3b4c: ff49 baf8 | c681 4d92 | 0100 004c | 8954 2408 | 48c7 0424 | ffff ffff 

  0x000001922eea3b64: ;   {runtime_call C1 Runtime counter_overflow_blob}
  0x000001922eea3b64: e877 e232 

  0x000001922eea3b68: ; ImmutableOopMap {[216]=Oop [224]=Oop [248]=Oop [288]=Oop [296]=Oop [312]=Oop }
                      ;*synchronization entry
                      ; - org.lwjgl.opengl.GL20::glUniformMatrix4fv@-1 (line 791)
                      ; - com.szymc.localShaders.Shader::setMatrix@7 (line 86)
                      ; - com.szymc.localShaders.WorldShader::setModel@7 (line 43)
                      ; - com.szymc.voxel_engine.Engine::render@403 (line 269)
  0x000001922eea3b68: 07e9 bc8d 

  0x000001922eea3b6c: ;   {runtime_call C1 Runtime throw_null_pointer_exception_blob}
  0x000001922eea3b6c: ffff e86d 

  0x000001922eea3b70: ; ImmutableOopMap {rdx=Oop [216]=Oop [224]=Oop [248]=Oop [288]=Oop [296]=Oop }
                      ;*invokevirtual render {reexecute=0 rethrow=0 return_oop=0}
                      ; - com.szymc.voxel_engine.Engine::render@411 (line 271)
                      ;   {metadata({method} {0x000001924d802c40} 'render' '()V' in 'com/szymc/voxel_engine/Engine')}
  0x000001922eea3b70: 6332 0749 | ba38 2c80 | 4d92 0100 | 004c 8954 | 2408 48c7 | 0424 a101 

  0x000001922eea3b88: ;   {runtime_call C1 Runtime counter_overflow_blob}
  0x000001922eea3b88: 0000 e851 

  0x000001922eea3b8c: ; ImmutableOopMap {[216]=Oop [224]=Oop [248]=Oop [288]=Oop [296]=Oop }
                      ;*goto {reexecute=1 rethrow=0 return_oop=0}
                      ; - (reexecute) com.szymc.voxel_engine.Engine::render@417 (line 246)
  0x000001922eea3b8c: e232 07e9 | 708e ffff 

  0x000001922eea3b94: ;   {metadata({method} {0x000001924d802c40} 'render' '()V' in 'com/szymc/voxel_engine/Engine')}
  0x000001922eea3b94: 49ba 382c | 804d 9201 | 0000 4c89 | 5424 0848 | c704 24a4 

  0x000001922eea3ba8: ;   {runtime_call C1 Runtime counter_overflow_blob}
  0x000001922eea3ba8: 0100 00e8 

  0x000001922eea3bac: ; ImmutableOopMap {[216]=Oop [224]=Oop [248]=Oop [288]=Oop }
                      ;*goto {reexecute=1 rethrow=0 return_oop=0}
                      ; - (reexecute) com.szymc.voxel_engine.Engine::render@420 (line 273)
  0x000001922eea3bac: 30e2 3207 | e992 8eff 

  0x000001922eea3bb4: ;   {metadata({method} {0x000001924d802c40} 'render' '()V' in 'com/szymc/voxel_engine/Engine')}
  0x000001922eea3bb4: ff49 ba38 | 2c80 4d92 | 0100 004c | 8954 2408 | 48c7 0424 | e300 0000 

  0x000001922eea3bcc: ;   {runtime_call C1 Runtime counter_overflow_blob}
  0x000001922eea3bcc: e80f e232 

  0x000001922eea3bd0: ; ImmutableOopMap {[216]=Oop [224]=Oop [248]=Oop [288]=Oop }
                      ;*goto {reexecute=1 rethrow=0 return_oop=0}
                      ; - (reexecute) com.szymc.voxel_engine.Engine::render@227 (line 243)
  0x000001922eea3bd0: 07e9 bc8e 

  0x000001922eea3bd4: ;   {metadata({method} {0x000001924d802c40} 'render' '()V' in 'com/szymc/voxel_engine/Engine')}
  0x000001922eea3bd4: ffff 49ba | 382c 804d | 9201 0000 | 4c89 5424 | 0848 c704 | 24a5 0000 

  0x000001922eea3bec: ;   {runtime_call C1 Runtime counter_overflow_blob}
  0x000001922eea3bec: 00e8 eee1 

  0x000001922eea3bf0: ; ImmutableOopMap {[216]=Oop [224]=Oop [248]=Oop [288]=Oop }
                      ;*goto {reexecute=1 rethrow=0 return_oop=0}
                      ; - (reexecute) com.szymc.voxel_engine.Engine::render@165 (line 240)
  0x000001922eea3bf0: 3207 e9e6 

  0x000001922eea3bf4: ;   {runtime_call C1 Runtime throw_null_pointer_exception_blob}
  0x000001922eea3bf4: 8eff ffe8 

  0x000001922eea3bf8: ; ImmutableOopMap {rdx=Oop rsi=Oop [216]=Oop [224]=Oop [248]=Oop }
                      ;*invokevirtual stop {reexecute=0 rethrow=0 return_oop=0}
                      ; - com.szymc.voxel_engine.Engine::render@427 (line 275)
  0x000001922eea3bf8: e462 3207 

  0x000001922eea3bfc: ;   {metadata({method} {0x000001924d806148} 'stop' '()V' in 'com/szymc/localShaders/Shader')}
  0x000001922eea3bfc: 49ba 4061 | 804d 9201 | 0000 4c89 | 5424 0848 | c704 24ff 

  0x000001922eea3c10: ;   {runtime_call C1 Runtime counter_overflow_blob}
  0x000001922eea3c10: ffff ffe8 

  0x000001922eea3c14: ; ImmutableOopMap {rdx=Oop [216]=Oop [224]=Oop [248]=Oop }
                      ;*synchronization entry
                      ; - com.szymc.localShaders.Shader::stop@-1 (line 82)
                      ; - com.szymc.voxel_engine.Engine::render@427 (line 275)
  0x000001922eea3c14: c8e1 3207 | e9a9 8fff 

  0x000001922eea3c1c: ;   {metadata({method} {0x000001924d81ab68} 'glUseProgram' '(I)V' in 'org/lwjgl/opengl/GL20')}
  0x000001922eea3c1c: ff49 ba60 | ab81 4d92 | 0100 004c | 8954 2408 | 48c7 0424 | ffff ffff 

  0x000001922eea3c34: ;   {runtime_call C1 Runtime counter_overflow_blob}
  0x000001922eea3c34: e8a7 e132 

  0x000001922eea3c38: ; ImmutableOopMap {rdx=Oop [216]=Oop [224]=Oop [248]=Oop }
                      ;*synchronization entry
                      ; - org.lwjgl.opengl.GL20::glUseProgram@-1 (line 398)
                      ; - com.szymc.localShaders.Shader::stop@1 (line 82)
                      ; - com.szymc.voxel_engine.Engine::render@427 (line 275)
  0x000001922eea3c38: 07e9 c18f 

  0x000001922eea3c3c: ;   {runtime_call C1 Runtime throw_null_pointer_exception_blob}
  0x000001922eea3c3c: ffff e89d 

  0x000001922eea3c40: ; ImmutableOopMap {rdx=Oop rsi=Oop [216]=Oop [224]=Oop [248]=Oop [336]=Oop }
                      ;*invokevirtual start {reexecute=0 rethrow=0 return_oop=0}
                      ; - com.szymc.voxel_engine.Engine::render@434 (line 276)
                      ;   {metadata({method} {0x000001924d915508} 'start' '()V' in 'com/szymc/localShaders/EntityShader')}
  0x000001922eea3c40: 6232 0749 | ba00 5591 | 4d92 0100 | 004c 8954 | 2408 48c7 | 0424 ffff 

  0x000001922eea3c58: ;   {runtime_call C1 Runtime counter_overflow_blob}
  0x000001922eea3c58: ffff e881 

  0x000001922eea3c5c: ; ImmutableOopMap {rdx=Oop rsi=Oop [216]=Oop [224]=Oop [248]=Oop [336]=Oop }
                      ;*synchronization entry
                      ; - com.szymc.localShaders.EntityShader::start@-1 (line 28)
                      ; - com.szymc.voxel_engine.Engine::render@434 (line 276)
  0x000001922eea3c5c: e132 07e9 | 2790 ffff 

  0x000001922eea3c64: ;   {metadata({method} {0x000001924d8060a0} 'start' '()V' in 'com/szymc/localShaders/Shader')}
  0x000001922eea3c64: 49ba 9860 | 804d 9201 | 0000 4c89 | 5424 0848 | c704 24ff 

  0x000001922eea3c78: ;   {runtime_call C1 Runtime counter_overflow_blob}
  0x000001922eea3c78: ffff ffe8 

  0x000001922eea3c7c: ; ImmutableOopMap {rdx=Oop rsi=Oop [216]=Oop [224]=Oop [248]=Oop [336]=Oop }
                      ;*synchronization entry
                      ; - com.szymc.localShaders.Shader::start@-1 (line 78)
                      ; - com.szymc.localShaders.EntityShader::start@1 (line 28)
                      ; - com.szymc.voxel_engine.Engine::render@434 (line 276)
  0x000001922eea3c7c: 60e1 3207 | e942 90ff 

  0x000001922eea3c84: ;   {metadata({method} {0x000001924d81ab68} 'glUseProgram' '(I)V' in 'org/lwjgl/opengl/GL20')}
  0x000001922eea3c84: ff49 ba60 | ab81 4d92 | 0100 004c | 8954 2408 | 48c7 0424 | ffff ffff 

  0x000001922eea3c9c: ;   {runtime_call C1 Runtime counter_overflow_blob}
  0x000001922eea3c9c: e83f e132 

  0x000001922eea3ca0: ; ImmutableOopMap {rdx=Oop rsi=Oop [216]=Oop [224]=Oop [248]=Oop [336]=Oop }
                      ;*synchronization entry
                      ; - org.lwjgl.opengl.GL20::glUseProgram@-1 (line 398)
                      ; - com.szymc.localShaders.Shader::start@4 (line 78)
                      ; - com.szymc.localShaders.EntityShader::start@1 (line 28)
                      ; - com.szymc.voxel_engine.Engine::render@434 (line 276)
  0x000001922eea3ca0: 07e9 5c90 

  0x000001922eea3ca4: ;   {metadata({method} {0x000001924d736f68} 'glActiveTexture' '(I)V' in 'org/lwjgl/opengl/GL13')}
  0x000001922eea3ca4: ffff 49ba | 606f 734d | 9201 0000 | 4c89 5424 | 0848 c704 | 24ff ffff 

  0x000001922eea3cbc: ;   {runtime_call C1 Runtime counter_overflow_blob}
  0x000001922eea3cbc: ffe8 1ee1 

  0x000001922eea3cc0: ; ImmutableOopMap {[216]=Oop [224]=Oop [248]=Oop [336]=Oop }
                      ;*synchronization entry
                      ; - org.lwjgl.opengl.GL13::glActiveTexture@-1 (line 570)
                      ; - com.szymc.localShaders.EntityShader::start@13 (line 30)
                      ; - com.szymc.voxel_engine.Engine::render@434 (line 276)
  0x000001922eea3cc0: 3207 e9d0 

  0x000001922eea3cc4: ;   {runtime_call C1 Runtime throw_null_pointer_exception_blob}
  0x000001922eea3cc4: 90ff ffe8 

  0x000001922eea3cc8: ; ImmutableOopMap {rsi=Oop [216]=Oop [224]=Oop [248]=Oop }
                      ;*invokevirtual bind {reexecute=0 rethrow=0 return_oop=0}
                      ; - com.szymc.localShaders.EntityShader::start@21 (line 31)
                      ; - com.szymc.voxel_engine.Engine::render@434 (line 276)
  0x000001922eea3cc8: 1462 3207 

  0x000001922eea3ccc: ;   {metadata({method} {0x000001924d873548} 'bind' '(I)V' in 'com/szymc/voxel_engine/Texture')}
  0x000001922eea3ccc: 49ba 4035 | 874d 9201 | 0000 4c89 | 5424 0848 | c704 24ff 

  0x000001922eea3ce0: ;   {runtime_call C1 Runtime counter_overflow_blob}
  0x000001922eea3ce0: ffff ffe8 

  0x000001922eea3ce4: ; ImmutableOopMap {rsi=Oop [216]=Oop [224]=Oop [248]=Oop }
                      ;*synchronization entry
                      ; - com.szymc.voxel_engine.Texture::bind@-1 (line 228)
                      ; - com.szymc.localShaders.EntityShader::start@21 (line 31)
                      ; - com.szymc.voxel_engine.Engine::render@434 (line 276)
  0x000001922eea3ce4: f8e0 3207 | e92e 91ff 

  0x000001922eea3cec: ;   {metadata({method} {0x000001924d736f68} 'glActiveTexture' '(I)V' in 'org/lwjgl/opengl/GL13')}
  0x000001922eea3cec: ff49 ba60 | 6f73 4d92 | 0100 004c | 8954 2408 | 48c7 0424 | ffff ffff 

  0x000001922eea3d04: ;   {runtime_call C1 Runtime counter_overflow_blob}
  0x000001922eea3d04: e8d7 e032 

  0x000001922eea3d08: ; ImmutableOopMap {rsi=Oop [216]=Oop [224]=Oop [248]=Oop }
                      ;*synchronization entry
                      ; - org.lwjgl.opengl.GL13::glActiveTexture@-1 (line 570)
                      ; - com.szymc.voxel_engine.Texture::bind@4 (line 228)
                      ; - com.szymc.localShaders.EntityShader::start@21 (line 31)
                      ; - com.szymc.voxel_engine.Engine::render@434 (line 276)
  0x000001922eea3d08: 07e9 4691 

  0x000001922eea3d0c: ;   {metadata({method} {0x000001924d747b58} 'glBindTexture' '(II)V' in 'org/lwjgl/opengl/GL11')}
  0x000001922eea3d0c: ffff 49ba | 507b 744d | 9201 0000 | 4c89 5424 | 0848 c704 | 24ff ffff 

  0x000001922eea3d24: ;   {runtime_call C1 Runtime counter_overflow_blob}
  0x000001922eea3d24: ffe8 b6e0 

  0x000001922eea3d28: ; ImmutableOopMap {[216]=Oop [224]=Oop [248]=Oop }
                      ;*synchronization entry
                      ; - org.lwjgl.opengl.GL11::glBindTexture@-1 (line 854)
                      ; - com.szymc.voxel_engine.Texture::bind@13 (line 229)
                      ; - com.szymc.localShaders.EntityShader::start@21 (line 31)
                      ; - com.szymc.voxel_engine.Engine::render@434 (line 276)
  0x000001922eea3d28: 3207 e99a 

  0x000001922eea3d2c: ;   {runtime_call C1 Runtime throw_null_pointer_exception_blob}
  0x000001922eea3d2c: 91ff ffe8 

  0x000001922eea3d30: ; ImmutableOopMap {rdx=Oop rsi=Oop rdi=Oop [216]=Oop [224]=Oop [248]=Oop [352]=Oop }
                      ;*invokevirtual getProjectionMatrix {reexecute=0 rethrow=0 return_oop=0}
                      ; - com.szymc.voxel_engine.Engine::render@445 (line 277)
  0x000001922eea3d30: ac61 3207 

  0x000001922eea3d34: ;   {runtime_call C1 Runtime throw_null_pointer_exception_blob}
  0x000001922eea3d34: e8a7 6132 

  0x000001922eea3d38: ; ImmutableOopMap {rax=Oop rsi=Oop [216]=Oop [224]=Oop [248]=Oop [352]=Oop [360]=Oop }
                      ;*invokevirtual setCamera {reexecute=0 rethrow=0 return_oop=0}
                      ; - com.szymc.voxel_engine.Engine::render@456 (line 277)
                      ;   {metadata({method} {0x000001924d9156a0} 'setCamera' '(Lorg/joml/Matrix4f;Lorg/joml/Matrix4f;Ljava/nio/FloatBuffer;)V' in 'com/szymc/localShaders/EntityShader')}
  0x000001922eea3d38: 0749 ba98 | 5691 4d92 | 0100 004c | 8954 2408 | 48c7 0424 | ffff ffff 

  0x000001922eea3d50: ;   {runtime_call C1 Runtime counter_overflow_blob}
  0x000001922eea3d50: e88b e032 

  0x000001922eea3d54: ; ImmutableOopMap {rax=Oop rsi=Oop [216]=Oop [224]=Oop [248]=Oop [352]=Oop [360]=Oop }
                      ;*synchronization entry
                      ; - com.szymc.localShaders.EntityShader::setCamera@-1 (line 40)
                      ; - com.szymc.voxel_engine.Engine::render@456 (line 277)
  0x000001922eea3d54: 07e9 8792 

  0x000001922eea3d58: ;   {metadata({method} {0x000001924d806220} 'setMatrix' '(ILorg/joml/Matrix4f;Ljava/nio/FloatBuffer;)V' in 'com/szymc/localShaders/Shader')}
  0x000001922eea3d58: ffff 49ba | 1862 804d | 9201 0000 | 4c89 5424 | 0848 c704 | 24ff ffff 

  0x000001922eea3d70: ;   {runtime_call C1 Runtime counter_overflow_blob}
  0x000001922eea3d70: ffe8 6ae0 

  0x000001922eea3d74: ; ImmutableOopMap {rax=Oop rsi=Oop [216]=Oop [224]=Oop [248]=Oop [352]=Oop [360]=Oop }
                      ;*synchronization entry
                      ; - com.szymc.localShaders.Shader::setMatrix@-1 (line 86)
                      ; - com.szymc.localShaders.EntityShader::setCamera@7 (line 40)
                      ; - com.szymc.voxel_engine.Engine::render@456 (line 277)
  0x000001922eea3d74: 3207 e925 

  0x000001922eea3d78: ;   {runtime_call C1 Runtime throw_null_pointer_exception_blob}
  0x000001922eea3d78: 93ff ffe8 

  0x000001922eea3d7c: ; ImmutableOopMap {rax=Oop rsi=Oop r8=Oop [216]=Oop [224]=Oop [248]=Oop [352]=Oop }
                      ;*invokevirtual get {reexecute=0 rethrow=0 return_oop=0}
                      ; - com.szymc.localShaders.Shader::setMatrix@4 (line 86)
                      ; - com.szymc.localShaders.EntityShader::setCamera@7 (line 40)
                      ; - com.szymc.voxel_engine.Engine::render@456 (line 277)
  0x000001922eea3d7c: 6061 3207 

  0x000001922eea3d80: ;   {metadata({method} {0x000001924d43d660} 'get' '(Ljava/nio/FloatBuffer;)Ljava/nio/FloatBuffer;' in 'org/joml/Matrix4f')}
  0x000001922eea3d80: 49ba 58d6 | 434d 9201 | 0000 4c89 | 5424 0848 | c704 24ff 

  0x000001922eea3d94: ;   {runtime_call C1 Runtime counter_overflow_blob}
  0x000001922eea3d94: ffff ffe8 

  0x000001922eea3d98: ; ImmutableOopMap {rax=Oop rsi=Oop r8=Oop [216]=Oop [224]=Oop [248]=Oop [352]=Oop }
                      ;*synchronization entry
                      ; - org.joml.Matrix4f::get@-1 (line 3241)
                      ; - com.szymc.localShaders.Shader::setMatrix@4 (line 86)
                      ; - com.szymc.localShaders.EntityShader::setCamera@7 (line 40)
                      ; - com.szymc.voxel_engine.Engine::render@456 (line 277)
  0x000001922eea3d98: 44e0 3207 | e948 93ff 

  0x000001922eea3da0: ;   {metadata({method} {0x000001924d81c700} 'glUniformMatrix4fv' '(IZLjava/nio/FloatBuffer;)V' in 'org/lwjgl/opengl/GL20')}
  0x000001922eea3da0: ff49 baf8 | c681 4d92 | 0100 004c | 8954 2408 | 48c7 0424 | ffff ffff 

  0x000001922eea3db8: ;   {runtime_call C1 Runtime counter_overflow_blob}
  0x000001922eea3db8: e823 e032 

  0x000001922eea3dbc: ; ImmutableOopMap {[216]=Oop [224]=Oop [248]=Oop [352]=Oop [368]=Oop [376]=Oop }
                      ;*synchronization entry
                      ; - org.lwjgl.opengl.GL20::glUniformMatrix4fv@-1 (line 791)
                      ; - com.szymc.localShaders.Shader::setMatrix@7 (line 86)
                      ; - com.szymc.localShaders.EntityShader::setCamera@7 (line 40)
                      ; - com.szymc.voxel_engine.Engine::render@456 (line 277)
  0x000001922eea3dbc: 07e9 5094 

  0x000001922eea3dc0: ;   {metadata({method} {0x000001924d806220} 'setMatrix' '(ILorg/joml/Matrix4f;Ljava/nio/FloatBuffer;)V' in 'com/szymc/localShaders/Shader')}
  0x000001922eea3dc0: ffff 49ba | 1862 804d | 9201 0000 | 4c89 5424 | 0848 c704 | 24ff ffff 

  0x000001922eea3dd8: ;   {runtime_call C1 Runtime counter_overflow_blob}
  0x000001922eea3dd8: ffe8 02e0 

  0x000001922eea3ddc: ; ImmutableOopMap {[216]=Oop [224]=Oop [248]=Oop [368]=Oop [376]=Oop }
                      ;*synchronization entry
                      ; - com.szymc.localShaders.Shader::setMatrix@-1 (line 86)
                      ; - com.szymc.localShaders.EntityShader::setCamera@17 (line 41)
                      ; - com.szymc.voxel_engine.Engine::render@456 (line 277)
  0x000001922eea3ddc: 3207 e92c 

  0x000001922eea3de0: ;   {runtime_call C1 Runtime throw_null_pointer_exception_blob}
  0x000001922eea3de0: 95ff ffe8 

  0x000001922eea3de4: ; ImmutableOopMap {rax=Oop [216]=Oop [224]=Oop [248]=Oop [376]=Oop }
                      ;*invokevirtual get {reexecute=0 rethrow=0 return_oop=0}
                      ; - com.szymc.localShaders.Shader::setMatrix@4 (line 86)
                      ; - com.szymc.localShaders.EntityShader::setCamera@17 (line 41)
                      ; - com.szymc.voxel_engine.Engine::render@456 (line 277)
  0x000001922eea3de4: f860 3207 

  0x000001922eea3de8: ;   {metadata({method} {0x000001924d43d660} 'get' '(Ljava/nio/FloatBuffer;)Ljava/nio/FloatBuffer;' in 'org/joml/Matrix4f')}
  0x000001922eea3de8: 49ba 58d6 | 434d 9201 | 0000 4c89 | 5424 0848 | c704 24ff 

  0x000001922eea3dfc: ;   {runtime_call C1 Runtime counter_overflow_blob}
  0x000001922eea3dfc: ffff ffe8 

  0x000001922eea3e00: ; ImmutableOopMap {rax=Oop [216]=Oop [224]=Oop [248]=Oop [376]=Oop }
                      ;*synchronization entry
                      ; - org.joml.Matrix4f::get@-1 (line 3241)
                      ; - com.szymc.localShaders.Shader::setMatrix@4 (line 86)
                      ; - com.szymc.localShaders.EntityShader::setCamera@17 (line 41)
                      ; - com.szymc.voxel_engine.Engine::render@456 (line 277)
  0x000001922eea3e00: dcdf 3207 | e952 95ff 

  0x000001922eea3e08: ;   {metadata({method} {0x000001924d81c700} 'glUniformMatrix4fv' '(IZLjava/nio/FloatBuffer;)V' in 'org/lwjgl/opengl/GL20')}
  0x000001922eea3e08: ff49 baf8 | c681 4d92 | 0100 004c | 8954 2408 | 48c7 0424 | ffff ffff 

  0x000001922eea3e20: ;   {runtime_call C1 Runtime counter_overflow_blob}
  0x000001922eea3e20: e8bb df32 

  0x000001922eea3e24: ; ImmutableOopMap {[216]=Oop [224]=Oop [248]=Oop }
                      ;*synchronization entry
                      ; - org.lwjgl.opengl.GL20::glUniformMatrix4fv@-1 (line 791)
                      ; - com.szymc.localShaders.Shader::setMatrix@7 (line 86)
                      ; - com.szymc.localShaders.EntityShader::setCamera@17 (line 41)
                      ; - com.szymc.voxel_engine.Engine::render@456 (line 277)
  0x000001922eea3e24: 07e9 5096 

  0x000001922eea3e28: ;   {metadata({method} {0x000001924d9f2b88} 'getVao' '()I' in 'com/szymc/voxel_engine/EntityItem')}
  0x000001922eea3e28: ffff 49ba | 802b 9f4d | 9201 0000 | 4c89 5424 | 0848 c704 | 24ff ffff 

  0x000001922eea3e40: ;   {runtime_call C1 Runtime counter_overflow_blob}
  0x000001922eea3e40: ffe8 9adf 

  0x000001922eea3e44: ; ImmutableOopMap {[216]=Oop [224]=Oop [248]=Oop }
                      ;*synchronization entry
                      ; - com.szymc.voxel_engine.EntityItem::getVao@-1 (line 243)
                      ; - com.szymc.voxel_engine.Engine::render@459 (line 279)
  0x000001922eea3e44: 3207 e9a2 

  0x000001922eea3e48: ;   {metadata({method} {0x000001924d812e10} 'glBindVertexArray' '(I)V' in 'org/lwjgl/opengl/GL30')}
  0x000001922eea3e48: 96ff ff49 | ba08 2e81 | 4d92 0100 | 004c 8954 | 2408 48c7 | 0424 ffff 

  0x000001922eea3e60: ;   {runtime_call C1 Runtime counter_overflow_blob}
  0x000001922eea3e60: ffff e879 

  0x000001922eea3e64: ; ImmutableOopMap {[216]=Oop [224]=Oop [248]=Oop }
                      ;*synchronization entry
                      ; - org.lwjgl.opengl.GL30::glBindVertexArray@-1 (line 2283)
                      ; - com.szymc.voxel_engine.Engine::render@462 (line 279)
  0x000001922eea3e64: df32 07e9 | ca96 ffff 

  0x000001922eea3e6c: ;   {runtime_call C1 Runtime throw_null_pointer_exception_blob}
  0x000001922eea3e6c: e86f 6032 

  0x000001922eea3e70: ; ImmutableOopMap {rdx=Oop rsi=Oop [216]=Oop [224]=Oop [248]=Oop }
                      ;*invokevirtual getEntities {reexecute=0 rethrow=0 return_oop=0}
                      ; - com.szymc.voxel_engine.Engine::render@469 (line 280)
                      ;   {runtime_call C1 Runtime throw_incompatible_class_change_error_blob}
  0x000001922eea3e70: 07e8 6a95 

  0x000001922eea3e74: ; ImmutableOopMap {rdx=Oop rbx=Oop [216]=Oop [224]=Oop [248]=Oop }
                      ;*invokeinterface values {reexecute=0 rethrow=0 return_oop=0}
                      ; - com.szymc.voxel_engine.Engine::render@472 (line 280)
                      ;   {runtime_call C1 Runtime throw_null_pointer_exception_blob}
  0x000001922eea3e74: 3207 e865 

  0x000001922eea3e78: ; ImmutableOopMap {rdx=Oop rbx=Oop [216]=Oop [224]=Oop [248]=Oop }
                      ;*invokeinterface values {reexecute=0 rethrow=0 return_oop=0}
                      ; - com.szymc.voxel_engine.Engine::render@472 (line 280)
                      ;   {metadata({method} {0x000001924d7b8950} 'values' '()Lit/unimi/dsi/fastutil/objects/ObjectCollection;' in 'it/unimi/dsi/fastutil/ints/Int2ObjectOpenHashMap')}
  0x000001922eea3e78: 6032 0749 | ba48 897b | 4d92 0100 | 004c 8954 | 2408 48c7 | 0424 ffff 

  0x000001922eea3e90: ;   {runtime_call C1 Runtime counter_overflow_blob}
  0x000001922eea3e90: ffff e849 

  0x000001922eea3e94: ; ImmutableOopMap {rdx=Oop rbx=Oop [216]=Oop [224]=Oop [248]=Oop }
                      ;*synchronization entry
                      ; - it.unimi.dsi.fastutil.ints.Int2ObjectOpenHashMap::values@-1 (line 1217)
                      ; - com.szymc.voxel_engine.Engine::render@472 (line 280)
  0x000001922eea3e94: df32 07e9 | 8097 ffff 

  0x000001922eea3e9c: ;   {runtime_call C1 Runtime fast_new_instance_blob}
  0x000001922eea3e9c: 488b d2e8 

  0x000001922eea3ea0: ; ImmutableOopMap {rbx=Oop [216]=Oop [224]=Oop [248]=Oop }
                      ;*new {reexecute=0 rethrow=0 return_oop=0}
                      ; - it.unimi.dsi.fastutil.ints.Int2ObjectOpenHashMap::values@8 (line 1217)
                      ; - com.szymc.voxel_engine.Engine::render@472 (line 280)
  0x000001922eea3ea0: 3c6a 3207 | e9ed 97ff 

  0x000001922eea3ea8: ;   {metadata({method} {0x000001924da5a070} '<init>' '(Lit/unimi/dsi/fastutil/ints/Int2ObjectOpenHashMap;)V' in 'it/unimi/dsi/fastutil/ints/Int2ObjectOpenHashMap$1')}
  0x000001922eea3ea8: ff49 ba68 | a0a5 4d92 | 0100 004c | 8954 2408 | 48c7 0424 | ffff ffff 

  0x000001922eea3ec0: ;   {runtime_call C1 Runtime counter_overflow_blob}
  0x000001922eea3ec0: e81b df32 

  0x000001922eea3ec4: ; ImmutableOopMap {rbx=Oop rax=Oop [216]=Oop [224]=Oop [248]=Oop }
                      ;*synchronization entry
                      ; - it.unimi.dsi.fastutil.ints.Int2ObjectOpenHashMap$1::<init>@-1 (line 1217)
                      ; - it.unimi.dsi.fastutil.ints.Int2ObjectOpenHashMap::values@13 (line 1217)
                      ; - com.szymc.voxel_engine.Engine::render@472 (line 280)
  0x000001922eea3ec4: 07e9 0898 | ffff 8b50 | 0c48 c1e2 | 0348 85d2 | 0f84 0598 | ffff 4889 

  0x000001922eea3edc: ;   {runtime_call g1_pre_barrier_slow}
  0x000001922eea3edc: 1424 e8fd | e532 07e9 | f797 ffff 

  0x000001922eea3ee8: ;   {metadata({method} {0x000001924da5aac0} '<init>' '()V' in 'it/unimi/dsi/fastutil/objects/AbstractObjectCollection')}
  0x000001922eea3ee8: 49ba b8aa | a54d 9201 | 0000 4c89 | 5424 0848 | c704 24ff 

  0x000001922eea3efc: ;   {runtime_call C1 Runtime counter_overflow_blob}
  0x000001922eea3efc: ffff ffe8 

  0x000001922eea3f00: ; ImmutableOopMap {rbx=Oop rax=Oop [216]=Oop [224]=Oop [248]=Oop }
                      ;*synchronization entry
                      ; - it.unimi.dsi.fastutil.objects.AbstractObjectCollection::<init>@-1 (line 34)
                      ; - it.unimi.dsi.fastutil.ints.Int2ObjectOpenHashMap$1::<init>@6 (line 1217)
                      ; - it.unimi.dsi.fastutil.ints.Int2ObjectOpenHashMap::values@13 (line 1217)
                      ; - com.szymc.voxel_engine.Engine::render@472 (line 280)
  0x000001922eea3f00: dcde 3207 | e941 98ff 

  0x000001922eea3f08: ;   {metadata({method} {0x000000001f2248b8} '<init>' '()V' in 'java/util/AbstractCollection')}
  0x000001922eea3f08: ff49 bab0 | 4822 1f00 | 0000 004c | 8954 2408 | 48c7 0424 | ffff ffff 

  0x000001922eea3f20: ;   {runtime_call C1 Runtime counter_overflow_blob}
  0x000001922eea3f20: e8bb de32 

  0x000001922eea3f24: ; ImmutableOopMap {rbx=Oop rax=Oop [216]=Oop [224]=Oop [248]=Oop }
                      ;*synchronization entry
                      ; - java.util.AbstractCollection::<init>@-1 (line 70)
                      ; - it.unimi.dsi.fastutil.objects.AbstractObjectCollection::<init>@1 (line 34)
                      ; - it.unimi.dsi.fastutil.ints.Int2ObjectOpenHashMap$1::<init>@6 (line 1217)
                      ; - it.unimi.dsi.fastutil.ints.Int2ObjectOpenHashMap::values@13 (line 1217)
                      ; - com.szymc.voxel_engine.Engine::render@472 (line 280)
  0x000001922eea3f24: 07e9 5c98 

  0x000001922eea3f28: ;   {metadata({method} {0x000000001f4bc558} '<init>' '()V' in 'java/lang/Object')}
  0x000001922eea3f28: ffff 49ba | 50c5 4b1f | 0000 0000 | 4c89 5424 | 0848 c704 | 24ff ffff 

  0x000001922eea3f40: ;   {runtime_call C1 Runtime counter_overflow_blob}
  0x000001922eea3f40: ffe8 9ade 

  0x000001922eea3f44: ; ImmutableOopMap {rbx=Oop rax=Oop [216]=Oop [224]=Oop [248]=Oop }
                      ;*synchronization entry
                      ; - java.lang.Object::<init>@-1 (line 46)
                      ; - java.util.AbstractCollection::<init>@1 (line 70)
                      ; - it.unimi.dsi.fastutil.objects.AbstractObjectCollection::<init>@1 (line 34)
                      ; - it.unimi.dsi.fastutil.ints.Int2ObjectOpenHashMap$1::<init>@6 (line 1217)
                      ; - it.unimi.dsi.fastutil.ints.Int2ObjectOpenHashMap::values@13 (line 1217)
                      ; - com.szymc.voxel_engine.Engine::render@472 (line 280)
  0x000001922eea3f44: 3207 e977 | 98ff ff8b | 5320 48c1 | e203 4885 | d20f 8474 | 98ff ff48 

  0x000001922eea3f5c: ;   {runtime_call g1_pre_barrier_slow}
  0x000001922eea3f5c: 8914 24e8 | 7ce5 3207 | e966 98ff 

  0x000001922eea3f68: ;   {runtime_call C1 Runtime throw_null_pointer_exception_blob}
  0x000001922eea3f68: ffe8 725f 

  0x000001922eea3f6c: ; ImmutableOopMap {rdx=Oop [216]=Oop [224]=Oop [248]=Oop }
                      ;*invokeinterface iterator {reexecute=0 rethrow=0 return_oop=0}
                      ; - com.szymc.voxel_engine.Engine::render@477 (line 280)
                      ;   {runtime_call C1 Runtime throw_null_pointer_exception_blob}
  0x000001922eea3f6c: 3207 e86d 

  0x000001922eea3f70: ; ImmutableOopMap {rax=Oop [216]=Oop [224]=Oop [248]=Oop [392]=Oop }
                      ;*invokeinterface hasNext {reexecute=0 rethrow=0 return_oop=0}
                      ; - com.szymc.voxel_engine.Engine::render@486 (line 280)
  0x000001922eea3f70: 5f32 0748 

  0x000001922eea3f74: ;   {runtime_call C1 Runtime throw_class_cast_exception_blob}
  0x000001922eea3f74: 8904 24e8 

  0x000001922eea3f78: ; ImmutableOopMap {[216]=Oop [224]=Oop [248]=Oop [392]=Oop }
                      ;*checkcast {reexecute=0 rethrow=0 return_oop=0}
                      ; - com.szymc.voxel_engine.Engine::render@501 (line 280)
  0x000001922eea3f78: 6491 3207 

  0x000001922eea3f7c: ;   {runtime_call C1 Runtime throw_null_pointer_exception_blob}
  0x000001922eea3f7c: e85f 5f32 

  0x000001922eea3f80: ; ImmutableOopMap {rsi=Oop rdx=Oop rdi=Oop [216]=Oop [224]=Oop [248]=Oop [392]=Oop [400]=Oop }
                      ;*getfield renderPosition {reexecute=1 rethrow=0 return_oop=0}
                      ; - (reexecute) com.szymc.voxel_engine.Engine::render@512 (line 281)
                      ;   {runtime_call C1 Runtime throw_null_pointer_exception_blob}
  0x000001922eea3f80: 07e8 5a5f 

  0x000001922eea3f84: ; ImmutableOopMap {rsi=Oop rdx=Oop rdi=Oop rbx=Oop [216]=Oop [224]=Oop [248]=Oop [392]=Oop [400]=Oop }
                      ;*getfield x {reexecute=1 rethrow=0 return_oop=0}
                      ; - (reexecute) com.szymc.voxel_engine.Engine::render@515 (line 281)
                      ;   {runtime_call C1 Runtime throw_null_pointer_exception_blob}
  0x000001922eea3f84: 3207 e855 

  0x000001922eea3f88: ; ImmutableOopMap {rsi=Oop rdx=Oop rdi=Oop [216]=Oop [224]=Oop [248]=Oop [392]=Oop [400]=Oop }
                      ;*invokevirtual set {reexecute=0 rethrow=0 return_oop=0}
                      ; - com.szymc.voxel_engine.Engine::render@534 (line 281)
                      ;   {metadata({method} {0x000001924d41d3f8} 'set' '(FFF)Lorg/joml/Vector3f;' in 'org/joml/Vector3f')}
  0x000001922eea3f88: 5f32 0749 | baf0 d341 | 4d92 0100 | 004c 8954 | 2408 48c7 | 0424 ffff 

  0x000001922eea3fa0: ;   {runtime_call C1 Runtime counter_overflow_blob}
  0x000001922eea3fa0: ffff e839 

  0x000001922eea3fa4: ; ImmutableOopMap {rsi=Oop rdx=Oop rdi=Oop [216]=Oop [224]=Oop [248]=Oop [392]=Oop [400]=Oop }
                      ;*synchronization entry
                      ; - org.joml.Vector3f::set@-1 (line 355)
                      ; - com.szymc.voxel_engine.Engine::render@534 (line 281)
  0x000001922eea3fa4: de32 07e9 | e19b ffff 

  0x000001922eea3fac: ;   {runtime_call C1 Runtime throw_null_pointer_exception_blob}
  0x000001922eea3fac: e82f 5f32 

  0x000001922eea3fb0: ; ImmutableOopMap {rsi=Oop rdx=Oop rdi=Oop rbx=Oop [216]=Oop [224]=Oop [248]=Oop [392]=Oop [400]=Oop }
                      ;*invokevirtual translation {reexecute=0 rethrow=0 return_oop=0}
                      ; - com.szymc.voxel_engine.Engine::render@546 (line 282)
                      ;   {metadata({method} {0x000001924d43c6c8} 'translation' '(Lorg/joml/Vector3fc;)Lorg/joml/Matrix4f;' in 'org/joml/Matrix4f')}
  0x000001922eea3fb0: 0749 bac0 | c643 4d92 | 0100 004c | 8954 2408 | 48c7 0424 | ffff ffff 

  0x000001922eea3fc8: ;   {runtime_call C1 Runtime counter_overflow_blob}
  0x000001922eea3fc8: e813 de32 

  0x000001922eea3fcc: ; ImmutableOopMap {rsi=Oop rdx=Oop rdi=Oop rbx=Oop [216]=Oop [224]=Oop [248]=Oop [392]=Oop [400]=Oop }
                      ;*synchronization entry
                      ; - org.joml.Matrix4f::translation@-1 (line 3069)
                      ; - com.szymc.voxel_engine.Engine::render@546 (line 282)
  0x000001922eea3fcc: 07e9 219c 

  0x000001922eea3fd0: ;   {runtime_call C1 Runtime throw_null_pointer_exception_blob}
  0x000001922eea3fd0: ffff e809 

  0x000001922eea3fd4: ; ImmutableOopMap {rdx=Oop r8=Oop r9=Oop [216]=Oop [224]=Oop [248]=Oop [392]=Oop [400]=Oop }
                      ;*invokevirtual setModel {reexecute=0 rethrow=0 return_oop=0}
                      ; - com.szymc.voxel_engine.Engine::render@559 (line 283)
                      ;   {metadata({method} {0x000001924d915768} 'setModel' '(Lorg/joml/Matrix4f;Ljava/nio/FloatBuffer;)V' in 'com/szymc/localShaders/EntityShader')}
  0x000001922eea3fd4: 5f32 0749 | ba60 5791 | 4d92 0100 | 004c 8954 | 2408 48c7 | 0424 ffff 

  0x000001922eea3fec: ;   {runtime_call C1 Runtime counter_overflow_blob}
  0x000001922eea3fec: ffff e8ed 

  0x000001922eea3ff0: ; ImmutableOopMap {rdx=Oop r8=Oop r9=Oop [216]=Oop [224]=Oop [248]=Oop [392]=Oop [400]=Oop }
                      ;*synchronization entry
                      ; - com.szymc.localShaders.EntityShader::setModel@-1 (line 45)
                      ; - com.szymc.voxel_engine.Engine::render@559 (line 283)
  0x000001922eea3ff0: dd32 07e9 | 0c9d ffff 

  0x000001922eea3ff8: ;   {metadata({method} {0x000001924d806220} 'setMatrix' '(ILorg/joml/Matrix4f;Ljava/nio/FloatBuffer;)V' in 'com/szymc/localShaders/Shader')}
  0x000001922eea3ff8: 49ba 1862 | 804d 9201 | 0000 4c89 | 5424 0848 | c704 24ff 

  0x000001922eea400c: ;   {runtime_call C1 Runtime counter_overflow_blob}
  0x000001922eea400c: ffff ffe8 

  0x000001922eea4010: ; ImmutableOopMap {rdx=Oop r9=Oop [216]=Oop [224]=Oop [248]=Oop [392]=Oop [400]=Oop }
                      ;*synchronization entry
                      ; - com.szymc.localShaders.Shader::setMatrix@-1 (line 86)
                      ; - com.szymc.localShaders.EntityShader::setModel@7 (line 45)
                      ; - com.szymc.voxel_engine.Engine::render@559 (line 283)
  0x000001922eea4010: ccdd 3207 | e9a5 9dff 

  0x000001922eea4018: ;   {runtime_call C1 Runtime throw_null_pointer_exception_blob}
  0x000001922eea4018: ffe8 c25e 

  0x000001922eea401c: ; ImmutableOopMap {rdx=Oop r9=Oop [216]=Oop [224]=Oop [248]=Oop [392]=Oop [400]=Oop }
                      ;*invokevirtual get {reexecute=0 rethrow=0 return_oop=0}
                      ; - com.szymc.localShaders.Shader::setMatrix@4 (line 86)
                      ; - com.szymc.localShaders.EntityShader::setModel@7 (line 45)
                      ; - com.szymc.voxel_engine.Engine::render@559 (line 283)
                      ;   {metadata({method} {0x000001924d43d660} 'get' '(Ljava/nio/FloatBuffer;)Ljava/nio/FloatBuffer;' in 'org/joml/Matrix4f')}
  0x000001922eea401c: 3207 49ba | 58d6 434d | 9201 0000 | 4c89 5424 | 0848 c704 | 24ff ffff 

  0x000001922eea4034: ;   {runtime_call C1 Runtime counter_overflow_blob}
  0x000001922eea4034: ffe8 a6dd 

  0x000001922eea4038: ; ImmutableOopMap {rdx=Oop r9=Oop [216]=Oop [224]=Oop [248]=Oop [392]=Oop [400]=Oop }
                      ;*synchronization entry
                      ; - org.joml.Matrix4f::get@-1 (line 3241)
                      ; - com.szymc.localShaders.Shader::setMatrix@4 (line 86)
                      ; - com.szymc.localShaders.EntityShader::setModel@7 (line 45)
                      ; - com.szymc.voxel_engine.Engine::render@559 (line 283)
  0x000001922eea4038: 3207 e9c0 

  0x000001922eea403c: ;   {metadata({method} {0x000001924d81c700} 'glUniformMatrix4fv' '(IZLjava/nio/FloatBuffer;)V' in 'org/lwjgl/opengl/GL20')}
  0x000001922eea403c: 9dff ff49 | baf8 c681 | 4d92 0100 | 004c 8954 | 2408 48c7 | 0424 ffff 

  0x000001922eea4054: ;   {runtime_call C1 Runtime counter_overflow_blob}
  0x000001922eea4054: ffff e885 

  0x000001922eea4058: ; ImmutableOopMap {[216]=Oop [224]=Oop [248]=Oop [392]=Oop [400]=Oop }
                      ;*synchronization entry
                      ; - org.lwjgl.opengl.GL20::glUniformMatrix4fv@-1 (line 791)
                      ; - com.szymc.localShaders.Shader::setMatrix@7 (line 86)
                      ; - com.szymc.localShaders.EntityShader::setModel@7 (line 45)
                      ; - com.szymc.voxel_engine.Engine::render@559 (line 283)
  0x000001922eea4058: dd32 07e9 | c29e ffff 

  0x000001922eea4060: ;   {runtime_call C1 Runtime throw_null_pointer_exception_blob}
  0x000001922eea4060: e87b 5e32 

  0x000001922eea4064: ; ImmutableOopMap {rsi=Oop [216]=Oop [224]=Oop [248]=Oop [392]=Oop [400]=Oop }
                      ;*getfield x {reexecute=1 rethrow=0 return_oop=0}
                      ; - (reexecute) com.szymc.voxel_engine.Engine::render@567 (line 285)
                      ;   {metadata({method} {0x000000001f4a5f58} 'floor' '(D)D' in 'java/lang/Math')}
  0x000001922eea4064: 0749 ba50 | 5f4a 1f00 | 0000 004c | 8954 2408 | 48c7 0424 | ffff ffff 

  0x000001922eea407c: ;   {runtime_call C1 Runtime counter_overflow_blob}
  0x000001922eea407c: e85f dd32 

  0x000001922eea4080: ; ImmutableOopMap {rsi=Oop [216]=Oop [224]=Oop [248]=Oop [392]=Oop [400]=Oop }
                      ;*synchronization entry
                      ; - java.lang.Math::floor@-1 (line 527)
                      ; - com.szymc.voxel_engine.Engine::render@571 (line 285)
  0x000001922eea4080: 07e9 279f 

  0x000001922eea4084: ;   {runtime_call C1 Runtime throw_null_pointer_exception_blob}
  0x000001922eea4084: ffff e855 

  0x000001922eea4088: ; ImmutableOopMap {rdi=Oop [216]=Oop [224]=Oop [248]=Oop [392]=Oop [400]=Oop }
                      ;*getfield y {reexecute=1 rethrow=0 return_oop=0}
                      ; - (reexecute) com.szymc.voxel_engine.Engine::render@582 (line 286)
                      ;   {metadata({method} {0x000000001f4a5f58} 'floor' '(D)D' in 'java/lang/Math')}
  0x000001922eea4088: 5e32 0749 | ba50 5f4a | 1f00 0000 | 004c 8954 | 2408 48c7 | 0424 ffff 

  0x000001922eea40a0: ;   {runtime_call C1 Runtime counter_overflow_blob}
  0x000001922eea40a0: ffff e839 

  0x000001922eea40a4: ; ImmutableOopMap {rdi=Oop [216]=Oop [224]=Oop [248]=Oop [392]=Oop [400]=Oop }
                      ;*synchronization entry
                      ; - java.lang.Math::floor@-1 (line 527)
                      ; - com.szymc.voxel_engine.Engine::render@586 (line 286)
  0x000001922eea40a4: dd32 07e9 | 8b9f ffff 

  0x000001922eea40ac: ;   {runtime_call C1 Runtime throw_null_pointer_exception_blob}
  0x000001922eea40ac: e82f 5e32 

  0x000001922eea40b0: ; ImmutableOopMap {rdi=Oop [216]=Oop [224]=Oop [248]=Oop [392]=Oop [400]=Oop }
                      ;*getfield z {reexecute=1 rethrow=0 return_oop=0}
                      ; - (reexecute) com.szymc.voxel_engine.Engine::render@597 (line 287)
                      ;   {metadata({method} {0x000000001f4a5f58} 'floor' '(D)D' in 'java/lang/Math')}
  0x000001922eea40b0: 0749 ba50 | 5f4a 1f00 | 0000 004c | 8954 2408 | 48c7 0424 | ffff ffff 

  0x000001922eea40c8: ;   {runtime_call C1 Runtime counter_overflow_blob}
  0x000001922eea40c8: e813 dd32 

  0x000001922eea40cc: ; ImmutableOopMap {rdi=Oop [216]=Oop [224]=Oop [248]=Oop [392]=Oop [400]=Oop }
                      ;*synchronization entry
                      ; - java.lang.Math::floor@-1 (line 527)
                      ; - com.szymc.voxel_engine.Engine::render@601 (line 287)
  0x000001922eea40cc: 07e9 fd9f 

  0x000001922eea40d0: ;   {runtime_call C1 Runtime throw_null_pointer_exception_blob}
  0x000001922eea40d0: ffff e809 

  0x000001922eea40d4: ; ImmutableOopMap {rdx=Oop rdi=Oop [216]=Oop [224]=Oop [248]=Oop [392]=Oop [400]=Oop }
                      ;*invokevirtual getLoadedChunkAtPos {reexecute=0 rethrow=0 return_oop=0}
                      ; - com.szymc.voxel_engine.Engine::render@619 (line 289)
                      ;   {metadata({method} {0x000001924d789ed0} 'getLoadedChunkAtPos' '(II)Lcom/szymc/voxel_engine/ChunkColumn;' in 'com/szymc/voxel_engine/World')}
  0x000001922eea40d4: 5e32 0749 | bac8 9e78 | 4d92 0100 | 004c 8954 | 2408 48c7 | 0424 ffff 

  0x000001922eea40ec: ;   {runtime_call C1 Runtime counter_overflow_blob}
  0x000001922eea40ec: ffff e8ed 

  0x000001922eea40f0: ; ImmutableOopMap {rdx=Oop rdi=Oop [216]=Oop [224]=Oop [248]=Oop [392]=Oop [400]=Oop }
                      ;*synchronization entry
                      ; - com.szymc.voxel_engine.World::getLoadedChunkAtPos@-1 (line 92)
                      ; - com.szymc.voxel_engine.Engine::render@619 (line 289)
  0x000001922eea40f0: dc32 07e9 | 90a0 ffff 

  0x000001922eea40f8: ;   {runtime_call C1 Runtime throw_incompatible_class_change_error_blob}
  0x000001922eea40f8: e8e3 9232 

  0x000001922eea40fc: ; ImmutableOopMap {rbx=Oop [216]=Oop [224]=Oop [248]=Oop [392]=Oop [400]=Oop }
                      ;*invokeinterface get {reexecute=0 rethrow=0 return_oop=0}
                      ; - com.szymc.voxel_engine.World::getLoadedChunkAtPos@10 (line 92)
                      ; - com.szymc.voxel_engine.Engine::render@619 (line 289)
                      ;   {runtime_call C1 Runtime throw_null_pointer_exception_blob}
  0x000001922eea40fc: 07e8 de5d 

  0x000001922eea4100: ; ImmutableOopMap {rbx=Oop [216]=Oop [224]=Oop [248]=Oop [392]=Oop [400]=Oop }
                      ;*invokeinterface get {reexecute=0 rethrow=0 return_oop=0}
                      ; - com.szymc.voxel_engine.World::getLoadedChunkAtPos@10 (line 92)
                      ; - com.szymc.voxel_engine.Engine::render@619 (line 289)
  0x000001922eea4100: 3207 4889 

  0x000001922eea4104: ;   {runtime_call C1 Runtime throw_class_cast_exception_blob}
  0x000001922eea4104: 0424 e8d5 

  0x000001922eea4108: ; ImmutableOopMap {[216]=Oop [224]=Oop [248]=Oop [392]=Oop [400]=Oop }
                      ;*checkcast {reexecute=0 rethrow=0 return_oop=0}
                      ; - com.szymc.voxel_engine.World::getLoadedChunkAtPos@15 (line 92)
                      ; - com.szymc.voxel_engine.Engine::render@619 (line 289)
                      ;   {runtime_call C1 Runtime throw_null_pointer_exception_blob}
  0x000001922eea4108: 8f32 07e8 

  0x000001922eea410c: ; ImmutableOopMap {rsi=Oop [216]=Oop [224]=Oop [248]=Oop [392]=Oop [400]=Oop }
                      ;*invokevirtual getSkylight {reexecute=0 rethrow=0 return_oop=0}
                      ; - com.szymc.voxel_engine.Engine::render@638 (line 290)
  0x000001922eea410c: d05d 3207 

  0x000001922eea4110: ;   {metadata({method} {0x000000001f4a6060} 'max' '(II)I' in 'java/lang/Math')}
  0x000001922eea4110: 49ba 5860 | 4a1f 0000 | 0000 4c89 | 5424 0848 | c704 24ff 

  0x000001922eea4124: ;   {runtime_call C1 Runtime counter_overflow_blob}
  0x000001922eea4124: ffff ffe8 

  0x000001922eea4128: ; ImmutableOopMap {rdx=Oop rsi=Oop [216]=Oop [224]=Oop [248]=Oop [392]=Oop [400]=Oop }
                      ;*synchronization entry
                      ; - java.lang.Math::max@-1 (line 2024)
                      ; - com.szymc.voxel_engine.Engine::render@670 (line 293)
  0x000001922eea4128: b4dc 3207 | e9db a2ff 

  0x000001922eea4130: ;   {runtime_call C1 Runtime throw_null_pointer_exception_blob}
  0x000001922eea4130: ffe8 aa5d 

  0x000001922eea4134: ; ImmutableOopMap {rsi=Oop [216]=Oop [224]=Oop [248]=Oop [392]=Oop [400]=Oop }
                      ;*invokevirtual setLightLevel {reexecute=0 rethrow=0 return_oop=0}
                      ; - com.szymc.voxel_engine.Engine::render@674 (line 293)
                      ;   {metadata({method} {0x000001924d915828} 'setLightLevel' '(B)V' in 'com/szymc/localShaders/EntityShader')}
  0x000001922eea4134: 3207 49ba | 2058 914d | 9201 0000 | 4c89 5424 | 0848 c704 | 24ff ffff 

  0x000001922eea414c: ;   {runtime_call C1 Runtime counter_overflow_blob}
  0x000001922eea414c: ffe8 8edc 

  0x000001922eea4150: ; ImmutableOopMap {rsi=Oop [216]=Oop [224]=Oop [248]=Oop [392]=Oop [400]=Oop }
                      ;*synchronization entry
                      ; - com.szymc.localShaders.EntityShader::setLightLevel@-1 (line 49)
                      ; - com.szymc.voxel_engine.Engine::render@674 (line 293)
  0x000001922eea4150: 3207 e94c 

  0x000001922eea4154: ;   {metadata({method} {0x000001924d81ad10} 'glUniform1f' '(IF)V' in 'org/lwjgl/opengl/GL20')}
  0x000001922eea4154: a3ff ff49 | ba08 ad81 | 4d92 0100 | 004c 8954 | 2408 48c7 | 0424 ffff 

  0x000001922eea416c: ;   {runtime_call C1 Runtime counter_overflow_blob}
  0x000001922eea416c: ffff e86d 

  0x000001922eea4170: ; ImmutableOopMap {[216]=Oop [224]=Oop [248]=Oop [392]=Oop [400]=Oop }
                      ;*synchronization entry
                      ; - org.lwjgl.opengl.GL20::glUniform1f@-1 (line 425)
                      ; - com.szymc.localShaders.EntityShader::setLightLevel@6 (line 49)
                      ; - com.szymc.voxel_engine.Engine::render@674 (line 293)
  0x000001922eea4170: dc32 07e9 | 6aa3 ffff | 4889 3424 

  0x000001922eea417c: ;   {runtime_call C1 Runtime throw_class_cast_exception_blob}
  0x000001922eea417c: e85f 8f32 

  0x000001922eea4180: ; ImmutableOopMap {[216]=Oop [224]=Oop [248]=Oop [392]=Oop }
                      ;*checkcast {reexecute=0 rethrow=0 return_oop=0}
                      ; - com.szymc.voxel_engine.Engine::render@689 (line 296)
                      ;   {runtime_call C1 Runtime throw_null_pointer_exception_blob}
  0x000001922eea4180: 07e8 5a5d 

  0x000001922eea4184: ; ImmutableOopMap {rdx=Oop [216]=Oop [224]=Oop [248]=Oop [392]=Oop }
                      ;*getfield itemMesh {reexecute=1 rethrow=0 return_oop=0}
                      ; - (reexecute) com.szymc.voxel_engine.Engine::render@697 (line 297)
                      ;   {runtime_call C1 Runtime throw_null_pointer_exception_blob}
  0x000001922eea4184: 3207 e855 

  0x000001922eea4188: ; ImmutableOopMap {rdx=Oop r8=Oop [216]=Oop [224]=Oop [248]=Oop [392]=Oop }
                      ;*getfield indexCount {reexecute=1 rethrow=0 return_oop=0}
                      ; - (reexecute) com.szymc.voxel_engine.Engine::render@700 (line 297)
                      ;   {metadata({method} {0x000001924d802c40} 'render' '()V' in 'com/szymc/voxel_engine/Engine')}
  0x000001922eea4188: 5d32 0749 | ba38 2c80 | 4d92 0100 | 004c 8954 | 2408 48c7 | 0424 d502 

  0x000001922eea41a0: ;   {runtime_call C1 Runtime counter_overflow_blob}
  0x000001922eea41a0: 0000 e839 

  0x000001922eea41a4: ; ImmutableOopMap {[216]=Oop [224]=Oop [248]=Oop [392]=Oop }
                      ;*goto {reexecute=1 rethrow=0 return_oop=0}
                      ; - (reexecute) com.szymc.voxel_engine.Engine::render@725 (line 299)
  0x000001922eea41a4: dc32 07e9 | 6fa5 ffff 

  0x000001922eea41ac: ;   {runtime_call C1 Runtime throw_null_pointer_exception_blob}
  0x000001922eea41ac: e82f 5d32 

  0x000001922eea41b0: ; ImmutableOopMap {rdx=Oop rsi=Oop [216]=Oop [224]=Oop [248]=Oop }
                      ;*invokevirtual stop {reexecute=0 rethrow=0 return_oop=0}
                      ; - com.szymc.voxel_engine.Engine::render@732 (line 301)
                      ;   {metadata({method} {0x000001924d806148} 'stop' '()V' in 'com/szymc/localShaders/Shader')}
  0x000001922eea41b0: 0749 ba40 | 6180 4d92 | 0100 004c | 8954 2408 | 48c7 0424 | ffff ffff 

  0x000001922eea41c8: ;   {runtime_call C1 Runtime counter_overflow_blob}
  0x000001922eea41c8: e813 dc32 

  0x000001922eea41cc: ; ImmutableOopMap {rdx=Oop [216]=Oop [224]=Oop [248]=Oop }
                      ;*synchronization entry
                      ; - com.szymc.localShaders.Shader::stop@-1 (line 82)
                      ; - com.szymc.voxel_engine.Engine::render@732 (line 301)
  0x000001922eea41cc: 07e9 32a6 

  0x000001922eea41d0: ;   {metadata({method} {0x000001924d81ab68} 'glUseProgram' '(I)V' in 'org/lwjgl/opengl/GL20')}
  0x000001922eea41d0: ffff 49ba | 60ab 814d | 9201 0000 | 4c89 5424 | 0848 c704 | 24ff ffff 

  0x000001922eea41e8: ;   {runtime_call C1 Runtime counter_overflow_blob}
  0x000001922eea41e8: ffe8 f2db 

  0x000001922eea41ec: ; ImmutableOopMap {rdx=Oop [216]=Oop [224]=Oop [248]=Oop }
                      ;*synchronization entry
                      ; - org.lwjgl.opengl.GL20::glUseProgram@-1 (line 398)
                      ; - com.szymc.localShaders.Shader::stop@1 (line 82)
                      ; - com.szymc.voxel_engine.Engine::render@732 (line 301)
  0x000001922eea41ec: 3207 e94a 

  0x000001922eea41f0: ;   {runtime_call C1 Runtime throw_null_pointer_exception_blob}
  0x000001922eea41f0: a6ff ffe8 

  0x000001922eea41f4: ; ImmutableOopMap {rdx=Oop rsi=Oop [216]=Oop [224]=Oop [248]=Oop }
                      ;*invokevirtual start {reexecute=0 rethrow=0 return_oop=0}
                      ; - com.szymc.voxel_engine.Engine::render@739 (line 302)
  0x000001922eea41f4: e85c 3207 

  0x000001922eea41f8: ;   {metadata({method} {0x000001924d8060a0} 'start' '()V' in 'com/szymc/localShaders/Shader')}
  0x000001922eea41f8: 49ba 9860 | 804d 9201 | 0000 4c89 | 5424 0848 | c704 24ff 

  0x000001922eea420c: ;   {runtime_call C1 Runtime counter_overflow_blob}
  0x000001922eea420c: ffff ffe8 

  0x000001922eea4210: ; ImmutableOopMap {rdx=Oop rsi=Oop [216]=Oop [224]=Oop [248]=Oop }
                      ;*synchronization entry
                      ; - com.szymc.localShaders.Shader::start@-1 (line 78)
                      ; - com.szymc.voxel_engine.Engine::render@739 (line 302)
  0x000001922eea4210: ccdb 3207 | e913 a7ff 

  0x000001922eea4218: ;   {metadata({method} {0x000001924d81ab68} 'glUseProgram' '(I)V' in 'org/lwjgl/opengl/GL20')}
  0x000001922eea4218: ff49 ba60 | ab81 4d92 | 0100 004c | 8954 2408 | 48c7 0424 | ffff ffff 

  0x000001922eea4230: ;   {runtime_call C1 Runtime counter_overflow_blob}
  0x000001922eea4230: e8ab db32 

  0x000001922eea4234: ; ImmutableOopMap {rdx=Oop [216]=Oop [224]=Oop [248]=Oop }
                      ;*synchronization entry
                      ; - org.lwjgl.opengl.GL20::glUseProgram@-1 (line 398)
                      ; - com.szymc.localShaders.Shader::start@4 (line 78)
                      ; - com.szymc.voxel_engine.Engine::render@739 (line 302)
  0x000001922eea4234: 07e9 2ea7 

  0x000001922eea4238: ;   {metadata({method} {0x000001924d747340} 'glEnable' '(I)V' in 'org/lwjgl/opengl/GL11')}
  0x000001922eea4238: ffff 49ba | 3873 744d | 9201 0000 | 4c89 5424 | 0848 c704 | 24ff ffff 

  0x000001922eea4250: ;   {runtime_call C1 Runtime counter_overflow_blob}
  0x000001922eea4250: ffe8 8adb 

  0x000001922eea4254: ; ImmutableOopMap {[216]=Oop [224]=Oop [248]=Oop }
                      ;*synchronization entry
                      ; - org.lwjgl.opengl.GL11::glEnable@-1 (line 724)
                      ; - com.szymc.voxel_engine.Engine::render@745 (line 304)
  0x000001922eea4254: 3207 e96a 

  0x000001922eea4258: ;   {metadata({method} {0x000001924d74be38} 'glDepthMask' '(Z)V' in 'org/lwjgl/opengl/GL11')}
  0x000001922eea4258: a7ff ff49 | ba30 be74 | 4d92 0100 | 004c 8954 | 2408 48c7 | 0424 ffff 

  0x000001922eea4270: ;   {runtime_call C1 Runtime counter_overflow_blob}
  0x000001922eea4270: ffff e869 

  0x000001922eea4274: ; ImmutableOopMap {[216]=Oop [224]=Oop [248]=Oop }
                      ;*synchronization entry
                      ; - org.lwjgl.opengl.GL11::glDepthMask@-1 (line 1780)
                      ; - com.szymc.voxel_engine.Engine::render@749 (line 305)
  0x000001922eea4274: db32 07e9 | a9a7 ffff 

  0x000001922eea427c: ;   {runtime_call C1 Runtime throw_null_pointer_exception_blob}
  0x000001922eea427c: e85f 5c32 

  0x000001922eea4280: ; ImmutableOopMap {rdx=Oop rsi=Oop [216]=Oop [224]=Oop [248]=Oop }
                      ;*invokevirtual getRendered {reexecute=0 rethrow=0 return_oop=0}
                      ; - com.szymc.voxel_engine.Engine::render@756 (line 306)
                      ;   {runtime_call C1 Runtime throw_incompatible_class_change_error_blob}
  0x000001922eea4280: 07e8 5a91 

  0x000001922eea4284: ; ImmutableOopMap {rdx=Oop rbx=Oop [216]=Oop [224]=Oop [248]=Oop }
                      ;*invokeinterface values {reexecute=0 rethrow=0 return_oop=0}
                      ; - com.szymc.voxel_engine.Engine::render@759 (line 306)
                      ;   {runtime_call C1 Runtime throw_null_pointer_exception_blob}
  0x000001922eea4284: 3207 e855 

  0x000001922eea4288: ; ImmutableOopMap {rdx=Oop rbx=Oop [216]=Oop [224]=Oop [248]=Oop }
                      ;*invokeinterface values {reexecute=0 rethrow=0 return_oop=0}
                      ; - com.szymc.voxel_engine.Engine::render@759 (line 306)
                      ;   {metadata({method} {0x000001924d7a3400} 'values' '()Lit/unimi/dsi/fastutil/objects/ObjectCollection;' in 'it/unimi/dsi/fastutil/longs/Long2ObjectOpenHashMap')}
  0x000001922eea4288: 5c32 0749 | baf8 337a | 4d92 0100 | 004c 8954 | 2408 48c7 | 0424 ffff 

  0x000001922eea42a0: ;   {runtime_call C1 Runtime counter_overflow_blob}
  0x000001922eea42a0: ffff e839 

  0x000001922eea42a4: ; ImmutableOopMap {rdx=Oop rbx=Oop [216]=Oop [224]=Oop [248]=Oop }
                      ;*synchronization entry
                      ; - it.unimi.dsi.fastutil.longs.Long2ObjectOpenHashMap::values@-1 (line 1217)
                      ; - com.szymc.voxel_engine.Engine::render@759 (line 306)
  0x000001922eea42a4: db32 07e9 | 60a8 ffff 

  0x000001922eea42ac: ;   {runtime_call C1 Runtime fast_new_instance_blob}
  0x000001922eea42ac: 488b d2e8 

  0x000001922eea42b0: ; ImmutableOopMap {rbx=Oop [216]=Oop [224]=Oop [248]=Oop }
                      ;*new {reexecute=0 rethrow=0 return_oop=0}
                      ; - it.unimi.dsi.fastutil.longs.Long2ObjectOpenHashMap::values@8 (line 1217)
                      ; - com.szymc.voxel_engine.Engine::render@759 (line 306)
  0x000001922eea42b0: 2c66 3207 | e9cd a8ff 

  0x000001922eea42b8: ;   {metadata({method} {0x000001924da7a888} '<init>' '(Lit/unimi/dsi/fastutil/longs/Long2ObjectOpenHashMap;)V' in 'it/unimi/dsi/fastutil/longs/Long2ObjectOpenHashMap$1')}
  0x000001922eea42b8: ff49 ba80 | a8a7 4d92 | 0100 004c | 8954 2408 | 48c7 0424 | ffff ffff 

  0x000001922eea42d0: ;   {runtime_call C1 Runtime counter_overflow_blob}
  0x000001922eea42d0: e80b db32 

  0x000001922eea42d4: ; ImmutableOopMap {rbx=Oop rax=Oop [216]=Oop [224]=Oop [248]=Oop }
                      ;*synchronization entry
                      ; - it.unimi.dsi.fastutil.longs.Long2ObjectOpenHashMap$1::<init>@-1 (line 1217)
                      ; - it.unimi.dsi.fastutil.longs.Long2ObjectOpenHashMap::values@13 (line 1217)
                      ; - com.szymc.voxel_engine.Engine::render@759 (line 306)
  0x000001922eea42d4: 07e9 e8a8 | ffff 8b50 | 0c48 c1e2 | 0348 85d2 | 0f84 e5a8 | ffff 4889 

  0x000001922eea42ec: ;   {runtime_call g1_pre_barrier_slow}
  0x000001922eea42ec: 1424 e8ed | e132 07e9 | d7a8 ffff 

  0x000001922eea42f8: ;   {metadata({method} {0x000001924da5aac0} '<init>' '()V' in 'it/unimi/dsi/fastutil/objects/AbstractObjectCollection')}
  0x000001922eea42f8: 49ba b8aa | a54d 9201 | 0000 4c89 | 5424 0848 | c704 24ff 

  0x000001922eea430c: ;   {runtime_call C1 Runtime counter_overflow_blob}
  0x000001922eea430c: ffff ffe8 

  0x000001922eea4310: ; ImmutableOopMap {rbx=Oop rax=Oop [216]=Oop [224]=Oop [248]=Oop }
                      ;*synchronization entry
                      ; - it.unimi.dsi.fastutil.objects.AbstractObjectCollection::<init>@-1 (line 34)
                      ; - it.unimi.dsi.fastutil.longs.Long2ObjectOpenHashMap$1::<init>@6 (line 1217)
                      ; - it.unimi.dsi.fastutil.longs.Long2ObjectOpenHashMap::values@13 (line 1217)
                      ; - com.szymc.voxel_engine.Engine::render@759 (line 306)
  0x000001922eea4310: ccda 3207 | e921 a9ff 

  0x000001922eea4318: ;   {metadata({method} {0x000000001f2248b8} '<init>' '()V' in 'java/util/AbstractCollection')}
  0x000001922eea4318: ff49 bab0 | 4822 1f00 | 0000 004c | 8954 2408 | 48c7 0424 | ffff ffff 

  0x000001922eea4330: ;   {runtime_call C1 Runtime counter_overflow_blob}
  0x000001922eea4330: e8ab da32 

  0x000001922eea4334: ; ImmutableOopMap {rbx=Oop rax=Oop [216]=Oop [224]=Oop [248]=Oop }
                      ;*synchronization entry
                      ; - java.util.AbstractCollection::<init>@-1 (line 70)
                      ; - it.unimi.dsi.fastutil.objects.AbstractObjectCollection::<init>@1 (line 34)
                      ; - it.unimi.dsi.fastutil.longs.Long2ObjectOpenHashMap$1::<init>@6 (line 1217)
                      ; - it.unimi.dsi.fastutil.longs.Long2ObjectOpenHashMap::values@13 (line 1217)
                      ; - com.szymc.voxel_engine.Engine::render@759 (line 306)
  0x000001922eea4334: 07e9 3ca9 

  0x000001922eea4338: ;   {metadata({method} {0x000000001f4bc558} '<init>' '()V' in 'java/lang/Object')}
  0x000001922eea4338: ffff 49ba | 50c5 4b1f | 0000 0000 | 4c89 5424 | 0848 c704 | 24ff ffff 

  0x000001922eea4350: ;   {runtime_call C1 Runtime counter_overflow_blob}
  0x000001922eea4350: ffe8 8ada 

  0x000001922eea4354: ; ImmutableOopMap {rbx=Oop rax=Oop [216]=Oop [224]=Oop [248]=Oop }
                      ;*synchronization entry
                      ; - java.lang.Object::<init>@-1 (line 46)
                      ; - java.util.AbstractCollection::<init>@1 (line 70)
                      ; - it.unimi.dsi.fastutil.objects.AbstractObjectCollection::<init>@1 (line 34)
                      ; - it.unimi.dsi.fastutil.longs.Long2ObjectOpenHashMap$1::<init>@6 (line 1217)
                      ; - it.unimi.dsi.fastutil.longs.Long2ObjectOpenHashMap::values@13 (line 1217)
                      ; - com.szymc.voxel_engine.Engine::render@759 (line 306)
  0x000001922eea4354: 3207 e957 | a9ff ff8b | 5320 48c1 | e203 4885 | d20f 8454 | a9ff ff48 

  0x000001922eea436c: ;   {runtime_call g1_pre_barrier_slow}
  0x000001922eea436c: 8914 24e8 | 6ce1 3207 | e946 a9ff 

  0x000001922eea4378: ;   {runtime_call C1 Runtime throw_null_pointer_exception_blob}
  0x000001922eea4378: ffe8 625b 

  0x000001922eea437c: ; ImmutableOopMap {rdx=Oop [216]=Oop [224]=Oop [248]=Oop }
                      ;*invokeinterface iterator {reexecute=0 rethrow=0 return_oop=0}
                      ; - com.szymc.voxel_engine.Engine::render@764 (line 306)
                      ;   {runtime_call C1 Runtime throw_null_pointer_exception_blob}
  0x000001922eea437c: 3207 e85d 

  0x000001922eea4380: ; ImmutableOopMap {rax=Oop [216]=Oop [224]=Oop [248]=Oop [448]=Oop }
                      ;*invokeinterface hasNext {reexecute=0 rethrow=0 return_oop=0}
                      ; - com.szymc.voxel_engine.Engine::render@773 (line 306)
  0x000001922eea4380: 5b32 0748 

  0x000001922eea4384: ;   {runtime_call C1 Runtime throw_class_cast_exception_blob}
  0x000001922eea4384: 8904 24e8 

  0x000001922eea4388: ; ImmutableOopMap {[216]=Oop [224]=Oop [248]=Oop [448]=Oop }
                      ;*checkcast {reexecute=0 rethrow=0 return_oop=0}
                      ; - com.szymc.voxel_engine.Engine::render@788 (line 306)
  0x000001922eea4388: 548d 3207 

  0x000001922eea438c: ;   {runtime_call C1 Runtime throw_null_pointer_exception_blob}
  0x000001922eea438c: e84f 5b32 

  0x000001922eea4390: ; ImmutableOopMap {rsi=Oop rdx=Oop [216]=Oop [224]=Oop [248]=Oop [448]=Oop [456]=Oop }
                      ;*getfield frustumInt {reexecute=1 rethrow=0 return_oop=0}
                      ; - (reexecute) com.szymc.voxel_engine.Engine::render@805 (line 309)
                      ;   {runtime_call C1 Runtime throw_null_pointer_exception_blob}
  0x000001922eea4390: 07e8 4a5b 

  0x000001922eea4394: ; ImmutableOopMap {rsi=Oop rdx=Oop rdi=Oop [216]=Oop [224]=Oop [248]=Oop [448]=Oop [456]=Oop }
                      ;*invokevirtual getWorldX {reexecute=0 rethrow=0 return_oop=0}
                      ; - com.szymc.voxel_engine.Engine::render@810 (line 309)
                      ;   {runtime_call C1 Runtime throw_null_pointer_exception_blob}
  0x000001922eea4394: 3207 e845 

  0x000001922eea4398: ; ImmutableOopMap {rsi=Oop rdx=Oop rdi=Oop [216]=Oop [224]=Oop [248]=Oop [448]=Oop [456]=Oop }
                      ;*invokevirtual testAab {reexecute=0 rethrow=0 return_oop=0}
                      ; - com.szymc.voxel_engine.Engine::render@854 (line 309)
                      ;   {metadata({method} {0x000001924da642e0} 'getSection' '(I)Lcom/szymc/voxel_engine/ChunkSection;' in 'com/szymc/voxel_engine/ChunkColumn')}
  0x000001922eea4398: 5b32 0749 | bad8 42a6 | 4d92 0100 | 004c 8954 | 2408 48c7 | 0424 ffff 

  0x000001922eea43b0: ;   {runtime_call C1 Runtime counter_overflow_blob}
  0x000001922eea43b0: ffff e829 

  0x000001922eea43b4: ; ImmutableOopMap {rdi=Oop rdx=Oop [216]=Oop [224]=Oop [248]=Oop [448]=Oop [456]=Oop }
                      ;*synchronization entry
                      ; - com.szymc.voxel_engine.ChunkColumn::getSection@-1 (line 172)
                      ; - com.szymc.voxel_engine.Engine::render@877 (line 314)
  0x000001922eea43b4: da32 07e9 | 54ae ffff 

  0x000001922eea43bc: ;   {runtime_call C1 Runtime throw_null_pointer_exception_blob}
  0x000001922eea43bc: e81f 5b32 

  0x000001922eea43c0: ; ImmutableOopMap {rdi=Oop rdx=Oop rbx=Oop [216]=Oop [224]=Oop [248]=Oop [448]=Oop [456]=Oop }
                      ;*arraylength {reexecute=0 rethrow=0 return_oop=0}
                      ; - com.szymc.voxel_engine.ChunkColumn::getSection@5 (line 172)
                      ; - com.szymc.voxel_engine.Engine::render@877 (line 314)
  0x000001922eea43c0: 0748 8934 | 2448 895c 

  0x000001922eea43c8: ;   {runtime_call C1 Runtime throw_range_check_failed_blob}
  0x000001922eea43c8: 2408 e811 

  0x000001922eea43cc: ; ImmutableOopMap {rdi=Oop rdx=Oop rbx=Oop [216]=Oop [224]=Oop [248]=Oop [448]=Oop [456]=Oop }
                      ;*aaload {reexecute=0 rethrow=0 return_oop=0}
                      ; - com.szymc.voxel_engine.ChunkColumn::getSection@18 (line 173)
                      ; - com.szymc.voxel_engine.Engine::render@877 (line 314)
                      ;   {runtime_call C1 Runtime throw_null_pointer_exception_blob}
  0x000001922eea43cc: 5232 07e8 

  0x000001922eea43d0: ; ImmutableOopMap {rdi=Oop rdx=Oop rbx=Oop [216]=Oop [224]=Oop [248]=Oop [448]=Oop [456]=Oop }
                      ;*invokevirtual getWaterMesh {reexecute=0 rethrow=0 return_oop=0}
                      ; - com.szymc.voxel_engine.Engine::render@892 (line 316)
  0x000001922eea43d0: 0c5b 3207 

  0x000001922eea43d4: ;   {runtime_call C1 Runtime throw_null_pointer_exception_blob}
  0x000001922eea43d4: e807 5b32 

  0x000001922eea43d8: ; ImmutableOopMap {rdx=Oop rbx=Oop [216]=Oop [224]=Oop [248]=Oop [448]=Oop [456]=Oop }
                      ;*getfield frustumInt {reexecute=1 rethrow=0 return_oop=0}
                      ; - (reexecute) com.szymc.voxel_engine.Engine::render@956 (line 326)
                      ;   {runtime_call C1 Runtime throw_null_pointer_exception_blob}
  0x000001922eea43d8: 07e8 025b 

  0x000001922eea43dc: ; ImmutableOopMap {rdx=Oop rbx=Oop r13=Oop [216]=Oop [224]=Oop [248]=Oop [448]=Oop [456]=Oop }
                      ;*invokevirtual testAab {reexecute=0 rethrow=0 return_oop=0}
                      ; - com.szymc.voxel_engine.Engine::render@977 (line 326)
                      ;   {runtime_call C1 Runtime throw_null_pointer_exception_blob}
  0x000001922eea43dc: 3207 e8fd 

  0x000001922eea43e0: ; ImmutableOopMap {rdx=Oop rsi=Oop [216]=Oop [224]=Oop [248]=Oop [448]=Oop [456]=Oop [472]=Oop }
                      ;*invokevirtual set {reexecute=0 rethrow=0 return_oop=0}
                      ; - com.szymc.voxel_engine.Engine::render@999 (line 330)
                      ;   {metadata({method} {0x000001924d41d3f8} 'set' '(FFF)Lorg/joml/Vector3f;' in 'org/joml/Vector3f')}
  0x000001922eea43e0: 5a32 0749 | baf0 d341 | 4d92 0100 | 004c 8954 | 2408 48c7 | 0424 ffff 

  0x000001922eea43f8: ;   {runtime_call C1 Runtime counter_overflow_blob}
  0x000001922eea43f8: ffff e8e1 

  0x000001922eea43fc: ; ImmutableOopMap {rdx=Oop rsi=Oop [216]=Oop [224]=Oop [248]=Oop [448]=Oop [456]=Oop [472]=Oop }
                      ;*synchronization entry
                      ; - org.joml.Vector3f::set@-1 (line 355)
                      ; - com.szymc.voxel_engine.Engine::render@999 (line 330)
  0x000001922eea43fc: d932 07e9 | 99b1 ffff 

  0x000001922eea4404: ;   {runtime_call C1 Runtime throw_null_pointer_exception_blob}
  0x000001922eea4404: e8d7 5a32 

  0x000001922eea4408: ; ImmutableOopMap {rdx=Oop rsi=Oop rdi=Oop [216]=Oop [224]=Oop [248]=Oop [448]=Oop [456]=Oop [472]=Oop }
                      ;*invokevirtual translation {reexecute=0 rethrow=0 return_oop=0}
                      ; - com.szymc.voxel_engine.Engine::render@1011 (line 331)
                      ;   {metadata({method} {0x000001924d43c6c8} 'translation' '(Lorg/joml/Vector3fc;)Lorg/joml/Matrix4f;' in 'org/joml/Matrix4f')}
  0x000001922eea4408: 0749 bac0 | c643 4d92 | 0100 004c | 8954 2408 | 48c7 0424 | ffff ffff 

  0x000001922eea4420: ;   {runtime_call C1 Runtime counter_overflow_blob}
  0x000001922eea4420: e8bb d932 

  0x000001922eea4424: ; ImmutableOopMap {rdx=Oop rsi=Oop rdi=Oop [216]=Oop [224]=Oop [248]=Oop [448]=Oop [456]=Oop [472]=Oop }
                      ;*synchronization entry
                      ; - org.joml.Matrix4f::translation@-1 (line 3069)
                      ; - com.szymc.voxel_engine.Engine::render@1011 (line 331)
  0x000001922eea4424: 07e9 deb1 

  0x000001922eea4428: ;   {runtime_call C1 Runtime throw_null_pointer_exception_blob}
  0x000001922eea4428: ffff e8b1 

  0x000001922eea442c: ; ImmutableOopMap {rdx=Oop r8=Oop r9=Oop [216]=Oop [224]=Oop [248]=Oop [448]=Oop [456]=Oop [472]=Oop }
                      ;*invokevirtual setModel {reexecute=0 rethrow=0 return_oop=0}
                      ; - com.szymc.voxel_engine.Engine::render@1024 (line 332)
                      ;   {metadata({method} {0x000001924d871228} 'setModel' '(Lorg/joml/Matrix4f;Ljava/nio/FloatBuffer;)V' in 'com/szymc/localShaders/WorldShader')}
  0x000001922eea442c: 5a32 0749 | ba20 1287 | 4d92 0100 | 004c 8954 | 2408 48c7 | 0424 ffff 

  0x000001922eea4444: ;   {runtime_call C1 Runtime counter_overflow_blob}
  0x000001922eea4444: ffff e895 

  0x000001922eea4448: ; ImmutableOopMap {rdx=Oop r8=Oop r9=Oop [216]=Oop [224]=Oop [248]=Oop [448]=Oop [456]=Oop [472]=Oop }
                      ;*synchronization entry
                      ; - com.szymc.localShaders.WorldShader::setModel@-1 (line 43)
                      ; - com.szymc.voxel_engine.Engine::render@1024 (line 332)
  0x000001922eea4448: d932 07e9 | d4b2 ffff 

  0x000001922eea4450: ;   {metadata({method} {0x000001924d806220} 'setMatrix' '(ILorg/joml/Matrix4f;Ljava/nio/FloatBuffer;)V' in 'com/szymc/localShaders/Shader')}
  0x000001922eea4450: 49ba 1862 | 804d 9201 | 0000 4c89 | 5424 0848 | c704 24ff 

  0x000001922eea4464: ;   {runtime_call C1 Runtime counter_overflow_blob}
  0x000001922eea4464: ffff ffe8 

  0x000001922eea4468: ; ImmutableOopMap {rdx=Oop r9=Oop [216]=Oop [224]=Oop [248]=Oop [448]=Oop [456]=Oop [472]=Oop }
                      ;*synchronization entry
                      ; - com.szymc.localShaders.Shader::setMatrix@-1 (line 86)
                      ; - com.szymc.localShaders.WorldShader::setModel@7 (line 43)
                      ; - com.szymc.voxel_engine.Engine::render@1024 (line 332)
  0x000001922eea4468: 74d9 3207 | e96d b3ff 

  0x000001922eea4470: ;   {runtime_call C1 Runtime throw_null_pointer_exception_blob}
  0x000001922eea4470: ffe8 6a5a 

  0x000001922eea4474: ; ImmutableOopMap {rdx=Oop r9=Oop [216]=Oop [224]=Oop [248]=Oop [448]=Oop [456]=Oop [472]=Oop }
                      ;*invokevirtual get {reexecute=0 rethrow=0 return_oop=0}
                      ; - com.szymc.localShaders.Shader::setMatrix@4 (line 86)
                      ; - com.szymc.localShaders.WorldShader::setModel@7 (line 43)
                      ; - com.szymc.voxel_engine.Engine::render@1024 (line 332)
                      ;   {metadata({method} {0x000001924d43d660} 'get' '(Ljava/nio/FloatBuffer;)Ljava/nio/FloatBuffer;' in 'org/joml/Matrix4f')}
  0x000001922eea4474: 3207 49ba | 58d6 434d | 9201 0000 | 4c89 5424 | 0848 c704 | 24ff ffff 

  0x000001922eea448c: ;   {runtime_call C1 Runtime counter_overflow_blob}
  0x000001922eea448c: ffe8 4ed9 

  0x000001922eea4490: ; ImmutableOopMap {rdx=Oop r9=Oop [216]=Oop [224]=Oop [248]=Oop [448]=Oop [456]=Oop [472]=Oop }
                      ;*synchronization entry
                      ; - org.joml.Matrix4f::get@-1 (line 3241)
                      ; - com.szymc.localShaders.Shader::setMatrix@4 (line 86)
                      ; - com.szymc.localShaders.WorldShader::setModel@7 (line 43)
                      ; - com.szymc.voxel_engine.Engine::render@1024 (line 332)
  0x000001922eea4490: 3207 e988 

  0x000001922eea4494: ;   {metadata({method} {0x000001924d81c700} 'glUniformMatrix4fv' '(IZLjava/nio/FloatBuffer;)V' in 'org/lwjgl/opengl/GL20')}
  0x000001922eea4494: b3ff ff49 | baf8 c681 | 4d92 0100 | 004c 8954 | 2408 48c7 | 0424 ffff 

  0x000001922eea44ac: ;   {runtime_call C1 Runtime counter_overflow_blob}
  0x000001922eea44ac: ffff e82d 

  0x000001922eea44b0: ; ImmutableOopMap {[216]=Oop [224]=Oop [248]=Oop [448]=Oop [456]=Oop [472]=Oop }
                      ;*synchronization entry
                      ; - org.lwjgl.opengl.GL20::glUniformMatrix4fv@-1 (line 791)
                      ; - com.szymc.localShaders.Shader::setMatrix@7 (line 86)
                      ; - com.szymc.localShaders.WorldShader::setModel@7 (line 43)
                      ; - com.szymc.voxel_engine.Engine::render@1024 (line 332)
  0x000001922eea44b0: d932 07e9 | 8ab4 ffff 

  0x000001922eea44b8: ;   {runtime_call C1 Runtime throw_null_pointer_exception_blob}
  0x000001922eea44b8: e823 5a32 

  0x000001922eea44bc: ; ImmutableOopMap {rdx=Oop [216]=Oop [224]=Oop [248]=Oop [448]=Oop [456]=Oop }
                      ;*invokevirtual render {reexecute=0 rethrow=0 return_oop=0}
                      ; - com.szymc.voxel_engine.Engine::render@1032 (line 334)
                      ;   {metadata({method} {0x000001924d802c40} 'render' '()V' in 'com/szymc/voxel_engine/Engine')}
  0x000001922eea44bc: 0749 ba38 | 2c80 4d92 | 0100 004c | 8954 2408 | 48c7 0424 | 0e04 0000 

  0x000001922eea44d4: ;   {runtime_call C1 Runtime counter_overflow_blob}
  0x000001922eea44d4: e807 d932 

  0x000001922eea44d8: ; ImmutableOopMap {[216]=Oop [224]=Oop [248]=Oop [448]=Oop [456]=Oop }
                      ;*goto {reexecute=1 rethrow=0 return_oop=0}
                      ; - (reexecute) com.szymc.voxel_engine.Engine::render@1038 (line 313)
  0x000001922eea44d8: 07e9 3eb5 

  0x000001922eea44dc: ;   {metadata({method} {0x000001924d802c40} 'render' '()V' in 'com/szymc/voxel_engine/Engine')}
  0x000001922eea44dc: ffff 49ba | 382c 804d | 9201 0000 | 4c89 5424 | 0848 c704 | 2411 0400 

  0x000001922eea44f4: ;   {runtime_call C1 Runtime counter_overflow_blob}
  0x000001922eea44f4: 00e8 e6d8 

  0x000001922eea44f8: ; ImmutableOopMap {[216]=Oop [224]=Oop [248]=Oop [448]=Oop }
                      ;*goto {reexecute=1 rethrow=0 return_oop=0}
                      ; - (reexecute) com.szymc.voxel_engine.Engine::render@1041 (line 336)
  0x000001922eea44f8: 3207 e960 

  0x000001922eea44fc: ;   {metadata({method} {0x000001924d802c40} 'render' '()V' in 'com/szymc/voxel_engine/Engine')}
  0x000001922eea44fc: b5ff ff49 | ba38 2c80 | 4d92 0100 | 004c 8954 | 2408 48c7 | 0424 5c03 

  0x000001922eea4514: ;   {runtime_call C1 Runtime counter_overflow_blob}
  0x000001922eea4514: 0000 e8c5 

  0x000001922eea4518: ; ImmutableOopMap {[216]=Oop [224]=Oop [248]=Oop [448]=Oop }
                      ;*goto {reexecute=1 rethrow=0 return_oop=0}
                      ; - (reexecute) com.szymc.voxel_engine.Engine::render@860 (line 310)
  0x000001922eea4518: d832 07e9 | 8ab5 ffff 

  0x000001922eea4520: ;   {metadata({method} {0x000001924d802c40} 'render' '()V' in 'com/szymc/voxel_engine/Engine')}
  0x000001922eea4520: 49ba 382c | 804d 9201 | 0000 4c89 | 5424 0848 | c704 241e 

  0x000001922eea4534: ;   {runtime_call C1 Runtime counter_overflow_blob}
  0x000001922eea4534: 0300 00e8 

  0x000001922eea4538: ; ImmutableOopMap {[216]=Oop [224]=Oop [248]=Oop [448]=Oop }
                      ;*goto {reexecute=1 rethrow=0 return_oop=0}
                      ; - (reexecute) com.szymc.voxel_engine.Engine::render@798 (line 307)
  0x000001922eea4538: a4d8 3207 | e9b4 b5ff 

  0x000001922eea4540: ;   {runtime_call C1 Runtime throw_null_pointer_exception_blob}
  0x000001922eea4540: ffe8 9a59 

  0x000001922eea4544: ; ImmutableOopMap {rdx=Oop rsi=Oop [216]=Oop [224]=Oop [248]=Oop }
                      ;*invokevirtual start {reexecute=0 rethrow=0 return_oop=0}
                      ; - com.szymc.voxel_engine.Engine::render@1055 (line 339)
                      ;   {metadata({method} {0x000001924d8060a0} 'start' '()V' in 'com/szymc/localShaders/Shader')}
  0x000001922eea4544: 3207 49ba | 9860 804d | 9201 0000 | 4c89 5424 | 0848 c704 | 24ff ffff 

  0x000001922eea455c: ;   {runtime_call C1 Runtime counter_overflow_blob}
  0x000001922eea455c: ffe8 7ed8 

  0x000001922eea4560: ; ImmutableOopMap {rdx=Oop rsi=Oop [216]=Oop [224]=Oop [248]=Oop }
                      ;*synchronization entry
                      ; - com.szymc.localShaders.Shader::start@-1 (line 78)
                      ; - com.szymc.voxel_engine.Engine::render@1055 (line 339)
  0x000001922eea4560: 3207 e9ac 

  0x000001922eea4564: ;   {metadata({method} {0x000001924d81ab68} 'glUseProgram' '(I)V' in 'org/lwjgl/opengl/GL20')}
  0x000001922eea4564: b6ff ff49 | ba60 ab81 | 4d92 0100 | 004c 8954 | 2408 48c7 | 0424 ffff 

  0x000001922eea457c: ;   {runtime_call C1 Runtime counter_overflow_blob}
  0x000001922eea457c: ffff e85d 

  0x000001922eea4580: ; ImmutableOopMap {rdx=Oop [216]=Oop [224]=Oop [248]=Oop }
                      ;*synchronization entry
                      ; - org.lwjgl.opengl.GL20::glUseProgram@-1 (line 398)
                      ; - com.szymc.localShaders.Shader::start@4 (line 78)
                      ; - com.szymc.voxel_engine.Engine::render@1055 (line 339)
  0x000001922eea4580: d832 07e9 | c7b6 ffff 

  0x000001922eea4588: ;   {runtime_call C1 Runtime throw_null_pointer_exception_blob}
  0x000001922eea4588: e853 5932 

  0x000001922eea458c: ; ImmutableOopMap {rdx=Oop rsi=Oop rdi=Oop [216]=Oop [224]=Oop [248]=Oop [496]=Oop }
                      ;*invokevirtual getProjectionMatrix {reexecute=0 rethrow=0 return_oop=0}
                      ; - com.szymc.voxel_engine.Engine::render@1066 (line 340)
                      ;   {runtime_call C1 Runtime throw_null_pointer_exception_blob}
  0x000001922eea458c: 07e8 4e59 

  0x000001922eea4590: ; ImmutableOopMap {rax=Oop rsi=Oop [216]=Oop [224]=Oop [248]=Oop [496]=Oop [504]=Oop }
                      ;*invokevirtual setCamera {reexecute=0 rethrow=0 return_oop=0}
                      ; - com.szymc.voxel_engine.Engine::render@1077 (line 340)
                      ;   {metadata({method} {0x000001924d9ef2a0} 'setCamera' '(Lorg/joml/Matrix4f;Lorg/joml/Matrix4f;Ljava/nio/FloatBuffer;)V' in 'com/szymc/localShaders/OutlineShader')}
  0x000001922eea4590: 3207 49ba | 98f2 9e4d | 9201 0000 | 4c89 5424 | 0848 c704 | 24ff ffff 

  0x000001922eea45a8: ;   {runtime_call C1 Runtime counter_overflow_blob}
  0x000001922eea45a8: ffe8 32d8 

  0x000001922eea45ac: ; ImmutableOopMap {rax=Oop rsi=Oop [216]=Oop [224]=Oop [248]=Oop [496]=Oop [504]=Oop }
                      ;*synchronization entry
                      ; - com.szymc.localShaders.OutlineShader::setCamera@-1 (line 32)
                      ; - com.szymc.voxel_engine.Engine::render@1077 (line 340)
  0x000001922eea45ac: 3207 e9ae 

  0x000001922eea45b0: ;   {metadata({method} {0x000001924d806220} 'setMatrix' '(ILorg/joml/Matrix4f;Ljava/nio/FloatBuffer;)V' in 'com/szymc/localShaders/Shader')}
  0x000001922eea45b0: b7ff ff49 | ba18 6280 | 4d92 0100 | 004c 8954 | 2408 48c7 | 0424 ffff 

  0x000001922eea45c8: ;   {runtime_call C1 Runtime counter_overflow_blob}
  0x000001922eea45c8: ffff e811 

  0x000001922eea45cc: ; ImmutableOopMap {rax=Oop rsi=Oop [216]=Oop [224]=Oop [248]=Oop [496]=Oop [504]=Oop }
                      ;*synchronization entry
                      ; - com.szymc.localShaders.Shader::setMatrix@-1 (line 86)
                      ; - com.szymc.localShaders.OutlineShader::setCamera@7 (line 32)
                      ; - com.szymc.voxel_engine.Engine::render@1077 (line 340)
  0x000001922eea45cc: d832 07e9 | 4cb8 ffff 

  0x000001922eea45d4: ;   {runtime_call C1 Runtime throw_null_pointer_exception_blob}
  0x000001922eea45d4: e807 5932 

  0x000001922eea45d8: ; ImmutableOopMap {rax=Oop rsi=Oop r8=Oop [216]=Oop [224]=Oop [248]=Oop [496]=Oop }
                      ;*invokevirtual get {reexecute=0 rethrow=0 return_oop=0}
                      ; - com.szymc.localShaders.Shader::setMatrix@4 (line 86)
                      ; - com.szymc.localShaders.OutlineShader::setCamera@7 (line 32)
                      ; - com.szymc.voxel_engine.Engine::render@1077 (line 340)
                      ;   {metadata({method} {0x000001924d43d660} 'get' '(Ljava/nio/FloatBuffer;)Ljava/nio/FloatBuffer;' in 'org/joml/Matrix4f')}
  0x000001922eea45d8: 0749 ba58 | d643 4d92 | 0100 004c | 8954 2408 | 48c7 0424 | ffff ffff 

  0x000001922eea45f0: ;   {runtime_call C1 Runtime counter_overflow_blob}
  0x000001922eea45f0: e8eb d732 

  0x000001922eea45f4: ; ImmutableOopMap {rax=Oop rsi=Oop r8=Oop [216]=Oop [224]=Oop [248]=Oop [496]=Oop }
                      ;*synchronization entry
                      ; - org.joml.Matrix4f::get@-1 (line 3241)
                      ; - com.szymc.localShaders.Shader::setMatrix@4 (line 86)
                      ; - com.szymc.localShaders.OutlineShader::setCamera@7 (line 32)
                      ; - com.szymc.voxel_engine.Engine::render@1077 (line 340)
  0x000001922eea45f4: 07e9 6fb8 

  0x000001922eea45f8: ;   {metadata({method} {0x000001924d81c700} 'glUniformMatrix4fv' '(IZLjava/nio/FloatBuffer;)V' in 'org/lwjgl/opengl/GL20')}
  0x000001922eea45f8: ffff 49ba | f8c6 814d | 9201 0000 | 4c89 5424 | 0848 c704 | 24ff ffff 

  0x000001922eea4610: ;   {runtime_call C1 Runtime counter_overflow_blob}
  0x000001922eea4610: ffe8 cad7 

  0x000001922eea4614: ; ImmutableOopMap {[216]=Oop [224]=Oop [248]=Oop [496]=Oop [512]=Oop [520]=Oop }
                      ;*synchronization entry
                      ; - org.lwjgl.opengl.GL20::glUniformMatrix4fv@-1 (line 791)
                      ; - com.szymc.localShaders.Shader::setMatrix@7 (line 86)
                      ; - com.szymc.localShaders.OutlineShader::setCamera@7 (line 32)
                      ; - com.szymc.voxel_engine.Engine::render@1077 (line 340)
  0x000001922eea4614: 3207 e977 

  0x000001922eea4618: ;   {metadata({method} {0x000001924d806220} 'setMatrix' '(ILorg/joml/Matrix4f;Ljava/nio/FloatBuffer;)V' in 'com/szymc/localShaders/Shader')}
  0x000001922eea4618: b9ff ff49 | ba18 6280 | 4d92 0100 | 004c 8954 | 2408 48c7 | 0424 ffff 

  0x000001922eea4630: ;   {runtime_call C1 Runtime counter_overflow_blob}
  0x000001922eea4630: ffff e8a9 

  0x000001922eea4634: ; ImmutableOopMap {[216]=Oop [224]=Oop [248]=Oop [512]=Oop [520]=Oop }
                      ;*synchronization entry
                      ; - com.szymc.localShaders.Shader::setMatrix@-1 (line 86)
                      ; - com.szymc.localShaders.OutlineShader::setCamera@17 (line 33)
                      ; - com.szymc.voxel_engine.Engine::render@1077 (line 340)
  0x000001922eea4634: d732 07e9 | 53ba ffff 

  0x000001922eea463c: ;   {runtime_call C1 Runtime throw_null_pointer_exception_blob}
  0x000001922eea463c: e89f 5832 

  0x000001922eea4640: ; ImmutableOopMap {rax=Oop [216]=Oop [224]=Oop [248]=Oop [520]=Oop }
                      ;*invokevirtual get {reexecute=0 rethrow=0 return_oop=0}
                      ; - com.szymc.localShaders.Shader::setMatrix@4 (line 86)
                      ; - com.szymc.localShaders.OutlineShader::setCamera@17 (line 33)
                      ; - com.szymc.voxel_engine.Engine::render@1077 (line 340)
                      ;   {metadata({method} {0x000001924d43d660} 'get' '(Ljava/nio/FloatBuffer;)Ljava/nio/FloatBuffer;' in 'org/joml/Matrix4f')}
  0x000001922eea4640: 0749 ba58 | d643 4d92 | 0100 004c | 8954 2408 | 48c7 0424 | ffff ffff 

  0x000001922eea4658: ;   {runtime_call C1 Runtime counter_overflow_blob}
  0x000001922eea4658: e883 d732 

  0x000001922eea465c: ; ImmutableOopMap {rax=Oop [216]=Oop [224]=Oop [248]=Oop [520]=Oop }
                      ;*synchronization entry
                      ; - org.joml.Matrix4f::get@-1 (line 3241)
                      ; - com.szymc.localShaders.Shader::setMatrix@4 (line 86)
                      ; - com.szymc.localShaders.OutlineShader::setCamera@17 (line 33)
                      ; - com.szymc.voxel_engine.Engine::render@1077 (line 340)
  0x000001922eea465c: 07e9 79ba 

  0x000001922eea4660: ;   {metadata({method} {0x000001924d81c700} 'glUniformMatrix4fv' '(IZLjava/nio/FloatBuffer;)V' in 'org/lwjgl/opengl/GL20')}
  0x000001922eea4660: ffff 49ba | f8c6 814d | 9201 0000 | 4c89 5424 | 0848 c704 | 24ff ffff 

  0x000001922eea4678: ;   {runtime_call C1 Runtime counter_overflow_blob}
  0x000001922eea4678: ffe8 62d7 

  0x000001922eea467c: ; ImmutableOopMap {[216]=Oop [224]=Oop [248]=Oop [520]=Oop }
                      ;*synchronization entry
                      ; - org.lwjgl.opengl.GL20::glUniformMatrix4fv@-1 (line 791)
                      ; - com.szymc.localShaders.Shader::setMatrix@7 (line 86)
                      ; - com.szymc.localShaders.OutlineShader::setCamera@17 (line 33)
                      ; - com.szymc.voxel_engine.Engine::render@1077 (line 340)
  0x000001922eea467c: 3207 e977 

  0x000001922eea4680: ;   {runtime_call C1 Runtime throw_null_pointer_exception_blob}
  0x000001922eea4680: bbff ffe8 

  0x000001922eea4684: ; ImmutableOopMap {rdx=Oop r8=Oop r9=Oop [216]=Oop [224]=Oop [248]=Oop [520]=Oop }
                      ;*invokevirtual setModel {reexecute=0 rethrow=0 return_oop=0}
                      ; - com.szymc.voxel_engine.Engine::render@1089 (line 341)
  0x000001922eea4684: 5858 3207 

  0x000001922eea4688: ;   {metadata({method} {0x000001924d9ef368} 'setModel' '(Lorg/joml/Matrix4f;Ljava/nio/FloatBuffer;)V' in 'com/szymc/localShaders/OutlineShader')}
  0x000001922eea4688: 49ba 60f3 | 9e4d 9201 | 0000 4c89 | 5424 0848 | c704 24ff 

  0x000001922eea469c: ;   {runtime_call C1 Runtime counter_overflow_blob}
  0x000001922eea469c: ffff ffe8 

  0x000001922eea46a0: ; ImmutableOopMap {rdx=Oop r8=Oop r9=Oop [216]=Oop [224]=Oop [248]=Oop [520]=Oop }
                      ;*synchronization entry
                      ; - com.szymc.localShaders.OutlineShader::setModel@-1 (line 37)
                      ; - com.szymc.voxel_engine.Engine::render@1089 (line 341)
  0x000001922eea46a0: 3cd7 3207 | e9f3 bbff 

  0x000001922eea46a8: ;   {metadata({method} {0x000001924d806220} 'setMatrix' '(ILorg/joml/Matrix4f;Ljava/nio/FloatBuffer;)V' in 'com/szymc/localShaders/Shader')}
  0x000001922eea46a8: ff49 ba18 | 6280 4d92 | 0100 004c | 8954 2408 | 48c7 0424 | ffff ffff 

  0x000001922eea46c0: ;   {runtime_call C1 Runtime counter_overflow_blob}
  0x000001922eea46c0: e81b d732 

  0x000001922eea46c4: ; ImmutableOopMap {rdx=Oop r9=Oop [216]=Oop [224]=Oop [248]=Oop [520]=Oop }
                      ;*synchronization entry
                      ; - com.szymc.localShaders.Shader::setMatrix@-1 (line 86)
                      ; - com.szymc.localShaders.OutlineShader::setModel@7 (line 37)
                      ; - com.szymc.voxel_engine.Engine::render@1089 (line 341)
  0x000001922eea46c4: 07e9 8cbc 

  0x000001922eea46c8: ;   {runtime_call C1 Runtime throw_null_pointer_exception_blob}
  0x000001922eea46c8: ffff e811 

  0x000001922eea46cc: ; ImmutableOopMap {rdx=Oop r9=Oop [216]=Oop [224]=Oop [248]=Oop [520]=Oop }
                      ;*invokevirtual get {reexecute=0 rethrow=0 return_oop=0}
                      ; - com.szymc.localShaders.Shader::setMatrix@4 (line 86)
                      ; - com.szymc.localShaders.OutlineShader::setModel@7 (line 37)
                      ; - com.szymc.voxel_engine.Engine::render@1089 (line 341)
                      ;   {metadata({method} {0x000001924d43d660} 'get' '(Ljava/nio/FloatBuffer;)Ljava/nio/FloatBuffer;' in 'org/joml/Matrix4f')}
  0x000001922eea46cc: 5832 0749 | ba58 d643 | 4d92 0100 | 004c 8954 | 2408 48c7 | 0424 ffff 

  0x000001922eea46e4: ;   {runtime_call C1 Runtime counter_overflow_blob}
  0x000001922eea46e4: ffff e8f5 

  0x000001922eea46e8: ; ImmutableOopMap {rdx=Oop r9=Oop [216]=Oop [224]=Oop [248]=Oop [520]=Oop }
                      ;*synchronization entry
                      ; - org.joml.Matrix4f::get@-1 (line 3241)
                      ; - com.szymc.localShaders.Shader::setMatrix@4 (line 86)
                      ; - com.szymc.localShaders.OutlineShader::setModel@7 (line 37)
                      ; - com.szymc.voxel_engine.Engine::render@1089 (line 341)
  0x000001922eea46e8: d632 07e9 | a7bc ffff 

  0x000001922eea46f0: ;   {metadata({method} {0x000001924d81c700} 'glUniformMatrix4fv' '(IZLjava/nio/FloatBuffer;)V' in 'org/lwjgl/opengl/GL20')}
  0x000001922eea46f0: 49ba f8c6 | 814d 9201 | 0000 4c89 | 5424 0848 | c704 24ff 

  0x000001922eea4704: ;   {runtime_call C1 Runtime counter_overflow_blob}
  0x000001922eea4704: ffff ffe8 

  0x000001922eea4708: ; ImmutableOopMap {[216]=Oop [224]=Oop [248]=Oop }
                      ;*synchronization entry
                      ; - org.lwjgl.opengl.GL20::glUniformMatrix4fv@-1 (line 791)
                      ; - com.szymc.localShaders.Shader::setMatrix@7 (line 86)
                      ; - com.szymc.localShaders.OutlineShader::setModel@7 (line 37)
                      ; - com.szymc.voxel_engine.Engine::render@1089 (line 341)
  0x000001922eea4708: d4d6 3207 | e9a9 bdff 

  0x000001922eea4710: ;   {runtime_call C1 Runtime throw_null_pointer_exception_blob}
  0x000001922eea4710: ffe8 ca57 

  0x000001922eea4714: ; ImmutableOopMap {rdx=Oop rsi=Oop [216]=Oop [224]=Oop [248]=Oop }
                      ;*invokevirtual getLineVao {reexecute=0 rethrow=0 return_oop=0}
                      ; - com.szymc.voxel_engine.Engine::render@1096 (line 343)
                      ;   {metadata({method} {0x000001924d812e10} 'glBindVertexArray' '(I)V' in 'org/lwjgl/opengl/GL30')}
  0x000001922eea4714: 3207 49ba | 082e 814d | 9201 0000 | 4c89 5424 | 0848 c704 | 24ff ffff 

  0x000001922eea472c: ;   {runtime_call C1 Runtime counter_overflow_blob}
  0x000001922eea472c: ffe8 aed6 

  0x000001922eea4730: ; ImmutableOopMap {rdx=Oop [216]=Oop [224]=Oop [248]=Oop }
                      ;*synchronization entry
                      ; - org.lwjgl.opengl.GL30::glBindVertexArray@-1 (line 2283)
                      ; - com.szymc.voxel_engine.Engine::render@1099 (line 343)
  0x000001922eea4730: 3207 e931 

  0x000001922eea4734: ;   {metadata({method} {0x000001924d74bd68} 'glDepthFunc' '(I)V' in 'org/lwjgl/opengl/GL11')}
  0x000001922eea4734: beff ff49 | ba60 bd74 | 4d92 0100 | 004c 8954 | 2408 48c7 | 0424 ffff 

  0x000001922eea474c: ;   {runtime_call C1 Runtime counter_overflow_blob}
  0x000001922eea474c: ffff e88d 

  0x000001922eea4750: ; ImmutableOopMap {[216]=Oop [224]=Oop [248]=Oop }
                      ;*synchronization entry
                      ; - org.lwjgl.opengl.GL11::glDepthFunc@-1 (line 1767)
                      ; - com.szymc.voxel_engine.Engine::render@1105 (line 344)
  0x000001922eea4750: d632 07e9 | 6dbe ffff 

  0x000001922eea4758: ;   {metadata({method} {0x000001924d7568a8} 'glLineWidth' '(F)V' in 'org/lwjgl/opengl/GL11')}
  0x000001922eea4758: 49ba a068 | 754d 9201 | 0000 4c89 | 5424 0848 | c704 24ff 

  0x000001922eea476c: ;   {runtime_call C1 Runtime counter_overflow_blob}
  0x000001922eea476c: ffff ffe8 

  0x000001922eea4770: ; ImmutableOopMap {[216]=Oop [224]=Oop [248]=Oop }
                      ;*synchronization entry
                      ; - org.lwjgl.opengl.GL11::glLineWidth@-1 (line 4078)
                      ; - com.szymc.voxel_engine.Engine::render@1111 (line 346)
  0x000001922eea4770: 6cd6 3207 | e9ac beff 

  0x000001922eea4778: ;   {runtime_call C1 Runtime throw_null_pointer_exception_blob}
  0x000001922eea4778: ffe8 6257 

  0x000001922eea477c: ; ImmutableOopMap {rdx=Oop r8=Oop [216]=Oop [224]=Oop [248]=Oop }
                      ;*invokevirtual setIsRenderingFace {reexecute=0 rethrow=0 return_oop=0}
                      ; - com.szymc.voxel_engine.Engine::render@1119 (line 347)
                      ;   {metadata({method} {0x000001924d9ef428} 'setIsRenderingFace' '(Z)V' in 'com/szymc/localShaders/OutlineShader')}
  0x000001922eea477c: 3207 49ba | 20f4 9e4d | 9201 0000 | 4c89 5424 | 0848 c704 | 24ff ffff 

  0x000001922eea4794: ;   {runtime_call C1 Runtime counter_overflow_blob}
  0x000001922eea4794: ffe8 46d6 

  0x000001922eea4798: ; ImmutableOopMap {rdx=Oop r8=Oop [216]=Oop [224]=Oop [248]=Oop }
                      ;*synchronization entry
                      ; - com.szymc.localShaders.OutlineShader::setIsRenderingFace@-1 (line 41)
                      ; - com.szymc.voxel_engine.Engine::render@1119 (line 347)
  0x000001922eea4798: 3207 e90d 

  0x000001922eea479c: ;   {metadata({method} {0x000001924d81b128} 'glUniform1i' '(II)V' in 'org/lwjgl/opengl/GL20')}
  0x000001922eea479c: bfff ff49 | ba20 b181 | 4d92 0100 | 004c 8954 | 2408 48c7 | 0424 ffff 

  0x000001922eea47b4: ;   {runtime_call C1 Runtime counter_overflow_blob}
  0x000001922eea47b4: ffff e825 

  0x000001922eea47b8: ; ImmutableOopMap {[216]=Oop [224]=Oop [248]=Oop }
                      ;*synchronization entry
                      ; - org.lwjgl.opengl.GL20::glUniform1i@-1 (line 487)
                      ; - com.szymc.localShaders.OutlineShader::setIsRenderingFace@13 (line 41)
                      ; - com.szymc.voxel_engine.Engine::render@1119 (line 347)
  0x000001922eea47b8: d632 07e9 | 39bf ffff | 48c7 0424 | f7ff ffff 

  0x000001922eea47c8: ;   {runtime_call C1 Runtime deoptimize_blob}
  0x000001922eea47c8: e893 b532 

  0x000001922eea47cc: ; ImmutableOopMap {rdx=Oop r8=Oop [216]=Oop [224]=Oop [248]=Oop }
                      ;*getfield health {reexecute=1 rethrow=0 return_oop=0}
                      ; - (reexecute) com.szymc.voxel_engine.Engine::render@1149 (line 351)
                      ;   {runtime_call C1 Runtime throw_null_pointer_exception_blob}
  0x000001922eea47cc: 07e8 0e57 

  0x000001922eea47d0: ; ImmutableOopMap {rdx=Oop r8=Oop [216]=Oop [224]=Oop [248]=Oop }
                      ;*getfield health {reexecute=1 rethrow=0 return_oop=0}
                      ; - (reexecute) com.szymc.voxel_engine.Engine::render@1149 (line 351)
  0x000001922eea47d0: 3207 c4c1 | 7a10 8000 | 0000 00b8 | 000e 0509 

  0x000001922eea47e0: ;   {runtime_call C1 Runtime access_field_patching_blob}
  0x000001922eea47e0: e8fb b832 

  0x000001922eea47e4: ; ImmutableOopMap {rdx=Oop r8=Oop [216]=Oop [224]=Oop [248]=Oop }
                      ;*getfield health {reexecute=1 rethrow=0 return_oop=0}
                      ; - (reexecute) com.szymc.voxel_engine.Engine::render@1149 (line 351)
  0x000001922eea47e4: 07e9 b6bf 

  0x000001922eea47e8: ;   {runtime_call C1 Runtime throw_null_pointer_exception_blob}
  0x000001922eea47e8: ffff e8f1 

  0x000001922eea47ec: ; ImmutableOopMap {rdx=Oop r8=Oop [216]=Oop [224]=Oop [248]=Oop }
                      ;*getfield maxHealth {reexecute=1 rethrow=0 return_oop=0}
                      ; - (reexecute) com.szymc.voxel_engine.Engine::render@1156 (line 351)
  0x000001922eea47ec: 5632 07c4 | c17a 1088 | 0000 0000 | b800 0e05 

  0x000001922eea47fc: ;   {runtime_call C1 Runtime access_field_patching_blob}
  0x000001922eea47fc: 09e8 deb8 

  0x000001922eea4800: ; ImmutableOopMap {rdx=Oop r8=Oop [216]=Oop [224]=Oop [248]=Oop }
                      ;*getfield maxHealth {reexecute=1 rethrow=0 return_oop=0}
                      ; - (reexecute) com.szymc.voxel_engine.Engine::render@1156 (line 351)
  0x000001922eea4800: 3207 e9a9 | bfff ff4c | 8904 2448 | 897c 2408 

  0x000001922eea4810: ;   {runtime_call C1 Runtime throw_range_check_failed_blob}
  0x000001922eea4810: e8cb 4d32 

  0x000001922eea4814: ; ImmutableOopMap {rdx=Oop rdi=Oop [216]=Oop [224]=Oop [248]=Oop }
                      ;*iaload {reexecute=0 rethrow=0 return_oop=0}
                      ; - com.szymc.voxel_engine.Engine::render@1166 (line 351)
                      ;   {runtime_call C1 Runtime throw_null_pointer_exception_blob}
  0x000001922eea4814: 07e8 c656 

  0x000001922eea4818: ; ImmutableOopMap {rdx=Oop rsi=Oop [216]=Oop [224]=Oop [248]=Oop }
                      ;*invokevirtual setLocal_breakTexId {reexecute=0 rethrow=0 return_oop=0}
                      ; - com.szymc.voxel_engine.Engine::render@1175 (line 353)
                      ;   {metadata({method} {0x000001924d9ef4e0} 'setLocal_breakTexId' '(I)V' in 'com/szymc/localShaders/OutlineShader')}
  0x000001922eea4818: 3207 49ba | d8f4 9e4d | 9201 0000 | 4c89 5424 | 0848 c704 | 24ff ffff 

  0x000001922eea4830: ;   {runtime_call C1 Runtime counter_overflow_blob}
  0x000001922eea4830: ffe8 aad5 

  0x000001922eea4834: ; ImmutableOopMap {rdx=Oop rsi=Oop [216]=Oop [224]=Oop [248]=Oop }
                      ;*synchronization entry
                      ; - com.szymc.localShaders.OutlineShader::setLocal_breakTexId@-1 (line 45)
                      ; - com.szymc.voxel_engine.Engine::render@1175 (line 353)
  0x000001922eea4834: 3207 e92a 

  0x000001922eea4838: ;   {metadata({method} {0x000001924d81b128} 'glUniform1i' '(II)V' in 'org/lwjgl/opengl/GL20')}
  0x000001922eea4838: c0ff ff49 | ba20 b181 | 4d92 0100 | 004c 8954 | 2408 48c7 | 0424 ffff 

  0x000001922eea4850: ;   {runtime_call C1 Runtime counter_overflow_blob}
  0x000001922eea4850: ffff e889 

  0x000001922eea4854: ; ImmutableOopMap {rdx=Oop [216]=Oop [224]=Oop [248]=Oop }
                      ;*synchronization entry
                      ; - org.lwjgl.opengl.GL20::glUniform1i@-1 (line 487)
                      ; - com.szymc.localShaders.OutlineShader::setLocal_breakTexId@5 (line 45)
                      ; - com.szymc.voxel_engine.Engine::render@1175 (line 353)
  0x000001922eea4854: d532 07e9 | 45c0 ffff 

  0x000001922eea485c: ;   {runtime_call C1 Runtime throw_null_pointer_exception_blob}
  0x000001922eea485c: e87f 5632 

  0x000001922eea4860: ; ImmutableOopMap {rdx=Oop r8=Oop [216]=Oop [224]=Oop [248]=Oop }
                      ;*invokevirtual setIsRenderingFace {reexecute=0 rethrow=0 return_oop=0}
                      ; - com.szymc.voxel_engine.Engine::render@1183 (line 354)
                      ;   {metadata({method} {0x000001924d9ef428} 'setIsRenderingFace' '(Z)V' in 'com/szymc/localShaders/OutlineShader')}
  0x000001922eea4860: 0749 ba20 | f49e 4d92 | 0100 004c | 8954 2408 | 48c7 0424 | ffff ffff 

  0x000001922eea4878: ;   {runtime_call C1 Runtime counter_overflow_blob}
  0x000001922eea4878: e863 d532 

  0x000001922eea487c: ; ImmutableOopMap {rdx=Oop r8=Oop [216]=Oop [224]=Oop [248]=Oop }
                      ;*synchronization entry
                      ; - com.szymc.localShaders.OutlineShader::setIsRenderingFace@-1 (line 41)
                      ; - com.szymc.voxel_engine.Engine::render@1183 (line 354)
  0x000001922eea487c: 07e9 a2c0 

  0x000001922eea4880: ;   {metadata({method} {0x000001924d81b128} 'glUniform1i' '(II)V' in 'org/lwjgl/opengl/GL20')}
  0x000001922eea4880: ffff 49ba | 20b1 814d | 9201 0000 | 4c89 5424 | 0848 c704 | 24ff ffff 

  0x000001922eea4898: ;   {runtime_call C1 Runtime counter_overflow_blob}
  0x000001922eea4898: ffe8 42d5 

  0x000001922eea489c: ; ImmutableOopMap {[216]=Oop [224]=Oop [248]=Oop }
                      ;*synchronization entry
                      ; - org.lwjgl.opengl.GL20::glUniform1i@-1 (line 487)
                      ; - com.szymc.localShaders.OutlineShader::setIsRenderingFace@13 (line 41)
                      ; - com.szymc.voxel_engine.Engine::render@1183 (line 354)
  0x000001922eea489c: 3207 e9de 

  0x000001922eea48a0: ;   {metadata({method} {0x000001924d736f68} 'glActiveTexture' '(I)V' in 'org/lwjgl/opengl/GL13')}
  0x000001922eea48a0: c0ff ff49 | ba60 6f73 | 4d92 0100 | 004c 8954 | 2408 48c7 | 0424 ffff 

  0x000001922eea48b8: ;   {runtime_call C1 Runtime counter_overflow_blob}
  0x000001922eea48b8: ffff e821 

  0x000001922eea48bc: ; ImmutableOopMap {[216]=Oop [224]=Oop [248]=Oop }
                      ;*synchronization entry
                      ; - org.lwjgl.opengl.GL13::glActiveTexture@-1 (line 570)
                      ; - com.szymc.voxel_engine.Engine::render@1189 (line 356)
  0x000001922eea48bc: d532 07e9 | 21c1 ffff 

  0x000001922eea48c4: ;   {runtime_call C1 Runtime throw_null_pointer_exception_blob}
  0x000001922eea48c4: e817 5632 

  0x000001922eea48c8: ; ImmutableOopMap {rdx=Oop rsi=Oop [216]=Oop [224]=Oop [248]=Oop }
                      ;*invokevirtual getTriangleVao {reexecute=0 rethrow=0 return_oop=0}
                      ; - com.szymc.voxel_engine.Engine::render@1196 (line 357)
                      ;   {metadata({method} {0x000001924d812e10} 'glBindVertexArray' '(I)V' in 'org/lwjgl/opengl/GL30')}
  0x000001922eea48c8: 0749 ba08 | 2e81 4d92 | 0100 004c | 8954 2408 | 48c7 0424 | ffff ffff 

  0x000001922eea48e0: ;   {runtime_call C1 Runtime counter_overflow_blob}
  0x000001922eea48e0: e8fb d432 

  0x000001922eea48e4: ; ImmutableOopMap {rdx=Oop [216]=Oop [224]=Oop [248]=Oop }
                      ;*synchronization entry
                      ; - org.lwjgl.opengl.GL30::glBindVertexArray@-1 (line 2283)
                      ; - com.szymc.voxel_engine.Engine::render@1199 (line 357)
  0x000001922eea48e4: 07e9 96c1 

  0x000001922eea48e8: ;   {metadata({method} {0x000001924d74be38} 'glDepthMask' '(Z)V' in 'org/lwjgl/opengl/GL11')}
  0x000001922eea48e8: ffff 49ba | 30be 744d | 9201 0000 | 4c89 5424 | 0848 c704 | 24ff ffff 

  0x000001922eea4900: ;   {runtime_call C1 Runtime counter_overflow_blob}
  0x000001922eea4900: ffe8 dad4 

  0x000001922eea4904: ; ImmutableOopMap {[216]=Oop [224]=Oop [248]=Oop }
                      ;*synchronization entry
                      ; - org.lwjgl.opengl.GL11::glDepthMask@-1 (line 1780)
                      ; - com.szymc.voxel_engine.Engine::render@1203 (line 358)
  0x000001922eea4904: 3207 e9d2 

  0x000001922eea4908: ;   {metadata({method} {0x000001924d74be38} 'glDepthMask' '(Z)V' in 'org/lwjgl/opengl/GL11')}
  0x000001922eea4908: c1ff ff49 | ba30 be74 | 4d92 0100 | 004c 8954 | 2408 48c7 | 0424 ffff 

  0x000001922eea4920: ;   {runtime_call C1 Runtime counter_overflow_blob}
  0x000001922eea4920: ffff e8b9 

  0x000001922eea4924: ; ImmutableOopMap {[216]=Oop [224]=Oop [248]=Oop }
                      ;*synchronization entry
                      ; - org.lwjgl.opengl.GL11::glDepthMask@-1 (line 1780)
                      ; - com.szymc.voxel_engine.Engine::render@1217 (line 360)
  0x000001922eea4924: d432 07e9 | 49c2 ffff 

  0x000001922eea492c: ;   {metadata({method} {0x000001924d74bd68} 'glDepthFunc' '(I)V' in 'org/lwjgl/opengl/GL11')}
  0x000001922eea492c: 49ba 60bd | 744d 9201 | 0000 4c89 | 5424 0848 | c704 24ff 

  0x000001922eea4940: ;   {runtime_call C1 Runtime counter_overflow_blob}
  0x000001922eea4940: ffff ffe8 

  0x000001922eea4944: ; ImmutableOopMap {[216]=Oop [224]=Oop [248]=Oop }
                      ;*synchronization entry
                      ; - org.lwjgl.opengl.GL11::glDepthFunc@-1 (line 1767)
                      ; - com.szymc.voxel_engine.Engine::render@1223 (line 364)
  0x000001922eea4944: 98d4 3207 | e988 c2ff 

  0x000001922eea494c: ;   {runtime_call C1 Runtime throw_null_pointer_exception_blob}
  0x000001922eea494c: ffe8 8e55 

  0x000001922eea4950: ; ImmutableOopMap {rdx=Oop rsi=Oop [216]=Oop [224]=Oop [248]=Oop }
                      ;*invokevirtual stop {reexecute=0 rethrow=0 return_oop=0}
                      ; - com.szymc.voxel_engine.Engine::render@1230 (line 367)
                      ;   {metadata({method} {0x000001924d806148} 'stop' '()V' in 'com/szymc/localShaders/Shader')}
  0x000001922eea4950: 3207 49ba | 4061 804d | 9201 0000 | 4c89 5424 | 0848 c704 | 24ff ffff 

  0x000001922eea4968: ;   {runtime_call C1 Runtime counter_overflow_blob}
  0x000001922eea4968: ffe8 72d4 

  0x000001922eea496c: ; ImmutableOopMap {rdx=Oop [216]=Oop [224]=Oop [248]=Oop }
                      ;*synchronization entry
                      ; - com.szymc.localShaders.Shader::stop@-1 (line 82)
                      ; - com.szymc.voxel_engine.Engine::render@1230 (line 367)
  0x000001922eea496c: 3207 e94e 

  0x000001922eea4970: ;   {metadata({method} {0x000001924d81ab68} 'glUseProgram' '(I)V' in 'org/lwjgl/opengl/GL20')}
  0x000001922eea4970: c3ff ff49 | ba60 ab81 | 4d92 0100 | 004c 8954 | 2408 48c7 | 0424 ffff 

  0x000001922eea4988: ;   {runtime_call C1 Runtime counter_overflow_blob}
  0x000001922eea4988: ffff e851 

  0x000001922eea498c: ; ImmutableOopMap {rdx=Oop [216]=Oop [224]=Oop [248]=Oop }
                      ;*synchronization entry
                      ; - org.lwjgl.opengl.GL20::glUseProgram@-1 (line 398)
                      ; - com.szymc.localShaders.Shader::stop@1 (line 82)
                      ; - com.szymc.voxel_engine.Engine::render@1230 (line 367)
  0x000001922eea498c: d432 07e9 | 66c3 ffff 

  0x000001922eea4994: ;   {metadata({method} {0x000001924d812e10} 'glBindVertexArray' '(I)V' in 'org/lwjgl/opengl/GL30')}
  0x000001922eea4994: 49ba 082e | 814d 9201 | 0000 4c89 | 5424 0848 | c704 24ff 

  0x000001922eea49a8: ;   {runtime_call C1 Runtime counter_overflow_blob}
  0x000001922eea49a8: ffff ffe8 

  0x000001922eea49ac: ; ImmutableOopMap {[216]=Oop [224]=Oop [248]=Oop }
                      ;*synchronization entry
                      ; - org.lwjgl.opengl.GL30::glBindVertexArray@-1 (line 2283)
                      ; - com.szymc.voxel_engine.Engine::render@1234 (line 368)
  0x000001922eea49ac: 30d4 3207 | e9a8 c3ff 

  0x000001922eea49b4: ;   {runtime_call C1 Runtime throw_null_pointer_exception_blob}
  0x000001922eea49b4: ffe8 2655 

  0x000001922eea49b8: ; ImmutableOopMap {rdx=Oop rsi=Oop [216]=Oop [224]=Oop [248]=Oop }
                      ;*invokevirtual start {reexecute=0 rethrow=0 return_oop=0}
                      ; - com.szymc.voxel_engine.Engine::render@1241 (line 371)
                      ;   {metadata({method} {0x000001924d8060a0} 'start' '()V' in 'com/szymc/localShaders/Shader')}
  0x000001922eea49b8: 3207 49ba | 9860 804d | 9201 0000 | 4c89 5424 | 0848 c704 | 24ff ffff 

  0x000001922eea49d0: ;   {runtime_call C1 Runtime counter_overflow_blob}
  0x000001922eea49d0: ffe8 0ad4 

  0x000001922eea49d4: ; ImmutableOopMap {rdx=Oop rsi=Oop [216]=Oop [224]=Oop [248]=Oop }
                      ;*synchronization entry
                      ; - com.szymc.localShaders.Shader::start@-1 (line 78)
                      ; - com.szymc.voxel_engine.Engine::render@1241 (line 371)
  0x000001922eea49d4: 3207 e971 

  0x000001922eea49d8: ;   {metadata({method} {0x000001924d81ab68} 'glUseProgram' '(I)V' in 'org/lwjgl/opengl/GL20')}
  0x000001922eea49d8: c4ff ff49 | ba60 ab81 | 4d92 0100 | 004c 8954 | 2408 48c7 | 0424 ffff 

  0x000001922eea49f0: ;   {runtime_call C1 Runtime counter_overflow_blob}
  0x000001922eea49f0: ffff e8e9 

  0x000001922eea49f4: ; ImmutableOopMap {rdx=Oop [216]=Oop [224]=Oop [248]=Oop }
                      ;*synchronization entry
                      ; - org.lwjgl.opengl.GL20::glUseProgram@-1 (line 398)
                      ; - com.szymc.localShaders.Shader::start@4 (line 78)
                      ; - com.szymc.voxel_engine.Engine::render@1241 (line 371)
  0x000001922eea49f4: d332 07e9 | 8cc4 ffff 

  0x000001922eea49fc: ;   {runtime_call C1 Runtime throw_null_pointer_exception_blob}
  0x000001922eea49fc: e8df 5432 

  0x000001922eea4a00: ; ImmutableOopMap {rdx=Oop rsi=Oop rdi=Oop [216]=Oop [224]=Oop [248]=Oop [536]=Oop }
                      ;*invokevirtual getProjectionMatrix {reexecute=0 rethrow=0 return_oop=0}
                      ; - com.szymc.voxel_engine.Engine::render@1252 (line 372)
                      ;   {runtime_call C1 Runtime throw_null_pointer_exception_blob}
  0x000001922eea4a00: 07e8 da54 

  0x000001922eea4a04: ; ImmutableOopMap {rax=Oop rsi=Oop [216]=Oop [224]=Oop [248]=Oop [536]=Oop [544]=Oop }
                      ;*invokevirtual setCamera {reexecute=0 rethrow=0 return_oop=0}
                      ; - com.szymc.voxel_engine.Engine::render@1263 (line 372)
                      ;   {metadata({method} {0x000001924d871160} 'setCamera' '(Lorg/joml/Matrix4f;Lorg/joml/Matrix4f;Ljava/nio/FloatBuffer;)V' in 'com/szymc/localShaders/WorldShader')}
  0x000001922eea4a04: 3207 49ba | 5811 874d | 9201 0000 | 4c89 5424 | 0848 c704 | 24ff ffff 

  0x000001922eea4a1c: ;   {runtime_call C1 Runtime counter_overflow_blob}
  0x000001922eea4a1c: ffe8 bed3 

  0x000001922eea4a20: ; ImmutableOopMap {rax=Oop rsi=Oop [216]=Oop [224]=Oop [248]=Oop [536]=Oop [544]=Oop }
                      ;*synchronization entry
                      ; - com.szymc.localShaders.WorldShader::setCamera@-1 (line 38)
                      ; - com.szymc.voxel_engine.Engine::render@1263 (line 372)
  0x000001922eea4a20: 3207 e972 

  0x000001922eea4a24: ;   {metadata({method} {0x000001924d806220} 'setMatrix' '(ILorg/joml/Matrix4f;Ljava/nio/FloatBuffer;)V' in 'com/szymc/localShaders/Shader')}
  0x000001922eea4a24: c5ff ff49 | ba18 6280 | 4d92 0100 | 004c 8954 | 2408 48c7 | 0424 ffff 

  0x000001922eea4a3c: ;   {runtime_call C1 Runtime counter_overflow_blob}
  0x000001922eea4a3c: ffff e89d 

  0x000001922eea4a40: ; ImmutableOopMap {rax=Oop rsi=Oop [216]=Oop [224]=Oop [248]=Oop [536]=Oop [544]=Oop }
                      ;*synchronization entry
                      ; - com.szymc.localShaders.Shader::setMatrix@-1 (line 86)
                      ; - com.szymc.localShaders.WorldShader::setCamera@7 (line 38)
                      ; - com.szymc.voxel_engine.Engine::render@1263 (line 372)
  0x000001922eea4a40: d332 07e9 | 10c6 ffff 

  0x000001922eea4a48: ;   {runtime_call C1 Runtime throw_null_pointer_exception_blob}
  0x000001922eea4a48: e893 5432 

  0x000001922eea4a4c: ; ImmutableOopMap {rax=Oop rsi=Oop r8=Oop [216]=Oop [224]=Oop [248]=Oop [536]=Oop }
                      ;*invokevirtual get {reexecute=0 rethrow=0 return_oop=0}
                      ; - com.szymc.localShaders.Shader::setMatrix@4 (line 86)
                      ; - com.szymc.localShaders.WorldShader::setCamera@7 (line 38)
                      ; - com.szymc.voxel_engine.Engine::render@1263 (line 372)
                      ;   {metadata({method} {0x000001924d43d660} 'get' '(Ljava/nio/FloatBuffer;)Ljava/nio/FloatBuffer;' in 'org/joml/Matrix4f')}
  0x000001922eea4a4c: 0749 ba58 | d643 4d92 | 0100 004c | 8954 2408 | 48c7 0424 | ffff ffff 

  0x000001922eea4a64: ;   {runtime_call C1 Runtime counter_overflow_blob}
  0x000001922eea4a64: e877 d332 

  0x000001922eea4a68: ; ImmutableOopMap {rax=Oop rsi=Oop r8=Oop [216]=Oop [224]=Oop [248]=Oop [536]=Oop }
                      ;*synchronization entry
                      ; - org.joml.Matrix4f::get@-1 (line 3241)
                      ; - com.szymc.localShaders.Shader::setMatrix@4 (line 86)
                      ; - com.szymc.localShaders.WorldShader::setCamera@7 (line 38)
                      ; - com.szymc.voxel_engine.Engine::render@1263 (line 372)
  0x000001922eea4a68: 07e9 33c6 

  0x000001922eea4a6c: ;   {metadata({method} {0x000001924d81c700} 'glUniformMatrix4fv' '(IZLjava/nio/FloatBuffer;)V' in 'org/lwjgl/opengl/GL20')}
  0x000001922eea4a6c: ffff 49ba | f8c6 814d | 9201 0000 | 4c89 5424 | 0848 c704 | 24ff ffff 

  0x000001922eea4a84: ;   {runtime_call C1 Runtime counter_overflow_blob}
  0x000001922eea4a84: ffe8 56d3 

  0x000001922eea4a88: ; ImmutableOopMap {[216]=Oop [224]=Oop [248]=Oop [536]=Oop [560]=Oop [568]=Oop }
                      ;*synchronization entry
                      ; - org.lwjgl.opengl.GL20::glUniformMatrix4fv@-1 (line 791)
                      ; - com.szymc.localShaders.Shader::setMatrix@7 (line 86)
                      ; - com.szymc.localShaders.WorldShader::setCamera@7 (line 38)
                      ; - com.szymc.voxel_engine.Engine::render@1263 (line 372)
  0x000001922eea4a88: 3207 e93b 

  0x000001922eea4a8c: ;   {metadata({method} {0x000001924d806220} 'setMatrix' '(ILorg/joml/Matrix4f;Ljava/nio/FloatBuffer;)V' in 'com/szymc/localShaders/Shader')}
  0x000001922eea4a8c: c7ff ff49 | ba18 6280 | 4d92 0100 | 004c 8954 | 2408 48c7 | 0424 ffff 

  0x000001922eea4aa4: ;   {runtime_call C1 Runtime counter_overflow_blob}
  0x000001922eea4aa4: ffff e835 

  0x000001922eea4aa8: ; ImmutableOopMap {[216]=Oop [224]=Oop [248]=Oop [560]=Oop [568]=Oop }
                      ;*synchronization entry
                      ; - com.szymc.localShaders.Shader::setMatrix@-1 (line 86)
                      ; - com.szymc.localShaders.WorldShader::setCamera@17 (line 39)
                      ; - com.szymc.voxel_engine.Engine::render@1263 (line 372)
  0x000001922eea4aa8: d332 07e9 | 17c8 ffff 

  0x000001922eea4ab0: ;   {runtime_call C1 Runtime throw_null_pointer_exception_blob}
  0x000001922eea4ab0: e82b 5432 

  0x000001922eea4ab4: ; ImmutableOopMap {rax=Oop [216]=Oop [224]=Oop [248]=Oop [568]=Oop }
                      ;*invokevirtual get {reexecute=0 rethrow=0 return_oop=0}
                      ; - com.szymc.localShaders.Shader::setMatrix@4 (line 86)
                      ; - com.szymc.localShaders.WorldShader::setCamera@17 (line 39)
                      ; - com.szymc.voxel_engine.Engine::render@1263 (line 372)
                      ;   {metadata({method} {0x000001924d43d660} 'get' '(Ljava/nio/FloatBuffer;)Ljava/nio/FloatBuffer;' in 'org/joml/Matrix4f')}
  0x000001922eea4ab4: 0749 ba58 | d643 4d92 | 0100 004c | 8954 2408 | 48c7 0424 | ffff ffff 

  0x000001922eea4acc: ;   {runtime_call C1 Runtime counter_overflow_blob}
  0x000001922eea4acc: e80f d332 

  0x000001922eea4ad0: ; ImmutableOopMap {rax=Oop [216]=Oop [224]=Oop [248]=Oop [568]=Oop }
                      ;*synchronization entry
                      ; - org.joml.Matrix4f::get@-1 (line 3241)
                      ; - com.szymc.localShaders.Shader::setMatrix@4 (line 86)
                      ; - com.szymc.localShaders.WorldShader::setCamera@17 (line 39)
                      ; - com.szymc.voxel_engine.Engine::render@1263 (line 372)
  0x000001922eea4ad0: 07e9 3dc8 

  0x000001922eea4ad4: ;   {metadata({method} {0x000001924d81c700} 'glUniformMatrix4fv' '(IZLjava/nio/FloatBuffer;)V' in 'org/lwjgl/opengl/GL20')}
  0x000001922eea4ad4: ffff 49ba | f8c6 814d | 9201 0000 | 4c89 5424 | 0848 c704 | 24ff ffff 

  0x000001922eea4aec: ;   {runtime_call C1 Runtime counter_overflow_blob}
  0x000001922eea4aec: ffe8 eed2 

  0x000001922eea4af0: ; ImmutableOopMap {[216]=Oop [224]=Oop [248]=Oop }
                      ;*synchronization entry
                      ; - org.lwjgl.opengl.GL20::glUniformMatrix4fv@-1 (line 791)
                      ; - com.szymc.localShaders.Shader::setMatrix@7 (line 86)
                      ; - com.szymc.localShaders.WorldShader::setCamera@17 (line 39)
                      ; - com.szymc.voxel_engine.Engine::render@1263 (line 372)
  0x000001922eea4af0: 3207 e93b 

  0x000001922eea4af4: ;   {runtime_call C1 Runtime throw_null_pointer_exception_blob}
  0x000001922eea4af4: c9ff ffe8 

  0x000001922eea4af8: ; ImmutableOopMap {rdx=Oop rsi=Oop [216]=Oop [224]=Oop }
                      ;*invokevirtual stop {reexecute=0 rethrow=0 return_oop=0}
                      ; - com.szymc.voxel_engine.Engine::render@1270 (line 375)
  0x000001922eea4af8: e453 3207 

  0x000001922eea4afc: ;   {metadata({method} {0x000001924d806148} 'stop' '()V' in 'com/szymc/localShaders/Shader')}
  0x000001922eea4afc: 49ba 4061 | 804d 9201 | 0000 4c89 | 5424 0848 | c704 24ff 

  0x000001922eea4b10: ;   {runtime_call C1 Runtime counter_overflow_blob}
  0x000001922eea4b10: ffff ffe8 

  0x000001922eea4b14: ; ImmutableOopMap {rdx=Oop [216]=Oop [224]=Oop }
                      ;*synchronization entry
                      ; - com.szymc.localShaders.Shader::stop@-1 (line 82)
                      ; - com.szymc.voxel_engine.Engine::render@1270 (line 375)
  0x000001922eea4b14: c8d2 3207 | e914 caff 

  0x000001922eea4b1c: ;   {metadata({method} {0x000001924d81ab68} 'glUseProgram' '(I)V' in 'org/lwjgl/opengl/GL20')}
  0x000001922eea4b1c: ff49 ba60 | ab81 4d92 | 0100 004c | 8954 2408 | 48c7 0424 | ffff ffff 

  0x000001922eea4b34: ;   {runtime_call C1 Runtime counter_overflow_blob}
  0x000001922eea4b34: e8a7 d232 

  0x000001922eea4b38: ; ImmutableOopMap {rdx=Oop [216]=Oop [224]=Oop }
                      ;*synchronization entry
                      ; - org.lwjgl.opengl.GL20::glUseProgram@-1 (line 398)
                      ; - com.szymc.localShaders.Shader::stop@1 (line 82)
                      ; - com.szymc.voxel_engine.Engine::render@1270 (line 375)
  0x000001922eea4b38: 07e9 2cca 

  0x000001922eea4b3c: ;   {runtime_call C1 Runtime throw_null_pointer_exception_blob}
  0x000001922eea4b3c: ffff e89d 

  0x000001922eea4b40: ; ImmutableOopMap {rdx=Oop rsi=Oop [216]=Oop [224]=Oop }
                      ;*invokevirtual beginUiRendering {reexecute=0 rethrow=0 return_oop=0}
                      ; - com.szymc.voxel_engine.Engine::render@1283 (line 377)
                      ;   {runtime_call C1 Runtime throw_null_pointer_exception_blob}
  0x000001922eea4b40: 5332 07e8 

  0x000001922eea4b44: ; ImmutableOopMap {rdx=Oop rsi=Oop [216]=Oop [224]=Oop }
                      ;*invokevirtual drawTexture {reexecute=0 rethrow=0 return_oop=0}
                      ; - com.szymc.voxel_engine.Engine::render@1314 (line 381)
  0x000001922eea4b44: 9853 3207 

  0x000001922eea4b48: ;   {runtime_call C1 Runtime throw_null_pointer_exception_blob}
  0x000001922eea4b48: e893 5332 

  0x000001922eea4b4c: ; ImmutableOopMap {rdx=Oop rdi=Oop [216]=Oop [224]=Oop }
                      ;*invokevirtual drawRect {reexecute=0 rethrow=0 return_oop=0}
                      ; - com.szymc.voxel_engine.Engine::render@1372 (line 384)
                      ;   {runtime_call C1 Runtime throw_null_pointer_exception_blob}
  0x000001922eea4b4c: 07e8 8e53 

  0x000001922eea4b50: ; ImmutableOopMap {rdx=Oop rsi=Oop [216]=Oop [224]=Oop }
                      ;*invokevirtual getInventory {reexecute=0 rethrow=0 return_oop=0}
                      ; - com.szymc.voxel_engine.Engine::render@1379 (line 385)
                      ;   {runtime_call C1 Runtime throw_null_pointer_exception_blob}
  0x000001922eea4b50: 3207 e889 

  0x000001922eea4b54: ; ImmutableOopMap {rdx=Oop [216]=Oop [224]=Oop [584]=Oop }
                      ;*getfield currentHotbarSlot {reexecute=1 rethrow=0 return_oop=0}
                      ; - (reexecute) com.szymc.voxel_engine.Engine::render@1398 (line 388)
                      ;   {runtime_call C1 Runtime throw_null_pointer_exception_blob}
  0x000001922eea4b54: 5332 07e8 

  0x000001922eea4b58: ; ImmutableOopMap {rdx=Oop rax=Oop [216]=Oop [224]=Oop [584]=Oop }
                      ;*invokevirtual drawRect {reexecute=0 rethrow=0 return_oop=0}
                      ; - com.szymc.voxel_engine.Engine::render@1454 (line 389)
  0x000001922eea4b58: 8453 3207 

  0x000001922eea4b5c: ;   {runtime_call C1 Runtime throw_null_pointer_exception_blob}
  0x000001922eea4b5c: e87f 5332 

  0x000001922eea4b60: ; ImmutableOopMap {rsi=Oop [216]=Oop [224]=Oop [584]=Oop }
                      ;*baload {reexecute=0 rethrow=0 return_oop=0}
                      ; - com.szymc.voxel_engine.Engine::render@1461 (line 390)
                      ;   {runtime_call C1 Runtime throw_null_pointer_exception_blob}
  0x000001922eea4b60: 07e8 7a53 

  0x000001922eea4b64: ; ImmutableOopMap {rsi=Oop [216]=Oop [224]=Oop [584]=Oop }
                      ;*baload {reexecute=0 rethrow=0 return_oop=0}
                      ; - com.szymc.voxel_engine.Engine::render@1461 (line 390)
  0x000001922eea4b64: 3207 4889 | 3c24 4889 

  0x000001922eea4b6c: ;   {runtime_call C1 Runtime throw_range_check_failed_blob}
  0x000001922eea4b6c: 7424 08e8 

  0x000001922eea4b70: ; ImmutableOopMap {rsi=Oop [216]=Oop [224]=Oop [584]=Oop }
                      ;*baload {reexecute=0 rethrow=0 return_oop=0}
                      ; - com.szymc.voxel_engine.Engine::render@1461 (line 390)
  0x000001922eea4b70: 6c4a 3207 

  0x000001922eea4b74: ;   {runtime_call C1 Runtime throw_null_pointer_exception_blob}
  0x000001922eea4b74: e867 5332 

  0x000001922eea4b78: ; ImmutableOopMap {rdx=Oop rbx=Oop [216]=Oop [224]=Oop [584]=Oop }
                      ;*invokevirtual drawIcon {reexecute=0 rethrow=0 return_oop=0}
                      ; - com.szymc.voxel_engine.Engine::render@1493 (line 391)
                      ;   {metadata({method} {0x000001924d802c40} 'render' '()V' in 'com/szymc/voxel_engine/Engine')}
  0x000001922eea4b78: 0749 ba38 | 2c80 4d92 | 0100 004c | 8954 2408 | 48c7 0424 | db05 0000 

  0x000001922eea4b90: ;   {runtime_call C1 Runtime counter_overflow_blob}
  0x000001922eea4b90: e84b d232 

  0x000001922eea4b94: ; ImmutableOopMap {[216]=Oop [224]=Oop [584]=Oop }
                      ;*goto {reexecute=1 rethrow=0 return_oop=0}
                      ; - (reexecute) com.szymc.voxel_engine.Engine::render@1499 (line 387)
  0x000001922eea4b94: 07e9 07ce 

  0x000001922eea4b98: ;   {runtime_call C1 Runtime throw_null_pointer_exception_blob}
  0x000001922eea4b98: ffff e841 

  0x000001922eea4b9c: ; ImmutableOopMap {rdx=Oop rsi=Oop [216]=Oop [224]=Oop [584]=Oop }
                      ;*invokevirtual beginTextRendering {reexecute=0 rethrow=0 return_oop=0}
                      ; - com.szymc.voxel_engine.Engine::render@1512 (line 394)
                      ;   {runtime_call C1 Runtime throw_null_pointer_exception_blob}
  0x000001922eea4b9c: 5332 07e8 

  0x000001922eea4ba0: ; ImmutableOopMap {rdx=Oop rdi=Oop [216]=Oop [224]=Oop [584]=Oop }
                      ;*invokevirtual readInventoryType {reexecute=0 rethrow=0 return_oop=0}
                      ; - com.szymc.voxel_engine.Engine::render@1531 (line 396)
  0x000001922eea4ba0: 3c53 3207 

  0x000001922eea4ba4: ;   {metadata({method} {0x000001924da3b918} 'readInventoryType' '(B)B' in 'com/szymc/voxel_engine/PlayerCharacter')}
  0x000001922eea4ba4: 49ba 10b9 | a34d 9201 | 0000 4c89 | 5424 0848 | c704 24ff 

  0x000001922eea4bb8: ;   {runtime_call C1 Runtime counter_overflow_blob}
  0x000001922eea4bb8: ffff ffe8 

  0x000001922eea4bbc: ; ImmutableOopMap {rdx=Oop rdi=Oop [216]=Oop [224]=Oop [584]=Oop }
                      ;*synchronization entry
                      ; - com.szymc.voxel_engine.PlayerCharacter::readInventoryType@-1 (line 40)
                      ; - com.szymc.voxel_engine.Engine::render@1531 (line 396)
  0x000001922eea4bbc: 20d2 3207 | e9b9 ceff 

  0x000001922eea4bc4: ;   {runtime_call C1 Runtime throw_null_pointer_exception_blob}
  0x000001922eea4bc4: ffe8 1653 

  0x000001922eea4bc8: ; ImmutableOopMap {rdx=Oop rdi=Oop rbx=Oop [216]=Oop [224]=Oop [584]=Oop }
                      ;*baload {reexecute=0 rethrow=0 return_oop=0}
                      ; - com.szymc.voxel_engine.PlayerCharacter::readInventoryType@5 (line 40)
                      ; - com.szymc.voxel_engine.Engine::render@1531 (line 396)
                      ;   {runtime_call C1 Runtime throw_null_pointer_exception_blob}
  0x000001922eea4bc8: 3207 e811 

  0x000001922eea4bcc: ; ImmutableOopMap {rdx=Oop rdi=Oop rbx=Oop [216]=Oop [224]=Oop [584]=Oop }
                      ;*baload {reexecute=0 rethrow=0 return_oop=0}
                      ; - com.szymc.voxel_engine.PlayerCharacter::readInventoryType@5 (line 40)
                      ; - com.szymc.voxel_engine.Engine::render@1531 (line 396)
  0x000001922eea4bcc: 5332 0748 | 8934 2448 | 895c 2408 

  0x000001922eea4bd8: ;   {runtime_call C1 Runtime throw_range_check_failed_blob}
  0x000001922eea4bd8: e803 4a32 

  0x000001922eea4bdc: ; ImmutableOopMap {rdx=Oop rdi=Oop rbx=Oop [216]=Oop [224]=Oop [584]=Oop }
                      ;*baload {reexecute=0 rethrow=0 return_oop=0}
                      ; - com.szymc.voxel_engine.PlayerCharacter::readInventoryType@5 (line 40)
                      ; - com.szymc.voxel_engine.Engine::render@1531 (line 396)
                      ;   {metadata({method} {0x000001924da3b9d0} 'readInventoryAmount' '(B)B' in 'com/szymc/voxel_engine/PlayerCharacter')}
  0x000001922eea4bdc: 0749 bac8 | b9a3 4d92 | 0100 004c | 8954 2408 | 48c7 0424 | ffff ffff 

  0x000001922eea4bf4: ;   {runtime_call C1 Runtime counter_overflow_blob}
  0x000001922eea4bf4: e8e7 d132 

  0x000001922eea4bf8: ; ImmutableOopMap {rdx=Oop rdi=Oop rbx=Oop [216]=Oop [224]=Oop [584]=Oop }
                      ;*synchronization entry
                      ; - com.szymc.voxel_engine.PlayerCharacter::readInventoryAmount@-1 (line 44)
                      ; - com.szymc.voxel_engine.Engine::render@1547 (line 397)
  0x000001922eea4bf8: 07e9 28cf 

  0x000001922eea4bfc: ;   {runtime_call C1 Runtime throw_null_pointer_exception_blob}
  0x000001922eea4bfc: ffff e8dd 

  0x000001922eea4c00: ; ImmutableOopMap {rdx=Oop rbx=Oop rdi=Oop [216]=Oop [224]=Oop [584]=Oop }
                      ;*baload {reexecute=0 rethrow=0 return_oop=0}
                      ; - com.szymc.voxel_engine.PlayerCharacter::readInventoryAmount@5 (line 44)
                      ; - com.szymc.voxel_engine.Engine::render@1547 (line 397)
                      ;   {runtime_call C1 Runtime throw_null_pointer_exception_blob}
  0x000001922eea4c00: 5232 07e8 

  0x000001922eea4c04: ; ImmutableOopMap {rdx=Oop rbx=Oop rdi=Oop [216]=Oop [224]=Oop [584]=Oop }
                      ;*baload {reexecute=0 rethrow=0 return_oop=0}
                      ; - com.szymc.voxel_engine.PlayerCharacter::readInventoryAmount@5 (line 44)
                      ; - com.szymc.voxel_engine.Engine::render@1547 (line 397)
  0x000001922eea4c04: d852 3207 | 4889 3424 | 4889 7c24 

  0x000001922eea4c10: ;   {runtime_call C1 Runtime throw_range_check_failed_blob}
  0x000001922eea4c10: 08e8 ca49 

  0x000001922eea4c14: ; ImmutableOopMap {rdx=Oop rbx=Oop rdi=Oop [216]=Oop [224]=Oop [584]=Oop }
                      ;*baload {reexecute=0 rethrow=0 return_oop=0}
                      ; - com.szymc.voxel_engine.PlayerCharacter::readInventoryAmount@5 (line 44)
                      ; - com.szymc.voxel_engine.Engine::render@1547 (line 397)
                      ;   {runtime_call C1 Runtime throw_null_pointer_exception_blob}
  0x000001922eea4c14: 3207 e8c5 

  0x000001922eea4c18: ; ImmutableOopMap {rax=Oop rbx=Oop [216]=Oop [224]=Oop [584]=Oop }
                      ;*invokevirtual renderFont {reexecute=0 rethrow=0 return_oop=0}
                      ; - com.szymc.voxel_engine.Engine::render@1575 (line 397)
                      ;   {metadata({method} {0x000001924d802c40} 'render' '()V' in 'com/szymc/voxel_engine/Engine')}
  0x000001922eea4c18: 5232 0749 | ba38 2c80 | 4d92 0100 | 004c 8954 | 2408 48c7 | 0424 3106 

  0x000001922eea4c30: ;   {runtime_call C1 Runtime counter_overflow_blob}
  0x000001922eea4c30: 0000 e8a9 

  0x000001922eea4c34: ; ImmutableOopMap {[216]=Oop [224]=Oop [584]=Oop }
                      ;*goto {reexecute=1 rethrow=0 return_oop=0}
                      ; - (reexecute) com.szymc.voxel_engine.Engine::render@1585 (line 395)
  0x000001922eea4c34: d132 07e9 | f9cf ffff 

  0x000001922eea4c3c: ;   {runtime_call C1 Runtime throw_null_pointer_exception_blob}
  0x000001922eea4c3c: e89f 5232 

  0x000001922eea4c40: ; ImmutableOopMap {rdx=Oop r8=Oop [216]=Oop [224]=Oop [584]=Oop }
                      ;*invokevirtual getPlayerGuiInventoryActive {reexecute=0 rethrow=0 return_oop=0}
                      ; - com.szymc.voxel_engine.Engine::render@1592 (line 403)
                      ;   {runtime_call C1 Runtime throw_null_pointer_exception_blob}
  0x000001922eea4c40: 07e8 9a52 

  0x000001922eea4c44: ; ImmutableOopMap {rdx=Oop rsi=Oop [216]=Oop [224]=Oop [584]=Oop }
                      ;*invokevirtual beginUiRendering {reexecute=0 rethrow=0 return_oop=0}
                      ; - com.szymc.voxel_engine.Engine::render@1608 (line 404)
                      ;   {runtime_call C1 Runtime throw_null_pointer_exception_blob}
  0x000001922eea4c44: 3207 e895 

  0x000001922eea4c48: ; ImmutableOopMap {rsi=Oop rdi=Oop [216]=Oop [224]=Oop [584]=Oop }
                      ;*invokevirtual drawRect {reexecute=0 rethrow=0 return_oop=0}
                      ; - com.szymc.voxel_engine.Engine::render@1656 (line 409)
                      ;   {runtime_call C1 Runtime throw_null_pointer_exception_blob}
  0x000001922eea4c48: 5232 07e8 

  0x000001922eea4c4c: ; ImmutableOopMap {rdx=Oop rsi=Oop [216]=Oop [224]=Oop [584]=Oop }
                      ;*invokevirtual drawRect {reexecute=0 rethrow=0 return_oop=0}
                      ; - com.szymc.voxel_engine.Engine::render@1703 (line 410)
  0x000001922eea4c4c: 9052 3207 

  0x000001922eea4c50: ;   {runtime_call C1 Runtime throw_null_pointer_exception_blob}
  0x000001922eea4c50: e88b 5232 

  0x000001922eea4c54: ; ImmutableOopMap {rax=Oop [216]=Oop [224]=Oop [584]=Oop }
                      ;*invokevirtual drawRect {reexecute=0 rethrow=0 return_oop=0}
                      ; - com.szymc.voxel_engine.Engine::render@1789 (line 414)
                      ;   {runtime_call C1 Runtime throw_null_pointer_exception_blob}
  0x000001922eea4c54: 07e8 8652 

  0x000001922eea4c58: ; ImmutableOopMap {rsi=Oop [216]=Oop [224]=Oop [584]=Oop }
                      ;*baload {reexecute=0 rethrow=0 return_oop=0}
                      ; - com.szymc.voxel_engine.Engine::render@1808 (line 416)
                      ;   {runtime_call C1 Runtime throw_null_pointer_exception_blob}
  0x000001922eea4c58: 3207 e881 

  0x000001922eea4c5c: ; ImmutableOopMap {rsi=Oop [216]=Oop [224]=Oop [584]=Oop }
                      ;*baload {reexecute=0 rethrow=0 return_oop=0}
                      ; - com.szymc.voxel_engine.Engine::render@1808 (line 416)
  0x000001922eea4c5c: 5232 074c | 8904 2448 | 8974 2408 

  0x000001922eea4c68: ;   {runtime_call C1 Runtime throw_range_check_failed_blob}
  0x000001922eea4c68: e873 4932 

  0x000001922eea4c6c: ; ImmutableOopMap {rsi=Oop [216]=Oop [224]=Oop [584]=Oop }
                      ;*baload {reexecute=0 rethrow=0 return_oop=0}
                      ; - com.szymc.voxel_engine.Engine::render@1808 (line 416)
  0x000001922eea4c6c: 0748 c704 | 24f7 ffff 

  0x000001922eea4c74: ;   {runtime_call C1 Runtime deoptimize_blob}
  0x000001922eea4c74: ffe8 e6b0 

  0x000001922eea4c78: ; ImmutableOopMap {rsi=Oop rdi=Oop rbx=Oop [216]=Oop [224]=Oop [584]=Oop }
                      ;*getfield inventoryIndex {reexecute=1 rethrow=0 return_oop=0}
                      ; - (reexecute) com.szymc.voxel_engine.Engine::render@1827 (line 417)
                      ;   {runtime_call C1 Runtime throw_null_pointer_exception_blob}
  0x000001922eea4c78: 3207 e861 

  0x000001922eea4c7c: ; ImmutableOopMap {rsi=Oop rdi=Oop rbx=Oop [216]=Oop [224]=Oop [584]=Oop }
                      ;*getfield inventoryIndex {reexecute=1 rethrow=0 return_oop=0}
                      ; - (reexecute) com.szymc.voxel_engine.Engine::render@1827 (line 417)
  0x000001922eea4c7c: 5232 078b | 8314 0000 | 00b8 000b 

  0x000001922eea4c88: ;   {runtime_call C1 Runtime access_field_patching_blob}
  0x000001922eea4c88: 0506 e851 

  0x000001922eea4c8c: ; ImmutableOopMap {rsi=Oop rdi=Oop rbx=Oop [216]=Oop [224]=Oop [584]=Oop }
                      ;*getfield inventoryIndex {reexecute=1 rethrow=0 return_oop=0}
                      ; - (reexecute) com.szymc.voxel_engine.Engine::render@1827 (line 417)
  0x000001922eea4c8c: b432 07e9 | 84d4 ffff 

  0x000001922eea4c94: ;   {runtime_call C1 Runtime throw_null_pointer_exception_blob}
  0x000001922eea4c94: e847 5232 

  0x000001922eea4c98: ; ImmutableOopMap {rax=Oop [216]=Oop [224]=Oop [584]=Oop }
                      ;*invokevirtual drawIcon {reexecute=0 rethrow=0 return_oop=0}
                      ; - com.szymc.voxel_engine.Engine::render@1891 (line 417)
                      ;   {metadata({method} {0x000001924d802c40} 'render' '()V' in 'com/szymc/voxel_engine/Engine')}
  0x000001922eea4c98: 0749 ba38 | 2c80 4d92 | 0100 004c | 8954 2408 | 48c7 0424 | 6907 0000 

  0x000001922eea4cb0: ;   {runtime_call C1 Runtime counter_overflow_blob}
  0x000001922eea4cb0: e82b d132 

  0x000001922eea4cb4: ; ImmutableOopMap {[216]=Oop [224]=Oop [584]=Oop }
                      ;*goto {reexecute=1 rethrow=0 return_oop=0}
                      ; - (reexecute) com.szymc.voxel_engine.Engine::render@1897 (line 413)
  0x000001922eea4cb4: 07e9 97d5 

  0x000001922eea4cb8: ;   {metadata({method} {0x000001924d802c40} 'render' '()V' in 'com/szymc/voxel_engine/Engine')}
  0x000001922eea4cb8: ffff 49ba | 382c 804d | 9201 0000 | 4c89 5424 | 0848 c704 | 246f 0700 

  0x000001922eea4cd0: ;   {runtime_call C1 Runtime counter_overflow_blob}
  0x000001922eea4cd0: 00e8 0ad1 

  0x000001922eea4cd4: ; ImmutableOopMap {[216]=Oop [224]=Oop [584]=Oop }
                      ;*goto {reexecute=1 rethrow=0 return_oop=0}
                      ; - (reexecute) com.szymc.voxel_engine.Engine::render@1903 (line 412)
  0x000001922eea4cd4: 3207 e9e7 

  0x000001922eea4cd8: ;   {runtime_call C1 Runtime throw_null_pointer_exception_blob}
  0x000001922eea4cd8: d5ff ffe8 

  0x000001922eea4cdc: ; ImmutableOopMap {rdx=Oop rsi=Oop [216]=Oop [224]=Oop }
                      ;*invokevirtual beginTextRendering {reexecute=0 rethrow=0 return_oop=0}
                      ; - com.szymc.voxel_engine.Engine::render@1916 (line 421)
  0x000001922eea4cdc: 0052 3207 

  0x000001922eea4ce0: ;   {runtime_call C1 Runtime throw_null_pointer_exception_blob}
  0x000001922eea4ce0: e8fb 5132 

  0x000001922eea4ce4: ; ImmutableOopMap {rdx=Oop rax=Oop [216]=Oop [224]=Oop }
                      ;*invokevirtual readInventoryAmount {reexecute=0 rethrow=0 return_oop=0}
                      ; - com.szymc.voxel_engine.Engine::render@1957 (line 425)
                      ;   {metadata({method} {0x000001924da3b9d0} 'readInventoryAmount' '(B)B' in 'com/szymc/voxel_engine/PlayerCharacter')}
  0x000001922eea4ce4: 0749 bac8 | b9a3 4d92 | 0100 004c | 8954 2408 | 48c7 0424 | ffff ffff 

  0x000001922eea4cfc: ;   {runtime_call C1 Runtime counter_overflow_blob}
  0x000001922eea4cfc: e8df d032 

  0x000001922eea4d00: ; ImmutableOopMap {rdx=Oop rax=Oop [216]=Oop [224]=Oop }
                      ;*synchronization entry
                      ; - com.szymc.voxel_engine.PlayerCharacter::readInventoryAmount@-1 (line 44)
                      ; - com.szymc.voxel_engine.Engine::render@1957 (line 425)
  0x000001922eea4d00: 07e9 08d7 

  0x000001922eea4d04: ;   {runtime_call C1 Runtime throw_null_pointer_exception_blob}
  0x000001922eea4d04: ffff e8d5 

  0x000001922eea4d08: ; ImmutableOopMap {rdx=Oop rax=Oop [216]=Oop [224]=Oop }
                      ;*baload {reexecute=0 rethrow=0 return_oop=0}
                      ; - com.szymc.voxel_engine.PlayerCharacter::readInventoryAmount@5 (line 44)
                      ; - com.szymc.voxel_engine.Engine::render@1957 (line 425)
                      ;   {runtime_call C1 Runtime throw_null_pointer_exception_blob}
  0x000001922eea4d08: 5132 07e8 

  0x000001922eea4d0c: ; ImmutableOopMap {rdx=Oop rax=Oop [216]=Oop [224]=Oop }
                      ;*baload {reexecute=0 rethrow=0 return_oop=0}
                      ; - com.szymc.voxel_engine.PlayerCharacter::readInventoryAmount@5 (line 44)
                      ; - com.szymc.voxel_engine.Engine::render@1957 (line 425)
  0x000001922eea4d0c: d051 3207 | 4889 0c24 | 4889 4424 

  0x000001922eea4d18: ;   {runtime_call C1 Runtime throw_range_check_failed_blob}
  0x000001922eea4d18: 08e8 c248 

  0x000001922eea4d1c: ; ImmutableOopMap {rdx=Oop rax=Oop [216]=Oop [224]=Oop }
                      ;*baload {reexecute=0 rethrow=0 return_oop=0}
                      ; - com.szymc.voxel_engine.PlayerCharacter::readInventoryAmount@5 (line 44)
                      ; - com.szymc.voxel_engine.Engine::render@1957 (line 425)
  0x000001922eea4d1c: 3207 48c7 | 0424 f7ff 

  0x000001922eea4d24: ;   {runtime_call C1 Runtime deoptimize_blob}
  0x000001922eea4d24: ffff e835 

  0x000001922eea4d28: ; ImmutableOopMap {rdx=Oop rcx=Oop [216]=Oop [224]=Oop }
                      ;*getfield inventoryIndex {reexecute=1 rethrow=0 return_oop=0}
                      ; - (reexecute) com.szymc.voxel_engine.Engine::render@1978 (line 427)
                      ;   {runtime_call C1 Runtime throw_null_pointer_exception_blob}
  0x000001922eea4d28: b032 07e8 

  0x000001922eea4d2c: ; ImmutableOopMap {rdx=Oop rcx=Oop [216]=Oop [224]=Oop }
                      ;*getfield inventoryIndex {reexecute=1 rethrow=0 return_oop=0}
                      ; - (reexecute) com.szymc.voxel_engine.Engine::render@1978 (line 427)
  0x000001922eea4d2c: b051 3207 | 448b 8114 | 0000 00b8 | 000c 0507 

  0x000001922eea4d3c: ;   {runtime_call C1 Runtime access_field_patching_blob}
  0x000001922eea4d3c: e89f b332 

  0x000001922eea4d40: ; ImmutableOopMap {rdx=Oop rcx=Oop [216]=Oop [224]=Oop }
                      ;*getfield inventoryIndex {reexecute=1 rethrow=0 return_oop=0}
                      ; - (reexecute) com.szymc.voxel_engine.Engine::render@1978 (line 427)
  0x000001922eea4d40: 07e9 62d7 

  0x000001922eea4d44: ;   {runtime_call C1 Runtime throw_null_pointer_exception_blob}
  0x000001922eea4d44: ffff e895 

  0x000001922eea4d48: ; ImmutableOopMap {rax=Oop rbx=Oop [216]=Oop [224]=Oop }
                      ;*invokevirtual renderFont {reexecute=0 rethrow=0 return_oop=0}
                      ; - com.szymc.voxel_engine.Engine::render@2045 (line 428)
                      ;   {metadata({method} {0x000001924d802c40} 'render' '()V' in 'com/szymc/voxel_engine/Engine')}
  0x000001922eea4d48: 5132 0749 | ba38 2c80 | 4d92 0100 | 004c 8954 | 2408 48c7 | 0424 0308 

  0x000001922eea4d60: ;   {runtime_call C1 Runtime counter_overflow_blob}
  0x000001922eea4d60: 0000 e879 

  0x000001922eea4d64: ; ImmutableOopMap {[216]=Oop [224]=Oop }
                      ;*goto {reexecute=1 rethrow=0 return_oop=0}
                      ; - (reexecute) com.szymc.voxel_engine.Engine::render@2051 (line 423)
  0x000001922eea4d64: d032 07e9 | 1dd9 ffff 

  0x000001922eea4d6c: ;   {metadata({method} {0x000001924d802c40} 'render' '()V' in 'com/szymc/voxel_engine/Engine')}
  0x000001922eea4d6c: 49ba 382c | 804d 9201 | 0000 4c89 | 5424 0848 | c704 2409 

  0x000001922eea4d80: ;   {runtime_call C1 Runtime counter_overflow_blob}
  0x000001922eea4d80: 0800 00e8 

  0x000001922eea4d84: ; ImmutableOopMap {[216]=Oop [224]=Oop }
                      ;*goto {reexecute=1 rethrow=0 return_oop=0}
                      ; - (reexecute) com.szymc.voxel_engine.Engine::render@2057 (line 422)
  0x000001922eea4d84: 58d0 3207 | e964 d9ff 

  0x000001922eea4d8c: ;   {runtime_call C1 Runtime throw_null_pointer_exception_blob}
  0x000001922eea4d8c: ffe8 4e51 

  0x000001922eea4d90: ; ImmutableOopMap {rdx=Oop rax=Oop [216]=Oop [224]=Oop }
                      ;*invokevirtual beginUiRendering {reexecute=0 rethrow=0 return_oop=0}
                      ; - com.szymc.voxel_engine.Engine::render@2070 (line 433)
                      ;   {runtime_call C1 Runtime throw_null_pointer_exception_blob}
  0x000001922eea4d90: 3207 e849 

  0x000001922eea4d94: ; ImmutableOopMap {rdi=Oop rax=Oop [216]=Oop [224]=Oop }
                      ;*invokevirtual drawRect {reexecute=0 rethrow=0 return_oop=0}
                      ; - com.szymc.voxel_engine.Engine::render@2137 (line 436)
                      ;   {runtime_call C1 Runtime throw_null_pointer_exception_blob}
  0x000001922eea4d94: 5132 07e8 

  0x000001922eea4d98: ; ImmutableOopMap {rdx=Oop r11=Oop [216]=Oop [224]=Oop }
                      ;*invokevirtual drawRect {reexecute=0 rethrow=0 return_oop=0}
                      ; - com.szymc.voxel_engine.Engine::render@2227 (line 442)
  0x000001922eea4d98: 4451 3207 

  0x000001922eea4d9c: ;   {runtime_call C1 Runtime throw_null_pointer_exception_blob}
  0x000001922eea4d9c: e83f 5132 

  0x000001922eea4da0: ; ImmutableOopMap {rdx=Oop r8=Oop [216]=Oop [224]=Oop }
                      ;*invokevirtual readInventoryType {reexecute=0 rethrow=0 return_oop=0}
                      ; - com.szymc.voxel_engine.Engine::render@2236 (line 443)
                      ;   {metadata({method} {0x000001924da3b918} 'readInventoryType' '(B)B' in 'com/szymc/voxel_engine/PlayerCharacter')}
  0x000001922eea4da0: 0749 ba10 | b9a3 4d92 | 0100 004c | 8954 2408 | 48c7 0424 | ffff ffff 

  0x000001922eea4db8: ;   {runtime_call C1 Runtime counter_overflow_blob}
  0x000001922eea4db8: e823 d032 

  0x000001922eea4dbc: ; ImmutableOopMap {rdx=Oop r8=Oop [216]=Oop [224]=Oop }
                      ;*synchronization entry
                      ; - com.szymc.voxel_engine.PlayerCharacter::readInventoryType@-1 (line 40)
                      ; - com.szymc.voxel_engine.Engine::render@2236 (line 443)
  0x000001922eea4dbc: 07e9 4adc 

  0x000001922eea4dc0: ;   {runtime_call C1 Runtime throw_null_pointer_exception_blob}
  0x000001922eea4dc0: ffff e819 

  0x000001922eea4dc4: ; ImmutableOopMap {rdx=Oop r8=Oop rsi=Oop [216]=Oop [224]=Oop }
                      ;*baload {reexecute=0 rethrow=0 return_oop=0}
                      ; - com.szymc.voxel_engine.PlayerCharacter::readInventoryType@5 (line 40)
                      ; - com.szymc.voxel_engine.Engine::render@2236 (line 443)
                      ;   {runtime_call C1 Runtime throw_null_pointer_exception_blob}
  0x000001922eea4dc4: 5132 07e8 

  0x000001922eea4dc8: ; ImmutableOopMap {rdx=Oop r8=Oop rsi=Oop [216]=Oop [224]=Oop }
                      ;*baload {reexecute=0 rethrow=0 return_oop=0}
                      ; - com.szymc.voxel_engine.PlayerCharacter::readInventoryType@5 (line 40)
                      ; - com.szymc.voxel_engine.Engine::render@2236 (line 443)
  0x000001922eea4dc8: 1451 3207 | 4c89 0c24 | 4889 7424 

  0x000001922eea4dd4: ;   {runtime_call C1 Runtime throw_range_check_failed_blob}
  0x000001922eea4dd4: 08e8 0648 

  0x000001922eea4dd8: ; ImmutableOopMap {rdx=Oop r8=Oop rsi=Oop [216]=Oop [224]=Oop }
                      ;*baload {reexecute=0 rethrow=0 return_oop=0}
                      ; - com.szymc.voxel_engine.PlayerCharacter::readInventoryType@5 (line 40)
                      ; - com.szymc.voxel_engine.Engine::render@2236 (line 443)
                      ;   {metadata({method} {0x000001924da3b918} 'readInventoryType' '(B)B' in 'com/szymc/voxel_engine/PlayerCharacter')}
  0x000001922eea4dd8: 3207 49ba | 10b9 a34d | 9201 0000 | 4c89 5424 | 0848 c704 | 24ff ffff 

  0x000001922eea4df0: ;   {runtime_call C1 Runtime counter_overflow_blob}
  0x000001922eea4df0: ffe8 eacf 

  0x000001922eea4df4: ; ImmutableOopMap {rdx=Oop r8=Oop rbx=Oop [216]=Oop [224]=Oop }
                      ;*synchronization entry
                      ; - com.szymc.voxel_engine.PlayerCharacter::readInventoryType@-1 (line 40)
                      ; - com.szymc.voxel_engine.Engine::render@2252 (line 444)
  0x000001922eea4df4: 3207 e9d7 

  0x000001922eea4df8: ;   {runtime_call C1 Runtime throw_null_pointer_exception_blob}
  0x000001922eea4df8: dcff ffe8 

  0x000001922eea4dfc: ; ImmutableOopMap {rdx=Oop rbx=Oop [216]=Oop [224]=Oop }
                      ;*invokevirtual drawIcon {reexecute=0 rethrow=0 return_oop=0}
                      ; - com.szymc.voxel_engine.Engine::render@2271 (line 444)
  0x000001922eea4dfc: e050 3207 

  0x000001922eea4e00: ;   {runtime_call C1 Runtime throw_null_pointer_exception_blob}
  0x000001922eea4e00: e8db 5032 

  0x000001922eea4e04: ; ImmutableOopMap {rdx=Oop rsi=Oop [216]=Oop [224]=Oop }
                      ;*invokevirtual beginTextRendering {reexecute=0 rethrow=0 return_oop=0}
                      ; - com.szymc.voxel_engine.Engine::render@2284 (line 445)
                      ;   {runtime_call C1 Runtime throw_null_pointer_exception_blob}
  0x000001922eea4e04: 07e8 d650 

  0x000001922eea4e08: ; ImmutableOopMap {rdx=Oop rsi=Oop rdi=Oop [216]=Oop [224]=Oop }
                      ;*invokevirtual readInventoryAmount {reexecute=0 rethrow=0 return_oop=0}
                      ; - com.szymc.voxel_engine.Engine::render@2297 (line 446)
                      ;   {metadata({method} {0x000001924da3b9d0} 'readInventoryAmount' '(B)B' in 'com/szymc/voxel_engine/PlayerCharacter')}
  0x000001922eea4e08: 3207 49ba | c8b9 a34d | 9201 0000 | 4c89 5424 | 0848 c704 | 24ff ffff 

  0x000001922eea4e20: ;   {runtime_call C1 Runtime counter_overflow_blob}
  0x000001922eea4e20: ffe8 bacf 

  0x000001922eea4e24: ; ImmutableOopMap {rdx=Oop rsi=Oop rdi=Oop [216]=Oop [224]=Oop }
                      ;*synchronization entry
                      ; - com.szymc.voxel_engine.PlayerCharacter::readInventoryAmount@-1 (line 44)
                      ; - com.szymc.voxel_engine.Engine::render@2297 (line 446)
  0x000001922eea4e24: 3207 e9b6 

  0x000001922eea4e28: ;   {runtime_call C1 Runtime throw_null_pointer_exception_blob}
  0x000001922eea4e28: ddff ffe8 

  0x000001922eea4e2c: ; ImmutableOopMap {rdx=Oop rsi=Oop rdi=Oop [216]=Oop [224]=Oop }
                      ;*baload {reexecute=0 rethrow=0 return_oop=0}
                      ; - com.szymc.voxel_engine.PlayerCharacter::readInventoryAmount@5 (line 44)
                      ; - com.szymc.voxel_engine.Engine::render@2297 (line 446)
  0x000001922eea4e2c: b050 3207 

  0x000001922eea4e30: ;   {runtime_call C1 Runtime throw_null_pointer_exception_blob}
  0x000001922eea4e30: e8ab 5032 

  0x000001922eea4e34: ; ImmutableOopMap {rdx=Oop rsi=Oop rdi=Oop [216]=Oop [224]=Oop }
                      ;*baload {reexecute=0 rethrow=0 return_oop=0}
                      ; - com.szymc.voxel_engine.PlayerCharacter::readInventoryAmount@5 (line 44)
                      ; - com.szymc.voxel_engine.Engine::render@2297 (line 446)
  0x000001922eea4e34: 074c 890c | 2448 897c 

  0x000001922eea4e3c: ;   {runtime_call C1 Runtime throw_range_check_failed_blob}
  0x000001922eea4e3c: 2408 e89d 

  0x000001922eea4e40: ; ImmutableOopMap {rdx=Oop rsi=Oop rdi=Oop [216]=Oop [224]=Oop }
                      ;*baload {reexecute=0 rethrow=0 return_oop=0}
                      ; - com.szymc.voxel_engine.PlayerCharacter::readInventoryAmount@5 (line 44)
                      ; - com.szymc.voxel_engine.Engine::render@2297 (line 446)
                      ;   {runtime_call C1 Runtime throw_null_pointer_exception_blob}
  0x000001922eea4e40: 4732 07e8 

  0x000001922eea4e44: ; ImmutableOopMap {rax=Oop rdx=Oop [216]=Oop [224]=Oop }
                      ;*invokevirtual renderFont {reexecute=0 rethrow=0 return_oop=0}
                      ; - com.szymc.voxel_engine.Engine::render@2320 (line 446)
  0x000001922eea4e44: 9850 3207 

  0x000001922eea4e48: ;   {metadata({method} {0x000001924d802c40} 'render' '()V' in 'com/szymc/voxel_engine/Engine')}
  0x000001922eea4e48: 49ba 382c | 804d 9201 | 0000 4c89 | 5424 0848 | c704 2416 

  0x000001922eea4e5c: ;   {runtime_call C1 Runtime counter_overflow_blob}
  0x000001922eea4e5c: 0900 00e8 

  0x000001922eea4e60: ; ImmutableOopMap {[216]=Oop [224]=Oop }
                      ;*goto {reexecute=1 rethrow=0 return_oop=0}
                      ; - (reexecute) com.szymc.voxel_engine.Engine::render@2326 (line 438)
  0x000001922eea4e60: 7ccf 3207 | e96b deff 

  0x000001922eea4e68: ;   {metadata({method} {0x000001924d802c40} 'render' '()V' in 'com/szymc/voxel_engine/Engine')}
  0x000001922eea4e68: ff49 ba38 | 2c80 4d92 | 0100 004c | 8954 2408 | 48c7 0424 | 1c09 0000 

  0x000001922eea4e80: ;   {runtime_call C1 Runtime counter_overflow_blob}
  0x000001922eea4e80: e85b cf32 

  0x000001922eea4e84: ; ImmutableOopMap {[216]=Oop [224]=Oop }
                      ;*goto {reexecute=1 rethrow=0 return_oop=0}
                      ; - (reexecute) com.szymc.voxel_engine.Engine::render@2332 (line 437)
  0x000001922eea4e84: 07e9 e2de 

  0x000001922eea4e88: ;   {runtime_call C1 Runtime throw_null_pointer_exception_blob}
  0x000001922eea4e88: ffff e851 

  0x000001922eea4e8c: ; ImmutableOopMap {rdx=Oop rdi=Oop [216]=Oop [224]=Oop }
                      ;*invokevirtual drawRect {reexecute=0 rethrow=0 return_oop=0}
                      ; - com.szymc.voxel_engine.Engine::render@2375 (line 451)
                      ;   {runtime_call C1 Runtime throw_null_pointer_exception_blob}
  0x000001922eea4e8c: 5032 07e8 

  0x000001922eea4e90: ; ImmutableOopMap {rdx=Oop rbx=Oop [216]=Oop [224]=Oop }
                      ;*invokevirtual beginUiRendering {reexecute=0 rethrow=0 return_oop=0}
                      ; - com.szymc.voxel_engine.Engine::render@2427 (line 458)
  0x000001922eea4e90: 4c50 3207 | 48c7 0424 | f7ff ffff 

  0x000001922eea4e9c: ;   {runtime_call C1 Runtime deoptimize_blob}
  0x000001922eea4e9c: e8bf ae32 

  0x000001922eea4ea0: ; ImmutableOopMap {rdx=Oop rsi=Oop r8=Oop [216]=Oop [224]=Oop }
                      ;*getfield item {reexecute=1 rethrow=0 return_oop=0}
                      ; - (reexecute) com.szymc.voxel_engine.Engine::render@2438 (line 459)
                      ;   {runtime_call C1 Runtime throw_null_pointer_exception_blob}
  0x000001922eea4ea0: 07e8 3a50 

  0x000001922eea4ea4: ; ImmutableOopMap {rdx=Oop rsi=Oop r8=Oop [216]=Oop [224]=Oop }
                      ;*getfield item {reexecute=1 rethrow=0 return_oop=0}
                      ; - (reexecute) com.szymc.voxel_engine.Engine::render@2438 (line 459)
  0x000001922eea4ea4: 3207 410f | beb8 1800 | 0000 b800 

  0x000001922eea4eb0: ;   {runtime_call C1 Runtime access_field_patching_blob}
  0x000001922eea4eb0: 0d05 08e8 

  0x000001922eea4eb4: ; ImmutableOopMap {rdx=Oop rsi=Oop r8=Oop [216]=Oop [224]=Oop }
                      ;*getfield item {reexecute=1 rethrow=0 return_oop=0}
                      ; - (reexecute) com.szymc.voxel_engine.Engine::render@2438 (line 459)
  0x000001922eea4eb4: 28b2 3207 | e9a3 e0ff 

  0x000001922eea4ebc: ;   {runtime_call C1 Runtime throw_null_pointer_exception_blob}
  0x000001922eea4ebc: ffe8 1e50 

  0x000001922eea4ec0: ; ImmutableOopMap {rdx=Oop rsi=Oop [216]=Oop [224]=Oop }
                      ;*invokevirtual drawIcon {reexecute=0 rethrow=0 return_oop=0}
                      ; - com.szymc.voxel_engine.Engine::render@2457 (line 459)
                      ;   {runtime_call C1 Runtime throw_null_pointer_exception_blob}
  0x000001922eea4ec0: 3207 e819 

  0x000001922eea4ec4: ; ImmutableOopMap {rdx=Oop rsi=Oop [216]=Oop [224]=Oop }
                      ;*invokevirtual beginTextRendering {reexecute=0 rethrow=0 return_oop=0}
                      ; - com.szymc.voxel_engine.Engine::render@2470 (line 460)
  0x000001922eea4ec4: 5032 0748 | c704 24f7 

  0x000001922eea4ecc: ;   {runtime_call C1 Runtime deoptimize_blob}
  0x000001922eea4ecc: ffff ffe8 

  0x000001922eea4ed0: ; ImmutableOopMap {rdx=Oop rsi=Oop rdi=Oop [216]=Oop [224]=Oop }
                      ;*getfield itemAmount {reexecute=1 rethrow=0 return_oop=0}
                      ; - (reexecute) com.szymc.voxel_engine.Engine::render@2481 (line 461)
  0x000001922eea4ed0: 8cae 3207 

  0x000001922eea4ed4: ;   {runtime_call C1 Runtime throw_null_pointer_exception_blob}
  0x000001922eea4ed4: e807 5032 

  0x000001922eea4ed8: ; ImmutableOopMap {rdx=Oop rsi=Oop rdi=Oop [216]=Oop [224]=Oop }
                      ;*getfield itemAmount {reexecute=1 rethrow=0 return_oop=0}
                      ; - (reexecute) com.szymc.voxel_engine.Engine::render@2481 (line 461)
  0x000001922eea4ed8: 070f be9f | 1900 0000 | b800 0c05 

  0x000001922eea4ee4: ;   {runtime_call C1 Runtime access_field_patching_blob}
  0x000001922eea4ee4: 07e8 f6b1 

  0x000001922eea4ee8: ; ImmutableOopMap {rdx=Oop rsi=Oop rdi=Oop [216]=Oop [224]=Oop }
                      ;*getfield itemAmount {reexecute=1 rethrow=0 return_oop=0}
                      ; - (reexecute) com.szymc.voxel_engine.Engine::render@2481 (line 461)
  0x000001922eea4ee8: 3207 e959 

  0x000001922eea4eec: ;   {runtime_call C1 Runtime throw_null_pointer_exception_blob}
  0x000001922eea4eec: e1ff ffe8 

  0x000001922eea4ef0: ; ImmutableOopMap {rax=Oop rdx=Oop [216]=Oop [224]=Oop }
                      ;*invokevirtual renderFont {reexecute=0 rethrow=0 return_oop=0}
                      ; - com.szymc.voxel_engine.Engine::render@2504 (line 461)
  0x000001922eea4ef0: ec4f 3207 

  0x000001922eea4ef4: ;   {runtime_call C1 Runtime throw_null_pointer_exception_blob}
  0x000001922eea4ef4: e8e7 4f32 

  0x000001922eea4ef8: ; ImmutableOopMap {rdx=Oop [224]=Oop }
                      ;*invokevirtual end {reexecute=0 rethrow=0 return_oop=0}
                      ; - com.szymc.voxel_engine.Engine::render@2511 (line 464)
                      ;   {metadata({method} {0x000001924d74be38} 'glDepthMask' '(Z)V' in 'org/lwjgl/opengl/GL11')}
  0x000001922eea4ef8: 0749 ba30 | be74 4d92 | 0100 004c | 8954 2408 | 48c7 0424 | ffff ffff 

  0x000001922eea4f10: ;   {runtime_call C1 Runtime counter_overflow_blob}
  0x000001922eea4f10: e8cb ce32 

  0x000001922eea4f14: ; ImmutableOopMap {[224]=Oop }
                      ;*synchronization entry
                      ; - org.lwjgl.opengl.GL11::glDepthMask@-1 (line 1780)
                      ; - com.szymc.voxel_engine.Engine::render@2515 (line 466)
  0x000001922eea4f14: 07e9 53e2 

  0x000001922eea4f18: ;   {runtime_call C1 Runtime throw_null_pointer_exception_blob}
  0x000001922eea4f18: ffff e8c1 

  0x000001922eea4f1c: ; ImmutableOopMap {rsi=Oop [224]=Oop [704]=Oop }
                      ;*invokevirtual close {reexecute=0 rethrow=0 return_oop=0}
                      ; - com.szymc.voxel_engine.Engine::render@2535 (line 225)
                      ;   {metadata({method} {0x000001924d65f568} 'close' '()V' in 'org/lwjgl/system/MemoryStack')}
  0x000001922eea4f1c: 4f32 0749 | ba60 f565 | 4d92 0100 | 004c 8954 | 2408 48c7 | 0424 ffff 

  0x000001922eea4f34: ;   {runtime_call C1 Runtime counter_overflow_blob}
  0x000001922eea4f34: ffff e8a5 

  0x000001922eea4f38: ; ImmutableOopMap {rsi=Oop [224]=Oop [704]=Oop }
                      ;*synchronization entry
                      ; - org.lwjgl.system.MemoryStack::close@-1 (line 168)
                      ; - com.szymc.voxel_engine.Engine::render@2535 (line 225)
  0x000001922eea4f38: ce32 07e9 | 9be3 ffff 

  0x000001922eea4f40: ;   {metadata({method} {0x000001924d65f568} 'close' '()V' in 'org/lwjgl/system/MemoryStack')}
  0x000001922eea4f40: 49ba 60f5 | 654d 9201 | 0000 4c89 | 5424 0848 | c704 24ff 

  0x000001922eea4f54: ;   {runtime_call C1 Runtime counter_overflow_blob}
  0x000001922eea4f54: ffff ffe8 

  0x000001922eea4f58: ; ImmutableOopMap {rsi=Oop [224]=Oop }
                      ;*synchronization entry
                      ; - org.lwjgl.system.MemoryStack::close@-1 (line 168)
                      ; - com.szymc.voxel_engine.Engine::render@2523 (line 467)
  0x000001922eea4f58: 84ce 3207 | e9d6 e4ff 

  0x000001922eea4f60: ;   {internal_word}
  0x000001922eea4f60: ff49 baf4 | 34ea 2e92 | 0100 004d | 8997 b804 

  0x000001922eea4f70: ;   {runtime_call SafepointBlob}
  0x000001922eea4f70: 0000 e9e9 | d524 0749 | 8b87 6805 | 0000 49c7 | 8768 0500 | 0000 0000 | 0049 c787 | 7005 0000 
  0x000001922eea4f90: 0000 0000 | 4881 c410 | 0300 005d 

  0x000001922eea4f9c: ;   {runtime_call C1 Runtime unwind_exception_blob}
  0x000001922eea4f9c: e93f 4032 | 07f4 f4f4 | f4f4 f4f4 
[Stub Code]
  0x000001922eea4fa8: ;   {other}
  0x000001922eea4fa8: 0f1f 4400 

  0x000001922eea4fac: ;   {static_stub}
  0x000001922eea4fac: 0048 bb00 | 0000 0000 

  0x000001922eea4fb4: ;   {runtime_call nmethod}
  0x000001922eea4fb4: 0000 00e9 | fbff ffff 

  0x000001922eea4fbc: ;   {static_stub}
  0x000001922eea4fbc: 9048 bb00 | 0000 0000 

  0x000001922eea4fc4: ;   {runtime_call nmethod}
  0x000001922eea4fc4: 0000 00e9 | fbff ffff 

  0x000001922eea4fcc: ;   {static_stub}
  0x000001922eea4fcc: 9048 bb00 | 0000 0000 

  0x000001922eea4fd4: ;   {runtime_call nmethod}
  0x000001922eea4fd4: 0000 00e9 | fbff ffff 

  0x000001922eea4fdc: ;   {static_stub}
  0x000001922eea4fdc: 9048 bb00 | 0000 0000 

  0x000001922eea4fe4: ;   {runtime_call nmethod}
  0x000001922eea4fe4: 0000 00e9 | fbff ffff 

  0x000001922eea4fec: ;   {static_stub}
  0x000001922eea4fec: 9048 bb00 | 0000 0000 

  0x000001922eea4ff4: ;   {runtime_call nmethod}
  0x000001922eea4ff4: 0000 00e9 | fbff ffff 

  0x000001922eea4ffc: ;   {static_stub}
  0x000001922eea4ffc: 9048 bb00 | 0000 0000 

  0x000001922eea5004: ;   {runtime_call nmethod}
  0x000001922eea5004: 0000 00e9 | fbff ffff 

  0x000001922eea500c: ;   {static_stub}
  0x000001922eea500c: 9048 bbe8 | 3343 4d92 

  0x000001922eea5014: ;   {runtime_call I2C/C2I adapters}
  0x000001922eea5014: 0100 00e9 | 1e82 2407 

  0x000001922eea501c: ;   {static_stub}
  0x000001922eea501c: 9048 bbc8 | aa5e 4d92 

  0x000001922eea5024: ;   {runtime_call I2C/C2I adapters}
  0x000001922eea5024: 0100 00e9 | 8e62 2407 

  0x000001922eea502c: ;   {static_stub}
  0x000001922eea502c: 9048 bb00 | 0000 0000 

  0x000001922eea5034: ;   {runtime_call nmethod}
  0x000001922eea5034: 0000 00e9 | fbff ffff 

  0x000001922eea503c: ;   {static_stub}
  0x000001922eea503c: 9048 bb00 | 0000 0000 

  0x000001922eea5044: ;   {runtime_call nmethod}
  0x000001922eea5044: 0000 00e9 | fbff ffff 

  0x000001922eea504c: ;   {static_stub}
  0x000001922eea504c: 9048 bb00 | 0000 0000 

  0x000001922eea5054: ;   {runtime_call nmethod}
  0x000001922eea5054: 0000 00e9 | fbff ffff 

  0x000001922eea505c: ;   {static_stub}
  0x000001922eea505c: 9048 bb58 | b65e 4d92 

  0x000001922eea5064: ;   {runtime_call I2C/C2I adapters}
  0x000001922eea5064: 0100 00e9 | 646e 4707 

  0x000001922eea506c: ;   {static_stub}
  0x000001922eea506c: 9048 bb00 | 0000 0000 

  0x000001922eea5074: ;   {runtime_call nmethod}
  0x000001922eea5074: 0000 00e9 | fbff ffff 

  0x000001922eea507c: ;   {static_stub}
  0x000001922eea507c: 9048 bb00 | 0000 0000 

  0x000001922eea5084: ;   {runtime_call nmethod}
  0x000001922eea5084: 0000 00e9 | fbff ffff 

  0x000001922eea508c: ;   {static_stub}
  0x000001922eea508c: 9048 bb00 | 0000 0000 

  0x000001922eea5094: ;   {runtime_call nmethod}
  0x000001922eea5094: 0000 00e9 | fbff ffff 

  0x000001922eea509c: ;   {static_stub}
  0x000001922eea509c: 9048 bb00 | 0000 0000 

  0x000001922eea50a4: ;   {runtime_call nmethod}
  0x000001922eea50a4: 0000 00e9 | fbff ffff 

  0x000001922eea50ac: ;   {static_stub}
  0x000001922eea50ac: 9048 bb00 | 0000 0000 

  0x000001922eea50b4: ;   {runtime_call nmethod}
  0x000001922eea50b4: 0000 00e9 | fbff ffff 

  0x000001922eea50bc: ;   {static_stub}
  0x000001922eea50bc: 9048 bb00 | 0000 0000 

  0x000001922eea50c4: ;   {runtime_call nmethod}
  0x000001922eea50c4: 0000 00e9 | fbff ffff 

  0x000001922eea50cc: ;   {static_stub}
  0x000001922eea50cc: 9048 bb00 | 0000 0000 

  0x000001922eea50d4: ;   {runtime_call nmethod}
  0x000001922eea50d4: 0000 00e9 | fbff ffff 

  0x000001922eea50dc: ;   {static_stub}
  0x000001922eea50dc: 9048 bb00 | 0000 0000 

  0x000001922eea50e4: ;   {runtime_call nmethod}
  0x000001922eea50e4: 0000 00e9 | fbff ffff 

  0x000001922eea50ec: ;   {static_stub}
  0x000001922eea50ec: 9048 bb00 | 0000 0000 

  0x000001922eea50f4: ;   {runtime_call nmethod}
  0x000001922eea50f4: 0000 00e9 | fbff ffff 

  0x000001922eea50fc: ;   {static_stub}
  0x000001922eea50fc: 9048 bb00 | 0000 0000 

  0x000001922eea5104: ;   {runtime_call nmethod}
  0x000001922eea5104: 0000 00e9 | fbff ffff 

  0x000001922eea510c: ;   {static_stub}
  0x000001922eea510c: 9048 bb00 | 0000 0000 

  0x000001922eea5114: ;   {runtime_call nmethod}
  0x000001922eea5114: 0000 00e9 | fbff ffff 

  0x000001922eea511c: ;   {static_stub}
  0x000001922eea511c: 9048 bb00 | 0000 0000 

  0x000001922eea5124: ;   {runtime_call nmethod}
  0x000001922eea5124: 0000 00e9 | fbff ffff 

  0x000001922eea512c: ;   {static_stub}
  0x000001922eea512c: 9048 bb00 | 0000 0000 

  0x000001922eea5134: ;   {runtime_call nmethod}
  0x000001922eea5134: 0000 00e9 | fbff ffff 

  0x000001922eea513c: ;   {static_stub}
  0x000001922eea513c: 9048 bb00 | 0000 0000 

  0x000001922eea5144: ;   {runtime_call nmethod}
  0x000001922eea5144: 0000 00e9 | fbff ffff 

  0x000001922eea514c: ;   {static_stub}
  0x000001922eea514c: 9048 bb00 | 0000 0000 

  0x000001922eea5154: ;   {runtime_call nmethod}
  0x000001922eea5154: 0000 00e9 | fbff ffff 

  0x000001922eea515c: ;   {static_stub}
  0x000001922eea515c: 9048 bb00 | 0000 0000 

  0x000001922eea5164: ;   {runtime_call nmethod}
  0x000001922eea5164: 0000 00e9 | fbff ffff 

  0x000001922eea516c: ;   {static_stub}
  0x000001922eea516c: 9048 bb00 | 0000 0000 

  0x000001922eea5174: ;   {runtime_call nmethod}
  0x000001922eea5174: 0000 00e9 | fbff ffff 

  0x000001922eea517c: ;   {static_stub}
  0x000001922eea517c: 9048 bb00 | 0000 0000 

  0x000001922eea5184: ;   {runtime_call nmethod}
  0x000001922eea5184: 0000 00e9 | fbff ffff 

  0x000001922eea518c: ;   {static_stub}
  0x000001922eea518c: 9048 bb00 | 0000 0000 

  0x000001922eea5194: ;   {runtime_call nmethod}
  0x000001922eea5194: 0000 00e9 | fbff ffff 

  0x000001922eea519c: ;   {static_stub}
  0x000001922eea519c: 9048 bb58 | b65e 4d92 

  0x000001922eea51a4: ;   {runtime_call I2C/C2I adapters}
  0x000001922eea51a4: 0100 00e9 | 246d 4707 

  0x000001922eea51ac: ;   {static_stub}
  0x000001922eea51ac: 9048 bb00 | 0000 0000 

  0x000001922eea51b4: ;   {runtime_call nmethod}
  0x000001922eea51b4: 0000 00e9 | fbff ffff 

  0x000001922eea51bc: ;   {static_stub}
  0x000001922eea51bc: 9048 bb00 | 0000 0000 

  0x000001922eea51c4: ;   {runtime_call nmethod}
  0x000001922eea51c4: 0000 00e9 | fbff ffff 

  0x000001922eea51cc: ;   {static_stub}
  0x000001922eea51cc: 9048 bb00 | 0000 0000 

  0x000001922eea51d4: ;   {runtime_call nmethod}
  0x000001922eea51d4: 0000 00e9 | fbff ffff 

  0x000001922eea51dc: ;   {static_stub}
  0x000001922eea51dc: 9048 bb00 | 0000 0000 

  0x000001922eea51e4: ;   {runtime_call nmethod}
  0x000001922eea51e4: 0000 00e9 | fbff ffff 

  0x000001922eea51ec: ;   {static_stub}
  0x000001922eea51ec: 9048 bb00 | 0000 0000 

  0x000001922eea51f4: ;   {runtime_call nmethod}
  0x000001922eea51f4: 0000 00e9 | fbff ffff 

  0x000001922eea51fc: ;   {static_stub}
  0x000001922eea51fc: 9048 bb00 | 0000 0000 

  0x000001922eea5204: ;   {runtime_call nmethod}
  0x000001922eea5204: 0000 00e9 | fbff ffff 

  0x000001922eea520c: ;   {static_stub}
  0x000001922eea520c: 9048 bb00 | 0000 0000 

  0x000001922eea5214: ;   {runtime_call nmethod}
  0x000001922eea5214: 0000 00e9 | fbff ffff 

  0x000001922eea521c: ;   {static_stub}
  0x000001922eea521c: 9048 bb00 | 0000 0000 

  0x000001922eea5224: ;   {runtime_call nmethod}
  0x000001922eea5224: 0000 00e9 | fbff ffff 

  0x000001922eea522c: ;   {static_stub}
  0x000001922eea522c: 9048 bb00 | 0000 0000 

  0x000001922eea5234: ;   {runtime_call nmethod}
  0x000001922eea5234: 0000 00e9 | fbff ffff 

  0x000001922eea523c: ;   {static_stub}
  0x000001922eea523c: 9048 bb00 | 0000 0000 

  0x000001922eea5244: ;   {runtime_call nmethod}
  0x000001922eea5244: 0000 00e9 | fbff ffff 

  0x000001922eea524c: ;   {static_stub}
  0x000001922eea524c: 9048 bb00 | 0000 0000 

  0x000001922eea5254: ;   {runtime_call nmethod}
  0x000001922eea5254: 0000 00e9 | fbff ffff 

  0x000001922eea525c: ;   {static_stub}
  0x000001922eea525c: 9048 bb08 | f699 4d92 

  0x000001922eea5264: ;   {runtime_call I2C/C2I adapters}
  0x000001922eea5264: 0100 00e9 | ce81 2207 

  0x000001922eea526c: ;   {static_stub}
  0x000001922eea526c: 9048 bb30 | fa99 4d92 

  0x000001922eea5274: ;   {runtime_call I2C/C2I adapters}
  0x000001922eea5274: 0100 00e9 | ce2a 5f07 

  0x000001922eea527c: ;   {static_stub}
  0x000001922eea527c: 9048 bb00 | 0000 0000 

  0x000001922eea5284: ;   {runtime_call nmethod}
  0x000001922eea5284: 0000 00e9 | fbff ffff 

  0x000001922eea528c: ;   {static_stub}
  0x000001922eea528c: 9048 bb00 | 0000 0000 

  0x000001922eea5294: ;   {runtime_call nmethod}
  0x000001922eea5294: 0000 00e9 | fbff ffff 

  0x000001922eea529c: ;   {static_stub}
  0x000001922eea529c: 9048 bb10 | f999 4d92 

  0x000001922eea52a4: ;   {runtime_call I2C/C2I adapters}
  0x000001922eea52a4: 0100 00e9 | 9e2a 5f07 

  0x000001922eea52ac: ;   {static_stub}
  0x000001922eea52ac: 9048 bb28 | f799 4d92 

  0x000001922eea52b4: ;   {runtime_call I2C/C2I adapters}
  0x000001922eea52b4: 0100 00e9 | 7e81 2207 

  0x000001922eea52bc: ;   {static_stub}
  0x000001922eea52bc: 9048 bb60 | a699 4d92 

  0x000001922eea52c4: ;   {runtime_call I2C/C2I adapters}
  0x000001922eea52c4: 0100 00e9 | 7539 2207 

  0x000001922eea52cc: ;   {static_stub}
  0x000001922eea52cc: 9048 bb08 | f699 4d92 

  0x000001922eea52d4: ;   {runtime_call I2C/C2I adapters}
  0x000001922eea52d4: 0100 00e9 | 5e81 2207 

  0x000001922eea52dc: ;   {static_stub}
  0x000001922eea52dc: 9048 bb00 | 0000 0000 

  0x000001922eea52e4: ;   {runtime_call nmethod}
  0x000001922eea52e4: 0000 00e9 | fbff ffff 

  0x000001922eea52ec: ;   {static_stub}
  0x000001922eea52ec: 9048 bb00 | 0000 0000 

  0x000001922eea52f4: ;   {runtime_call nmethod}
  0x000001922eea52f4: 0000 00e9 | fbff ffff 

  0x000001922eea52fc: ;   {static_stub}
  0x000001922eea52fc: 9048 bb00 | 0000 0000 

  0x000001922eea5304: ;   {runtime_call nmethod}
  0x000001922eea5304: 0000 00e9 | fbff ffff 

  0x000001922eea530c: ;   {static_stub}
  0x000001922eea530c: 9048 bb00 | 0000 0000 

  0x000001922eea5314: ;   {runtime_call nmethod}
  0x000001922eea5314: 0000 00e9 | fbff ffff 

  0x000001922eea531c: ;   {static_stub}
  0x000001922eea531c: 9048 bb28 | f799 4d92 

  0x000001922eea5324: ;   {runtime_call I2C/C2I adapters}
  0x000001922eea5324: 0100 00e9 | 0e81 2207 

  0x000001922eea532c: ;   {static_stub}
  0x000001922eea532c: 9048 bb00 | 0000 0000 

  0x000001922eea5334: ;   {runtime_call nmethod}
  0x000001922eea5334: 0000 00e9 | fbff ffff 

  0x000001922eea533c: ;   {static_stub}
  0x000001922eea533c: 9048 bb08 | f699 4d92 

  0x000001922eea5344: ;   {runtime_call I2C/C2I adapters}
  0x000001922eea5344: 0100 00e9 | ee80 2207 

  0x000001922eea534c: ;   {static_stub}
  0x000001922eea534c: 9048 bb00 | 0000 0000 

  0x000001922eea5354: ;   {runtime_call nmethod}
  0x000001922eea5354: 0000 00e9 | fbff ffff 

  0x000001922eea535c: ;   {static_stub}
  0x000001922eea535c: 9048 bb00 | 0000 0000 

  0x000001922eea5364: ;   {runtime_call nmethod}
  0x000001922eea5364: 0000 00e9 | fbff ffff 

  0x000001922eea536c: ;   {static_stub}
  0x000001922eea536c: 9048 bb00 | 0000 0000 

  0x000001922eea5374: ;   {runtime_call nmethod}
  0x000001922eea5374: 0000 00e9 | fbff ffff 

  0x000001922eea537c: ;   {static_stub}
  0x000001922eea537c: 9048 bb00 | 0000 0000 

  0x000001922eea5384: ;   {runtime_call nmethod}
  0x000001922eea5384: 0000 00e9 | fbff ffff 

  0x000001922eea538c: ;   {static_stub}
  0x000001922eea538c: 9048 bb00 | 0000 0000 

  0x000001922eea5394: ;   {runtime_call nmethod}
  0x000001922eea5394: 0000 00e9 | fbff ffff 

  0x000001922eea539c: ;   {static_stub}
  0x000001922eea539c: 9048 bb00 | 0000 0000 

  0x000001922eea53a4: ;   {runtime_call nmethod}
  0x000001922eea53a4: 0000 00e9 | fbff ffff 

  0x000001922eea53ac: ;   {static_stub}
  0x000001922eea53ac: 9048 bb00 | 0000 0000 

  0x000001922eea53b4: ;   {runtime_call nmethod}
  0x000001922eea53b4: 0000 00e9 | fbff ffff 

  0x000001922eea53bc: ;   {static_stub}
  0x000001922eea53bc: 9048 bb00 | 0000 0000 

  0x000001922eea53c4: ;   {runtime_call nmethod}
  0x000001922eea53c4: 0000 00e9 | fbff ffff 

  0x000001922eea53cc: ;   {static_stub}
  0x000001922eea53cc: 9048 bb00 | 0000 0000 

  0x000001922eea53d4: ;   {runtime_call nmethod}
  0x000001922eea53d4: 0000 00e9 | fbff ffff 

  0x000001922eea53dc: ;   {static_stub}
  0x000001922eea53dc: 9048 bb00 | 0000 0000 

  0x000001922eea53e4: ;   {runtime_call nmethod}
  0x000001922eea53e4: 0000 00e9 | fbff ffff 

  0x000001922eea53ec: ;   {static_stub}
  0x000001922eea53ec: 9048 bbc0 | a799 4d92 

  0x000001922eea53f4: ;   {runtime_call I2C/C2I adapters}
  0x000001922eea53f4: 0100 00e9 | b6dc 2407 

  0x000001922eea53fc: ;   {static_stub}
  0x000001922eea53fc: 9048 bb00 | 0000 0000 

  0x000001922eea5404: ;   {runtime_call nmethod}
  0x000001922eea5404: 0000 00e9 | fbff ffff 

  0x000001922eea540c: ;   {static_stub}
  0x000001922eea540c: 9048 bb00 | 0000 0000 

  0x000001922eea5414: ;   {runtime_call nmethod}
  0x000001922eea5414: 0000 00e9 | fbff ffff 

  0x000001922eea541c: ;   {static_stub}
  0x000001922eea541c: 48bb 0000 | 0000 0000 

  0x000001922eea5424: ;   {runtime_call nmethod}
  0x000001922eea5424: 0000 e9fb 

  0x000001922eea5428: ;   {static_stub}
  0x000001922eea5428: ffff ff48 | bb00 0000 | 0000 0000 

  0x000001922eea5434: ;   {runtime_call nmethod}
  0x000001922eea5434: 00e9 fbff 

  0x000001922eea5438: ;   {static_stub}
  0x000001922eea5438: ffff 48bb | 0000 0000 | 0000 0000 

  0x000001922eea5444: ;   {runtime_call nmethod}
  0x000001922eea5444: e9fb ffff 

  0x000001922eea5448: ;   {static_stub}
  0x000001922eea5448: ff48 bb00 | 0000 0000 

  0x000001922eea5450: ;   {runtime_call nmethod}
  0x000001922eea5450: 0000 00e9 | fbff ffff 

  0x000001922eea5458: ;   {static_stub}
  0x000001922eea5458: 48bb 0000 | 0000 0000 

  0x000001922eea5460: ;   {runtime_call nmethod}
  0x000001922eea5460: 0000 e9fb 

  0x000001922eea5464: ;   {static_stub}
  0x000001922eea5464: ffff ff48 | bb00 0000 | 0000 0000 

  0x000001922eea5470: ;   {runtime_call nmethod}
  0x000001922eea5470: 00e9 fbff 

  0x000001922eea5474: ;   {static_stub}
  0x000001922eea5474: ffff 48bb | 38eb 774d | 9201 0000 

  0x000001922eea5480: ;   {runtime_call I2C/C2I adapters}
  0x000001922eea5480: e9b0 4724 

  0x000001922eea5484: ;   {static_stub}
  0x000001922eea5484: 0748 bb00 | 0000 0000 

  0x000001922eea548c: ;   {runtime_call nmethod}
  0x000001922eea548c: 0000 00e9 | fbff ffff 

  0x000001922eea5494: ;   {static_stub}
  0x000001922eea5494: 48bb 0000 | 0000 0000 

  0x000001922eea549c: ;   {runtime_call nmethod}
  0x000001922eea549c: 0000 e9fb 

  0x000001922eea54a0: ;   {static_stub}
  0x000001922eea54a0: ffff ff48 | bb00 0000 | 0000 0000 

  0x000001922eea54ac: ;   {runtime_call nmethod}
  0x000001922eea54ac: 00e9 fbff 

  0x000001922eea54b0: ;   {static_stub}
  0x000001922eea54b0: ffff 48bb | 0000 0000 | 0000 0000 

  0x000001922eea54bc: ;   {runtime_call nmethod}
  0x000001922eea54bc: e9fb ffff 

  0x000001922eea54c0: ;   {static_stub}
  0x000001922eea54c0: ff48 bb00 | 0000 0000 

  0x000001922eea54c8: ;   {runtime_call nmethod}
  0x000001922eea54c8: 0000 00e9 | fbff ffff 

  0x000001922eea54d0: ;   {static_stub}
  0x000001922eea54d0: 48bb 0000 | 0000 0000 

  0x000001922eea54d8: ;   {runtime_call nmethod}
  0x000001922eea54d8: 0000 e9fb 

  0x000001922eea54dc: ;   {static_stub}
  0x000001922eea54dc: ffff ff48 | bb00 0000 | 0000 0000 

  0x000001922eea54e8: ;   {runtime_call nmethod}
  0x000001922eea54e8: 00e9 fbff 

  0x000001922eea54ec: ;   {static_stub}
  0x000001922eea54ec: ffff 48bb | 0000 0000 | 0000 0000 

  0x000001922eea54f8: ;   {runtime_call nmethod}
  0x000001922eea54f8: e9fb ffff 

  0x000001922eea54fc: ;   {static_stub}
  0x000001922eea54fc: ff48 bb00 | 0000 0000 

  0x000001922eea5504: ;   {runtime_call nmethod}
  0x000001922eea5504: 0000 00e9 | fbff ffff 

  0x000001922eea550c: ;   {static_stub}
  0x000001922eea550c: 48bb 8838 | 1b1f 0000 

  0x000001922eea5514: ;   {runtime_call I2C/C2I adapters}
  0x000001922eea5514: 0000 e996 

  0x000001922eea5518: ;   {static_stub}
  0x000001922eea5518: d524 0748 | bb00 0000 | 0000 0000 

  0x000001922eea5524: ;   {runtime_call nmethod}
  0x000001922eea5524: 00e9 fbff 

  0x000001922eea5528: ;   {static_stub}
  0x000001922eea5528: ffff 48bb | 0000 0000 | 0000 0000 

  0x000001922eea5534: ;   {runtime_call nmethod}
  0x000001922eea5534: e9fb ffff 

  0x000001922eea5538: ;   {static_stub}
  0x000001922eea5538: ff48 bb00 | 0000 0000 

  0x000001922eea5540: ;   {runtime_call nmethod}
  0x000001922eea5540: 0000 00e9 | fbff ffff 

  0x000001922eea5548: ;   {static_stub}
  0x000001922eea5548: 48bb 0000 | 0000 0000 

  0x000001922eea5550: ;   {runtime_call nmethod}
  0x000001922eea5550: 0000 e9fb 

  0x000001922eea5554: ;   {runtime_call C1 Runtime handle_exception_from_callee_blob}
  0x000001922eea5554: ffff ffe8 | 8470 3207 

  0x000001922eea555c: ;   {external_word}
  0x000001922eea555c: 48b9 2872 | 2902 f87f | 0000 4883 

  0x000001922eea5568: ;   {runtime_call}
  0x000001922eea5568: e4f0 48b8 | 30e5 ea01 | f87f 0000 

  0x000001922eea5574: ;   {runtime_call DeoptimizationBlob}
  0x000001922eea5574: ffd0 f4e8 | 64b7 2407 
[Deopt Handler Entry Point]
  0x000001922eea557c: ebf9 f4f4 
[/MachCode]


---------------  P R O C E S S  ---------------

Threads class SMR info:
_java_thread_list=0x0000019265784300, length=34, elements={
0x0000019225fa16e0, 0x000001924bb786b0, 0x000001924bb79fc0, 0x000001924bb7e640,
0x000001924bb80330, 0x000001924bb83cc0, 0x000001924bb8f6c0, 0x000001924bbb5270,
0x000001924bbb65e0, 0x000001924c1e58d0, 0x000001924c210640, 0x000001924c388e50,
0x000001924c41f9d0, 0x000001924c41b6b0, 0x000001924cad3cc0, 0x000001924c1cc470,
0x0000019251bd94c0, 0x0000019251be1c90, 0x0000019251be2440, 0x0000019251be2bf0,
0x0000019251da8c50, 0x0000019251da7cb0, 0x0000019251dac300, 0x0000019251e076b0,
0x0000019251daab90, 0x0000019251dab360, 0x0000019251dae240, 0x0000019251daea10,
0x0000019251b4be40, 0x000001926511e610, 0x000001926511cea0, 0x000001926511f5b0,
0x000001926511bf00, 0x0000019251e0af20
}

Java Threads: ( => current thread )
=>0x0000019225fa16e0 JavaThread "main"                              [_thread_in_native, id=21308, stack(0x000000297a100000,0x000000297a200000) (1024K)]
  0x000001924bb786b0 JavaThread "Reference Handler"          daemon [_thread_blocked, id=13424, stack(0x000000297aa00000,0x000000297ab00000) (1024K)]
  0x000001924bb79fc0 JavaThread "Finalizer"                  daemon [_thread_blocked, id=14288, stack(0x000000297ab00000,0x000000297ac00000) (1024K)]
  0x000001924bb7e640 JavaThread "Signal Dispatcher"          daemon [_thread_blocked, id=13580, stack(0x000000297ac00000,0x000000297ad00000) (1024K)]
  0x000001924bb80330 JavaThread "Attach Listener"            daemon [_thread_blocked, id=20712, stack(0x000000297ad00000,0x000000297ae00000) (1024K)]
  0x000001924bb83cc0 JavaThread "Service Thread"             daemon [_thread_blocked, id=16816, stack(0x000000297ae00000,0x000000297af00000) (1024K)]
  0x000001924bb8f6c0 JavaThread "Monitor Deflation Thread"   daemon [_thread_blocked, id=19896, stack(0x000000297af00000,0x000000297b000000) (1024K)]
  0x000001924bbb5270 JavaThread "C2 CompilerThread0"         daemon [_thread_blocked, id=6124, stack(0x000000297b000000,0x000000297b100000) (1024K)]
  0x000001924bbb65e0 JavaThread "C1 CompilerThread0"         daemon [_thread_blocked, id=20864, stack(0x000000297b100000,0x000000297b200000) (1024K)]
  0x000001924c1e58d0 JavaThread "C1 CompilerThread1"         daemon [_thread_blocked, id=12160, stack(0x000000297b200000,0x000000297b300000) (1024K)]
  0x000001924c210640 JavaThread "C1 CompilerThread2"         daemon [_thread_blocked, id=2860, stack(0x000000297b300000,0x000000297b400000) (1024K)]
  0x000001924c388e50 JavaThread "Common-Cleaner"             daemon [_thread_blocked, id=13136, stack(0x000000297b500000,0x000000297b600000) (1024K)]
  0x000001924c41f9d0 JavaThread "Monitor Ctrl-Break"         daemon [_thread_in_native, id=21068, stack(0x000000297b600000,0x000000297b700000) (1024K)]
  0x000001924c41b6b0 JavaThread "Notification Thread"        daemon [_thread_blocked, id=3536, stack(0x000000297b700000,0x000000297b800000) (1024K)]
  0x000001924cad3cc0 JavaThread "InnocuousThread-1"          daemon [_thread_blocked, id=12408, stack(0x000000297bb00000,0x000000297bc00000) (1024K)]
  0x000001924c1cc470 JavaThread "C1 CompilerThread3"         daemon [_thread_blocked, id=17324, stack(0x000000297b400000,0x000000297b500000) (1024K)]
  0x0000019251bd94c0 JavaThread "pool-1-thread-1"                   [_thread_in_Java, id=19052, stack(0x000000297d200000,0x000000297d300000) (1024K)]
  0x0000019251be1c90 JavaThread "pool-1-thread-2"                   [_thread_in_Java, id=5364, stack(0x000000297d300000,0x000000297d400000) (1024K)]
  0x0000019251be2440 JavaThread "pool-1-thread-3"                   [_thread_in_Java, id=16656, stack(0x000000297d400000,0x000000297d500000) (1024K)]
  0x0000019251be2bf0 JavaThread "pool-1-thread-4"                   [_thread_in_Java, id=20668, stack(0x000000297d500000,0x000000297d600000) (1024K)]
  0x0000019251da8c50 JavaThread "pool-2-thread-1"                   [_thread_blocked, id=9772, stack(0x000000297cf00000,0x000000297d000000) (1024K)]
  0x0000019251da7cb0 JavaThread "pool-2-thread-2"                   [_thread_blocked, id=15868, stack(0x000000297d600000,0x000000297d700000) (1024K)]
  0x0000019251dac300 JavaThread "pool-2-thread-3"                   [_thread_blocked, id=6568, stack(0x000000297d700000,0x000000297d800000) (1024K)]
  0x0000019251e076b0 JavaThread "C2 CompilerThread1"         daemon [_thread_blocked, id=19292, stack(0x000000297dd00000,0x000000297de00000) (1024K)]
  0x0000019251daab90 JavaThread "pool-2-thread-4"                   [_thread_blocked, id=15844, stack(0x000000297de00000,0x000000297df00000) (1024K)]
  0x0000019251dab360 JavaThread "pool-2-thread-5"                   [_thread_blocked, id=21384, stack(0x000000297df00000,0x000000297e000000) (1024K)]
  0x0000019251dae240 JavaThread "pool-2-thread-6"                   [_thread_blocked, id=3212, stack(0x000000297e000000,0x000000297e100000) (1024K)]
  0x0000019251daea10 JavaThread "pool-2-thread-7"                   [_thread_blocked, id=3460, stack(0x000000297e100000,0x000000297e200000) (1024K)]
  0x0000019251b4be40 JavaThread "pool-2-thread-8"                   [_thread_blocked, id=20056, stack(0x000000297e200000,0x000000297e300000) (1024K)]
  0x000001926511e610 JavaThread "pool-2-thread-9"                   [_thread_blocked, id=3924, stack(0x000000297e300000,0x000000297e400000) (1024K)]
  0x000001926511cea0 JavaThread "pool-2-thread-10"                  [_thread_blocked, id=4808, stack(0x000000297e700000,0x000000297e800000) (1024K)]
  0x000001926511f5b0 JavaThread "pool-2-thread-11"                  [_thread_blocked, id=17848, stack(0x000000297e800000,0x000000297e900000) (1024K)]
  0x000001926511bf00 JavaThread "pool-2-thread-12"                  [_thread_blocked, id=9252, stack(0x000000297e900000,0x000000297ea00000) (1024K)]
  0x0000019251e0af20 JavaThread "C2 CompilerThread2"         daemon [_thread_blocked, id=15828, stack(0x000000297ea00000,0x000000297eb00000) (1024K)]
Total: 34

Other Threads:
  0x000001924bb68080 VMThread "VM Thread"                           [id=18232, stack(0x000000297a900000,0x000000297aa00000) (1024K)]
  0x000001924bb57da0 WatcherThread "VM Periodic Task Thread"        [id=10944, stack(0x000000297a800000,0x000000297a900000) (1024K)]
  0x000001922600f2a0 WorkerThread "GC Thread#0"                     [id=9824, stack(0x000000297a200000,0x000000297a300000) (1024K)]
  0x000001924c5507f0 WorkerThread "GC Thread#1"                     [id=15716, stack(0x000000297b800000,0x000000297b900000) (1024K)]
  0x00000192517a7690 WorkerThread "GC Thread#2"                     [id=10220, stack(0x000000297c300000,0x000000297c400000) (1024K)]
  0x000001924ca563f0 WorkerThread "GC Thread#3"                     [id=17676, stack(0x000000297c400000,0x000000297c500000) (1024K)]
  0x000001924ca54e60 WorkerThread "GC Thread#4"                     [id=10020, stack(0x000000297c500000,0x000000297c600000) (1024K)]
  0x00000192650b96a0 WorkerThread "GC Thread#5"                     [id=14880, stack(0x000000297d800000,0x000000297d900000) (1024K)]
  0x00000192650bb920 WorkerThread "GC Thread#6"                     [id=3144, stack(0x000000297d900000,0x000000297da00000) (1024K)]
  0x00000192650bbd70 WorkerThread "GC Thread#7"                     [id=21200, stack(0x000000297da00000,0x000000297db00000) (1024K)]
  0x00000192650b9250 WorkerThread "GC Thread#8"                     [id=11988, stack(0x000000297db00000,0x000000297dc00000) (1024K)]
  0x00000192650b9af0 WorkerThread "GC Thread#9"                     [id=12212, stack(0x000000297dc00000,0x000000297dd00000) (1024K)]
  0x00000192650bac30 WorkerThread "GC Thread#10"                    [id=5204, stack(0x000000297e400000,0x000000297e500000) (1024K)]
  0x00000192650b89b0 WorkerThread "GC Thread#11"                    [id=6780, stack(0x000000297e500000,0x000000297e600000) (1024K)]
  0x00000192650bca60 WorkerThread "GC Thread#12"                    [id=3656, stack(0x000000297e600000,0x000000297e700000) (1024K)]
  0x0000019223ccde10 ConcurrentGCThread "G1 Main Marker"            [id=17416, stack(0x000000297a300000,0x000000297a400000) (1024K)]
  0x0000019223cce990 WorkerThread "G1 Conc#0"                       [id=19688, stack(0x000000297a400000,0x000000297a500000) (1024K)]
  0x000001924c5290e0 WorkerThread "G1 Conc#1"                       [id=20800, stack(0x000000297b900000,0x000000297ba00000) (1024K)]
  0x000001924cc3f660 WorkerThread "G1 Conc#2"                       [id=4948, stack(0x000000297ba00000,0x000000297bb00000) (1024K)]
  0x000001922605a8b0 WorkerThread "G1 Refinement Workers#0"         [id=21448, stack(0x000000297a600000,0x000000297a700000) (1024K)]
  0x0000019226059830 ConcurrentGCThread "G1 Refine Control"         [id=15984, stack(0x000000297a500000,0x000000297a600000) (1024K)]
  0x000001924ba2bb20 ConcurrentGCThread "G1 Service"                [id=8308, stack(0x000000297a700000,0x000000297a800000) (1024K)]
Total: 22

Threads with active compile tasks:
Total: 0

VM state: not at safepoint (normal execution)

VM Mutex/Monitor currently owned by a thread: None

Heap address: 0x000000060d400000, size: 7980 MB, Compressed Oops mode: Zero based, Oop shift amount: 3

CDS archive(s) mapped at: [0x000000001f000000-0x000000001fde0000-0x000000001fde0000), size 14548992, SharedBaseAddress: 0x000000001f000000, ArchiveRelocationMode: 1.
Compressed class space mapped at: 0x0000000020000000-0x0000000060000000, reserved size: 1073741824
UseCompressedClassPointers 1, UseCompactObjectHeaders 0
Narrow klass pointer bits 32, Max shift 3
Narrow klass base: 0x000000001f000000, Narrow klass shift: 0
Encoding Range: [0x000000001f000000 - 0x000000011f000000), (4294967296 bytes)
Klass Range:    [0x000000001f000000 - 0x0000000060000000), (1090519040 bytes)
Klass ID Range:  [8 - 1090519033) (1090519025)
Protection zone: [0x000000001f000000 - 0x000000001f010000), (65536 bytes)

GC Precious Log:
 CardTable entry size: 512
 Card Set container configuration: InlinePtr #cards 4 size 8 Array Of Cards #cards 32 size 80 Howl #buckets 8 coarsen threshold 7372 Howl Bitmap #cards 1024 size 144 coarsen threshold 921 Card regions per heap region 1 cards per card region 8192
 CPUs: 16 total, 16 available
 Memory: 31913M
 Large Page Support: Disabled
 NUMA Support: Disabled
 Compressed Oops: Enabled (Zero based)
 Heap Region Size: 4M
 Heap Min Capacity: 8M
 Heap Initial Capacity: 8M
 Heap Max Capacity: 7980M
 Pre-touch: Disabled
 Parallel Workers: 13
 Concurrent Workers: 3
 Concurrent Refinement Workers: 13
 Periodic GC: Disabled

Heap:
 garbage-first heap   total reserved 8171520K, committed 1261568K, used 432117K [0x000000060d400000, 0x0000000800000000)
  region size 4M, 36 eden (144M), 10 survivor (40M), 8 old (32M), 54 humongous (216M), 200 free (800M)

Heap Regions: E=young(eden), S=young(survivor), O=old, HS=humongous(starts), HC=humongous(continues), CS=collection set, F=free, TAMS=top-at-mark-start, PB=parsable bottom
|    0|0x000000060d400000, 0x000000060d800000, 0x000000060d800000|100%| O|  |TAMS 0x000000060d400000| PB 0x000000060d400000| Untracked |  0
|    1|0x000000060d800000, 0x000000060dc00000, 0x000000060dc00000|100%| O|  |TAMS 0x000000060d800000| PB 0x000000060d800000| Untracked |  0
|    2|0x000000060dc00000, 0x000000060e000000, 0x000000060e000000|100%| O|  |TAMS 0x000000060dc00000| PB 0x000000060dc00000| Untracked |  0
|    3|0x000000060e000000, 0x000000060e400000, 0x000000060e400000|100%|HS|  |TAMS 0x000000060e000000| PB 0x000000060e000000| Complete  |  0
|    4|0x000000060e400000, 0x000000060e800000, 0x000000060e800000|100%| O|  |TAMS 0x000000060e400000| PB 0x000000060e400000| Untracked |  0
|    5|0x000000060e800000, 0x000000060ec00000, 0x000000060ec00000|100%|HS|  |TAMS 0x000000060e800000| PB 0x000000060e800000| Complete  |  0
|    6|0x000000060ec00000, 0x000000060f000000, 0x000000060f000000|100%|HC|  |TAMS 0x000000060ec00000| PB 0x000000060ec00000| Complete  |  0
|    7|0x000000060f000000, 0x000000060f400000, 0x000000060f400000|100%|HS|  |TAMS 0x000000060f000000| PB 0x000000060f000000| Complete  |  0
|    8|0x000000060f400000, 0x000000060f800000, 0x000000060f800000|100%|HS|  |TAMS 0x000000060f400000| PB 0x000000060f400000| Complete  |  0
|    9|0x000000060f800000, 0x000000060fc00000, 0x000000060fc00000|100%|HS|  |TAMS 0x000000060f800000| PB 0x000000060f800000| Complete  |  0
|   10|0x000000060fc00000, 0x0000000610000000, 0x0000000610000000|100%|HC|  |TAMS 0x000000060fc00000| PB 0x000000060fc00000| Complete  |  0
|   11|0x0000000610000000, 0x0000000610400000, 0x0000000610400000|100%|HS|  |TAMS 0x0000000610000000| PB 0x0000000610000000| Complete  |  0
|   12|0x0000000610400000, 0x0000000610800000, 0x0000000610800000|100%|HS|  |TAMS 0x0000000610400000| PB 0x0000000610400000| Complete  |  0
|   13|0x0000000610800000, 0x0000000610c00000, 0x0000000610c00000|100%|HS|  |TAMS 0x0000000610800000| PB 0x0000000610800000| Complete  |  0
|   14|0x0000000610c00000, 0x0000000611000000, 0x0000000611000000|100%|HC|  |TAMS 0x0000000610c00000| PB 0x0000000610c00000| Complete  |  0
|   15|0x0000000611000000, 0x0000000611400000, 0x0000000611400000|100%|HS|  |TAMS 0x0000000611000000| PB 0x0000000611000000| Complete  |  0
|   16|0x0000000611400000, 0x0000000611800000, 0x0000000611800000|100%|HS|  |TAMS 0x0000000611400000| PB 0x0000000611400000| Complete  |  0
|   17|0x0000000611800000, 0x0000000611c00000, 0x0000000611c00000|100%|HC|  |TAMS 0x0000000611800000| PB 0x0000000611800000| Complete  |  0
|   18|0x0000000611c00000, 0x0000000612000000, 0x0000000612000000|100%|HS|  |TAMS 0x0000000611c00000| PB 0x0000000611c00000| Complete  |  0
|   19|0x0000000612000000, 0x0000000612400000, 0x0000000612400000|100%|HS|  |TAMS 0x0000000612000000| PB 0x0000000612000000| Complete  |  0
|   20|0x0000000612400000, 0x0000000612800000, 0x0000000612800000|100%|HS|  |TAMS 0x0000000612400000| PB 0x0000000612400000| Complete  |  0
|   21|0x0000000612800000, 0x0000000612c00000, 0x0000000612c00000|100%|HC|  |TAMS 0x0000000612800000| PB 0x0000000612800000| Complete  |  0
|   22|0x0000000612c00000, 0x0000000613000000, 0x0000000613000000|100%|HS|  |TAMS 0x0000000612c00000| PB 0x0000000612c00000| Complete  |  0
|   23|0x0000000613000000, 0x0000000613400000, 0x0000000613400000|100%|HS|  |TAMS 0x0000000613000000| PB 0x0000000613000000| Complete  |  0
|   24|0x0000000613400000, 0x0000000613800000, 0x0000000613800000|100%|HS|  |TAMS 0x0000000613400000| PB 0x0000000613400000| Complete  |  0
|   25|0x0000000613800000, 0x0000000613c00000, 0x0000000613c00000|100%|HS|  |TAMS 0x0000000613800000| PB 0x0000000613800000| Complete  |  0
|   26|0x0000000613c00000, 0x0000000614000000, 0x0000000614000000|100%|HC|  |TAMS 0x0000000613c00000| PB 0x0000000613c00000| Complete  |  0
|   27|0x0000000614000000, 0x0000000614400000, 0x0000000614400000|100%|HS|  |TAMS 0x0000000614000000| PB 0x0000000614000000| Complete  |  0
|   28|0x0000000614400000, 0x0000000614800000, 0x0000000614800000|100%|HS|  |TAMS 0x0000000614400000| PB 0x0000000614400000| Complete  |  0
|   29|0x0000000614800000, 0x0000000614c00000, 0x0000000614c00000|100%|HC|  |TAMS 0x0000000614800000| PB 0x0000000614800000| Complete  |  0
|   30|0x0000000614c00000, 0x0000000615000000, 0x0000000615000000|100%|HS|  |TAMS 0x0000000614c00000| PB 0x0000000614c00000| Complete  |  0
|   31|0x0000000615000000, 0x0000000615400000, 0x0000000615400000|100%|HS|  |TAMS 0x0000000615000000| PB 0x0000000615000000| Complete  |  0
|   32|0x0000000615400000, 0x0000000615800000, 0x0000000615800000|100%|HS|  |TAMS 0x0000000615400000| PB 0x0000000615400000| Complete  |  0
|   33|0x0000000615800000, 0x0000000615c00000, 0x0000000615c00000|100%|HS|  |TAMS 0x0000000615800000| PB 0x0000000615800000| Complete  |  0
|   34|0x0000000615c00000, 0x0000000616000000, 0x0000000616000000|100%|HC|  |TAMS 0x0000000615c00000| PB 0x0000000615c00000| Complete  |  0
|   35|0x0000000616000000, 0x0000000616400000, 0x0000000616400000|100%|HS|  |TAMS 0x0000000616000000| PB 0x0000000616000000| Complete  |  0
|   36|0x0000000616400000, 0x0000000616800000, 0x0000000616800000|100%|HS|  |TAMS 0x0000000616400000| PB 0x0000000616400000| Complete  |  0
|   37|0x0000000616800000, 0x0000000616c00000, 0x0000000616c00000|100%|HC|  |TAMS 0x0000000616800000| PB 0x0000000616800000| Complete  |  0
|   38|0x0000000616c00000, 0x0000000617000000, 0x0000000617000000|100%|HS|  |TAMS 0x0000000616c00000| PB 0x0000000616c00000| Complete  |  0
|   39|0x0000000617000000, 0x0000000617400000, 0x0000000617400000|100%|HS|  |TAMS 0x0000000617000000| PB 0x0000000617000000| Complete  |  0
|   40|0x0000000617400000, 0x0000000617800000, 0x0000000617800000|100%|HS|  |TAMS 0x0000000617400000| PB 0x0000000617400000| Complete  |  0
|   41|0x0000000617800000, 0x0000000617c00000, 0x0000000617c00000|100%|HC|  |TAMS 0x0000000617800000| PB 0x0000000617800000| Complete  |  0
|   42|0x0000000617c00000, 0x0000000618000000, 0x0000000618000000|100%|HS|  |TAMS 0x0000000617c00000| PB 0x0000000617c00000| Complete  |  0
|   43|0x0000000618000000, 0x0000000618400000, 0x0000000618400000|100%|HS|  |TAMS 0x0000000618000000| PB 0x0000000618000000| Complete  |  0
|   44|0x0000000618400000, 0x0000000618800000, 0x0000000618800000|100%|HS|  |TAMS 0x0000000618400000| PB 0x0000000618400000| Complete  |  0
|   45|0x0000000618800000, 0x0000000618c00000, 0x0000000618c00000|100%|HS|  |TAMS 0x0000000618800000| PB 0x0000000618800000| Complete  |  0
|   46|0x0000000618c00000, 0x0000000619000000, 0x0000000619000000|100%|HC|  |TAMS 0x0000000618c00000| PB 0x0000000618c00000| Complete  |  0
|   47|0x0000000619000000, 0x0000000619400000, 0x0000000619400000|100%|HS|  |TAMS 0x0000000619000000| PB 0x0000000619000000| Complete  |  0
|   48|0x0000000619400000, 0x0000000619800000, 0x0000000619800000|100%|HS|  |TAMS 0x0000000619400000| PB 0x0000000619400000| Complete  |  0
|   49|0x0000000619800000, 0x0000000619c00000, 0x0000000619c00000|100%|HC|  |TAMS 0x0000000619800000| PB 0x0000000619800000| Complete  |  0
|   50|0x0000000619c00000, 0x000000061a000000, 0x000000061a000000|100%|HS|  |TAMS 0x0000000619c00000| PB 0x0000000619c00000| Complete  |  0
|   51|0x000000061a000000, 0x000000061a400000, 0x000000061a400000|100%|HS|  |TAMS 0x000000061a000000| PB 0x000000061a000000| Complete  |  0
|   52|0x000000061a400000, 0x000000061a800000, 0x000000061a800000|100%|HS|  |TAMS 0x000000061a400000| PB 0x000000061a400000| Complete  |  0
|   53|0x000000061a800000, 0x000000061a800000, 0x000000061ac00000|  0%| F|  |TAMS 0x000000061a800000| PB 0x000000061a800000| Untracked |  0
|   54|0x000000061ac00000, 0x000000061ac00000, 0x000000061b000000|  0%| F|  |TAMS 0x000000061ac00000| PB 0x000000061ac00000| Untracked |  0
|   55|0x000000061b000000, 0x000000061b000000, 0x000000061b400000|  0%| F|  |TAMS 0x000000061b000000| PB 0x000000061b000000| Untracked |  0
|   56|0x000000061b400000, 0x000000061b400000, 0x000000061b800000|  0%| F|  |TAMS 0x000000061b400000| PB 0x000000061b400000| Untracked |  0
|   57|0x000000061b800000, 0x000000061b800000, 0x000000061bc00000|  0%| F|  |TAMS 0x000000061b800000| PB 0x000000061b800000| Untracked |  0
|   58|0x000000061bc00000, 0x000000061bc00000, 0x000000061c000000|  0%| F|  |TAMS 0x000000061bc00000| PB 0x000000061bc00000| Untracked |  0
|   59|0x000000061c000000, 0x000000061c000000, 0x000000061c400000|  0%| F|  |TAMS 0x000000061c000000| PB 0x000000061c000000| Untracked |  0
|   60|0x000000061c400000, 0x000000061c400000, 0x000000061c800000|  0%| F|  |TAMS 0x000000061c400000| PB 0x000000061c400000| Untracked |  0
|   61|0x000000061c800000, 0x000000061c800000, 0x000000061cc00000|  0%| F|  |TAMS 0x000000061c800000| PB 0x000000061c800000| Untracked |  0
|   62|0x000000061cc00000, 0x000000061cc00000, 0x000000061d000000|  0%| F|  |TAMS 0x000000061cc00000| PB 0x000000061cc00000| Untracked |  0
|   63|0x000000061d000000, 0x000000061d000000, 0x000000061d400000|  0%| F|  |TAMS 0x000000061d000000| PB 0x000000061d000000| Untracked |  0
|   64|0x000000061d400000, 0x000000061d400000, 0x000000061d800000|  0%| F|  |TAMS 0x000000061d400000| PB 0x000000061d400000| Untracked |  0
|   65|0x000000061d800000, 0x000000061d800000, 0x000000061dc00000|  0%| F|  |TAMS 0x000000061d800000| PB 0x000000061d800000| Untracked |  0
|   66|0x000000061dc00000, 0x000000061dc00000, 0x000000061e000000|  0%| F|  |TAMS 0x000000061dc00000| PB 0x000000061dc00000| Untracked |  0
|   67|0x000000061e000000, 0x000000061e000000, 0x000000061e400000|  0%| F|  |TAMS 0x000000061e000000| PB 0x000000061e000000| Untracked |  0
|   68|0x000000061e400000, 0x000000061e400000, 0x000000061e800000|  0%| F|  |TAMS 0x000000061e400000| PB 0x000000061e400000| Untracked |  0
|   69|0x000000061e800000, 0x000000061e800000, 0x000000061ec00000|  0%| F|  |TAMS 0x000000061e800000| PB 0x000000061e800000| Untracked |  0
|   70|0x000000061ec00000, 0x000000061ec00000, 0x000000061f000000|  0%| F|  |TAMS 0x000000061ec00000| PB 0x000000061ec00000| Untracked |  0
|   71|0x000000061f000000, 0x000000061f000000, 0x000000061f400000|  0%| F|  |TAMS 0x000000061f000000| PB 0x000000061f000000| Untracked |  0
|   72|0x000000061f400000, 0x000000061f400000, 0x000000061f800000|  0%| F|  |TAMS 0x000000061f400000| PB 0x000000061f400000| Untracked |  0
|   73|0x000000061f800000, 0x000000061f800000, 0x000000061fc00000|  0%| F|  |TAMS 0x000000061f800000| PB 0x000000061f800000| Untracked |  0
|   74|0x000000061fc00000, 0x000000061fc00000, 0x0000000620000000|  0%| F|  |TAMS 0x000000061fc00000| PB 0x000000061fc00000| Untracked |  0
|   75|0x0000000620000000, 0x0000000620000000, 0x0000000620400000|  0%| F|  |TAMS 0x0000000620000000| PB 0x0000000620000000| Untracked |  0
|   76|0x0000000620400000, 0x0000000620400000, 0x0000000620800000|  0%| F|  |TAMS 0x0000000620400000| PB 0x0000000620400000| Untracked |  0
|   77|0x0000000620800000, 0x0000000620800000, 0x0000000620c00000|  0%| F|  |TAMS 0x0000000620800000| PB 0x0000000620800000| Untracked |  0
|   78|0x0000000620c00000, 0x0000000620c00000, 0x0000000621000000|  0%| F|  |TAMS 0x0000000620c00000| PB 0x0000000620c00000| Untracked |  0
|   79|0x0000000621000000, 0x0000000621000000, 0x0000000621400000|  0%| F|  |TAMS 0x0000000621000000| PB 0x0000000621000000| Untracked |  0
|   80|0x0000000621400000, 0x0000000621400000, 0x0000000621800000|  0%| F|  |TAMS 0x0000000621400000| PB 0x0000000621400000| Untracked |  0
|   81|0x0000000621800000, 0x0000000621800000, 0x0000000621c00000|  0%| F|  |TAMS 0x0000000621800000| PB 0x0000000621800000| Untracked |  0
|   82|0x0000000621c00000, 0x0000000621c00000, 0x0000000622000000|  0%| F|  |TAMS 0x0000000621c00000| PB 0x0000000621c00000| Untracked |  0
|   83|0x0000000622000000, 0x0000000622000000, 0x0000000622400000|  0%| F|  |TAMS 0x0000000622000000| PB 0x0000000622000000| Untracked |  0
|   84|0x0000000622400000, 0x0000000622400000, 0x0000000622800000|  0%| F|  |TAMS 0x0000000622400000| PB 0x0000000622400000| Untracked |  0
|   85|0x0000000622800000, 0x0000000622800000, 0x0000000622c00000|  0%| F|  |TAMS 0x0000000622800000| PB 0x0000000622800000| Untracked |  0
|   86|0x0000000622c00000, 0x0000000622c00000, 0x0000000623000000|  0%| F|  |TAMS 0x0000000622c00000| PB 0x0000000622c00000| Untracked |  0
|   87|0x0000000623000000, 0x0000000623000000, 0x0000000623400000|  0%| F|  |TAMS 0x0000000623000000| PB 0x0000000623000000| Untracked |  0
|   88|0x0000000623400000, 0x0000000623400000, 0x0000000623800000|  0%| F|  |TAMS 0x0000000623400000| PB 0x0000000623400000| Untracked |  0
|   89|0x0000000623800000, 0x0000000623800000, 0x0000000623c00000|  0%| F|  |TAMS 0x0000000623800000| PB 0x0000000623800000| Untracked |  0
|   90|0x0000000623c00000, 0x0000000623c00000, 0x0000000624000000|  0%| F|  |TAMS 0x0000000623c00000| PB 0x0000000623c00000| Untracked |  0
|   91|0x0000000624000000, 0x0000000624000000, 0x0000000624400000|  0%| F|  |TAMS 0x0000000624000000| PB 0x0000000624000000| Untracked |  0
|   92|0x0000000624400000, 0x0000000624400000, 0x0000000624800000|  0%| F|  |TAMS 0x0000000624400000| PB 0x0000000624400000| Untracked |  0
|   93|0x0000000624800000, 0x0000000624800000, 0x0000000624c00000|  0%| F|  |TAMS 0x0000000624800000| PB 0x0000000624800000| Untracked |  0
|   94|0x0000000624c00000, 0x0000000624c00000, 0x0000000625000000|  0%| F|  |TAMS 0x0000000624c00000| PB 0x0000000624c00000| Untracked |  0
|   95|0x0000000625000000, 0x0000000625000000, 0x0000000625400000|  0%| F|  |TAMS 0x0000000625000000| PB 0x0000000625000000| Untracked |  0
|   96|0x0000000625400000, 0x0000000625400000, 0x0000000625800000|  0%| F|  |TAMS 0x0000000625400000| PB 0x0000000625400000| Untracked |  0
|   97|0x0000000625800000, 0x0000000625800000, 0x0000000625c00000|  0%| F|  |TAMS 0x0000000625800000| PB 0x0000000625800000| Untracked |  0
|   98|0x0000000625c00000, 0x0000000625c00000, 0x0000000626000000|  0%| F|  |TAMS 0x0000000625c00000| PB 0x0000000625c00000| Untracked |  0
|   99|0x0000000626000000, 0x0000000626000000, 0x0000000626400000|  0%| F|  |TAMS 0x0000000626000000| PB 0x0000000626000000| Untracked |  0
|  100|0x0000000626400000, 0x0000000626400000, 0x0000000626800000|  0%| F|  |TAMS 0x0000000626400000| PB 0x0000000626400000| Untracked |  0
|  101|0x0000000626800000, 0x0000000626800000, 0x0000000626c00000|  0%| F|  |TAMS 0x0000000626800000| PB 0x0000000626800000| Untracked |  0
|  102|0x0000000626c00000, 0x0000000626c00000, 0x0000000627000000|  0%| F|  |TAMS 0x0000000626c00000| PB 0x0000000626c00000| Untracked |  0
|  103|0x0000000627000000, 0x0000000627000000, 0x0000000627400000|  0%| F|  |TAMS 0x0000000627000000| PB 0x0000000627000000| Untracked |  0
|  104|0x0000000627400000, 0x0000000627400000, 0x0000000627800000|  0%| F|  |TAMS 0x0000000627400000| PB 0x0000000627400000| Untracked |  0
|  105|0x0000000627800000, 0x0000000627800000, 0x0000000627c00000|  0%| F|  |TAMS 0x0000000627800000| PB 0x0000000627800000| Untracked |  0
|  106|0x0000000627c00000, 0x0000000627c00000, 0x0000000628000000|  0%| F|  |TAMS 0x0000000627c00000| PB 0x0000000627c00000| Untracked |  0
|  107|0x0000000628000000, 0x0000000628000000, 0x0000000628400000|  0%| F|  |TAMS 0x0000000628000000| PB 0x0000000628000000| Untracked |  0
|  108|0x0000000628400000, 0x0000000628400000, 0x0000000628800000|  0%| F|  |TAMS 0x0000000628400000| PB 0x0000000628400000| Untracked |  0
|  109|0x0000000628800000, 0x0000000628800000, 0x0000000628c00000|  0%| F|  |TAMS 0x0000000628800000| PB 0x0000000628800000| Untracked |  0
|  110|0x0000000628c00000, 0x0000000628c00000, 0x0000000629000000|  0%| F|  |TAMS 0x0000000628c00000| PB 0x0000000628c00000| Untracked |  0
|  111|0x0000000629000000, 0x0000000629000000, 0x0000000629400000|  0%| F|  |TAMS 0x0000000629000000| PB 0x0000000629000000| Untracked |  0
|  112|0x0000000629400000, 0x0000000629400000, 0x0000000629800000|  0%| F|  |TAMS 0x0000000629400000| PB 0x0000000629400000| Untracked |  0
|  113|0x0000000629800000, 0x0000000629800000, 0x0000000629c00000|  0%| F|  |TAMS 0x0000000629800000| PB 0x0000000629800000| Untracked |  0
|  114|0x0000000629c00000, 0x0000000629c00000, 0x000000062a000000|  0%| F|  |TAMS 0x0000000629c00000| PB 0x0000000629c00000| Untracked |  0
|  115|0x000000062a000000, 0x000000062a000000, 0x000000062a400000|  0%| F|  |TAMS 0x000000062a000000| PB 0x000000062a000000| Untracked |  0
|  116|0x000000062a400000, 0x000000062a400000, 0x000000062a800000|  0%| F|  |TAMS 0x000000062a400000| PB 0x000000062a400000| Untracked |  0
|  117|0x000000062a800000, 0x000000062a800000, 0x000000062ac00000|  0%| F|  |TAMS 0x000000062a800000| PB 0x000000062a800000| Untracked |  0
|  118|0x000000062ac00000, 0x000000062ac00000, 0x000000062b000000|  0%| F|  |TAMS 0x000000062ac00000| PB 0x000000062ac00000| Untracked |  0
|  119|0x000000062b000000, 0x000000062b000000, 0x000000062b400000|  0%| F|  |TAMS 0x000000062b000000| PB 0x000000062b000000| Untracked |  0
|  120|0x000000062b400000, 0x000000062b400000, 0x000000062b800000|  0%| F|  |TAMS 0x000000062b400000| PB 0x000000062b400000| Untracked |  0
|  121|0x000000062b800000, 0x000000062b800000, 0x000000062bc00000|  0%| F|  |TAMS 0x000000062b800000| PB 0x000000062b800000| Untracked |  0
|  122|0x000000062bc00000, 0x000000062bc00000, 0x000000062c000000|  0%| F|  |TAMS 0x000000062bc00000| PB 0x000000062bc00000| Untracked |  0
|  123|0x000000062c000000, 0x000000062c000000, 0x000000062c400000|  0%| F|  |TAMS 0x000000062c000000| PB 0x000000062c000000| Untracked |  0
|  124|0x000000062c400000, 0x000000062c400000, 0x000000062c800000|  0%| F|  |TAMS 0x000000062c400000| PB 0x000000062c400000| Untracked |  0
|  125|0x000000062c800000, 0x000000062c800000, 0x000000062cc00000|  0%| F|  |TAMS 0x000000062c800000| PB 0x000000062c800000| Untracked |  0
|  126|0x000000062cc00000, 0x000000062cc00000, 0x000000062d000000|  0%| F|  |TAMS 0x000000062cc00000| PB 0x000000062cc00000| Untracked |  0
|  127|0x000000062d000000, 0x000000062d000000, 0x000000062d400000|  0%| F|  |TAMS 0x000000062d000000| PB 0x000000062d000000| Untracked |  0
|  128|0x000000062d400000, 0x000000062d400000, 0x000000062d800000|  0%| F|  |TAMS 0x000000062d400000| PB 0x000000062d400000| Untracked |  0
|  129|0x000000062d800000, 0x000000062d800000, 0x000000062dc00000|  0%| F|  |TAMS 0x000000062d800000| PB 0x000000062d800000| Untracked |  0
|  130|0x000000062dc00000, 0x000000062dc00000, 0x000000062e000000|  0%| F|  |TAMS 0x000000062dc00000| PB 0x000000062dc00000| Untracked |  0
|  131|0x000000062e000000, 0x000000062e400000, 0x000000062e400000|100%|HS|  |TAMS 0x000000062e000000| PB 0x000000062e000000| Complete  |  0
|  132|0x000000062e400000, 0x000000062e800000, 0x000000062e800000|100%|HC|  |TAMS 0x000000062e400000| PB 0x000000062e400000| Complete  |  0
|  133|0x000000062e800000, 0x000000062e800000, 0x000000062ec00000|  0%| F|  |TAMS 0x000000062e800000| PB 0x000000062e800000| Untracked |  0
|  134|0x000000062ec00000, 0x000000062f000000, 0x000000062f000000|100%|HS|  |TAMS 0x000000062ec00000| PB 0x000000062ec00000| Complete  |  0
|  135|0x000000062f000000, 0x000000062f400000, 0x000000062f400000|100%|HC|  |TAMS 0x000000062f000000| PB 0x000000062f000000| Complete  |  0
|  136|0x000000062f400000, 0x000000062f400000, 0x000000062f800000|  0%| F|  |TAMS 0x000000062f400000| PB 0x000000062f400000| Untracked |  0
|  137|0x000000062f800000, 0x000000062f800000, 0x000000062fc00000|  0%| F|  |TAMS 0x000000062f800000| PB 0x000000062f800000| Untracked |  0
|  138|0x000000062fc00000, 0x0000000630000000, 0x0000000630000000|100%|HS|  |TAMS 0x000000062fc00000| PB 0x000000062fc00000| Complete  |  0
|  139|0x0000000630000000, 0x0000000630000000, 0x0000000630400000|  0%| F|  |TAMS 0x0000000630000000| PB 0x0000000630000000| Untracked |  0
|  140|0x0000000630400000, 0x0000000630400000, 0x0000000630800000|  0%| F|  |TAMS 0x0000000630400000| PB 0x0000000630400000| Untracked |  0
|  141|0x0000000630800000, 0x0000000630800000, 0x0000000630c00000|  0%| F|  |TAMS 0x0000000630800000| PB 0x0000000630800000| Untracked |  0
|  142|0x0000000630c00000, 0x0000000630c00000, 0x0000000631000000|  0%| F|  |TAMS 0x0000000630c00000| PB 0x0000000630c00000| Untracked |  0
|  143|0x0000000631000000, 0x0000000631000000, 0x0000000631400000|  0%| F|  |TAMS 0x0000000631000000| PB 0x0000000631000000| Untracked |  0
|  144|0x0000000631400000, 0x0000000631400000, 0x0000000631800000|  0%| F|  |TAMS 0x0000000631400000| PB 0x0000000631400000| Untracked |  0
|  145|0x0000000631800000, 0x0000000631800000, 0x0000000631c00000|  0%| F|  |TAMS 0x0000000631800000| PB 0x0000000631800000| Untracked |  0
|  146|0x0000000631c00000, 0x0000000631c00000, 0x0000000632000000|  0%| F|  |TAMS 0x0000000631c00000| PB 0x0000000631c00000| Untracked |  0
|  147|0x0000000632000000, 0x0000000632000000, 0x0000000632400000|  0%| F|  |TAMS 0x0000000632000000| PB 0x0000000632000000| Untracked |  0
|  148|0x0000000632400000, 0x0000000632400000, 0x0000000632800000|  0%| F|  |TAMS 0x0000000632400000| PB 0x0000000632400000| Untracked |  0
|  149|0x0000000632800000, 0x0000000632800000, 0x0000000632c00000|  0%| F|  |TAMS 0x0000000632800000| PB 0x0000000632800000| Untracked |  0
|  150|0x0000000632c00000, 0x0000000632c00000, 0x0000000633000000|  0%| F|  |TAMS 0x0000000632c00000| PB 0x0000000632c00000| Untracked |  0
|  151|0x0000000633000000, 0x0000000633000000, 0x0000000633400000|  0%| F|  |TAMS 0x0000000633000000| PB 0x0000000633000000| Untracked |  0
|  152|0x0000000633400000, 0x0000000633400000, 0x0000000633800000|  0%| F|  |TAMS 0x0000000633400000| PB 0x0000000633400000| Untracked |  0
|  153|0x0000000633800000, 0x0000000633800000, 0x0000000633c00000|  0%| F|  |TAMS 0x0000000633800000| PB 0x0000000633800000| Untracked |  0
|  154|0x0000000633c00000, 0x0000000633c00000, 0x0000000634000000|  0%| F|  |TAMS 0x0000000633c00000| PB 0x0000000633c00000| Untracked |  0
|  155|0x0000000634000000, 0x0000000634000000, 0x0000000634400000|  0%| F|  |TAMS 0x0000000634000000| PB 0x0000000634000000| Untracked |  0
|  156|0x0000000634400000, 0x0000000634400000, 0x0000000634800000|  0%| F|  |TAMS 0x0000000634400000| PB 0x0000000634400000| Untracked |  0
|  157|0x0000000634800000, 0x0000000634800000, 0x0000000634c00000|  0%| F|  |TAMS 0x0000000634800000| PB 0x0000000634800000| Untracked |  0
|  158|0x0000000634c00000, 0x0000000634c00000, 0x0000000635000000|  0%| F|  |TAMS 0x0000000634c00000| PB 0x0000000634c00000| Untracked |  0
|  159|0x0000000635000000, 0x0000000635000000, 0x0000000635400000|  0%| F|  |TAMS 0x0000000635000000| PB 0x0000000635000000| Untracked |  0
|  160|0x0000000635400000, 0x0000000635400000, 0x0000000635800000|  0%| F|  |TAMS 0x0000000635400000| PB 0x0000000635400000| Untracked |  0
|  161|0x0000000635800000, 0x0000000635800000, 0x0000000635c00000|  0%| F|  |TAMS 0x0000000635800000| PB 0x0000000635800000| Untracked |  0
|  162|0x0000000635c00000, 0x0000000635c00000, 0x0000000636000000|  0%| F|  |TAMS 0x0000000635c00000| PB 0x0000000635c00000| Untracked |  0
|  163|0x0000000636000000, 0x0000000636000000, 0x0000000636400000|  0%| F|  |TAMS 0x0000000636000000| PB 0x0000000636000000| Untracked |  0
|  164|0x0000000636400000, 0x0000000636400000, 0x0000000636800000|  0%| F|  |TAMS 0x0000000636400000| PB 0x0000000636400000| Untracked |  0
|  165|0x0000000636800000, 0x0000000636800000, 0x0000000636c00000|  0%| F|  |TAMS 0x0000000636800000| PB 0x0000000636800000| Untracked |  0
|  166|0x0000000636c00000, 0x0000000636c00000, 0x0000000637000000|  0%| F|  |TAMS 0x0000000636c00000| PB 0x0000000636c00000| Untracked |  0
|  167|0x0000000637000000, 0x0000000637000000, 0x0000000637400000|  0%| F|  |TAMS 0x0000000637000000| PB 0x0000000637000000| Untracked |  0
|  168|0x0000000637400000, 0x0000000637400000, 0x0000000637800000|  0%| F|  |TAMS 0x0000000637400000| PB 0x0000000637400000| Untracked |  0
|  169|0x0000000637800000, 0x0000000637800000, 0x0000000637c00000|  0%| F|  |TAMS 0x0000000637800000| PB 0x0000000637800000| Untracked |  0
|  170|0x0000000637c00000, 0x0000000637c00000, 0x0000000638000000|  0%| F|  |TAMS 0x0000000637c00000| PB 0x0000000637c00000| Untracked |  0
|  171|0x0000000638000000, 0x0000000638000000, 0x0000000638400000|  0%| F|  |TAMS 0x0000000638000000| PB 0x0000000638000000| Untracked |  0
|  172|0x0000000638400000, 0x0000000638400000, 0x0000000638800000|  0%| F|  |TAMS 0x0000000638400000| PB 0x0000000638400000| Untracked |  0
|  173|0x0000000638800000, 0x0000000638800000, 0x0000000638c00000|  0%| F|  |TAMS 0x0000000638800000| PB 0x0000000638800000| Untracked |  0
|  174|0x0000000638c00000, 0x0000000638c00000, 0x0000000639000000|  0%| F|  |TAMS 0x0000000638c00000| PB 0x0000000638c00000| Untracked |  0
|  175|0x0000000639000000, 0x0000000639000000, 0x0000000639400000|  0%| F|  |TAMS 0x0000000639000000| PB 0x0000000639000000| Untracked |  0
|  176|0x0000000639400000, 0x0000000639400000, 0x0000000639800000|  0%| F|  |TAMS 0x0000000639400000| PB 0x0000000639400000| Untracked |  0
|  177|0x0000000639800000, 0x0000000639800000, 0x0000000639c00000|  0%| F|  |TAMS 0x0000000639800000| PB 0x0000000639800000| Untracked |  0
|  178|0x0000000639c00000, 0x0000000639c00000, 0x000000063a000000|  0%| F|  |TAMS 0x0000000639c00000| PB 0x0000000639c00000| Untracked |  0
|  179|0x000000063a000000, 0x000000063a000000, 0x000000063a400000|  0%| F|  |TAMS 0x000000063a000000| PB 0x000000063a000000| Untracked |  0
|  180|0x000000063a400000, 0x000000063a400000, 0x000000063a800000|  0%| F|  |TAMS 0x000000063a400000| PB 0x000000063a400000| Untracked |  0
|  181|0x000000063a800000, 0x000000063a800000, 0x000000063ac00000|  0%| F|  |TAMS 0x000000063a800000| PB 0x000000063a800000| Untracked |  0
|  182|0x000000063ac00000, 0x000000063ac00000, 0x000000063b000000|  0%| F|  |TAMS 0x000000063ac00000| PB 0x000000063ac00000| Untracked |  0
|  183|0x000000063b000000, 0x000000063b000000, 0x000000063b400000|  0%| F|  |TAMS 0x000000063b000000| PB 0x000000063b000000| Untracked |  0
|  184|0x000000063b400000, 0x000000063b400000, 0x000000063b800000|  0%| F|  |TAMS 0x000000063b400000| PB 0x000000063b400000| Untracked |  0
|  185|0x000000063b800000, 0x000000063b800000, 0x000000063bc00000|  0%| F|  |TAMS 0x000000063b800000| PB 0x000000063b800000| Untracked |  0
|  186|0x000000063bc00000, 0x000000063bc00000, 0x000000063c000000|  0%| F|  |TAMS 0x000000063bc00000| PB 0x000000063bc00000| Untracked |  0
|  187|0x000000063c000000, 0x000000063c000000, 0x000000063c400000|  0%| F|  |TAMS 0x000000063c000000| PB 0x000000063c000000| Untracked |  0
|  188|0x000000063c400000, 0x000000063c400000, 0x000000063c800000|  0%| F|  |TAMS 0x000000063c400000| PB 0x000000063c400000| Untracked |  0
|  189|0x000000063c800000, 0x000000063c800000, 0x000000063cc00000|  0%| F|  |TAMS 0x000000063c800000| PB 0x000000063c800000| Untracked |  0
|  190|0x000000063cc00000, 0x000000063cc00000, 0x000000063d000000|  0%| F|  |TAMS 0x000000063cc00000| PB 0x000000063cc00000| Untracked |  0
|  191|0x000000063d000000, 0x000000063d000000, 0x000000063d400000|  0%| F|  |TAMS 0x000000063d000000| PB 0x000000063d000000| Untracked |  0
|  192|0x000000063d400000, 0x000000063d400000, 0x000000063d800000|  0%| F|  |TAMS 0x000000063d400000| PB 0x000000063d400000| Untracked |  0
|  193|0x000000063d800000, 0x000000063d800000, 0x000000063dc00000|  0%| F|  |TAMS 0x000000063d800000| PB 0x000000063d800000| Untracked |  0
|  194|0x000000063dc00000, 0x000000063dc00000, 0x000000063e000000|  0%| F|  |TAMS 0x000000063dc00000| PB 0x000000063dc00000| Untracked |  0
|  195|0x000000063e000000, 0x000000063e000000, 0x000000063e400000|  0%| F|  |TAMS 0x000000063e000000| PB 0x000000063e000000| Untracked |  0
|  196|0x000000063e400000, 0x000000063e400000, 0x000000063e800000|  0%| F|  |TAMS 0x000000063e400000| PB 0x000000063e400000| Untracked |  0
|  197|0x000000063e800000, 0x000000063e800000, 0x000000063ec00000|  0%| F|  |TAMS 0x000000063e800000| PB 0x000000063e800000| Untracked |  0
|  198|0x000000063ec00000, 0x000000063ec00000, 0x000000063f000000|  0%| F|  |TAMS 0x000000063ec00000| PB 0x000000063ec00000| Untracked |  0
|  199|0x000000063f000000, 0x000000063f000000, 0x000000063f400000|  0%| F|  |TAMS 0x000000063f000000| PB 0x000000063f000000| Untracked |  0
|  200|0x000000063f400000, 0x000000063f400000, 0x000000063f800000|  0%| F|  |TAMS 0x000000063f400000| PB 0x000000063f400000| Untracked |  0
|  201|0x000000063f800000, 0x000000063f800000, 0x000000063fc00000|  0%| F|  |TAMS 0x000000063f800000| PB 0x000000063f800000| Untracked |  0
|  202|0x000000063fc00000, 0x000000063fc00000, 0x0000000640000000|  0%| F|  |TAMS 0x000000063fc00000| PB 0x000000063fc00000| Untracked |  0
|  203|0x0000000640000000, 0x0000000640000000, 0x0000000640400000|  0%| F|  |TAMS 0x0000000640000000| PB 0x0000000640000000| Untracked |  0
|  204|0x0000000640400000, 0x0000000640400000, 0x0000000640800000|  0%| F|  |TAMS 0x0000000640400000| PB 0x0000000640400000| Untracked |  0
|  205|0x0000000640800000, 0x0000000640800000, 0x0000000640c00000|  0%| F|  |TAMS 0x0000000640800000| PB 0x0000000640800000| Untracked |  0
|  206|0x0000000640c00000, 0x0000000640c00000, 0x0000000641000000|  0%| F|  |TAMS 0x0000000640c00000| PB 0x0000000640c00000| Untracked |  0
|  207|0x0000000641000000, 0x0000000641000000, 0x0000000641400000|  0%| F|  |TAMS 0x0000000641000000| PB 0x0000000641000000| Untracked |  0
|  208|0x0000000641400000, 0x0000000641400000, 0x0000000641800000|  0%| F|  |TAMS 0x0000000641400000| PB 0x0000000641400000| Untracked |  0
|  209|0x0000000641800000, 0x0000000641800000, 0x0000000641c00000|  0%| F|  |TAMS 0x0000000641800000| PB 0x0000000641800000| Untracked |  0
|  210|0x0000000641c00000, 0x0000000641c00000, 0x0000000642000000|  0%| F|  |TAMS 0x0000000641c00000| PB 0x0000000641c00000| Untracked |  0
|  211|0x0000000642000000, 0x0000000642000000, 0x0000000642400000|  0%| F|  |TAMS 0x0000000642000000| PB 0x0000000642000000| Untracked |  0
|  212|0x0000000642400000, 0x0000000642400000, 0x0000000642800000|  0%| F|  |TAMS 0x0000000642400000| PB 0x0000000642400000| Untracked |  0
|  213|0x0000000642800000, 0x0000000642800000, 0x0000000642c00000|  0%| F|  |TAMS 0x0000000642800000| PB 0x0000000642800000| Untracked |  0
|  214|0x0000000642c00000, 0x0000000642c00000, 0x0000000643000000|  0%| F|  |TAMS 0x0000000642c00000| PB 0x0000000642c00000| Untracked |  0
|  215|0x0000000643000000, 0x0000000643000000, 0x0000000643400000|  0%| F|  |TAMS 0x0000000643000000| PB 0x0000000643000000| Untracked |  0
|  216|0x0000000643400000, 0x0000000643400000, 0x0000000643800000|  0%| F|  |TAMS 0x0000000643400000| PB 0x0000000643400000| Untracked |  0
|  217|0x0000000643800000, 0x0000000643800000, 0x0000000643c00000|  0%| F|  |TAMS 0x0000000643800000| PB 0x0000000643800000| Untracked |  0
|  218|0x0000000643c00000, 0x0000000643c00000, 0x0000000644000000|  0%| F|  |TAMS 0x0000000643c00000| PB 0x0000000643c00000| Untracked |  0
|  219|0x0000000644000000, 0x0000000644000000, 0x0000000644400000|  0%| F|  |TAMS 0x0000000644000000| PB 0x0000000644000000| Untracked |  0
|  220|0x0000000644400000, 0x0000000644400000, 0x0000000644800000|  0%| F|  |TAMS 0x0000000644400000| PB 0x0000000644400000| Untracked |  0
|  221|0x0000000644800000, 0x0000000644800000, 0x0000000644c00000|  0%| F|  |TAMS 0x0000000644800000| PB 0x0000000644800000| Untracked |  0
|  222|0x0000000644c00000, 0x0000000644c00000, 0x0000000645000000|  0%| F|  |TAMS 0x0000000644c00000| PB 0x0000000644c00000| Untracked |  0
|  223|0x0000000645000000, 0x0000000645000000, 0x0000000645400000|  0%| F|  |TAMS 0x0000000645000000| PB 0x0000000645000000| Untracked |  0
|  224|0x0000000645400000, 0x0000000645400000, 0x0000000645800000|  0%| F|  |TAMS 0x0000000645400000| PB 0x0000000645400000| Untracked |  0
|  225|0x0000000645800000, 0x0000000645800000, 0x0000000645c00000|  0%| F|  |TAMS 0x0000000645800000| PB 0x0000000645800000| Untracked |  0
|  226|0x0000000645c00000, 0x0000000645c00000, 0x0000000646000000|  0%| F|  |TAMS 0x0000000645c00000| PB 0x0000000645c00000| Untracked |  0
|  227|0x0000000646000000, 0x0000000646000000, 0x0000000646400000|  0%| F|  |TAMS 0x0000000646000000| PB 0x0000000646000000| Untracked |  0
|  228|0x0000000646400000, 0x0000000646400000, 0x0000000646800000|  0%| F|  |TAMS 0x0000000646400000| PB 0x0000000646400000| Untracked |  0
|  229|0x0000000646800000, 0x0000000646800000, 0x0000000646c00000|  0%| F|  |TAMS 0x0000000646800000| PB 0x0000000646800000| Untracked |  0
|  230|0x0000000646c00000, 0x0000000646c00000, 0x0000000647000000|  0%| F|  |TAMS 0x0000000646c00000| PB 0x0000000646c00000| Untracked |  0
|  231|0x0000000647000000, 0x0000000647000000, 0x0000000647400000|  0%| F|  |TAMS 0x0000000647000000| PB 0x0000000647000000| Untracked |  0
|  232|0x0000000647400000, 0x0000000647400000, 0x0000000647800000|  0%| F|  |TAMS 0x0000000647400000| PB 0x0000000647400000| Untracked |  0
|  233|0x0000000647800000, 0x0000000647800000, 0x0000000647c00000|  0%| F|  |TAMS 0x0000000647800000| PB 0x0000000647800000| Untracked |  0
|  234|0x0000000647c00000, 0x0000000647c00000, 0x0000000648000000|  0%| F|  |TAMS 0x0000000647c00000| PB 0x0000000647c00000| Untracked |  0
|  235|0x0000000648000000, 0x0000000648000000, 0x0000000648400000|  0%| F|  |TAMS 0x0000000648000000| PB 0x0000000648000000| Untracked |  0
|  236|0x0000000648400000, 0x00000006486a9480, 0x0000000648800000| 66%| S|CS|TAMS 0x0000000648400000| PB 0x0000000648400000| Complete  |  0
|  237|0x0000000648800000, 0x0000000648c00000, 0x0000000648c00000|100%| S|CS|TAMS 0x0000000648800000| PB 0x0000000648800000| Complete  |  0
|  238|0x0000000648c00000, 0x0000000649000000, 0x0000000649000000|100%| S|CS|TAMS 0x0000000648c00000| PB 0x0000000648c00000| Complete  |  0
|  239|0x0000000649000000, 0x0000000649400000, 0x0000000649400000|100%| S|CS|TAMS 0x0000000649000000| PB 0x0000000649000000| Complete  |  0
|  240|0x0000000649400000, 0x0000000649800000, 0x0000000649800000|100%| S|CS|TAMS 0x0000000649400000| PB 0x0000000649400000| Complete  |  0
|  241|0x0000000649800000, 0x0000000649c00000, 0x0000000649c00000|100%| S|CS|TAMS 0x0000000649800000| PB 0x0000000649800000| Complete  |  0
|  242|0x0000000649c00000, 0x000000064a000000, 0x000000064a000000|100%| S|CS|TAMS 0x0000000649c00000| PB 0x0000000649c00000| Complete  |  0
|  243|0x000000064a000000, 0x000000064a400000, 0x000000064a400000|100%| S|CS|TAMS 0x000000064a000000| PB 0x000000064a000000| Complete  |  0
|  244|0x000000064a400000, 0x000000064a800000, 0x000000064a800000|100%| S|CS|TAMS 0x000000064a400000| PB 0x000000064a400000| Complete  |  0
|  245|0x000000064a800000, 0x000000064ac00000, 0x000000064ac00000|100%| S|CS|TAMS 0x000000064a800000| PB 0x000000064a800000| Complete  |  0
|  246|0x000000064ac00000, 0x000000064ac00000, 0x000000064b000000|  0%| F|  |TAMS 0x000000064ac00000| PB 0x000000064ac00000| Untracked |  0
|  247|0x000000064b000000, 0x000000064b000000, 0x000000064b400000|  0%| F|  |TAMS 0x000000064b000000| PB 0x000000064b000000| Untracked |  0
|  248|0x000000064b400000, 0x000000064b400000, 0x000000064b800000|  0%| F|  |TAMS 0x000000064b400000| PB 0x000000064b400000| Untracked |  0
|  249|0x000000064b800000, 0x000000064b800000, 0x000000064bc00000|  0%| F|  |TAMS 0x000000064b800000| PB 0x000000064b800000| Untracked |  0
|  250|0x000000064bc00000, 0x000000064bc00000, 0x000000064c000000|  0%| F|  |TAMS 0x000000064bc00000| PB 0x000000064bc00000| Untracked |  0
|  251|0x000000064c000000, 0x000000064c000000, 0x000000064c400000|  0%| F|  |TAMS 0x000000064c000000| PB 0x000000064c000000| Untracked |  0
|  252|0x000000064c400000, 0x000000064c400000, 0x000000064c800000|  0%| F|  |TAMS 0x000000064c400000| PB 0x000000064c400000| Untracked |  0
|  253|0x000000064c800000, 0x000000064c800000, 0x000000064cc00000|  0%| F|  |TAMS 0x000000064c800000| PB 0x000000064c800000| Untracked |  0
|  254|0x000000064cc00000, 0x000000064cc00000, 0x000000064d000000|  0%| F|  |TAMS 0x000000064cc00000| PB 0x000000064cc00000| Untracked |  0
|  255|0x000000064d000000, 0x000000064d000000, 0x000000064d400000|  0%| F|  |TAMS 0x000000064d000000| PB 0x000000064d000000| Untracked |  0
|  256|0x000000064d400000, 0x000000064d400000, 0x000000064d800000|  0%| F|  |TAMS 0x000000064d400000| PB 0x000000064d400000| Untracked |  0
|  257|0x000000064d800000, 0x000000064d800000, 0x000000064dc00000|  0%| F|  |TAMS 0x000000064d800000| PB 0x000000064d800000| Untracked |  0
|  258|0x000000064dc00000, 0x000000064dc00000, 0x000000064e000000|  0%| F|  |TAMS 0x000000064dc00000| PB 0x000000064dc00000| Untracked |  0
|  259|0x000000064e000000, 0x000000064e000000, 0x000000064e400000|  0%| F|  |TAMS 0x000000064e000000| PB 0x000000064e000000| Untracked |  0
|  260|0x000000064e400000, 0x000000064e400000, 0x000000064e800000|  0%| F|  |TAMS 0x000000064e400000| PB 0x000000064e400000| Untracked |  0
|  261|0x000000064e800000, 0x000000064e800000, 0x000000064ec00000|  0%| F|  |TAMS 0x000000064e800000| PB 0x000000064e800000| Untracked |  0
|  262|0x000000064ec00000, 0x000000064ec00000, 0x000000064f000000|  0%| F|  |TAMS 0x000000064ec00000| PB 0x000000064ec00000| Untracked |  0
|  263|0x000000064f000000, 0x000000064f000000, 0x000000064f400000|  0%| F|  |TAMS 0x000000064f000000| PB 0x000000064f000000| Untracked |  0
|  264|0x000000064f400000, 0x000000064f400000, 0x000000064f800000|  0%| F|  |TAMS 0x000000064f400000| PB 0x000000064f400000| Untracked |  0
|  265|0x000000064f800000, 0x000000064f800000, 0x000000064fc00000|  0%| F|  |TAMS 0x000000064f800000| PB 0x000000064f800000| Untracked |  0
|  266|0x000000064fc00000, 0x000000064fc00000, 0x0000000650000000|  0%| F|  |TAMS 0x000000064fc00000| PB 0x000000064fc00000| Untracked |  0
|  267|0x0000000650000000, 0x0000000650000000, 0x0000000650400000|  0%| F|  |TAMS 0x0000000650000000| PB 0x0000000650000000| Untracked |  0
|  268|0x0000000650400000, 0x0000000650600000, 0x0000000650800000| 50%| E|CS|TAMS 0x0000000650400000| PB 0x0000000650400000| Complete  |  0
|  269|0x0000000650800000, 0x0000000650c00000, 0x0000000650c00000|100%| E|CS|TAMS 0x0000000650800000| PB 0x0000000650800000| Complete  |  0
|  270|0x0000000650c00000, 0x0000000651000000, 0x0000000651000000|100%| E|CS|TAMS 0x0000000650c00000| PB 0x0000000650c00000| Complete  |  0
|  271|0x0000000651000000, 0x0000000651400000, 0x0000000651400000|100%| E|CS|TAMS 0x0000000651000000| PB 0x0000000651000000| Complete  |  0
|  272|0x0000000651400000, 0x0000000651800000, 0x0000000651800000|100%| E|CS|TAMS 0x0000000651400000| PB 0x0000000651400000| Complete  |  0
|  273|0x0000000651800000, 0x0000000651c00000, 0x0000000651c00000|100%| E|CS|TAMS 0x0000000651800000| PB 0x0000000651800000| Complete  |  0
|  274|0x0000000651c00000, 0x0000000652000000, 0x0000000652000000|100%| E|CS|TAMS 0x0000000651c00000| PB 0x0000000651c00000| Complete  |  0
|  275|0x0000000652000000, 0x0000000652400000, 0x0000000652400000|100%| E|CS|TAMS 0x0000000652000000| PB 0x0000000652000000| Complete  |  0
|  276|0x0000000652400000, 0x0000000652800000, 0x0000000652800000|100%| E|CS|TAMS 0x0000000652400000| PB 0x0000000652400000| Complete  |  0
|  277|0x0000000652800000, 0x0000000652c00000, 0x0000000652c00000|100%| E|CS|TAMS 0x0000000652800000| PB 0x0000000652800000| Complete  |  0
|  278|0x0000000652c00000, 0x0000000653000000, 0x0000000653000000|100%| E|CS|TAMS 0x0000000652c00000| PB 0x0000000652c00000| Complete  |  0
|  279|0x0000000653000000, 0x0000000653400000, 0x0000000653400000|100%| E|CS|TAMS 0x0000000653000000| PB 0x0000000653000000| Complete  |  0
|  280|0x0000000653400000, 0x0000000653800000, 0x0000000653800000|100%| E|CS|TAMS 0x0000000653400000| PB 0x0000000653400000| Complete  |  0
|  281|0x0000000653800000, 0x0000000653c00000, 0x0000000653c00000|100%| E|CS|TAMS 0x0000000653800000| PB 0x0000000653800000| Complete  |  0
|  282|0x0000000653c00000, 0x0000000654000000, 0x0000000654000000|100%| E|CS|TAMS 0x0000000653c00000| PB 0x0000000653c00000| Complete  |  0
|  283|0x0000000654000000, 0x0000000654400000, 0x0000000654400000|100%| E|CS|TAMS 0x0000000654000000| PB 0x0000000654000000| Complete  |  0
|  284|0x0000000654400000, 0x0000000654800000, 0x0000000654800000|100%| E|CS|TAMS 0x0000000654400000| PB 0x0000000654400000| Complete  |  0
|  285|0x0000000654800000, 0x0000000654c00000, 0x0000000654c00000|100%| E|CS|TAMS 0x0000000654800000| PB 0x0000000654800000| Complete  |  0
|  286|0x0000000654c00000, 0x0000000655000000, 0x0000000655000000|100%| E|CS|TAMS 0x0000000654c00000| PB 0x0000000654c00000| Complete  |  0
|  287|0x0000000655000000, 0x0000000655400000, 0x0000000655400000|100%| E|CS|TAMS 0x0000000655000000| PB 0x0000000655000000| Complete  |  0
|  288|0x0000000655400000, 0x0000000655800000, 0x0000000655800000|100%| E|CS|TAMS 0x0000000655400000| PB 0x0000000655400000| Complete  |  0
|  289|0x0000000655800000, 0x0000000655c00000, 0x0000000655c00000|100%| E|CS|TAMS 0x0000000655800000| PB 0x0000000655800000| Complete  |  0
|  290|0x0000000655c00000, 0x0000000656000000, 0x0000000656000000|100%| E|CS|TAMS 0x0000000655c00000| PB 0x0000000655c00000| Complete  |  0
|  291|0x0000000656000000, 0x0000000656400000, 0x0000000656400000|100%| E|CS|TAMS 0x0000000656000000| PB 0x0000000656000000| Complete  |  0
|  292|0x0000000656400000, 0x0000000656800000, 0x0000000656800000|100%| E|CS|TAMS 0x0000000656400000| PB 0x0000000656400000| Complete  |  0
|  293|0x0000000656800000, 0x0000000656c00000, 0x0000000656c00000|100%| E|CS|TAMS 0x0000000656800000| PB 0x0000000656800000| Complete  |  0
|  294|0x0000000656c00000, 0x0000000657000000, 0x0000000657000000|100%| E|CS|TAMS 0x0000000656c00000| PB 0x0000000656c00000| Complete  |  0
|  295|0x0000000657000000, 0x0000000657400000, 0x0000000657400000|100%| E|CS|TAMS 0x0000000657000000| PB 0x0000000657000000| Complete  |  0
|  296|0x0000000657400000, 0x0000000657800000, 0x0000000657800000|100%| E|CS|TAMS 0x0000000657400000| PB 0x0000000657400000| Complete  |  0
|  297|0x0000000657800000, 0x0000000657c00000, 0x0000000657c00000|100%| E|CS|TAMS 0x0000000657800000| PB 0x0000000657800000| Complete  |  0
|  298|0x0000000657c00000, 0x0000000658000000, 0x0000000658000000|100%| E|CS|TAMS 0x0000000657c00000| PB 0x0000000657c00000| Complete  |  0
|  299|0x0000000658000000, 0x0000000658400000, 0x0000000658400000|100%| E|CS|TAMS 0x0000000658000000| PB 0x0000000658000000| Complete  |  0
|  300|0x0000000658400000, 0x0000000658800000, 0x0000000658800000|100%| E|CS|TAMS 0x0000000658400000| PB 0x0000000658400000| Complete  |  0
|  301|0x0000000658800000, 0x0000000658c00000, 0x0000000658c00000|100%| E|CS|TAMS 0x0000000658800000| PB 0x0000000658800000| Complete  |  0
| 1989|0x00000007fe800000, 0x00000007feb542c0, 0x00000007fec00000| 83%| O|  |TAMS 0x00000007fe800000| PB 0x00000007fe800000| Untracked |  0
| 1990|0x00000007fec00000, 0x00000007ff000000, 0x00000007ff000000|100%| O|  |TAMS 0x00000007fec00000| PB 0x00000007fec00000| Untracked |  0
| 1991|0x00000007ff000000, 0x00000007ff400000, 0x00000007ff400000|100%| E|CS|TAMS 0x00000007ff000000| PB 0x00000007ff000000| Complete  |  0
| 1992|0x00000007ff400000, 0x00000007ff800000, 0x00000007ff800000|100%| O|  |TAMS 0x00000007ff400000| PB 0x00000007ff400000| Untracked |  0
| 1993|0x00000007ff800000, 0x00000007ffc00000, 0x00000007ffc00000|100%| O|  |TAMS 0x00000007ff800000| PB 0x00000007ff800000| Untracked |  0
| 1994|0x00000007ffc00000, 0x0000000800000000, 0x0000000800000000|100%| E|CS|TAMS 0x00000007ffc00000| PB 0x00000007ffc00000| Complete  |  0

Card table byte_map: [0x000001923f580000,0x0000019240520000] _byte_map_base: 0x000001923c516000
Refinement table byte_map: [0x0000019240520000,0x00000192414c0000] _byte_map_base: 0x000001923d4b6000

Marking Bits: (CMBitMap*) 0x0000019226010a30
 Bits: [0x00000192414c0000, 0x0000019249170000)

Polling page: 0x0000019224020000

Metaspace:
Metaspace        used 10271K, committed 10496K, reserved 1114112K
 class space     used 644K, committed 768K, reserved 1048576K

Usage:
  Non-class:      9.40 MB used.
      Class:    644.03 KB used.
       Both:     10.03 MB used.

Virtual space:
  Non-class space:       64.00 MB reserved,       9.50 MB ( 15%) committed,  1 nodes.
      Class space:        1.00 GB reserved,     768.00 KB ( <1%) committed,  1 nodes.
             Both:        1.06 GB reserved,      10.25 MB ( <1%) committed. 

Chunk freelists:
   Non-Class:  5.20 MB
       Class:  15.29 MB
        Both:  20.49 MB

MaxMetaspaceSize: unlimited
CompressedClassSpaceSize: 1.00 GB
Initial GC threshold: 21.00 MB
Current GC threshold: 21.00 MB
CDS: on
 - commit_granule_bytes: 65536.
 - commit_granule_words: 8192.
 - virtual_space_node_default_size: 8388608.
 - enlarge_chunks_in_place: 1.
UseCompressedClassPointers 1, UseCompactObjectHeaders 0
Narrow klass pointer bits 32, Max shift 3
Narrow klass base: 0x000000001f000000, Narrow klass shift: 0
Encoding Range: [0x000000001f000000 - 0x000000011f000000), (4294967296 bytes)
Klass Range:    [0x000000001f000000 - 0x0000000060000000), (1090519040 bytes)
Klass ID Range:  [8 - 1090519033) (1090519025)
Protection zone: [0x000000001f000000 - 0x000000001f010000), (65536 bytes)


Internal statistics:

num_allocs_failed_limit: 0.
num_arena_births: 126.
num_arena_deaths: 0.
num_vsnodes_births: 2.
num_vsnodes_deaths: 0.
num_space_committed: 163.
num_space_uncommitted: 0.
num_chunks_returned_to_freelist: 0.
num_chunks_taken_from_freelist: 429.
num_chunk_merges: 0.
num_chunk_splits: 314.
num_chunks_enlarged: 247.
num_inconsistent_stats: 0.

CodeHeap 'non-profiled nmethods': size=119168Kb used=1371Kb max_used=1371Kb free=117796Kb
 bounds [0x00000192367f0000, 0x0000019236a60000, 0x000001923dc50000]
CodeHeap 'profiled nmethods': size=119168Kb used=2750Kb max_used=2750Kb free=116417Kb
 bounds [0x000001922ec40000, 0x000001922eef0000, 0x00000192360a0000]
CodeHeap 'non-nmethods': size=7488Kb used=4164Kb max_used=4260Kb free=3323Kb
 bounds [0x00000192360a0000, 0x00000192364e0000, 0x00000192367f0000]
CodeCache: size=245824Kb, used=8285Kb, max_used=8381Kb, free=237536Kb
 total_blobs=3288, nmethods=1992, adapters=1198, full_count=0
Compilation: enabled, stopped_count=0, restarted_count=0

Compilation events (20 events):
Event: 2.555 Thread 0x000001924c1cc470 nmethod 2216 0x000001922eee7f08 code [0x000001922eee8000, 0x000001922eee8e88]
Event: 2.570 Thread 0x000001924c1cc470 2217       3       com.szymc.voxel_engine.ChunkColumn::clearChunkLighting (38 bytes)
Event: 2.570 Thread 0x000001924c1cc470 nmethod 2217 0x000001922eee8f08 code [0x000001922eee9000, 0x000001922eee9340]
Event: 2.578 Thread 0x000001924bbb5270 2218       4       com.szymc.voxel_engine.DecorationTask::simulateSourceChunkTrees (601 bytes)
Event: 2.582 Thread 0x000001924c1e58d0 2219       3       org.lwjgl.glfw.GLFWCursorPosCallbackI::callback (40 bytes)
Event: 2.582 Thread 0x000001924c1cc470 2220       3       com.szymc.voxel_engine.PlayerCharacter$$Lambda/0x00000000200a5258::invoke (20 bytes)
Event: 2.582 Thread 0x000001924c210640 2221       3       com.szymc.voxel_engine.PlayerCharacter::lambda$new$3 (87 bytes)
Event: 2.582 Thread 0x000001924bbb65e0 2222       3       com.szymc.voxel_engine.Engine::setMousePosition (11 bytes)
Event: 2.582 Thread 0x000001924bbb65e0 nmethod 2222 0x000001922eee9388 code [0x000001922eee9480, 0x000001922eee9580]
Event: 2.582 Thread 0x000001924c1cc470 nmethod 2220 0x000001922eee9688 code [0x000001922eee9780, 0x000001922eee98d8]
Event: 2.582 Thread 0x000001924c210640 nmethod 2221 0x000001922eee9988 code [0x000001922eee9a80, 0x000001922eee9d50]
Event: 2.582 Thread 0x000001924c1e58d0 nmethod 2219 0x000001922eee9d88 code [0x000001922eee9e80, 0x000001922eeeb360]
Event: 2.616 Thread 0x000001924c210640 2224       1       jdk.internal.constant.PrimitiveClassDescImpl::isPrimitive (2 bytes)
Event: 2.616 Thread 0x000001924c1e58d0 2225   !   3       jdk.internal.classfile.impl.StackMapGenerator::detectFrames (498 bytes)
Event: 2.616 Thread 0x000001924c210640 nmethod 2224 0x0000019236925488 code [0x0000019236925580, 0x0000019236925638]
Event: 2.616 Thread 0x000001924c1cc470 2226       3       jdk.internal.classfile.impl.StackMapGenerator::processMethod (258 bytes)
Event: 2.617 Thread 0x000001924c1cc470 nmethod 2226 0x000001922eeeb388 code [0x000001922eeeb480, 0x000001922eeec768]
Event: 2.617 Thread 0x000001924c1e58d0 nmethod 2225 0x000001922eeec788 code [0x000001922eeec880, 0x000001922eeee6d8]
Event: 2.617 Thread 0x000001924c1e58d0 2231       3       java.nio.ByteBuffer::arrayOffset (35 bytes)
Event: 2.617 Thread 0x000001924c1e58d0 nmethod 2231 0x000001922eeee708 code [0x000001922eeee800, 0x000001922eeeeab8]

GC Heap Usage History (20 events):
Event: 1.147 {heap Before GC invocations=23 (full 0):
 garbage-first heap   total reserved 8171520K, committed 155648K, used 73904K [0x000000060d400000, 0x0000000800000000)
  region size 4M, 2 eden (8M), 1 survivor (4M), 8 old (32M), 9 humongous (36M), 18 free (72M)
}
Event: 1.148 {heap After GC invocations=24 (full 0):
 garbage-first heap   total reserved 8171520K, committed 466944K, used 47279K [0x000000060d400000, 0x0000000800000000)
  region size 4M, 0 eden (0M), 1 survivor (4M), 8 old (32M), 3 humongous (12M), 102 free (408M)
}
Event: 1.233 {heap Before GC invocations=24 (full 0):
 garbage-first heap   total reserved 8171520K, committed 466944K, used 268463K [0x000000060d400000, 0x0000000800000000)
  region size 4M, 16 eden (64M), 1 survivor (4M), 8 old (32M), 43 humongous (172M), 46 free (184M)
}
Event: 1.234 {heap After GC invocations=25 (full 0):
 garbage-first heap   total reserved 8171520K, committed 466944K, used 67563K [0x000000060d400000, 0x0000000800000000)
  region size 4M, 0 eden (0M), 1 survivor (4M), 8 old (32M), 8 humongous (32M), 97 free (388M)
}
Event: 1.321 {heap Before GC invocations=25 (full 0):
 garbage-first heap   total reserved 8171520K, committed 466944K, used 268267K [0x000000060d400000, 0x0000000800000000)
  region size 4M, 16 eden (64M), 1 survivor (4M), 8 old (32M), 43 humongous (172M), 46 free (184M)
}
Event: 1.322 {heap After GC invocations=26 (full 0):
 garbage-first heap   total reserved 8171520K, committed 466944K, used 53852K [0x000000060d400000, 0x0000000800000000)
  region size 4M, 0 eden (0M), 2 survivor (8M), 8 old (32M), 4 humongous (16M), 100 free (400M)
}
Event: 1.411 {heap Before GC invocations=26 (full 0):
 garbage-first heap   total reserved 8171520K, committed 466944K, used 270940K [0x000000060d400000, 0x0000000800000000)
  region size 4M, 16 eden (64M), 2 survivor (8M), 8 old (32M), 43 humongous (172M), 45 free (180M)
}
Event: 1.412 {heap After GC invocations=27 (full 0):
 garbage-first heap   total reserved 8171520K, committed 466944K, used 63930K [0x000000060d400000, 0x0000000800000000)
  region size 4M, 0 eden (0M), 2 survivor (8M), 8 old (32M), 6 humongous (24M), 98 free (392M)
}
Event: 1.491 {heap Before GC invocations=27 (full 0):
 garbage-first heap   total reserved 8171520K, committed 466944K, used 272826K [0x000000060d400000, 0x0000000800000000)
  region size 4M, 17 eden (68M), 2 survivor (8M), 8 old (32M), 42 humongous (168M), 45 free (180M)
}
Event: 1.492 {heap After GC invocations=28 (full 0):
 garbage-first heap   total reserved 8171520K, committed 466944K, used 57261K [0x000000060d400000, 0x0000000800000000)
  region size 4M, 0 eden (0M), 3 survivor (12M), 8 old (32M), 4 humongous (16M), 99 free (396M)
}
Event: 1.572 {heap Before GC invocations=28 (full 0):
 garbage-first heap   total reserved 8171520K, committed 466944K, used 262061K [0x000000060d400000, 0x0000000800000000)
  region size 4M, 14 eden (56M), 3 survivor (12M), 8 old (32M), 42 humongous (168M), 47 free (188M)
}
Event: 1.573 {heap After GC invocations=29 (full 0):
 garbage-first heap   total reserved 8171520K, committed 466944K, used 60752K [0x000000060d400000, 0x0000000800000000)
  region size 4M, 0 eden (0M), 3 survivor (12M), 8 old (32M), 5 humongous (20M), 98 free (392M)
}
Event: 1.700 {heap Before GC invocations=29 (full 0):
 garbage-first heap   total reserved 8171520K, committed 466944K, used 281936K [0x000000060d400000, 0x0000000800000000)
  region size 4M, 18 eden (72M), 3 survivor (12M), 8 old (32M), 43 humongous (172M), 42 free (168M)
}
Event: 1.703 {heap After GC invocations=30 (full 0):
 garbage-first heap   total reserved 8171520K, committed 466944K, used 69545K [0x000000060d400000, 0x0000000800000000)
  region size 4M, 0 eden (0M), 4 survivor (16M), 8 old (32M), 6 humongous (24M), 96 free (384M)
}
Event: 1.818 {heap Before GC invocations=30 (full 0):
 garbage-first heap   total reserved 8171520K, committed 466944K, used 294825K [0x000000060d400000, 0x0000000800000000)
  region size 4M, 20 eden (80M), 4 survivor (16M), 8 old (32M), 43 humongous (172M), 39 free (156M)
}
Event: 1.821 {heap After GC invocations=31 (full 0):
 garbage-first heap   total reserved 8171520K, committed 466944K, used 65698K [0x000000060d400000, 0x0000000800000000)
  region size 4M, 0 eden (0M), 5 survivor (20M), 8 old (32M), 4 humongous (16M), 97 free (388M)
}
Event: 2.020 {heap Before GC invocations=31 (full 0):
 garbage-first heap   total reserved 8171520K, committed 466944K, used 290978K [0x000000060d400000, 0x0000000800000000)
  region size 4M, 18 eden (72M), 5 survivor (20M), 8 old (32M), 43 humongous (172M), 40 free (160M)
}
Event: 2.023 {heap After GC invocations=32 (full 0):
 garbage-first heap   total reserved 8171520K, committed 1261568K, used 77016K [0x000000060d400000, 0x0000000800000000)
  region size 4M, 0 eden (0M), 6 survivor (24M), 8 old (32M), 6 humongous (24M), 288 free (1152M)
}
Event: 2.494 {heap Before GC invocations=32 (full 0):
 garbage-first heap   total reserved 8171520K, committed 1261568K, used 810200K [0x000000060d400000, 0x0000000800000000)
  region size 4M, 58 eden (232M), 6 survivor (24M), 8 old (32M), 129 humongous (516M), 107 free (428M)
}
Event: 2.500 {heap After GC invocations=33 (full 0):
 garbage-first heap   total reserved 8171520K, committed 1261568K, used 92149K [0x000000060d400000, 0x0000000800000000)
  region size 4M, 0 eden (0M), 10 survivor (40M), 8 old (32M), 5 humongous (20M), 285 free (1140M)
}

Metaspace Usage History (20 events):
Event: 1.147 {metaspace Before GC invocations=23 (full 0):
 Metaspace       used 10037K, committed 10240K, reserved 1114112K
  class space    used 621K, committed 704K, reserved 1048576K
}
Event: 1.148 {metaspace After GC invocations=24 (full 0):
 Metaspace       used 10037K, committed 10240K, reserved 1114112K
  class space    used 621K, committed 704K, reserved 1048576K
}
Event: 1.233 {metaspace Before GC invocations=24 (full 0):
 Metaspace       used 10040K, committed 10240K, reserved 1114112K
  class space    used 621K, committed 704K, reserved 1048576K
}
Event: 1.234 {metaspace After GC invocations=25 (full 0):
 Metaspace       used 10040K, committed 10240K, reserved 1114112K
  class space    used 621K, committed 704K, reserved 1048576K
}
Event: 1.321 {metaspace Before GC invocations=25 (full 0):
 Metaspace       used 10040K, committed 10240K, reserved 1114112K
  class space    used 621K, committed 704K, reserved 1048576K
}
Event: 1.322 {metaspace After GC invocations=26 (full 0):
 Metaspace       used 10040K, committed 10240K, reserved 1114112K
  class space    used 621K, committed 704K, reserved 1048576K
}
Event: 1.411 {metaspace Before GC invocations=26 (full 0):
 Metaspace       used 10055K, committed 10240K, reserved 1114112K
  class space    used 621K, committed 704K, reserved 1048576K
}
Event: 1.412 {metaspace After GC invocations=27 (full 0):
 Metaspace       used 10055K, committed 10240K, reserved 1114112K
  class space    used 621K, committed 704K, reserved 1048576K
}
Event: 1.491 {metaspace Before GC invocations=27 (full 0):
 Metaspace       used 10055K, committed 10240K, reserved 1114112K
  class space    used 621K, committed 704K, reserved 1048576K
}
Event: 1.492 {metaspace After GC invocations=28 (full 0):
 Metaspace       used 10055K, committed 10240K, reserved 1114112K
  class space    used 621K, committed 704K, reserved 1048576K
}
Event: 1.572 {metaspace Before GC invocations=28 (full 0):
 Metaspace       used 10055K, committed 10240K, reserved 1114112K
  class space    used 621K, committed 704K, reserved 1048576K
}
Event: 1.573 {metaspace After GC invocations=29 (full 0):
 Metaspace       used 10055K, committed 10240K, reserved 1114112K
  class space    used 621K, committed 704K, reserved 1048576K
}
Event: 1.700 {metaspace Before GC invocations=29 (full 0):
 Metaspace       used 10174K, committed 10432K, reserved 1114112K
  class space    used 639K, committed 768K, reserved 1048576K
}
Event: 1.703 {metaspace After GC invocations=30 (full 0):
 Metaspace       used 10174K, committed 10432K, reserved 1114112K
  class space    used 639K, committed 768K, reserved 1048576K
}
Event: 1.818 {metaspace Before GC invocations=30 (full 0):
 Metaspace       used 10192K, committed 10432K, reserved 1114112K
  class space    used 642K, committed 768K, reserved 1048576K
}
Event: 1.821 {metaspace After GC invocations=31 (full 0):
 Metaspace       used 10192K, committed 10432K, reserved 1114112K
  class space    used 642K, committed 768K, reserved 1048576K
}
Event: 2.020 {metaspace Before GC invocations=31 (full 0):
 Metaspace       used 10236K, committed 10496K, reserved 1114112K
  class space    used 642K, committed 768K, reserved 1048576K
}
Event: 2.023 {metaspace After GC invocations=32 (full 0):
 Metaspace       used 10236K, committed 10496K, reserved 1114112K
  class space    used 642K, committed 768K, reserved 1048576K
}
Event: 2.494 {metaspace Before GC invocations=32 (full 0):
 Metaspace       used 10254K, committed 10496K, reserved 1114112K
  class space    used 642K, committed 768K, reserved 1048576K
}
Event: 2.500 {metaspace After GC invocations=33 (full 0):
 Metaspace       used 10254K, committed 10496K, reserved 1114112K
  class space    used 642K, committed 768K, reserved 1048576K
}

Dll operation events (20 events):
Event: 0.034 Attempting to load shared library C:\Users\Tommy\.jdks\openjdk-26.0.1\bin\instrument.dll
Event: 0.034 Loaded shared library C:\Users\Tommy\.jdks\openjdk-26.0.1\bin\instrument.dll
Event: 0.035 Attempting to load shared library C:\Users\Tommy\.jdks\openjdk-26.0.1\bin\net.dll
Event: 0.036 Loaded shared library C:\Users\Tommy\.jdks\openjdk-26.0.1\bin\net.dll
Event: 0.036 Attempting to load shared library C:\Users\Tommy\.jdks\openjdk-26.0.1\bin\nio.dll
Event: 0.036 Loaded shared library C:\Users\Tommy\.jdks\openjdk-26.0.1\bin\nio.dll
Event: 0.039 Attempting to load shared library C:\Users\Tommy\.jdks\openjdk-26.0.1\bin\zip.dll
Event: 0.039 Loaded shared library C:\Users\Tommy\.jdks\openjdk-26.0.1\bin\zip.dll
Event: 0.053 Attempting to load shared library C:\Users\Tommy\.jdks\openjdk-26.0.1\bin\verify.dll
Event: 0.053 Loaded shared library C:\Users\Tommy\.jdks\openjdk-26.0.1\bin\verify.dll
Event: 0.058 Attempting to load shared library C:\Users\Tommy\.jdks\openjdk-26.0.1\bin\extnet.dll
Event: 0.058 Loaded shared library C:\Users\Tommy\.jdks\openjdk-26.0.1\bin\extnet.dll
Event: 0.068 Attempting to load shared library C:\Users\Tommy\.jdks\openjdk-26.0.1\bin\jimage.dll
Event: 0.068 Loaded shared library C:\Users\Tommy\.jdks\openjdk-26.0.1\bin\jimage.dll
Event: 0.134 Attempting to load shared library C:\Users\Tommy\AppData\Local\Temp\lwjgl_Tommy\3.3.4+7\x64\lwjgl.dll
Event: 0.134 Loaded shared library C:\Users\Tommy\AppData\Local\Temp\lwjgl_Tommy\3.3.4+7\x64\lwjgl.dll
Event: 0.276 Attempting to load shared library C:\Users\Tommy\AppData\Local\Temp\lwjgl_Tommy\3.3.4+7\x64\lwjgl_opengl.dll
Event: 0.276 Loaded shared library C:\Users\Tommy\AppData\Local\Temp\lwjgl_Tommy\3.3.4+7\x64\lwjgl_opengl.dll
Event: 0.379 Attempting to load shared library C:\Users\Tommy\AppData\Local\Temp\lwjgl_Tommy\3.3.4+7\x64\lwjgl_stb.dll
Event: 0.380 Loaded shared library C:\Users\Tommy\AppData\Local\Temp\lwjgl_Tommy\3.3.4+7\x64\lwjgl_stb.dll

Deoptimization events (20 events):
Event: 2.173 Thread 0x000001926511bf00 DEOPT PACKING pc=0x000001922eedecad sp=0x000000297e9fedb0
Event: 2.173 Thread 0x000001926511bf00 DEOPT UNPACKING pc=0x00000192360f15a2 sp=0x000000297e9fe450 mode 0
Event: 2.173 Thread 0x0000019251daab90 DEOPT PACKING pc=0x000001922eeda8e9 sp=0x000000297defedc0
Event: 2.173 Thread 0x0000019251daab90 DEOPT UNPACKING pc=0x00000192360f15a2 sp=0x000000297defe300 mode 0
Event: 2.173 Thread 0x0000019251daab90 DEOPT PACKING pc=0x000001922eedecad sp=0x000000297defec60
Event: 2.173 Thread 0x0000019251daab90 DEOPT UNPACKING pc=0x00000192360f15a2 sp=0x000000297defe300 mode 0
Event: 2.382 Thread 0x0000019225fa16e0 DEOPT PACKING pc=0x000001922ee4dc12 sp=0x000000297a1ff460
Event: 2.382 Thread 0x0000019225fa16e0 DEOPT UNPACKING pc=0x00000192360f15a2 sp=0x000000297a1feac0 mode 0
Event: 2.386 Thread 0x0000019251dac300 Uncommon trap: trap_request=0xffffff45 fr.pc=0x000001923690abcc relative=0x0000000000005ecc
Event: 2.386 Thread 0x0000019251dac300 Uncommon trap: reason=unstable_if action=reinterpret pc=0x000001923690abcc method=com.szymc.voxel_engine.GreedyMesher.meshAxis([B[B[J[J[JIIIII[BLit/unimi/dsi/fastutil/ints/IntArrayList;Lit/unimi/dsi/fastutil/ints/IntArrayList;Lit/unimi/dsi/fastutil/ints/I
Event: 2.386 Thread 0x0000019251dac300 DEOPT PACKING pc=0x000001923690abcc sp=0x000000297d7feb80
Event: 2.386 Thread 0x0000019251dac300 DEOPT UNPACKING pc=0x00000192361d3f82 sp=0x000000297d7feaf8 mode 2
Event: 2.437 Thread 0x0000019225fa16e0 Uncommon trap: trap_request=0xffffff66 fr.pc=0x000001923691120c relative=0x000000000000010c
Event: 2.437 Thread 0x0000019225fa16e0 Uncommon trap: reason=loop_limit_check action=maybe_recompile pc=0x000001923691120c method=it.unimi.dsi.fastutil.longs.Long2ObjectOpenHashMap$MapIterator.nextEntry()I @ 69 c2
Event: 2.437 Thread 0x0000019225fa16e0 DEOPT PACKING pc=0x000001923691120c sp=0x000000297a1ff330
Event: 2.437 Thread 0x0000019225fa16e0 DEOPT UNPACKING pc=0x00000192361d3f82 sp=0x000000297a1ff2a8 mode 2
Event: 2.461 Thread 0x0000019251daea10 Uncommon trap: trap_request=0xffffff45 fr.pc=0x0000019236917344 relative=0x0000000000005c44
Event: 2.461 Thread 0x0000019251daea10 Uncommon trap: reason=unstable_if action=reinterpret pc=0x0000019236917344 method=com.szymc.voxel_engine.GreedyMesher.meshAxis([B[B[J[J[JIIIII[BLit/unimi/dsi/fastutil/ints/IntArrayList;Lit/unimi/dsi/fastutil/ints/IntArrayList;Lit/unimi/dsi/fastutil/ints/I
Event: 2.461 Thread 0x0000019251daea10 DEOPT PACKING pc=0x0000019236917344 sp=0x000000297e1fea60
Event: 2.461 Thread 0x0000019251daea10 DEOPT UNPACKING pc=0x00000192361d3f82 sp=0x000000297e1fea18 mode 2

Classes loaded (20 events):
Event: 0.554 Loading class java/util/SplittableRandom
Event: 0.554 Loading class java/util/random/RandomGenerator$SplittableGenerator
Event: 0.554 Loading class java/util/random/RandomGenerator$StreamableGenerator
Event: 0.554 Loading class java/util/random/RandomGenerator$StreamableGenerator done
Event: 0.554 Loading class java/util/random/RandomGenerator$SplittableGenerator done
Event: 0.554 Loading class java/util/SplittableRandom done
Event: 0.554 Loading class java/util/SplittableRandom$AbstractSplittableGeneratorProxy
Event: 0.554 Loading class jdk/internal/util/random/RandomSupport$AbstractSplittableGenerator
Event: 0.554 Loading class jdk/internal/util/random/RandomSupport$AbstractSpliteratorGenerator
Event: 0.555 Loading class jdk/internal/util/random/RandomSupport$AbstractSpliteratorGenerator done
Event: 0.555 Loading class jdk/internal/util/random/RandomSupport$AbstractSplittableGenerator done
Event: 0.555 Loading class java/util/SplittableRandom$AbstractSplittableGeneratorProxy done
Event: 1.803 Loading class java/util/concurrent/locks/AbstractQueuedSynchronizer$ExclusiveNode
Event: 1.803 Loading class java/util/concurrent/locks/AbstractQueuedSynchronizer$Node
Event: 1.803 Loading class java/util/concurrent/locks/AbstractQueuedSynchronizer$Node done
Event: 1.803 Loading class java/util/concurrent/locks/AbstractQueuedSynchronizer$ExclusiveNode done
Event: 1.803 Loading class java/util/concurrent/locks/AbstractQueuedSynchronizer$ConditionNode
Event: 1.803 Loading class java/util/concurrent/ForkJoinPool$ManagedBlocker
Event: 1.803 Loading class java/util/concurrent/ForkJoinPool$ManagedBlocker done
Event: 1.803 Loading class java/util/concurrent/locks/AbstractQueuedSynchronizer$ConditionNode done

Classes unloaded (0 events):
No events

Classes redefined (0 events):
No events

Internal exceptions (20 events):
Event: 0.155 Thread 0x0000019225fa16e0 Exception <a 'java/lang/NoSuchMethodError'{0x000000060da14508}: 'java.lang.Object java.lang.invoke.DirectMethodHandle$Holder.newInvokeSpecial(java.lang.Object, java.lang.Object, int)'> (0x000000060da14508) 
thrown [s\open\src\hotspot\share\interpreter\linkResolver.cpp, line 804]
Event: 0.156 Thread 0x0000019225fa16e0 Exception <a 'java/lang/NoSuchMethodError'{0x000000060da2af88}: 'int java.lang.invoke.DirectMethodHandle$Holder.invokeStaticInit(java.lang.Object, java.lang.Object, long, long)'> (0x000000060da2af88) 
thrown [s\open\src\hotspot\share\interpreter\linkResolver.cpp, line 804]
Event: 0.157 Thread 0x0000019225fa16e0 Exception <a 'java/lang/NoSuchMethodError'{0x000000060da3a608}: 'java.lang.Object java.lang.invoke.DirectMethodHandle$Holder.newInvokeSpecial(java.lang.Object, java.lang.Object, long)'> (0x000000060da3a608) 
thrown [s\open\src\hotspot\share\interpreter\linkResolver.cpp, line 804]
Event: 0.157 Thread 0x0000019225fa16e0 Exception <a 'java/lang/NoSuchMethodError'{0x000000060da43378}: 'java.lang.Object java.lang.invoke.Invokers$Holder.linkToTargetMethod(java.lang.Object, long, java.lang.Object)'> (0x000000060da43378) 
thrown [s\open\src\hotspot\share\interpreter\linkResolver.cpp, line 804]
Event: 0.157 Thread 0x0000019225fa16e0 Exception <a 'java/lang/NoSuchMethodError'{0x000000060da53c58}: 'int java.lang.invoke.DirectMethodHandle$Holder.invokeStaticInit(java.lang.Object, java.lang.Object, java.lang.Object, long)'> (0x000000060da53c58) 
thrown [s\open\src\hotspot\share\interpreter\linkResolver.cpp, line 804]
Event: 0.273 Thread 0x0000019225fa16e0 Exception <a 'java/lang/NoSuchMethodError'{0x000000060dad9718}: 'void java.lang.System.load(java.lang.String, java.lang.Class)'> (0x000000060dad9718) 
thrown [s\open\src\hotspot\share\interpreter\linkResolver.cpp, line 804]
Event: 0.274 Thread 0x0000019225fa16e0 Exception <a 'java/lang/NoSuchMethodError'{0x000000060dae14f8}: 'void java.lang.System.loadLibrary(java.lang.String, java.lang.Class)'> (0x000000060dae14f8) 
thrown [s\open\src\hotspot\share\interpreter\linkResolver.cpp, line 804]
Event: 0.275 Thread 0x0000019225fa16e0 Exception <a 'sun/nio/fs/WindowsException'{0x000000060daf5b40}> (0x000000060daf5b40) 
thrown [s\open\src\hotspot\share\prims\jni.cpp, line 514]
Event: 0.276 Thread 0x0000019225fa16e0 Exception <a 'sun/nio/fs/WindowsException'{0x000000060daf5ee0}> (0x000000060daf5ee0) 
thrown [s\open\src\hotspot\share\prims\jni.cpp, line 514]
Event: 0.278 Thread 0x0000019225fa16e0 Exception <a 'sun/nio/fs/WindowsException'{0x000000060daff758}> (0x000000060daff758) 
thrown [s\open\src\hotspot\share\prims\jni.cpp, line 514]
Event: 0.278 Thread 0x0000019225fa16e0 Exception <a 'sun/nio/fs/WindowsException'{0x000000060daffa28}> (0x000000060daffa28) 
thrown [s\open\src\hotspot\share\prims\jni.cpp, line 514]
Event: 0.363 Thread 0x0000019225fa16e0 Exception <a 'java/lang/NoSuchMethodError'{0x000000060deb41f8}: 'void java.lang.invoke.DirectMethodHandle$Holder.invokeVirtual(java.lang.Object, java.lang.Object)'> (0x000000060deb41f8) 
thrown [s\open\src\hotspot\share\interpreter\linkResolver.cpp, line 804]
Event: 0.366 Thread 0x0000019225fa16e0 Exception <a 'java/lang/NoSuchMethodError'{0x000000060defed88}: 'void java.lang.invoke.DirectMethodHandle$Holder.invokeInterface(java.lang.Object, java.lang.Object, java.lang.Object)'> (0x000000060defed88) 
thrown [s\open\src\hotspot\share\interpreter\linkResolver.cpp, line 804]
Event: 0.376 Thread 0x0000019225fa16e0 Exception <a 'java/lang/NoSuchMethodError'{0x00000007ffc1b2c8}: 'void java.lang.System.load(java.lang.String, java.lang.Class)'> (0x00000007ffc1b2c8) 
thrown [s\open\src\hotspot\share\interpreter\linkResolver.cpp, line 804]
Event: 0.376 Thread 0x0000019225fa16e0 Exception <a 'java/lang/NoSuchMethodError'{0x00000007ffc230a8}: 'void java.lang.System.loadLibrary(java.lang.String, java.lang.Class)'> (0x00000007ffc230a8) 
thrown [s\open\src\hotspot\share\interpreter\linkResolver.cpp, line 804]
Event: 0.379 Thread 0x0000019225fa16e0 Exception <a 'sun/nio/fs/WindowsException'{0x00000007ffc379f0}> (0x00000007ffc379f0) 
thrown [s\open\src\hotspot\share\prims\jni.cpp, line 514]
Event: 0.379 Thread 0x0000019225fa16e0 Exception <a 'sun/nio/fs/WindowsException'{0x00000007ffc37d70}> (0x00000007ffc37d70) 
thrown [s\open\src\hotspot\share\prims\jni.cpp, line 514]
Event: 0.476 Thread 0x0000019225fa16e0 Exception <a 'java/lang/NoSuchMethodError'{0x00000007ffff41b0}: 'java.lang.Object java.lang.invoke.DirectMethodHandle$Holder.newInvokeSpecial(java.lang.Object, java.lang.Object, java.lang.Object, java.lang.Object, java.lang.Object, java.lang.Object)'> (0x00000007ffff41b0) 
thrown [s\open\src\hotspot\share\interpreter\linkResolver.cpp, line 804]
Event: 0.482 Thread 0x0000019225fa16e0 Exception <a 'java/lang/NoSuchMethodError'{0x00000007ffc420b0}: 'java.lang.Object java.lang.invoke.DirectMethodHandle$Holder.newInvokeSpecial(java.lang.Object, java.lang.Object, java.lang.Object, int, int)'> (0x00000007ffc420b0) 
thrown [s\open\src\hotspot\share\interpreter\linkResolver.cpp, line 804]
Event: 2.172 Thread 0x000001926511bf00 Implicit null exception at 0x00000192368e8afc to 0x00000192368f193c

VM Operations (20 events):
Event: 1.232 Executing safepoint VM operation: G1TryInitiateConcMark (G1 Humongous Allocation)
Event: 1.234 Executing safepoint VM operation: G1TryInitiateConcMark (G1 Humongous Allocation) done
Event: 1.321 Executing safepoint VM operation: G1TryInitiateConcMark (G1 Humongous Allocation)
Event: 1.322 Executing safepoint VM operation: G1TryInitiateConcMark (G1 Humongous Allocation) done
Event: 1.411 Executing safepoint VM operation: G1TryInitiateConcMark (G1 Humongous Allocation)
Event: 1.412 Executing safepoint VM operation: G1TryInitiateConcMark (G1 Humongous Allocation) done
Event: 1.490 Executing safepoint VM operation: G1TryInitiateConcMark (G1 Humongous Allocation)
Event: 1.492 Executing safepoint VM operation: G1TryInitiateConcMark (G1 Humongous Allocation) done
Event: 1.572 Executing safepoint VM operation: G1TryInitiateConcMark (G1 Humongous Allocation)
Event: 1.573 Executing safepoint VM operation: G1TryInitiateConcMark (G1 Humongous Allocation) done
Event: 1.700 Executing safepoint VM operation: G1TryInitiateConcMark (G1 Humongous Allocation)
Event: 1.703 Executing safepoint VM operation: G1TryInitiateConcMark (G1 Humongous Allocation) done
Event: 1.803 Executing non-safepoint VM operation: HandshakeAllThreads (Deoptimize)
Event: 1.812 Executing non-safepoint VM operation: HandshakeAllThreads (Deoptimize) done
Event: 1.818 Executing safepoint VM operation: G1TryInitiateConcMark (G1 Humongous Allocation)
Event: 1.821 Executing safepoint VM operation: G1TryInitiateConcMark (G1 Humongous Allocation) done
Event: 2.020 Executing safepoint VM operation: G1TryInitiateConcMark (G1 Humongous Allocation)
Event: 2.023 Executing safepoint VM operation: G1TryInitiateConcMark (G1 Humongous Allocation) done
Event: 2.494 Executing safepoint VM operation: G1TryInitiateConcMark (G1 Humongous Allocation)
Event: 2.500 Executing safepoint VM operation: G1TryInitiateConcMark (G1 Humongous Allocation) done

Memory protections (0 events):
No events

Nmethod flushes (20 events):
Event: 0.780 Thread 0x000001924bb68080 flushing  nmethod 0x000001922ee63688
Event: 0.780 Thread 0x000001924bb68080 flushing  nmethod 0x000001922ee63f88
Event: 0.780 Thread 0x000001924bb68080 flushing  nmethod 0x000001922ee66b88
Event: 0.780 Thread 0x000001924bb68080 flushing osr nmethod 0x000001922ee69988
Event: 0.780 Thread 0x000001924bb68080 flushing  nmethod 0x0000019236868f08
Event: 0.780 Thread 0x000001924bb68080 flushing  nmethod 0x000001922ec6c988
Event: 0.780 Thread 0x000001924bb68080 flushing  nmethod 0x000001922ec6d208
Event: 0.780 Thread 0x000001924bb68080 flushing  nmethod 0x000001922ec6d808
Event: 0.780 Thread 0x000001924bb68080 flushing  nmethod 0x000001922ec6ea88
Event: 0.780 Thread 0x000001924bb68080 flushing  nmethod 0x000001922ec6f708
Event: 0.780 Thread 0x000001924bb68080 flushing  nmethod 0x000001922ec6fa08
Event: 0.780 Thread 0x000001924bb68080 flushing  nmethod 0x000001922ec6fd08
Event: 0.780 Thread 0x000001924bb68080 flushing  nmethod 0x000001922ecc0c08
Event: 0.780 Thread 0x000001924bb68080 flushing  nmethod 0x000001922ecc1808
Event: 0.780 Thread 0x000001924bb68080 flushing  nmethod 0x000001922ecc3e88
Event: 0.780 Thread 0x000001924bb68080 flushing  nmethod 0x000001922ecc7888
Event: 0.780 Thread 0x000001924bb68080 flushing  nmethod 0x000001922ed85a88
Event: 0.780 Thread 0x000001924bb68080 flushing  nmethod 0x000001922ee3b488
Event: 0.780 Thread 0x000001924bb68080 flushing  nmethod 0x000001922ee3d608
Event: 0.780 Thread 0x000001924bb68080 flushing  nmethod 0x000001922ee3d908

Events (20 events):
Event: 0.483 Thread 0x0000019225fa16e0 Thread added: 0x0000019251be2bf0
Event: 0.528 Thread 0x000001924c1cecc0 Thread added: 0x0000019251e0af20
Event: 0.528 Thread 0x000001924c1cecc0 Thread added: 0x0000019251e076b0
Event: 1.128 Thread 0x0000019251e076b0 Thread exited: 0x0000019251e076b0
Event: 1.129 Thread 0x0000019251e0af20 Thread exited: 0x0000019251e0af20
Event: 1.439 Thread 0x000001924c1cecc0 Thread exited: 0x000001924c1cecc0
Event: 1.588 Thread 0x0000019225fa16e0 Thread added: 0x0000019251da8c50
Event: 1.592 Thread 0x0000019225fa16e0 Thread added: 0x0000019251da7cb0
Event: 1.609 Thread 0x0000019225fa16e0 Thread added: 0x0000019251dac300
Event: 1.618 Thread 0x000001924bbb5270 Thread added: 0x0000019251e076b0
Event: 1.620 Thread 0x0000019225fa16e0 Thread added: 0x0000019251daab90
Event: 1.620 Thread 0x0000019225fa16e0 Thread added: 0x0000019251dab360
Event: 1.631 Thread 0x0000019225fa16e0 Thread added: 0x0000019251dae240
Event: 1.637 Thread 0x0000019225fa16e0 Thread added: 0x0000019251daea10
Event: 1.664 Thread 0x0000019225fa16e0 Thread added: 0x0000019251b4be40
Event: 1.693 Thread 0x0000019225fa16e0 Thread added: 0x000001926511e610
Event: 1.721 Thread 0x0000019225fa16e0 Thread added: 0x000001926511cea0
Event: 1.721 Thread 0x0000019225fa16e0 Thread added: 0x000001926511f5b0
Event: 1.721 Thread 0x0000019225fa16e0 Thread added: 0x000001926511bf00
Event: 1.777 Thread 0x000001924bbb65e0 Thread added: 0x0000019251e0af20


Dynamic libraries:
0x00007ff6fe860000 - 0x00007ff6fe86e000 	C:\Users\Tommy\.jdks\openjdk-26.0.1\bin\java.exe
0x00007ff8a0500000 - 0x00007ff8a0767000 	C:\WINDOWS\SYSTEM32\ntdll.dll
0x00007ff89fb90000 - 0x00007ff89fc5b000 	C:\WINDOWS\System32\KERNEL32.DLL
0x00007ff89da30000 - 0x00007ff89de32000 	C:\WINDOWS\System32\KERNELBASE.dll
0x00007ff89e0c0000 - 0x00007ff89e20c000 	C:\WINDOWS\System32\ucrtbase.dll
0x00007ff89ce80000 - 0x00007ff89ce97000 	C:\Users\Tommy\.jdks\openjdk-26.0.1\bin\jli.dll
0x00007ff89cc30000 - 0x00007ff89cc4e000 	C:\Users\Tommy\.jdks\openjdk-26.0.1\bin\VCRUNTIME140.dll
0x00007ff89efd0000 - 0x00007ff89f19f000 	C:\WINDOWS\System32\USER32.dll
0x00007ff89d870000 - 0x00007ff89d897000 	C:\WINDOWS\System32\win32u.dll
0x00007ff89efa0000 - 0x00007ff89efcb000 	C:\WINDOWS\System32\GDI32.dll
0x00007ff8831f0000 - 0x00007ff883480000 	C:\WINDOWS\WinSxS\amd64_microsoft.windows.common-controls_6595b64144ccf1df_6.0.26100.9278_none_3e0d1ba8e3303201\COMCTL32.dll
0x00007ff89df90000 - 0x00007ff89e0b9000 	C:\WINDOWS\System32\gdi32full.dll
0x00007ff89fd40000 - 0x00007ff89fde9000 	C:\WINDOWS\System32\msvcrt.dll
0x00007ff89d700000 - 0x00007ff89d7a3000 	C:\WINDOWS\System32\msvcp_win.dll
0x00007ff89f1b0000 - 0x00007ff89f1e1000 	C:\WINDOWS\System32\IMM32.DLL
0x00007ff89d200000 - 0x00007ff89d20c000 	C:\Users\Tommy\.jdks\openjdk-26.0.1\bin\vcruntime140_1.dll
0x00007ff892500000 - 0x00007ff89258d000 	C:\Users\Tommy\.jdks\openjdk-26.0.1\bin\msvcp140.dll
0x00007ff801790000 - 0x00007ff80265e000 	C:\Users\Tommy\.jdks\openjdk-26.0.1\bin\server\jvm.dll
0x00007ff89e5e0000 - 0x00007ff89e69c000 	C:\WINDOWS\System32\ADVAPI32.dll
0x00007ff89f760000 - 0x00007ff89f809000 	C:\WINDOWS\System32\sechost.dll
0x00007ff89fa70000 - 0x00007ff89fb88000 	C:\WINDOWS\System32\RPCRT4.dll
0x00007ff89ff90000 - 0x00007ff8a0010000 	C:\WINDOWS\System32\WS2_32.dll
0x00007ff88e0e0000 - 0x00007ff88e116000 	C:\WINDOWS\SYSTEM32\WINMM.dll
0x00007ff8952c0000 - 0x00007ff8952cb000 	C:\WINDOWS\SYSTEM32\VERSION.dll
0x00007ff89d4b0000 - 0x00007ff89d50e000 	C:\WINDOWS\SYSTEM32\POWRPROF.dll
0x00007ff89d380000 - 0x00007ff89d395000 	C:\WINDOWS\SYSTEM32\UMPDC.dll
0x00007ff89bec0000 - 0x00007ff89bedb000 	C:\WINDOWS\SYSTEM32\kernel.appcore.dll
0x00007ff89ce70000 - 0x00007ff89ce7a000 	C:\Users\Tommy\.jdks\openjdk-26.0.1\bin\jimage.dll
0x00007ff8933a0000 - 0x00007ff8935ec000 	C:\WINDOWS\SYSTEM32\DBGHELP.DLL
0x00007ff89f3d0000 - 0x00007ff89f755000 	C:\WINDOWS\System32\combase.dll
0x00007ff89f1f0000 - 0x00007ff89f2c9000 	C:\WINDOWS\System32\OLEAUT32.dll
0x00007ff880890000 - 0x00007ff8808cb000 	C:\WINDOWS\SYSTEM32\dbgcore.DLL
0x00007ff89d7b0000 - 0x00007ff89d85c000 	C:\WINDOWS\System32\bcryptPrimitives.dll
0x00007ff89cc00000 - 0x00007ff89cc10000 	C:\Users\Tommy\.jdks\openjdk-26.0.1\bin\instrument.dll
0x00007ff89cc10000 - 0x00007ff89cc2f000 	C:\Users\Tommy\.jdks\openjdk-26.0.1\bin\java.dll
0x00007ff89fdf0000 - 0x00007ff89ff8a000 	C:\WINDOWS\System32\ole32.dll
0x00007ff89e6c0000 - 0x00007ff89ee58000 	C:\WINDOWS\System32\SHELL32.dll
0x00007ff89ac50000 - 0x00007ff89b4fe000 	C:\WINDOWS\SYSTEM32\windows.storage.dll
0x00007ff89f2d0000 - 0x00007ff89f3cb000 	C:\WINDOWS\System32\SHCORE.dll
0x00007ff89f820000 - 0x00007ff89f886000 	C:\WINDOWS\System32\shlwapi.dll
0x00007ff89d620000 - 0x00007ff89d649000 	C:\WINDOWS\SYSTEM32\profapi.dll
0x00007ff892600000 - 0x00007ff892617000 	C:\Users\Tommy\.jdks\openjdk-26.0.1\bin\zip.dll
0x00007ff89cbe0000 - 0x00007ff89cbf2000 	C:\Users\Tommy\.jdks\openjdk-26.0.1\bin\net.dll
0x00007ff89c4a0000 - 0x00007ff89c50c000 	C:\WINDOWS\system32\mswsock.dll
0x00007ff892620000 - 0x00007ff892636000 	C:\Users\Tommy\.jdks\openjdk-26.0.1\bin\nio.dll
0x00007ff89cbd0000 - 0x00007ff89cbe0000 	C:\Users\Tommy\.jdks\openjdk-26.0.1\bin\verify.dll
0x00007ff8925d0000 - 0x00007ff8925d9000 	C:\Users\Tommy\.jdks\openjdk-26.0.1\bin\extnet.dll
0x00007ff878420000 - 0x00007ff87849b000 	C:\Users\Tommy\AppData\Local\Temp\lwjgl_Tommy\3.3.4+7\x64\lwjgl.dll
0x00007ff8774b0000 - 0x00007ff877535000 	C:\Users\Tommy\AppData\Local\Temp\lwjgl_Tommy\3.3.4+7\x64\glfw.dll
0x00007ff87a8a0000 - 0x00007ff87a8eb000 	C:\WINDOWS\SYSTEM32\dinput8.dll
0x00007ff8883d0000 - 0x00007ff8883eb000 	C:\WINDOWS\SYSTEM32\xinput1_4.dll
0x00007ff89d2d0000 - 0x00007ff89d322000 	C:\WINDOWS\SYSTEM32\cfgmgr32.dll
0x00007ff89d290000 - 0x00007ff89d2bf000 	C:\WINDOWS\SYSTEM32\DEVOBJ.dll
0x00007ff89a560000 - 0x00007ff89a58f000 	C:\WINDOWS\SYSTEM32\dwmapi.dll
0x00007ff8889b0000 - 0x00007ff888b93000 	C:\WINDOWS\SYSTEM32\inputhost.dll
0x00007ff899da0000 - 0x00007ff899ecb000 	C:\WINDOWS\SYSTEM32\CoreMessaging.dll
0x00007ff89a2d0000 - 0x00007ff89a378000 	C:\WINDOWS\system32\uxtheme.dll
0x00007ff89e480000 - 0x00007ff89e5db000 	C:\WINDOWS\System32\MSCTF.dll
0x00007ff89c790000 - 0x00007ff89c79c000 	C:\WINDOWS\SYSTEM32\CRYPTBASE.DLL
0x00007ff8541a0000 - 0x00007ff8542ac000 	C:\WINDOWS\SYSTEM32\opengl32.dll
0x00007ff862c40000 - 0x00007ff862c6d000 	C:\WINDOWS\SYSTEM32\GLU32.dll
0x00007ff89a3b0000 - 0x00007ff89a3f4000 	C:\WINDOWS\SYSTEM32\dxcore.dll
0x00007ff888f30000 - 0x00007ff888f4e000 	C:\WINDOWS\SYSTEM32\windows.staterepositorycore.dll
0x00007ff852a80000 - 0x00007ff852aab000 	C:\WINDOWS\System32\DriverStore\FileRepository\u0203304.inf_amd64_a6e5a337568ce3f0\B026373\atig6pxx.dll
0x00007ff806f50000 - 0x00007ff80ad86000 	C:\WINDOWS\System32\DriverStore\FileRepository\amdogl.inf_amd64_0c58af8f08364541\atio6axx.dll
0x00007ff8a0020000 - 0x00007ff8a04a7000 	C:\WINDOWS\System32\SETUPAPI.dll
0x00007ff89df00000 - 0x00007ff89df82000 	C:\WINDOWS\System32\WINTRUST.dll
0x00007ff89d8a0000 - 0x00007ff89da1e000 	C:\WINDOWS\System32\CRYPT32.dll
0x00007ff89caa0000 - 0x00007ff89cab3000 	C:\WINDOWS\SYSTEM32\MSASN1.dll
0x00007ff89d5f0000 - 0x00007ff89d61a000 	C:\WINDOWS\SYSTEM32\BCrypt.dll
0x00007ff8877e0000 - 0x00007ff88781e000 	C:\WINDOWS\System32\DriverStore\FileRepository\u0203304.inf_amd64_a6e5a337568ce3f0\B026373\amdihk64.dll
0x00007ff8773d0000 - 0x00007ff877431000 	C:\Users\Tommy\AppData\Local\Temp\lwjgl_Tommy\3.3.4+7\x64\lwjgl_opengl.dll
0x00007ff87f5f0000 - 0x00007ff87f732000 	C:\WINDOWS\SYSTEM32\textinputframework.dll
0x00007ff896240000 - 0x00007ff896524000 	C:\WINDOWS\SYSTEM32\CoreUIComponents.dll
0x00007ff896bb0000 - 0x00007ff896d1a000 	C:\WINDOWS\SYSTEM32\wintypes.dll
0x00007ff877210000 - 0x00007ff8772b0000 	C:\Users\Tommy\AppData\Local\Temp\lwjgl_Tommy\3.3.4+7\x64\lwjgl_stb.dll

JVMTI agents:
C:\Program Files\JetBrains\IntelliJ IDEA 2026.1.4\lib\idea_rt.jar path:C:\Users\Tommy\.jdks\openjdk-26.0.1\bin\instrument.dll, loaded, initialized, instrumentlib options:62075

dbghelp: loaded successfully - version: 4.0.5 - missing functions: none
symbol engine: initialized successfully - sym options: 0x614 - pdb path: .;C:\Users\Tommy\.jdks\openjdk-26.0.1\bin;C:\WINDOWS\SYSTEM32;C:\WINDOWS\WinSxS\amd64_microsoft.windows.common-controls_6595b64144ccf1df_6.0.26100.9278_none_3e0d1ba8e3303201;C:\Users\Tommy\.jdks\openjdk-26.0.1\bin\server;C:\Users\Tommy\AppData\Local\Temp\lwjgl_Tommy\3.3.4+7\x64;C:\WINDOWS\System32\DriverStore\FileRepository\u0203304.inf_amd64_a6e5a337568ce3f0\B026373;C:\WINDOWS\System32\DriverStore\FileRepository\amdogl.inf_amd64_0c58af8f08364541

VM Arguments:
jvm_args: -javaagent:C:\Program Files\JetBrains\IntelliJ IDEA 2026.1.4\lib\idea_rt.jar=62075 -Dfile.encoding=UTF-8 -Dsun.stdout.encoding=UTF-8 -Dsun.stderr.encoding=UTF-8 
java_command: com.szymc.voxel_engine.App
java_class_path (initial): C:\Users\Tommy\IdeaProjects\voxel-engine\target\classes;C:\Users\Tommy\.m2\repository\org\lwjgl\lwjgl\3.3.4\lwjgl-3.3.4.jar;C:\Users\Tommy\.m2\repository\org\lwjgl\lwjgl\3.3.4\lwjgl-3.3.4-natives-windows.jar;C:\Users\Tommy\.m2\repository\org\lwjgl\lwjgl-glfw\3.3.4\lwjgl-glfw-3.3.4.jar;C:\Users\Tommy\.m2\repository\org\lwjgl\lwjgl-glfw\3.3.4\lwjgl-glfw-3.3.4-natives-windows.jar;C:\Users\Tommy\.m2\repository\org\lwjgl\lwjgl-opengl\3.3.4\lwjgl-opengl-3.3.4.jar;C:\Users\Tommy\.m2\repository\org\lwjgl\lwjgl-opengl\3.3.4\lwjgl-opengl-3.3.4-natives-windows.jar;C:\Users\Tommy\.m2\repository\org\joml\joml\1.10.5\joml-1.10.5.jar;C:\Users\Tommy\.m2\repository\org\lwjgl\lwjgl-stb\3.3.4\lwjgl-stb-3.3.4.jar;C:\Users\Tommy\.m2\repository\org\lwjgl\lwjgl-stb\3.3.4\lwjgl-stb-3.3.4-natives-windows.jar;C:\Users\Tommy\.m2\repository\it\unimi\dsi\fastutil\8.5.18\fastutil-8.5.18.jar;C:\Users\Tommy\.m2\repository\com\google\code\gson\gson\2.11.0\gson-2.11.0.jar;C:\Users\Tommy\.m2\repository\com\google\errorprone\error_prone_annotations\2.27.0\error_prone_annotations-2.27.0.jar
Launcher Type: SUN_STANDARD

[Global flags]
     bool AOTAdapterCaching                        = false                                  {diagnostic} {ergonomic}
     bool AOTInvokeDynamicLinking                  = false                                  {diagnostic} {ergonomic}
     bool AOTRecordTraining                        = false                                  {diagnostic} {ergonomic}
     bool AOTReplayTraining                        = false                                  {diagnostic} {ergonomic}
     bool AOTStubCaching                           = false                                  {diagnostic} {ergonomic}
     intx CICompilerCount                          = 12                                        {product} {ergonomic}
     uint ConcGCThreads                            = 3                                         {product} {ergonomic}
     uint G1ConcRefinementThreads                  = 13                                        {product} {ergonomic}
     uint G1EagerReclaimRemSetThreshold            = 32                                   {experimental} {ergonomic}
   size_t G1HeapRegionSize                         = 4194304                                   {product} {ergonomic}
     uint G1RemSetArrayOfCardsEntries              = 32                                   {experimental} {ergonomic}
     uint G1RemSetHowlMaxNumBuckets                = 8                                    {experimental} {ergonomic}
     uint G1RemSetHowlNumBuckets                   = 8                                    {experimental} {ergonomic}
   size_t InitialHeapSize                          = 8388608                                   {product} {ergonomic}
     bool IntelJccErratumMitigation                = false                             {ARCH diagnostic} {ergonomic}
   size_t MarkStackSize                            = 4194304                                   {product} {ergonomic}
   size_t MarkStackSizeMax                         = 536870912                                 {product} {ergonomic}
   size_t MaxHeapSize                              = 8367636480                                {product} {ergonomic}
   size_t MaxNewSize                               = 5020581888                                {product} {ergonomic}
 uint64_t MaxRAM                                   = 33463398400                               {product} {ergonomic}
   size_t MinHeapDeltaBytes                        = 4194304                                   {product} {ergonomic}
   size_t MinHeapSize                              = 8388608                                   {product} {ergonomic}
   size_t NonNMethodCodeHeapSize                   = 7667712                                {pd product} {ergonomic}
   size_t NonProfiledCodeHeapSize                  = 122028032                              {pd product} {ergonomic}
   size_t ProfiledCodeHeapSize                     = 122028032                              {pd product} {ergonomic}
   size_t ReservedCodeCacheSize                    = 251723776                              {pd product} {ergonomic}
     bool SegmentedCodeCache                       = true                                      {product} {ergonomic}
   size_t SoftMaxHeapSize                          = 8367636480                             {manageable} {ergonomic}
     bool UseCompressedOops                        = true                           {product lp64_product} {ergonomic}
     bool UseCondCardMark                          = true                                      {product} {ergonomic}
     bool UseFastUnorderedTimeStamps               = true                                 {experimental} {ergonomic}
     bool UseG1GC                                  = true                                      {product} {ergonomic}
     bool UseLargePagesIndividualAllocation        = false                                  {pd product} {ergonomic}
      int X86ICacheSync                            = 3                                 {ARCH diagnostic} {ergonomic}

Logging:
Log output configuration:
 #0: stdout all=warning uptime,level,tags foldmultilines=false
 #1: stderr all=off uptime,level,tags foldmultilines=false

Release file:
IMPLEMENTOR="Oracle Corporation" 
JAVA_RUNTIME_VERSION="26.0.1+8-34" 
JAVA_VERSION="26.0.1" 
JAVA_VERSION_DATE="2026-04-21" 
LIBC="default" 
MODULES="java.base java.compiler java.datatransfer java.xml java.prefs java.desktop java.instrument java.logging java.management java.security.sasl java.naming java.rmi java.management.rmi java.net.http java.scripting java.security.jgss java.transaction.xa java.sql java.sql.rowset java.xml.crypto java.se java.smartcardio jdk.accessibility jdk.internal.jvmstat jdk.attach jdk.charsets jdk.internal.opt jdk.zipfs jdk.compiler jdk.crypto.cryptoki jdk.crypto.ec jdk.crypto.mscapi jdk.dynalink jdk.internal.ed jdk.editpad jdk.internal.vm.ci jdk.graal.compiler jdk.graal.compiler.management jdk.hotspot.agent jdk.httpserver jdk.incubator.vector jdk.internal.le jdk.internal.md jdk.jartool jdk.javadoc jdk.jcmd jdk.management jdk.management.agent jdk.jconsole jdk.jdeps jdk.jdwp.agent jdk.jdi jdk.jfr jdk.jlink jdk.jpackage jdk.jshell jdk.jstatd jdk.localedata jdk.management.jfr jdk.naming.dns jdk.naming.rmi jdk.net jdk.nio.mapmode jdk.sctp jdk.security.auth jdk.security.jgss jdk.unsupported jdk.unsupported.desktop jdk.xml.dom" 
OS_ARCH="x86_64" 
OS_NAME="Windows" 
SOURCE=".:git:fcc00fc4aee7" 

Environment Variables:
PATH=C:\WINDOWS\system32;C:\WINDOWS;C:\WINDOWS\System32\Wbem;C:\WINDOWS\System32\WindowsPowerShell\v1.0\;C:\WINDOWS\System32\OpenSSH\;C:\Program Files\dotnet\;C:\Program Files\Git\cmd;C:\Users\Tommy\AppData\Local\Microsoft\WindowsApps;C:\Program Files\JetBrains\IntelliJ IDEA 2026.1.4\bin
USERNAME=Tommy
OS=Windows_NT
PROCESSOR_IDENTIFIER=AMD64 Family 25 Model 97 Stepping 2, AuthenticAMD
TMP=C:\Users\Tommy\AppData\Local\Temp
TEMP=C:\Users\Tommy\AppData\Local\Temp




Compilation memory statistics disabled.

Periodic native trim disabled

---------------  S Y S T E M  ---------------

OS:
 Windows 11 , 64 bit Build 26100 (10.0.26100.9444)
OS uptime: 3 days 7:15 hours
Hyper-V role detected

CPU: total 16 (initial active 16) (8 cores per cpu, 2 threads per core) family 25 model 97 stepping 2 microcode 0xa60120c, cx8, cmov, fxsr, ht, mmx, 3dnowpref, sse, sse2, sse3, ssse3, sse4a, sse4.1, sse4.2, popcnt, lzcnt, tsc, tscinvbit, avx, avx2, aes, erms, clmul, bmi1, bmi2, adx, avx512f, avx512dq, avx512cd, avx512bw, avx512vl, sha, fma, vzeroupper, avx512_vpopcntdq, avx512_vpclmulqdq, avx512_vaes, avx512_vnni, clflush, clflushopt, clwb, avx512_vbmi2, avx512_vbmi, hv, rdtscp, rdpid, fsrm, gfni, avx512_bitalg, f16c, cet_ss, avx512_ifma
Processor Information for the first 16 processors :
  Max Mhz: 4201, Current Mhz: 4201, Mhz Limit: 4201

Memory: 4k page, system-wide physical 31913M (17506M free)
TotalPageFile size 38313M (AvailPageFile size 16677M)
current process WorkingSet (physical memory assigned to process): 1038M, peak: 1056M
current process commit charge ("private bytes"): 1844M, peak: 1891M

vm_info: OpenJDK 64-Bit Server VM (26.0.1+8-34) for windows-amd64 JRE (26.0.1+8-34), built on 2026-03-10T17:24:10Z with MS VC++ 17.13 (VS2022)

END.
