#
# A fatal error has been detected by the Java Runtime Environment:
#
#  EXCEPTION_ACCESS_VIOLATION (0xc0000005) at pc=0x00007ff8071c38b5, pid=15764, tid=15996
#
# JRE version: OpenJDK Runtime Environment (26.0.1+8) (build 26.0.1+8-34)
# Java VM: OpenJDK 64-Bit Server VM (26.0.1+8-34, mixed mode, sharing, tiered, compressed oops, compressed class ptrs, g1 gc, windows-amd64)
# Problematic frame:
# C  [atio6axx.dll+0x2738b5]
#
# No core dump will be written. Minidumps are not enabled by default on client versions of Windows
#
# If you would like to submit a bug report, please visit:
#   https://bugreport.java.com/bugreport/crash.jsp
# The crash happened outside the Java Virtual Machine in native code.
# See problematic frame for where to report the bug.
#

---------------  S U M M A R Y ------------

Command Line: -javaagent:C:\Program Files\JetBrains\IntelliJ IDEA 2026.1.4\lib\idea_rt.jar=62230 -Dfile.encoding=UTF-8 -Dsun.stdout.encoding=UTF-8 -Dsun.stderr.encoding=UTF-8 com.szymc.voxel_engine.App

Host: AMD Ryzen 7 7800X3D 8-Core Processor           , 16 cores, 31G,  Windows 11 , 64 bit Build 26100 (10.0.26100.9444)
Time: Fri Sep 18 23:54:47 2026 Eastern Daylight Time elapsed time: 10.366277 seconds (0d 0h 0m 10s)

---------------  T H R E A D  ---------------

Current thread (0x000002024b081e10):  JavaThread "main"             [_thread_in_native, id=15996, stack(0x0000004bb2e00000,0x0000004bb2f00000) (1024K)]

Stack: [0x0000004bb2e00000,0x0000004bb2f00000],  sp=0x0000004bb2eff168,  free space=1020k
Native frames: (J=compiled Java code, j=interpreted, Vv=VM code, C=native code)
C  [atio6axx.dll+0x2738b5]  (no source info available)

Java frames: (J=compiled Java code, j=interpreted, Vv=VM code)
J 1579  org.lwjgl.opengl.GL11C.nglDrawElements(IIIJ)V (0 bytes) @ 0x000002025b9344d6 [0x000002025b934480+0x0000000000000056]
J 2211 c2 com.szymc.voxel_engine.UIRenderer.drawRect(FFFFFFFF)V (58 bytes) @ 0x000002025b9d1c80 [0x000002025b9d1b80+0x0000000000000100]
j  com.szymc.voxel_engine.Engine.render()V+2456
j  com.szymc.voxel_engine.App.main([Ljava/lang/String;)V+730
v  ~StubRoutines::Stub Generator call_stub_stub 0x000002025b1818e2

siginfo: EXCEPTION_ACCESS_VIOLATION (0xc0000005), reading address 0x0000000000000000


Registers:
RAX=0x00007ff8071c38b5, RBX=0x0000000000000257, RCX=0x0000020204ea2690, RDX=0x0000000000000000
RSP=0x0000004bb2eff168, RBP=0x0000000000000000, RSI=0x0000020204baa080, RDI=0x0000020204ea2668
R8 =0x0000000000000018, R9 =0x00007ff806f50000, R10=0x00007ff807d2d486, R11=0x00007ff806f50000
R12=0x0000020204ea2690, R13=0x0000000000000000, R14=0x0000020204cf1240, R15=0x0000000000000018
RIP=0x00007ff8071c38b5, EFLAGS=0x0000000000010202

XMM[0]=0x0000000000000000 0x0000000042800000
XMM[1]=0x0000000000000000 0x0000000042800000
XMM[2]=0x0000000000000000 0x00000000447c8000
XMM[3]=0x0000000000000000 0x00000000438d8000
XMM[4]=0x0000000000000000 0x000000003f000000
XMM[5]=0x0000000000000000 0x000000003f000000
XMM[6]=0x0000000000000000 0x000000003f000000
XMM[7]=0x0000000000000000 0x000000003f800000
XMM[8]=0x0000000000000000 0x0000000000000000
XMM[9]=0x0000000000000000 0x00000000c3cdcf90
XMM[10]=0x0000000000000000 0x00000000c2a4866e
XMM[11]=0x0000000000000000 0x0000000040400000
XMM[12]=0x0000000000000000 0x000000003dcef5de
XMM[13]=0x0000000000000000 0x0000000000000000
XMM[14]=0x0000000000000000 0x000000003f7eb084
XMM[15]=0x0000000000000000 0x0000000000000000
  MXCSR=0x00001fb2


Register to memory mapping:

RAX=0x00007ff8071c38b5 atio6axx.dll
RBX=0x0000000000000257 is an unknown value
RCX=0x0000020204ea2690 points into unknown readable memory: 0x3f80000000000000 | 00 00 00 00 00 00 80 3f
RDX=0x0 is null
RSP=0x0000004bb2eff168 is pointing into the stack for thread: 0x000002024b081e10
RBP=0x0 is null
RSI=0x0000020204baa080 points into unknown readable memory: 0x00007ff80a170928 | 28 09 17 0a f8 7f 00 00
RDI=0x0000020204ea2668 points into unknown readable memory: 0x0000000100000000 | 00 00 00 00 01 00 00 00
R8 =0x0000000000000018 is an unknown value
R9 =0x00007ff806f50000 atio6axx.dll
R10=0x00007ff807d2d486 atio6axx.dll
R11=0x00007ff806f50000 atio6axx.dll
R12=0x0000020204ea2690 points into unknown readable memory: 0x3f80000000000000 | 00 00 00 00 00 00 80 3f
R13=0x0 is null
R14=0x0000020204cf1240 points into unknown readable memory: 0x0000020204e9f048 | 48 f0 e9 04 02 02 00 00
R15=0x0000000000000018 is an unknown value

Top of Stack: (sp=0x0000004bb2eff168)
0x0000004bb2eff168:   00007ff8075489d6 0000020204ea2640   ..T.....@&......
0x0000004bb2eff178:   00007ff807d2cb5d 000002027614df48   ].......H..v....
0x0000004bb2eff188:   00007ff80a167760 0000020242800000   `w.........B....
0x0000004bb2eff198:   0000000000000000 0000000000000018   ................
0x0000004bb2eff1a8:   0000000000000040 0000020204ea2668   @.......h&......
0x0000004bb2eff1b8:   0000000000000018 0000000000000004   ................
0x0000004bb2eff1c8:   0000000000000004 0000000000001405   ................
0x0000004bb2eff1d8:   000000000000013a 0000000000000000   :...............
0x0000004bb2eff1e8:   000002027614df48 0000000000000006   H..v............
0x0000004bb2eff1f8:   0000020204baa080 0000000000000000   ................
0x0000004bb2eff208:   00007ff8075428b6 0000020204baa000   .(T.............
0x0000004bb2eff218:   0000000000000004 0000020200000006   ................
0x0000004bb2eff228:   0000000000001405 0000000000000000   ................
0x0000004bb2eff238:   0000004b00000001 0000004bb2eff360   ....K...`...K...
0x0000004bb2eff248:   0000000000000000 0000020204baa080   ................
0x0000004bb2eff258:   00007ff8773d0000 000002027614df48   ..=w....H..v....
0x0000004bb2eff268:   0000004bb2eff310 000002024b081e10   ....K......K....
0x0000004bb2eff278:   0000004bb2eff300 0000004bb2eff360   ....K...`...K...
0x0000004bb2eff288:   0000000000000000 0000000000000000   ................
0x0000004bb2eff298:   000002025b93450f 000002027299ee08   .E.[.......r....
0x0000004bb2eff2a8:   0000004bb2eff310 00000000d115a520   ....K... .......
0x0000004bb2eff2b8:   0000020242800000 0000000000001405   ...B............
0x0000004bb2eff2c8:   0000000000000000 00000202767e5840   ........@X~v....
0x0000004bb2eff2d8:   000002025b92af0f 000000060d5e4e20   ...[.... N^.....
0x0000004bb2eff2e8:   0000003000000002 0000000688ad2960   ....0...`)......
0x0000004bb2eff2f8:   000000060d5076b0 000000060d4ca760   .vP.....`.L.....
0x0000004bb2eff308:   0000000200000179 000000060d54a1c0   y.........T.....
0x0000004bb2eff318:   000002025b9d1c80 438d8000447c8000   ...[......|D...C
0x0000004bb2eff328:   4280000042800000 3f0000003f000000   ...B...B...?...?
0x0000004bb2eff338:   3f8000003f000000 000000060d5076b0   ...?...?.vP.....
0x0000004bb2eff348:   0000004b00000003 0000004bb2eff3f0   ....K.......K...
0x0000004bb2eff358:   000002025b188e18 000000063f800000   ...[.......?....

Instructions: (pc=0x00007ff8071c38b5)
  0x00007ff8071c37b5:   08 c3 f2 0f 10 02 f2 0f 11 01 0f b7 42 08 66 89
  0x00007ff8071c37c5:   41 08 0f b6 42 0a 88 41 0a c3 f2 0f 10 02 f2 0f
  0x00007ff8071c37d5:   11 01 8b 42 08 89 41 08 c3 f2 0f 10 02 f2 0f 11
  0x00007ff8071c37e5:   01 8b 42 08 89 41 08 0f b6 42 0c 88 41 0c c3 f2
  0x00007ff8071c37f5:   0f 10 02 f2 0f 11 01 8b 42 08 89 41 08 0f b7 42
  0x00007ff8071c3805:   0c 66 89 41 0c c3 f2 0f 10 02 f2 0f 11 01 8b 42
  0x00007ff8071c3815:   08 89 41 08 0f b7 42 0c 66 89 41 0c 0f b6 42 0e
  0x00007ff8071c3825:   88 41 0e c3 0f 10 02 0f 11 01 c3 0f 10 02 0f 11
  0x00007ff8071c3835:   01 0f b6 42 10 88 41 10 c3 0f 10 02 0f 11 01 0f
  0x00007ff8071c3845:   b7 42 10 66 89 41 10 c3 0f 10 02 0f 11 01 0f b7
  0x00007ff8071c3855:   42 10 66 89 41 10 0f b6 42 12 88 41 12 c3 0f 10
  0x00007ff8071c3865:   02 0f 11 01 8b 42 10 89 41 10 c3 0f 10 02 0f 11
  0x00007ff8071c3875:   01 8b 42 10 89 41 10 0f b6 42 14 88 41 14 c3 0f
  0x00007ff8071c3885:   10 02 0f 11 01 8b 42 10 89 41 10 0f b7 42 14 66
  0x00007ff8071c3895:   89 41 14 c3 0f 10 02 0f 11 01 8b 42 10 89 41 10
  0x00007ff8071c38a5:   0f b7 42 14 66 89 41 14 0f b6 42 16 88 41 16 c3
=>0x00007ff8071c38b5:   0f 10 02 0f 11 01 f2 0f 10 4a 10 f2 0f 11 49 10
  0x00007ff8071c38c5:   c3 0f 10 02 0f 11 01 f2 0f 10 4a 10 f2 0f 11 49
  0x00007ff8071c38d5:   10 0f b6 42 18 88 41 18 c3 0f 10 02 0f 11 01 f2
  0x00007ff8071c38e5:   0f 10 4a 10 f2 0f 11 49 10 0f b7 42 18 66 89 41
  0x00007ff8071c38f5:   18 c3 0f 10 02 0f 11 01 f2 0f 10 4a 10 f2 0f 11
  0x00007ff8071c3905:   49 10 0f b7 42 18 66 89 41 18 0f b6 42 1a 88 41
  0x00007ff8071c3915:   1a c3 0f 10 02 0f 11 01 f2 0f 10 4a 10 f2 0f 11
  0x00007ff8071c3925:   49 10 8b 42 18 89 41 18 c3 0f 10 02 0f 11 01 f2
  0x00007ff8071c3935:   0f 10 4a 10 f2 0f 11 49 10 8b 42 18 89 41 18 0f
  0x00007ff8071c3945:   b6 42 1c 88 41 1c c3 0f 10 02 0f 11 01 f2 0f 10
  0x00007ff8071c3955:   4a 10 f2 0f 11 49 10 8b 42 18 89 41 18 0f b7 42
  0x00007ff8071c3965:   1c 66 89 41 1c c3 0f 10 02 0f 11 01 f2 0f 10 4a
  0x00007ff8071c3975:   10 f2 0f 11 49 10 8b 42 18 89 41 18 0f b7 42 1c
  0x00007ff8071c3985:   66 89 41 1c 0f b6 42 1e 88 41 1e c3 0f 10 02 0f
  0x00007ff8071c3995:   11 01 0f 10 4a 10 0f 11 49 10 c3 0f 10 02 0f 11
  0x00007ff8071c39a5:   01 0f 10 4a 10 0f 11 49 10 0f b6 42 20 88 41 20


Stack slot to memory mapping:

stack at sp + 0 slots: 0x00007ff8075489d6 atio6axx.dll
stack at sp + 1 slots: 0x0000020204ea2640 points into unknown readable memory: 0x000000280000032b | 2b 03 00 00 28 00 00 00
stack at sp + 2 slots: 0x00007ff807d2cb5d atio6axx.dll
stack at sp + 3 slots: 0x000002027614df48 points into unknown readable memory: 0x00007ff80a1708b8 | b8 08 17 0a f8 7f 00 00
stack at sp + 4 slots: 0x00007ff80a167760 atio6axx.dll
stack at sp + 5 slots: 0x0000020242800000 is an unknown value
stack at sp + 6 slots: 0x0 is null
stack at sp + 7 slots: 0x0000000000000018 is an unknown value

Lock stack of current Java thread (top to bottom):


Compiled method (n/a) 10437 1579     n 0       org.lwjgl.opengl.GL11C::nglDrawElements (native)
 total in heap  [0x000002025b934388,0x000002025b934600] = 632
 main code      [0x000002025b934480,0x000002025b9345f2] = 370
 stub code      [0x000002025b9345f2,0x000002025b9345f8] = 6
 oops           [0x000002025b9345f8,0x000002025b934600] = 8
 mutable data [0x000002027686c080,0x000002027686c0a0] = 32
 relocation     [0x000002027686c080,0x000002027686c0a0] = 32

[Constant Pool (empty)]


Loading hsdis library failed, undisassembled code is shown in MachCode section
[MachCode]
[Entry Point]
  # {method} {0x000002027277b0e0} 'nglDrawElements' '(IIIJ)V' in 'org/lwjgl/opengl/GL11C'
  # parm0:    rdx       = int
  # parm1:    r8        = int
  # parm2:    r9        = int
  # parm3:    rdi:rdi   = long
  #           [sp+0x80]  (sp of caller)
  0x000002025b934480: 6690 448b | 5208 443b 

  0x000002025b934488: ;   {runtime_call Shared Runtime ic_miss_blob}
  0x000002025b934488: 5008 0f85 | 50ab 89ff 
[Verified Entry Point]
  0x000002025b934490: 8984 2400 | 80ff ff55 | 488b ec48 | 83ec 7090 | 4181 7f20 | 3400 0000 

  0x000002025b9344a8: ;   {runtime_call Stub::Stub Generator method_entry_barrier_stub}
  0x000002025b9344a8: 7405 e871 | 1e88 ff48 | 897c 2428 | 4c89 4c24 | 204d 8bc8 

  0x000002025b9344bc: ;   {oop(a 'java/lang/Class'{0x000000060d4ca760} = 'org/lwjgl/opengl/GL11C')}
  0x000002025b9344bc: 4c8b c249 | be60 a74c | 0d06 0000 | 004c 8974 | 2460 4c8d | 7424 6049 | 8bd6 c5f8 

  0x000002025b9344d8: ;   {internal_word}
  0x000002025b9344d8: 7749 bad6 | 4493 5b02 | 0200 004d | 8997 1804 | 0000 4989 | a710 0400 | 0049 8d8f | 3004 0000 
  0x000002025b9344f8: 41c7 87ac | 0400 0004 

  0x000002025b934500: ;   {runtime_call}
  0x000002025b934500: 0000 0048 | b820 d33d | 77f8 7f00 | 00ff d0c5 | f877 41c7 | 87ac 0400 | 0005 0000 | 00f0 8344 
  0x000002025b934520: 24c0 0049 | 3b6f 280f | 870e 0000 | 0041 83bf | a804 0000 | 000f 8423 | 0000 00c5 | f877 498b 
  0x000002025b934540: cf4c 8be4 | 4883 ec20 | 4883 e4f0 

  0x000002025b93454c: ;   {runtime_call}
  0x000002025b93454c: 48b8 5006 | c301 f87f | 0000 ffd0 | 498b e44d | 33e4 41c7 | 87ac 0400 | 0008 0000 | 0041 83bf 
  0x000002025b93456c: 3005 0000 | 020f 8459 | 0000 0049 | c787 1004 | 0000 0000 | 0000 49c7 | 8718 0400 | 0000 0000 
  0x000002025b93458c: 00c5 f877 | 498b 8f90 | 0400 00c7 | 8100 0100 | 0000 0000 

  0x000002025b9345a0: ;   {poll_return}
  0x000002025b9345a0: 00c9 41f6 | 4728 0174 

  0x000002025b9345a8: ;   {internal_word}
  0x000002025b9345a8: 1649 baa2 | 4593 5b02 | 0200 004d | 8997 b804 

  0x000002025b9345b8: ;   {runtime_call SafepointBlob}
  0x000002025b9345b8: 0000 e9a1 | df89 ff49 | 837f 0800 | 0f85 0100 

  0x000002025b9345c8: ;   {runtime_call Stub::Stub Generator forward_exception_stub}
  0x000002025b9345c8: 0000 c3e9 | 10d2 84ff | c5f8 774c | 8be4 4883 | ec20 4883 

  0x000002025b9345dc: ;   {runtime_call}
  0x000002025b9345dc: e4f0 48b8 | 9037 fe01 | f87f 0000 | ffd0 498b | e44d 33e4 | eb85 f4f4 | f4f4 f4f4 
[/MachCode]


Compiled method (c2) 10438 2211       4       com.szymc.voxel_engine.UIRenderer::drawRect (58 bytes)
 total in heap  [0x000002025b9d1a88,0x000002025b9d1d20] = 664
 main code      [0x000002025b9d1b80,0x000002025b9d1ce0] = 352
 stub code      [0x000002025b9d1ce0,0x000002025b9d1d18] = 56
 oops           [0x000002025b9d1d18,0x000002025b9d1d20] = 8
 mutable data [0x000002020a70caa0,0x000002020a70cb18] = 120
 relocation     [0x000002020a70caa0,0x000002020a70caf0] = 80
 metadata       [0x000002020a70caf0,0x000002020a70cb18] = 40
 immutable data [0x000002020a334b10,0x000002020a334c9c] = 396
 dependencies   [0x000002020a334b10,0x000002020a334b20] = 16
 handler table  [0x000002020a334b20,0x000002020a334b98] = 120
 scopes pcs     [0x000002020a334b98,0x000002020a334c08] = 112
 scopes data    [0x000002020a334c08,0x000002020a334c98] = 144

[Constant Pool (empty)]


Loading hsdis library failed, undisassembled code is shown in MachCode section
[MachCode]
[Instructions begin]
  0x000002025b9d1b80: 6690 448b | 5208 443b 

  0x000002025b9d1b88: ;   {runtime_call Shared Runtime ic_miss_blob}
  0x000002025b9d1b88: 5008 0f85 | 50d4 7fff 
[Verified Entry Point]
  0x000002025b9d1b90: 8984 2400 | 80ff ff55 | 4883 ec30 | 4181 7f20 | 3400 0000 | 0f85 2501 | 0000 c5fa | 117c 241c 
  0x000002025b9d1bb0: c5fa 1174 | 2418 c5fa | 116c 2414 | c5fa 1164 | 2410 c5fa | 115c 240c | c5fa 1154 | 2408 c5fa 
  0x000002025b9d1bd0: 114c 2404 | c5fa 1104 | 2448 8bea | 8b52 2045 

  0x000002025b9d1be0: ;   {static_call}
  0x000002025b9d1be0: 33c0 90e8 

  0x000002025b9d1be4: ; ImmutableOopMap {rbp=Oop }
                      ;*invokestatic glUniform1i {reexecute=0 rethrow=0 return_oop=0}
                      ; - org.lwjgl.opengl.GL20::glUniform1i@2 (line 487)
                      ; - com.szymc.voxel_engine.UIRenderer::drawRect@5 (line 423)
  0x000002025b9d1be4: a86a f6ff 

  0x000002025b9d1be8: ;   {post_call_nop}
  0x000002025b9d1be8: 0f1f 8400 | 6001 0000 | 8b55 18c5 | fa10 0424 | c5fa 104c | 2404 c5fa | 1054 2408 | c5fa 105c 
  0x000002025b9d1c08: ;   {static_call}
  0x000002025b9d1c08: 240c 90e8 

  0x000002025b9d1c0c: ; ImmutableOopMap {rbp=Oop }
                      ;*invokestatic glUniform4f {reexecute=0 rethrow=0 return_oop=0}
                      ; - org.lwjgl.opengl.GL20::glUniform4f@6 (line 473)
                      ; - com.szymc.voxel_engine.UIRenderer::drawRect@17 (line 424)
  0x000002025b9d1c0c: 00f5 f5ff 

  0x000002025b9d1c10: ;   {post_call_nop}
  0x000002025b9d1c10: 0f1f 8400 | 8801 0001 | 8b55 1cc5 | fa10 4424 | 10c5 fa10 | 4c24 14c5 | fa10 5424 | 18c5 fa10 
  0x000002025b9d1c30: ;   {static_call}
  0x000002025b9d1c30: 5c24 1ce8 

  0x000002025b9d1c34: ; ImmutableOopMap {rbp=Oop }
                      ;*invokestatic glUniform4f {reexecute=0 rethrow=0 return_oop=0}
                      ; - org.lwjgl.opengl.GL20::glUniform4f@6 (line 473)
                      ; - com.szymc.voxel_engine.UIRenderer::drawRect@32 (line 425)
  0x000002025b9d1c34: d8f4 f5ff 

  0x000002025b9d1c38: ;   {post_call_nop}
  0x000002025b9d1c38: 0f1f 8400 | b001 0002 | 8b55 24c5 | fa10 0424 | c5fa 104c | 2404 c5fa | 1054 2408 | c5fa 105c 
  0x000002025b9d1c58: ;   {static_call}
  0x000002025b9d1c58: 240c 90e8 

  0x000002025b9d1c5c: ; ImmutableOopMap {}
                      ;*invokestatic glUniform4f {reexecute=0 rethrow=0 return_oop=0}
                      ; - org.lwjgl.opengl.GL20::glUniform4f@6 (line 473)
                      ; - com.szymc.voxel_engine.UIRenderer::drawRect@44 (line 426)
  0x000002025b9d1c5c: b0f4 f5ff 

  0x000002025b9d1c60: ;   {post_call_nop}
  0x000002025b9d1c60: 0f1f 8400 | d801 0003 | 33ff ba04 | 0000 0041 | b806 0000 | 0041 b905 

  0x000002025b9d1c78: ;   {static_call}
  0x000002025b9d1c78: 1400 00e8 

  0x000002025b9d1c7c: ; ImmutableOopMap {}
                      ;*invokestatic nglDrawElements {reexecute=0 rethrow=0 return_oop=0}
                      ; - org.lwjgl.opengl.GL11C::glDrawElements@4 (line 543)
                      ; - org.lwjgl.opengl.GL11::glDrawElements@4 (line 1870)
                      ; - com.szymc.voxel_engine.UIRenderer::drawRect@54 (line 428)
  0x000002025b9d1c7c: 1028 f6ff 

  0x000002025b9d1c80: ;   {post_call_nop}
  0x000002025b9d1c80: 0f1f 8400 | f801 0004 | 4883 c430 

  0x000002025b9d1c8c: ;   {poll_return}
  0x000002025b9d1c8c: 5d49 3b67 | 280f 8722 | 0000 00c3 | 488b d0eb | 1248 8bd0 | eb0d 488b | d0eb 0848 | 8bd0 eb03 
  0x000002025b9d1cac: 488b d048 | 83c4 305d 

  0x000002025b9d1cb4: ;   {runtime_call C2 Runtime rethrow_blob}
  0x000002025b9d1cb4: e9a7 938e 

  0x000002025b9d1cb8: ;   {internal_word}
  0x000002025b9d1cb8: ff49 ba8d | 1c9d 5b02 | 0200 004d | 8997 b804 

  0x000002025b9d1cc8: ;   {runtime_call SafepointBlob}
  0x000002025b9d1cc8: 0000 e991 

  0x000002025b9d1ccc: ;   {runtime_call Stub::Stub Generator method_entry_barrier_stub}
  0x000002025b9d1ccc: 0880 ffe8 | 4c46 7eff | e9d1 feff | fff4 f4f4 | f4f4 f4f4 
[Stub Code]
  0x000002025b9d1ce0: ;   {static_stub}
  0x000002025b9d1ce0: 48bb 0000 | 0000 0000 

  0x000002025b9d1ce8: ;   {runtime_call nmethod}
  0x000002025b9d1ce8: 0000 e9fb 

  0x000002025b9d1cec: ;   {static_stub}
  0x000002025b9d1cec: ffff ff48 | bb00 0000 | 0000 0000 

  0x000002025b9d1cf8: ;   {runtime_call nmethod}
  0x000002025b9d1cf8: 00e9 fbff 

  0x000002025b9d1cfc: ;   {static_stub}
  0x000002025b9d1cfc: ffff 48bb | 0000 0000 | 0000 0000 

  0x000002025b9d1d08: ;   {runtime_call nmethod}
  0x000002025b9d1d08: e9fb ffff 

  0x000002025b9d1d0c: ;   {runtime_call DeoptimizationBlob}
  0x000002025b9d1d0c: ffe8 ceef | 7fff ebf9 | f4f4 f4f4 
[/MachCode]


---------------  P R O C E S S  ---------------

Threads class SMR info:
_java_thread_list=0x000002021d2b7320, length=29, elements={
0x000002024b081e10, 0x0000020270cb7580, 0x0000020270cb7e80, 0x0000020270cbaa00,
0x0000020270cbb810, 0x0000020270cc06a0, 0x0000020270ccb270, 0x0000020270cf42d0,
0x0000020270cf5ae0, 0x00000202714d06a0, 0x00000202715e6370, 0x00000202715e6b20,
0x0000020271b94390, 0x0000020276e47ee0, 0x0000020276e4c6a0, 0x0000020276e4ce50,
0x0000020276e55e20, 0x0000020276e191d0, 0x0000020276e1d050, 0x0000020276e1c880,
0x0000020276e1a170, 0x0000020276e1e7c0, 0x0000020276a80990, 0x0000020276a7dab0,
0x0000020276a82100, 0x000002020a5ba1f0, 0x000002020a5b7ae0, 0x000002020a5b6b40,
0x000002020a5bc900
}

Java Threads: ( => current thread )
=>0x000002024b081e10 JavaThread "main"                              [_thread_in_native, id=15996, stack(0x0000004bb2e00000,0x0000004bb2f00000) (1024K)]
  0x0000020270cb7580 JavaThread "Reference Handler"          daemon [_thread_blocked, id=17336, stack(0x0000004bb3700000,0x0000004bb3800000) (1024K)]
  0x0000020270cb7e80 JavaThread "Finalizer"                  daemon [_thread_blocked, id=7892, stack(0x0000004bb3800000,0x0000004bb3900000) (1024K)]
  0x0000020270cbaa00 JavaThread "Signal Dispatcher"          daemon [_thread_blocked, id=11368, stack(0x0000004bb3900000,0x0000004bb3a00000) (1024K)]
  0x0000020270cbb810 JavaThread "Attach Listener"            daemon [_thread_blocked, id=19792, stack(0x0000004bb3a00000,0x0000004bb3b00000) (1024K)]
  0x0000020270cc06a0 JavaThread "Service Thread"             daemon [_thread_blocked, id=20536, stack(0x0000004bb3b00000,0x0000004bb3c00000) (1024K)]
  0x0000020270ccb270 JavaThread "Monitor Deflation Thread"   daemon [_thread_blocked, id=19492, stack(0x0000004bb3c00000,0x0000004bb3d00000) (1024K)]
  0x0000020270cf42d0 JavaThread "C2 CompilerThread0"         daemon [_thread_blocked, id=11504, stack(0x0000004bb3d00000,0x0000004bb3e00000) (1024K)]
  0x0000020270cf5ae0 JavaThread "C1 CompilerThread0"         daemon [_thread_blocked, id=8136, stack(0x0000004bb3e00000,0x0000004bb3f00000) (1024K)]
  0x00000202714d06a0 JavaThread "Common-Cleaner"             daemon [_thread_blocked, id=17916, stack(0x0000004bb4200000,0x0000004bb4300000) (1024K)]
  0x00000202715e6370 JavaThread "Monitor Ctrl-Break"         daemon [_thread_in_native, id=13940, stack(0x0000004bb4300000,0x0000004bb4400000) (1024K)]
  0x00000202715e6b20 JavaThread "Notification Thread"        daemon [_thread_blocked, id=5800, stack(0x0000004bb4400000,0x0000004bb4500000) (1024K)]
  0x0000020271b94390 JavaThread "InnocuousThread-1"          daemon [_thread_blocked, id=13184, stack(0x0000004bb4800000,0x0000004bb4900000) (1024K)]
  0x0000020276e47ee0 JavaThread "pool-1-thread-1"                   [_thread_blocked, id=9156, stack(0x0000004bb5f00000,0x0000004bb6000000) (1024K)]
  0x0000020276e4c6a0 JavaThread "pool-1-thread-2"                   [_thread_blocked, id=10976, stack(0x0000004bb6000000,0x0000004bb6100000) (1024K)]
  0x0000020276e4ce50 JavaThread "pool-1-thread-3"                   [_thread_blocked, id=20240, stack(0x0000004bb6100000,0x0000004bb6200000) (1024K)]
  0x0000020276e55e20 JavaThread "pool-1-thread-4"                   [_thread_blocked, id=14724, stack(0x0000004bb6200000,0x0000004bb6300000) (1024K)]
  0x0000020276e191d0 JavaThread "pool-2-thread-1"                   [_thread_blocked, id=21336, stack(0x0000004bb6500000,0x0000004bb6600000) (1024K)]
  0x0000020276e1d050 JavaThread "pool-2-thread-2"                   [_thread_blocked, id=14820, stack(0x0000004bb6b00000,0x0000004bb6c00000) (1024K)]
  0x0000020276e1c880 JavaThread "pool-2-thread-3"                   [_thread_blocked, id=19664, stack(0x0000004bb6c00000,0x0000004bb6d00000) (1024K)]
  0x0000020276e1a170 JavaThread "pool-2-thread-4"                   [_thread_blocked, id=3368, stack(0x0000004bb6d00000,0x0000004bb6e00000) (1024K)]
  0x0000020276e1e7c0 JavaThread "pool-2-thread-5"                   [_thread_blocked, id=9372, stack(0x0000004bb6e00000,0x0000004bb6f00000) (1024K)]
  0x0000020276a80990 JavaThread "pool-2-thread-6"                   [_thread_blocked, id=7724, stack(0x0000004bb6f00000,0x0000004bb7000000) (1024K)]
  0x0000020276a7dab0 JavaThread "pool-2-thread-7"                   [_thread_blocked, id=2604, stack(0x0000004bb7000000,0x0000004bb7100000) (1024K)]
  0x0000020276a82100 JavaThread "pool-2-thread-8"                   [_thread_blocked, id=20112, stack(0x0000004bb7100000,0x0000004bb7200000) (1024K)]
  0x000002020a5ba1f0 JavaThread "pool-2-thread-9"                   [_thread_blocked, id=8588, stack(0x0000004bb7300000,0x0000004bb7400000) (1024K)]
  0x000002020a5b7ae0 JavaThread "pool-2-thread-10"                  [_thread_blocked, id=2664, stack(0x0000004bb7400000,0x0000004bb7500000) (1024K)]
  0x000002020a5b6b40 JavaThread "pool-2-thread-11"                  [_thread_blocked, id=18060, stack(0x0000004bb7500000,0x0000004bb7600000) (1024K)]
  0x000002020a5bc900 JavaThread "pool-2-thread-12"                  [_thread_blocked, id=15948, stack(0x0000004bb7600000,0x0000004bb7700000) (1024K)]
Total: 29

Other Threads:
  0x0000020270ca76c0 VMThread "VM Thread"                           [id=17084, stack(0x0000004bb3600000,0x0000004bb3700000) (1024K)]
  0x0000020270c97140 WatcherThread "VM Periodic Task Thread"        [id=8312, stack(0x0000004bb3500000,0x0000004bb3600000) (1024K)]
  0x000002024b0ef9d0 WorkerThread "GC Thread#0"                     [id=4336, stack(0x0000004bb2f00000,0x0000004bb3000000) (1024K)]
  0x0000020271526ac0 WorkerThread "GC Thread#1"                     [id=16352, stack(0x0000004bb4500000,0x0000004bb4600000) (1024K)]
  0x000002027177be50 WorkerThread "GC Thread#2"                     [id=7096, stack(0x0000004bb5000000,0x0000004bb5100000) (1024K)]
  0x000002027177a470 WorkerThread "GC Thread#3"                     [id=15072, stack(0x0000004bb5100000,0x0000004bb5200000) (1024K)]
  0x00000202767d2e80 WorkerThread "GC Thread#4"                     [id=14844, stack(0x0000004bb5200000,0x0000004bb5300000) (1024K)]
  0x0000020276a88b10 WorkerThread "GC Thread#5"                     [id=8184, stack(0x0000004bb6600000,0x0000004bb6700000) (1024K)]
  0x0000020276a893b0 WorkerThread "GC Thread#6"                     [id=14976, stack(0x0000004bb6700000,0x0000004bb6800000) (1024K)]
  0x0000020276a89800 WorkerThread "GC Thread#7"                     [id=7392, stack(0x0000004bb6800000,0x0000004bb6900000) (1024K)]
  0x0000020276a8b1e0 WorkerThread "GC Thread#8"                     [id=12412, stack(0x0000004bb6900000,0x0000004bb6a00000) (1024K)]
  0x0000020276a8a940 WorkerThread "GC Thread#9"                     [id=14424, stack(0x0000004bb6a00000,0x0000004bb6b00000) (1024K)]
  0x0000020276a88270 WorkerThread "GC Thread#10"                    [id=8692, stack(0x0000004bb5e00000,0x0000004bb5f00000) (1024K)]
  0x0000020276a8d460 WorkerThread "GC Thread#11"                    [id=21244, stack(0x0000004bb6300000,0x0000004bb6400000) (1024K)]
  0x0000020276a8a0a0 WorkerThread "GC Thread#12"                    [id=19876, stack(0x0000004bb6400000,0x0000004bb6500000) (1024K)]
  0x0000020248d2de10 ConcurrentGCThread "G1 Main Marker"            [id=624, stack(0x0000004bb3000000,0x0000004bb3100000) (1024K)]
  0x000002024b105e50 WorkerThread "G1 Conc#0"                       [id=12260, stack(0x0000004bb3100000,0x0000004bb3200000) (1024K)]
  0x000002027177ba00 WorkerThread "G1 Conc#1"                       [id=19208, stack(0x0000004bb4600000,0x0000004bb4700000) (1024K)]
  0x000002027177ad10 WorkerThread "G1 Conc#2"                       [id=17176, stack(0x0000004bb4700000,0x0000004bb4800000) (1024K)]
  0x000002024b13c820 WorkerThread "G1 Refinement Workers#0"         [id=20720, stack(0x0000004bb3300000,0x0000004bb3400000) (1024K)]
  0x000002024b13b550 ConcurrentGCThread "G1 Refine Control"         [id=10512, stack(0x0000004bb3200000,0x0000004bb3300000) (1024K)]
  0x000002024b13d140 ConcurrentGCThread "G1 Service"                [id=10716, stack(0x0000004bb3400000,0x0000004bb3500000) (1024K)]
Total: 22

Threads with active compile tasks:
Total: 0

VM state: not at safepoint (normal execution)

VM Mutex/Monitor currently owned by a thread: None

Heap address: 0x000000060d400000, size: 7980 MB, Compressed Oops mode: Zero based, Oop shift amount: 3

CDS archive(s) mapped at: [0x000000001c000000-0x000000001cde0000-0x000000001cde0000), size 14548992, SharedBaseAddress: 0x000000001c000000, ArchiveRelocationMode: 1.
Compressed class space mapped at: 0x000000001d000000-0x000000005d000000, reserved size: 1073741824
UseCompressedClassPointers 1, UseCompactObjectHeaders 0
Narrow klass pointer bits 32, Max shift 3
Narrow klass base: 0x000000001c000000, Narrow klass shift: 0
Encoding Range: [0x000000001c000000 - 0x000000011c000000), (4294967296 bytes)
Klass Range:    [0x000000001c000000 - 0x000000005d000000), (1090519040 bytes)
Klass ID Range:  [8 - 1090519033) (1090519025)
Protection zone: [0x000000001c000000 - 0x000000001c010000), (65536 bytes)

GC Precious Log:
 CardTable entry size: 512
 Card Set container configuration: InlinePtr #cards 4 size 8 Array Of Cards #cards 32 size 80 Howl #buckets 8 coarsen threshold 7372 Howl Bitmap #cards 1024 size 144 coarsen threshold 921 Card regions per heap region 1 cards per card region 8192
 CPUs: 16 total, 16 available
 Memory: 31913M
 Large Page Support: Disabled
 NUMA Support: Disabled
 Compressed Oops: Enabled (Zero based)
 Heap Region Size: 4M
 Heap Min Capacity: 8M
 Heap Initial Capacity: 8M
 Heap Max Capacity: 7980M
 Pre-touch: Disabled
 Parallel Workers: 13
 Concurrent Workers: 3
 Concurrent Refinement Workers: 13
 Periodic GC: Disabled

Heap:
 garbage-first heap   total reserved 8171520K, committed 2834432K, used 2460797K [0x000000060d400000, 0x0000000800000000)
  region size 4M, 157 eden (628M), 16 survivor (64M), 54 old (216M), 376 humongous (1504M), 89 free (356M)

Heap Regions: E=young(eden), S=young(survivor), O=old, HS=humongous(starts), HC=humongous(continues), CS=collection set, F=free, TAMS=top-at-mark-start, PB=parsable bottom
|    0|0x000000060d400000, 0x000000060d800000, 0x000000060d800000|100%| O|  |TAMS 0x000000060d400000| PB 0x000000060d400000| Untracked |  0
|    1|0x000000060d800000, 0x000000060dc00000, 0x000000060dc00000|100%| O|  |TAMS 0x000000060d800000| PB 0x000000060d800000| Untracked |  0
|    2|0x000000060dc00000, 0x000000060e000000, 0x000000060e000000|100%| O|  |TAMS 0x000000060dc00000| PB 0x000000060dc00000| Untracked |  0
|    3|0x000000060e000000, 0x000000060e400000, 0x000000060e400000|100%| O|  |TAMS 0x000000060e000000| PB 0x000000060e000000| Untracked |  0
|    4|0x000000060e400000, 0x000000060e800000, 0x000000060e800000|100%| O|  |TAMS 0x000000060e400000| PB 0x000000060e400000| Untracked |  0
|    5|0x000000060e800000, 0x000000060ec00000, 0x000000060ec00000|100%| O|  |TAMS 0x000000060e800000| PB 0x000000060e800000| Untracked |  0
|    6|0x000000060ec00000, 0x000000060f000000, 0x000000060f000000|100%| O|  |TAMS 0x000000060ec00000| PB 0x000000060ec00000| Untracked |  0
|    7|0x000000060f000000, 0x000000060f400000, 0x000000060f400000|100%| O|  |TAMS 0x000000060f000000| PB 0x000000060f000000| Untracked |  0
|    8|0x000000060f400000, 0x000000060f800000, 0x000000060f800000|100%| O|  |TAMS 0x000000060f400000| PB 0x000000060f400000| Untracked |  0
|    9|0x000000060f800000, 0x000000060fc00000, 0x000000060fc00000|100%| O|  |TAMS 0x000000060f800000| PB 0x000000060f800000| Untracked |  0
|   10|0x000000060fc00000, 0x0000000610000000, 0x0000000610000000|100%| O|  |TAMS 0x000000060fc00000| PB 0x000000060fc00000| Untracked |  0
|   11|0x0000000610000000, 0x0000000610400000, 0x0000000610400000|100%| O|  |TAMS 0x0000000610000000| PB 0x0000000610000000| Untracked |  0
|   12|0x0000000610400000, 0x0000000610800000, 0x0000000610800000|100%| O|  |TAMS 0x0000000610400000| PB 0x0000000610400000| Untracked |  0
|   13|0x0000000610800000, 0x0000000610c00000, 0x0000000610c00000|100%| O|  |TAMS 0x0000000610800000| PB 0x0000000610800000| Untracked |  0
|   14|0x0000000610c00000, 0x0000000611000000, 0x0000000611000000|100%|HS|  |TAMS 0x0000000610c00000| PB 0x0000000610c00000| Complete  |  0
|   15|0x0000000611000000, 0x0000000611400000, 0x0000000611400000|100%| O|  |TAMS 0x0000000611000000| PB 0x0000000611000000| Untracked |  0
|   16|0x0000000611400000, 0x0000000611800000, 0x0000000611800000|100%| O|  |TAMS 0x0000000611400000| PB 0x0000000611400000| Untracked |  0
|   17|0x0000000611800000, 0x0000000611c00000, 0x0000000611c00000|100%| O|  |TAMS 0x0000000611800000| PB 0x0000000611800000| Untracked |  0
|   18|0x0000000611c00000, 0x0000000612000000, 0x0000000612000000|100%| O|  |TAMS 0x0000000611c00000| PB 0x0000000611c00000| Untracked |  0
|   19|0x0000000612000000, 0x0000000612400000, 0x0000000612400000|100%| O|  |TAMS 0x0000000612000000| PB 0x0000000612000000| Untracked |  0
|   20|0x0000000612400000, 0x0000000612800000, 0x0000000612800000|100%| O|  |TAMS 0x0000000612400000| PB 0x0000000612400000| Untracked |  0
|   21|0x0000000612800000, 0x0000000612b1f4d0, 0x0000000612c00000| 78%| O|  |TAMS 0x0000000612800000| PB 0x0000000612800000| Untracked |  0
|   22|0x0000000612c00000, 0x0000000613000000, 0x0000000613000000|100%|HS|  |TAMS 0x0000000612c00000| PB 0x0000000612c00000| Complete  |  0
|   23|0x0000000613000000, 0x0000000613400000, 0x0000000613400000|100%|HC|  |TAMS 0x0000000613000000| PB 0x0000000613000000| Complete  |  0
|   24|0x0000000613400000, 0x0000000613800000, 0x0000000613800000|100%|HS|  |TAMS 0x0000000613400000| PB 0x0000000613400000| Complete  |  0
|   25|0x0000000613800000, 0x0000000613c00000, 0x0000000613c00000|100%|HS|  |TAMS 0x0000000613800000| PB 0x0000000613800000| Complete  |  0
|   26|0x0000000613c00000, 0x0000000614000000, 0x0000000614000000|100%|HC|  |TAMS 0x0000000613c00000| PB 0x0000000613c00000| Complete  |  0
|   27|0x0000000614000000, 0x0000000614400000, 0x0000000614400000|100%|HS|  |TAMS 0x0000000614000000| PB 0x0000000614000000| Complete  |  0
|   28|0x0000000614400000, 0x0000000614800000, 0x0000000614800000|100%|HS|  |TAMS 0x0000000614400000| PB 0x0000000614400000| Complete  |  0
|   29|0x0000000614800000, 0x0000000614c00000, 0x0000000614c00000|100%|HS|  |TAMS 0x0000000614800000| PB 0x0000000614800000| Complete  |  0
|   30|0x0000000614c00000, 0x0000000615000000, 0x0000000615000000|100%|HS|  |TAMS 0x0000000614c00000| PB 0x0000000614c00000| Complete  |  0
|   31|0x0000000615000000, 0x0000000615400000, 0x0000000615400000|100%|HC|  |TAMS 0x0000000615000000| PB 0x0000000615000000| Complete  |  0
|   32|0x0000000615400000, 0x0000000615800000, 0x0000000615800000|100%|HS|  |TAMS 0x0000000615400000| PB 0x0000000615400000| Complete  |  0
|   33|0x0000000615800000, 0x0000000615c00000, 0x0000000615c00000|100%|HS|  |TAMS 0x0000000615800000| PB 0x0000000615800000| Complete  |  0
|   34|0x0000000615c00000, 0x0000000616000000, 0x0000000616000000|100%|HC|  |TAMS 0x0000000615c00000| PB 0x0000000615c00000| Complete  |  0
|   35|0x0000000616000000, 0x0000000616400000, 0x0000000616400000|100%|HS|  |TAMS 0x0000000616000000| PB 0x0000000616000000| Complete  |  0
|   36|0x0000000616400000, 0x0000000616800000, 0x0000000616800000|100%|HS|  |TAMS 0x0000000616400000| PB 0x0000000616400000| Complete  |  0
|   37|0x0000000616800000, 0x0000000616c00000, 0x0000000616c00000|100%|HS|  |TAMS 0x0000000616800000| PB 0x0000000616800000| Complete  |  0
|   38|0x0000000616c00000, 0x0000000617000000, 0x0000000617000000|100%|HC|  |TAMS 0x0000000616c00000| PB 0x0000000616c00000| Complete  |  0
|   39|0x0000000617000000, 0x0000000617400000, 0x0000000617400000|100%|HS|  |TAMS 0x0000000617000000| PB 0x0000000617000000| Complete  |  0
|   40|0x0000000617400000, 0x0000000617800000, 0x0000000617800000|100%|HS|  |TAMS 0x0000000617400000| PB 0x0000000617400000| Complete  |  0
|   41|0x0000000617800000, 0x0000000617c00000, 0x0000000617c00000|100%|HC|  |TAMS 0x0000000617800000| PB 0x0000000617800000| Complete  |  0
|   42|0x0000000617c00000, 0x0000000618000000, 0x0000000618000000|100%|HS|  |TAMS 0x0000000617c00000| PB 0x0000000617c00000| Complete  |  0
|   43|0x0000000618000000, 0x0000000618400000, 0x0000000618400000|100%|HS|  |TAMS 0x0000000618000000| PB 0x0000000618000000| Complete  |  0
|   44|0x0000000618400000, 0x0000000618800000, 0x0000000618800000|100%|HS|  |TAMS 0x0000000618400000| PB 0x0000000618400000| Complete  |  0
|   45|0x0000000618800000, 0x0000000618c00000, 0x0000000618c00000|100%|HS|  |TAMS 0x0000000618800000| PB 0x0000000618800000| Complete  |  0
|   46|0x0000000618c00000, 0x0000000619000000, 0x0000000619000000|100%|HC|  |TAMS 0x0000000618c00000| PB 0x0000000618c00000| Complete  |  0
|   47|0x0000000619000000, 0x0000000619400000, 0x0000000619400000|100%|HS|  |TAMS 0x0000000619000000| PB 0x0000000619000000| Complete  |  0
|   48|0x0000000619400000, 0x0000000619800000, 0x0000000619800000|100%|HS|  |TAMS 0x0000000619400000| PB 0x0000000619400000| Complete  |  0
|   49|0x0000000619800000, 0x0000000619c00000, 0x0000000619c00000|100%|HS|  |TAMS 0x0000000619800000| PB 0x0000000619800000| Complete  |  0
|   50|0x0000000619c00000, 0x000000061a000000, 0x000000061a000000|100%|HC|  |TAMS 0x0000000619c00000| PB 0x0000000619c00000| Complete  |  0
|   51|0x000000061a000000, 0x000000061a400000, 0x000000061a400000|100%|HS|  |TAMS 0x000000061a000000| PB 0x000000061a000000| Complete  |  0
|   52|0x000000061a400000, 0x000000061a800000, 0x000000061a800000|100%|HS|  |TAMS 0x000000061a400000| PB 0x000000061a400000| Complete  |  0
|   53|0x000000061a800000, 0x000000061ac00000, 0x000000061ac00000|100%|HS|  |TAMS 0x000000061a800000| PB 0x000000061a800000| Complete  |  0
|   54|0x000000061ac00000, 0x000000061b000000, 0x000000061b000000|100%|HC|  |TAMS 0x000000061ac00000| PB 0x000000061ac00000| Complete  |  0
|   55|0x000000061b000000, 0x000000061b400000, 0x000000061b400000|100%|HS|  |TAMS 0x000000061b000000| PB 0x000000061b000000| Complete  |  0
|   56|0x000000061b400000, 0x000000061b800000, 0x000000061b800000|100%|HS|  |TAMS 0x000000061b400000| PB 0x000000061b400000| Complete  |  0
|   57|0x000000061b800000, 0x000000061bc00000, 0x000000061bc00000|100%|HS|  |TAMS 0x000000061b800000| PB 0x000000061b800000| Complete  |  0
|   58|0x000000061bc00000, 0x000000061c000000, 0x000000061c000000|100%|HS|  |TAMS 0x000000061bc00000| PB 0x000000061bc00000| Complete  |  0
|   59|0x000000061c000000, 0x000000061c400000, 0x000000061c400000|100%|HS|  |TAMS 0x000000061c000000| PB 0x000000061c000000| Complete  |  0
|   60|0x000000061c400000, 0x000000061c800000, 0x000000061c800000|100%|HC|  |TAMS 0x000000061c400000| PB 0x000000061c400000| Complete  |  0
|   61|0x000000061c800000, 0x000000061cc00000, 0x000000061cc00000|100%|HS|  |TAMS 0x000000061c800000| PB 0x000000061c800000| Complete  |  0
|   62|0x000000061cc00000, 0x000000061d000000, 0x000000061d000000|100%|HS|  |TAMS 0x000000061cc00000| PB 0x000000061cc00000| Complete  |  0
|   63|0x000000061d000000, 0x000000061d400000, 0x000000061d400000|100%|HC|  |TAMS 0x000000061d000000| PB 0x000000061d000000| Complete  |  0
|   64|0x000000061d400000, 0x000000061d800000, 0x000000061d800000|100%|HS|  |TAMS 0x000000061d400000| PB 0x000000061d400000| Complete  |  0
|   65|0x000000061d800000, 0x000000061dc00000, 0x000000061dc00000|100%|HS|  |TAMS 0x000000061d800000| PB 0x000000061d800000| Complete  |  0
|   66|0x000000061dc00000, 0x000000061e000000, 0x000000061e000000|100%|HC|  |TAMS 0x000000061dc00000| PB 0x000000061dc00000| Complete  |  0
|   67|0x000000061e000000, 0x000000061e400000, 0x000000061e400000|100%|HS|  |TAMS 0x000000061e000000| PB 0x000000061e000000| Complete  |  0
|   68|0x000000061e400000, 0x000000061e800000, 0x000000061e800000|100%|HS|  |TAMS 0x000000061e400000| PB 0x000000061e400000| Complete  |  0
|   69|0x000000061e800000, 0x000000061ec00000, 0x000000061ec00000|100%|HC|  |TAMS 0x000000061e800000| PB 0x000000061e800000| Complete  |  0
|   70|0x000000061ec00000, 0x000000061f000000, 0x000000061f000000|100%|HS|  |TAMS 0x000000061ec00000| PB 0x000000061ec00000| Complete  |  0
|   71|0x000000061f000000, 0x000000061f400000, 0x000000061f400000|100%|HS|  |TAMS 0x000000061f000000| PB 0x000000061f000000| Complete  |  0
|   72|0x000000061f400000, 0x000000061f800000, 0x000000061f800000|100%|HS|  |TAMS 0x000000061f400000| PB 0x000000061f400000| Complete  |  0
|   73|0x000000061f800000, 0x000000061fc00000, 0x000000061fc00000|100%|HS|  |TAMS 0x000000061f800000| PB 0x000000061f800000| Complete  |  0
|   74|0x000000061fc00000, 0x0000000620000000, 0x0000000620000000|100%|HS|  |TAMS 0x000000061fc00000| PB 0x000000061fc00000| Complete  |  0
|   75|0x0000000620000000, 0x0000000620400000, 0x0000000620400000|100%|HS|  |TAMS 0x0000000620000000| PB 0x0000000620000000| Complete  |  0
|   76|0x0000000620400000, 0x0000000620800000, 0x0000000620800000|100%|HC|  |TAMS 0x0000000620400000| PB 0x0000000620400000| Complete  |  0
|   77|0x0000000620800000, 0x0000000620c00000, 0x0000000620c00000|100%|HS|  |TAMS 0x0000000620800000| PB 0x0000000620800000| Complete  |  0
|   78|0x0000000620c00000, 0x0000000621000000, 0x0000000621000000|100%|HS|  |TAMS 0x0000000620c00000| PB 0x0000000620c00000| Complete  |  0
|   79|0x0000000621000000, 0x0000000621400000, 0x0000000621400000|100%|HC|  |TAMS 0x0000000621000000| PB 0x0000000621000000| Complete  |  0
|   80|0x0000000621400000, 0x0000000621800000, 0x0000000621800000|100%|HS|  |TAMS 0x0000000621400000| PB 0x0000000621400000| Complete  |  0
|   81|0x0000000621800000, 0x0000000621c00000, 0x0000000621c00000|100%|HS|  |TAMS 0x0000000621800000| PB 0x0000000621800000| Complete  |  0
|   82|0x0000000621c00000, 0x0000000622000000, 0x0000000622000000|100%|HC|  |TAMS 0x0000000621c00000| PB 0x0000000621c00000| Complete  |  0
|   83|0x0000000622000000, 0x0000000622400000, 0x0000000622400000|100%|HS|  |TAMS 0x0000000622000000| PB 0x0000000622000000| Complete  |  0
|   84|0x0000000622400000, 0x0000000622800000, 0x0000000622800000|100%|HS|  |TAMS 0x0000000622400000| PB 0x0000000622400000| Complete  |  0
|   85|0x0000000622800000, 0x0000000622c00000, 0x0000000622c00000|100%|HC|  |TAMS 0x0000000622800000| PB 0x0000000622800000| Complete  |  0
|   86|0x0000000622c00000, 0x0000000623000000, 0x0000000623000000|100%|HS|  |TAMS 0x0000000622c00000| PB 0x0000000622c00000| Complete  |  0
|   87|0x0000000623000000, 0x0000000623400000, 0x0000000623400000|100%|HS|  |TAMS 0x0000000623000000| PB 0x0000000623000000| Complete  |  0
|   88|0x0000000623400000, 0x0000000623800000, 0x0000000623800000|100%|HS|  |TAMS 0x0000000623400000| PB 0x0000000623400000| Complete  |  0
|   89|0x0000000623800000, 0x0000000623c00000, 0x0000000623c00000|100%|HS|  |TAMS 0x0000000623800000| PB 0x0000000623800000| Complete  |  0
|   90|0x0000000623c00000, 0x0000000624000000, 0x0000000624000000|100%|HS|  |TAMS 0x0000000623c00000| PB 0x0000000623c00000| Complete  |  0
|   91|0x0000000624000000, 0x0000000624400000, 0x0000000624400000|100%|HC|  |TAMS 0x0000000624000000| PB 0x0000000624000000| Complete  |  0
|   92|0x0000000624400000, 0x0000000624800000, 0x0000000624800000|100%|HS|  |TAMS 0x0000000624400000| PB 0x0000000624400000| Complete  |  0
|   93|0x0000000624800000, 0x0000000624c00000, 0x0000000624c00000|100%|HS|  |TAMS 0x0000000624800000| PB 0x0000000624800000| Complete  |  0
|   94|0x0000000624c00000, 0x0000000625000000, 0x0000000625000000|100%|HS|  |TAMS 0x0000000624c00000| PB 0x0000000624c00000| Complete  |  0
|   95|0x0000000625000000, 0x0000000625400000, 0x0000000625400000|100%|HC|  |TAMS 0x0000000625000000| PB 0x0000000625000000| Complete  |  0
|   96|0x0000000625400000, 0x0000000625800000, 0x0000000625800000|100%|HS|  |TAMS 0x0000000625400000| PB 0x0000000625400000| Complete  |  0
|   97|0x0000000625800000, 0x0000000625c00000, 0x0000000625c00000|100%|HS|  |TAMS 0x0000000625800000| PB 0x0000000625800000| Complete  |  0
|   98|0x0000000625c00000, 0x0000000626000000, 0x0000000626000000|100%|HC|  |TAMS 0x0000000625c00000| PB 0x0000000625c00000| Complete  |  0
|   99|0x0000000626000000, 0x0000000626400000, 0x0000000626400000|100%|HS|  |TAMS 0x0000000626000000| PB 0x0000000626000000| Complete  |  0
|  100|0x0000000626400000, 0x0000000626800000, 0x0000000626800000|100%|HS|  |TAMS 0x0000000626400000| PB 0x0000000626400000| Complete  |  0
|  101|0x0000000626800000, 0x0000000626c00000, 0x0000000626c00000|100%|HC|  |TAMS 0x0000000626800000| PB 0x0000000626800000| Complete  |  0
|  102|0x0000000626c00000, 0x0000000627000000, 0x0000000627000000|100%|HS|  |TAMS 0x0000000626c00000| PB 0x0000000626c00000| Complete  |  0
|  103|0x0000000627000000, 0x0000000627400000, 0x0000000627400000|100%|HS|  |TAMS 0x0000000627000000| PB 0x0000000627000000| Complete  |  0
|  104|0x0000000627400000, 0x0000000627800000, 0x0000000627800000|100%|HS|  |TAMS 0x0000000627400000| PB 0x0000000627400000| Complete  |  0
|  105|0x0000000627800000, 0x0000000627c00000, 0x0000000627c00000|100%|HS|  |TAMS 0x0000000627800000| PB 0x0000000627800000| Complete  |  0
|  106|0x0000000627c00000, 0x0000000628000000, 0x0000000628000000|100%|HS|  |TAMS 0x0000000627c00000| PB 0x0000000627c00000| Complete  |  0
|  107|0x0000000628000000, 0x0000000628400000, 0x0000000628400000|100%|HC|  |TAMS 0x0000000628000000| PB 0x0000000628000000| Complete  |  0
|  108|0x0000000628400000, 0x0000000628800000, 0x0000000628800000|100%|HS|  |TAMS 0x0000000628400000| PB 0x0000000628400000| Complete  |  0
|  109|0x0000000628800000, 0x0000000628c00000, 0x0000000628c00000|100%|HS|  |TAMS 0x0000000628800000| PB 0x0000000628800000| Complete  |  0
|  110|0x0000000628c00000, 0x0000000629000000, 0x0000000629000000|100%|HS|  |TAMS 0x0000000628c00000| PB 0x0000000628c00000| Complete  |  0
|  111|0x0000000629000000, 0x0000000629400000, 0x0000000629400000|100%|HC|  |TAMS 0x0000000629000000| PB 0x0000000629000000| Complete  |  0
|  112|0x0000000629400000, 0x0000000629800000, 0x0000000629800000|100%|HS|  |TAMS 0x0000000629400000| PB 0x0000000629400000| Complete  |  0
|  113|0x0000000629800000, 0x0000000629c00000, 0x0000000629c00000|100%|HS|  |TAMS 0x0000000629800000| PB 0x0000000629800000| Complete  |  0
|  114|0x0000000629c00000, 0x000000062a000000, 0x000000062a000000|100%|HC|  |TAMS 0x0000000629c00000| PB 0x0000000629c00000| Complete  |  0
|  115|0x000000062a000000, 0x000000062a400000, 0x000000062a400000|100%|HS|  |TAMS 0x000000062a000000| PB 0x000000062a000000| Complete  |  0
|  116|0x000000062a400000, 0x000000062a800000, 0x000000062a800000|100%|HS|  |TAMS 0x000000062a400000| PB 0x000000062a400000| Complete  |  0
|  117|0x000000062a800000, 0x000000062ac00000, 0x000000062ac00000|100%|HS|  |TAMS 0x000000062a800000| PB 0x000000062a800000| Complete  |  0
|  118|0x000000062ac00000, 0x000000062b000000, 0x000000062b000000|100%|HS|  |TAMS 0x000000062ac00000| PB 0x000000062ac00000| Complete  |  0
|  119|0x000000062b000000, 0x000000062b400000, 0x000000062b400000|100%|HS|  |TAMS 0x000000062b000000| PB 0x000000062b000000| Complete  |  0
|  120|0x000000062b400000, 0x000000062b800000, 0x000000062b800000|100%|HC|  |TAMS 0x000000062b400000| PB 0x000000062b400000| Complete  |  0
|  121|0x000000062b800000, 0x000000062bc00000, 0x000000062bc00000|100%|HS|  |TAMS 0x000000062b800000| PB 0x000000062b800000| Complete  |  0
|  122|0x000000062bc00000, 0x000000062c000000, 0x000000062c000000|100%|HC|  |TAMS 0x000000062bc00000| PB 0x000000062bc00000| Complete  |  0
|  123|0x000000062c000000, 0x000000062c400000, 0x000000062c400000|100%|HS|  |TAMS 0x000000062c000000| PB 0x000000062c000000| Complete  |  0
|  124|0x000000062c400000, 0x000000062c800000, 0x000000062c800000|100%|HS|  |TAMS 0x000000062c400000| PB 0x000000062c400000| Complete  |  0
|  125|0x000000062c800000, 0x000000062cc00000, 0x000000062cc00000|100%|HS|  |TAMS 0x000000062c800000| PB 0x000000062c800000| Complete  |  0
|  126|0x000000062cc00000, 0x000000062d000000, 0x000000062d000000|100%|HC|  |TAMS 0x000000062cc00000| PB 0x000000062cc00000| Complete  |  0
|  127|0x000000062d000000, 0x000000062d400000, 0x000000062d400000|100%|HS|  |TAMS 0x000000062d000000| PB 0x000000062d000000| Complete  |  0
|  128|0x000000062d400000, 0x000000062d800000, 0x000000062d800000|100%|HS|  |TAMS 0x000000062d400000| PB 0x000000062d400000| Complete  |  0
|  129|0x000000062d800000, 0x000000062dc00000, 0x000000062dc00000|100%|HS|  |TAMS 0x000000062d800000| PB 0x000000062d800000| Complete  |  0
|  130|0x000000062dc00000, 0x000000062e000000, 0x000000062e000000|100%|HS|  |TAMS 0x000000062dc00000| PB 0x000000062dc00000| Complete  |  0
|  131|0x000000062e000000, 0x000000062e400000, 0x000000062e400000|100%|HC|  |TAMS 0x000000062e000000| PB 0x000000062e000000| Complete  |  0
|  132|0x000000062e400000, 0x000000062e800000, 0x000000062e800000|100%|HS|  |TAMS 0x000000062e400000| PB 0x000000062e400000| Complete  |  0
|  133|0x000000062e800000, 0x000000062ec00000, 0x000000062ec00000|100%|HS|  |TAMS 0x000000062e800000| PB 0x000000062e800000| Complete  |  0
|  134|0x000000062ec00000, 0x000000062f000000, 0x000000062f000000|100%|HS|  |TAMS 0x000000062ec00000| PB 0x000000062ec00000| Complete  |  0
|  135|0x000000062f000000, 0x000000062f400000, 0x000000062f400000|100%|HS|  |TAMS 0x000000062f000000| PB 0x000000062f000000| Complete  |  0
|  136|0x000000062f400000, 0x000000062f800000, 0x000000062f800000|100%|HC|  |TAMS 0x000000062f400000| PB 0x000000062f400000| Complete  |  0
|  137|0x000000062f800000, 0x000000062fc00000, 0x000000062fc00000|100%|HS|  |TAMS 0x000000062f800000| PB 0x000000062f800000| Complete  |  0
|  138|0x000000062fc00000, 0x0000000630000000, 0x0000000630000000|100%|HC|  |TAMS 0x000000062fc00000| PB 0x000000062fc00000| Complete  |  0
|  139|0x0000000630000000, 0x0000000630400000, 0x0000000630400000|100%|HS|  |TAMS 0x0000000630000000| PB 0x0000000630000000| Complete  |  0
|  140|0x0000000630400000, 0x0000000630800000, 0x0000000630800000|100%|HS|  |TAMS 0x0000000630400000| PB 0x0000000630400000| Complete  |  0
|  141|0x0000000630800000, 0x0000000630c00000, 0x0000000630c00000|100%|HC|  |TAMS 0x0000000630800000| PB 0x0000000630800000| Complete  |  0
|  142|0x0000000630c00000, 0x0000000631000000, 0x0000000631000000|100%|HS|  |TAMS 0x0000000630c00000| PB 0x0000000630c00000| Complete  |  0
|  143|0x0000000631000000, 0x0000000631400000, 0x0000000631400000|100%|HS|  |TAMS 0x0000000631000000| PB 0x0000000631000000| Complete  |  0
|  144|0x0000000631400000, 0x0000000631800000, 0x0000000631800000|100%|HS|  |TAMS 0x0000000631400000| PB 0x0000000631400000| Complete  |  0
|  145|0x0000000631800000, 0x0000000631c00000, 0x0000000631c00000|100%|HS|  |TAMS 0x0000000631800000| PB 0x0000000631800000| Complete  |  0
|  146|0x0000000631c00000, 0x0000000632000000, 0x0000000632000000|100%|HS|  |TAMS 0x0000000631c00000| PB 0x0000000631c00000| Complete  |  0
|  147|0x0000000632000000, 0x0000000632400000, 0x0000000632400000|100%|HS|  |TAMS 0x0000000632000000| PB 0x0000000632000000| Complete  |  0
|  148|0x0000000632400000, 0x0000000632800000, 0x0000000632800000|100%|HS|  |TAMS 0x0000000632400000| PB 0x0000000632400000| Complete  |  0
|  149|0x0000000632800000, 0x0000000632c00000, 0x0000000632c00000|100%|HC|  |TAMS 0x0000000632800000| PB 0x0000000632800000| Complete  |  0
|  150|0x0000000632c00000, 0x0000000633000000, 0x0000000633000000|100%|HS|  |TAMS 0x0000000632c00000| PB 0x0000000632c00000| Complete  |  0
|  151|0x0000000633000000, 0x0000000633400000, 0x0000000633400000|100%|HC|  |TAMS 0x0000000633000000| PB 0x0000000633000000| Complete  |  0
|  152|0x0000000633400000, 0x0000000633800000, 0x0000000633800000|100%|HS|  |TAMS 0x0000000633400000| PB 0x0000000633400000| Complete  |  0
|  153|0x0000000633800000, 0x0000000633c00000, 0x0000000633c00000|100%|HS|  |TAMS 0x0000000633800000| PB 0x0000000633800000| Complete  |  0
|  154|0x0000000633c00000, 0x0000000634000000, 0x0000000634000000|100%|HC|  |TAMS 0x0000000633c00000| PB 0x0000000633c00000| Complete  |  0
|  155|0x0000000634000000, 0x0000000634400000, 0x0000000634400000|100%|HS|  |TAMS 0x0000000634000000| PB 0x0000000634000000| Complete  |  0
|  156|0x0000000634400000, 0x0000000634800000, 0x0000000634800000|100%|HS|  |TAMS 0x0000000634400000| PB 0x0000000634400000| Complete  |  0
|  157|0x0000000634800000, 0x0000000634c00000, 0x0000000634c00000|100%|HC|  |TAMS 0x0000000634800000| PB 0x0000000634800000| Complete  |  0
|  158|0x0000000634c00000, 0x0000000635000000, 0x0000000635000000|100%|HS|  |TAMS 0x0000000634c00000| PB 0x0000000634c00000| Complete  |  0
|  159|0x0000000635000000, 0x0000000635400000, 0x0000000635400000|100%|HS|  |TAMS 0x0000000635000000| PB 0x0000000635000000| Complete  |  0
|  160|0x0000000635400000, 0x0000000635800000, 0x0000000635800000|100%|HS|  |TAMS 0x0000000635400000| PB 0x0000000635400000| Complete  |  0
|  161|0x0000000635800000, 0x0000000635c00000, 0x0000000635c00000|100%|HS|  |TAMS 0x0000000635800000| PB 0x0000000635800000| Complete  |  0
|  162|0x0000000635c00000, 0x0000000636000000, 0x0000000636000000|100%|HS|  |TAMS 0x0000000635c00000| PB 0x0000000635c00000| Complete  |  0
|  163|0x0000000636000000, 0x0000000636400000, 0x0000000636400000|100%|HC|  |TAMS 0x0000000636000000| PB 0x0000000636000000| Complete  |  0
|  164|0x0000000636400000, 0x0000000636800000, 0x0000000636800000|100%|HS|  |TAMS 0x0000000636400000| PB 0x0000000636400000| Complete  |  0
|  165|0x0000000636800000, 0x0000000636c00000, 0x0000000636c00000|100%|HS|  |TAMS 0x0000000636800000| PB 0x0000000636800000| Complete  |  0
|  166|0x0000000636c00000, 0x0000000637000000, 0x0000000637000000|100%|HS|  |TAMS 0x0000000636c00000| PB 0x0000000636c00000| Complete  |  0
|  167|0x0000000637000000, 0x0000000637400000, 0x0000000637400000|100%|HC|  |TAMS 0x0000000637000000| PB 0x0000000637000000| Complete  |  0
|  168|0x0000000637400000, 0x0000000637800000, 0x0000000637800000|100%|HS|  |TAMS 0x0000000637400000| PB 0x0000000637400000| Complete  |  0
|  169|0x0000000637800000, 0x0000000637c00000, 0x0000000637c00000|100%|HS|  |TAMS 0x0000000637800000| PB 0x0000000637800000| Complete  |  0
|  170|0x0000000637c00000, 0x0000000638000000, 0x0000000638000000|100%|HC|  |TAMS 0x0000000637c00000| PB 0x0000000637c00000| Complete  |  0
|  171|0x0000000638000000, 0x0000000638400000, 0x0000000638400000|100%|HS|  |TAMS 0x0000000638000000| PB 0x0000000638000000| Complete  |  0
|  172|0x0000000638400000, 0x0000000638800000, 0x0000000638800000|100%|HS|  |TAMS 0x0000000638400000| PB 0x0000000638400000| Complete  |  0
|  173|0x0000000638800000, 0x0000000638c00000, 0x0000000638c00000|100%|HC|  |TAMS 0x0000000638800000| PB 0x0000000638800000| Complete  |  0
|  174|0x0000000638c00000, 0x0000000639000000, 0x0000000639000000|100%|HS|  |TAMS 0x0000000638c00000| PB 0x0000000638c00000| Complete  |  0
|  175|0x0000000639000000, 0x0000000639400000, 0x0000000639400000|100%|HS|  |TAMS 0x0000000639000000| PB 0x0000000639000000| Complete  |  0
|  176|0x0000000639400000, 0x0000000639800000, 0x0000000639800000|100%|HS|  |TAMS 0x0000000639400000| PB 0x0000000639400000| Complete  |  0
|  177|0x0000000639800000, 0x0000000639c00000, 0x0000000639c00000|100%|HS|  |TAMS 0x0000000639800000| PB 0x0000000639800000| Complete  |  0
|  178|0x0000000639c00000, 0x000000063a000000, 0x000000063a000000|100%|HC|  |TAMS 0x0000000639c00000| PB 0x0000000639c00000| Complete  |  0
|  179|0x000000063a000000, 0x000000063a400000, 0x000000063a400000|100%|HS|  |TAMS 0x000000063a000000| PB 0x000000063a000000| Complete  |  0
|  180|0x000000063a400000, 0x000000063a800000, 0x000000063a800000|100%|HS|  |TAMS 0x000000063a400000| PB 0x000000063a400000| Complete  |  0
|  181|0x000000063a800000, 0x000000063ac00000, 0x000000063ac00000|100%|HS|  |TAMS 0x000000063a800000| PB 0x000000063a800000| Complete  |  0
|  182|0x000000063ac00000, 0x000000063b000000, 0x000000063b000000|100%|HC|  |TAMS 0x000000063ac00000| PB 0x000000063ac00000| Complete  |  0
|  183|0x000000063b000000, 0x000000063b400000, 0x000000063b400000|100%|HS|  |TAMS 0x000000063b000000| PB 0x000000063b000000| Complete  |  0
|  184|0x000000063b400000, 0x000000063b800000, 0x000000063b800000|100%|HS|  |TAMS 0x000000063b400000| PB 0x000000063b400000| Complete  |  0
|  185|0x000000063b800000, 0x000000063bc00000, 0x000000063bc00000|100%|HS|  |TAMS 0x000000063b800000| PB 0x000000063b800000| Complete  |  0
|  186|0x000000063bc00000, 0x000000063c000000, 0x000000063c000000|100%|HC|  |TAMS 0x000000063bc00000| PB 0x000000063bc00000| Complete  |  0
|  187|0x000000063c000000, 0x000000063c400000, 0x000000063c400000|100%|HS|  |TAMS 0x000000063c000000| PB 0x000000063c000000| Complete  |  0
|  188|0x000000063c400000, 0x000000063c800000, 0x000000063c800000|100%|HS|  |TAMS 0x000000063c400000| PB 0x000000063c400000| Complete  |  0
|  189|0x000000063c800000, 0x000000063cc00000, 0x000000063cc00000|100%|HS|  |TAMS 0x000000063c800000| PB 0x000000063c800000| Complete  |  0
|  190|0x000000063cc00000, 0x000000063d000000, 0x000000063d000000|100%|HS|  |TAMS 0x000000063cc00000| PB 0x000000063cc00000| Complete  |  0
|  191|0x000000063d000000, 0x000000063d400000, 0x000000063d400000|100%|HC|  |TAMS 0x000000063d000000| PB 0x000000063d000000| Complete  |  0
|  192|0x000000063d400000, 0x000000063d800000, 0x000000063d800000|100%|HS|  |TAMS 0x000000063d400000| PB 0x000000063d400000| Complete  |  0
|  193|0x000000063d800000, 0x000000063dc00000, 0x000000063dc00000|100%|HS|  |TAMS 0x000000063d800000| PB 0x000000063d800000| Complete  |  0
|  194|0x000000063dc00000, 0x000000063e000000, 0x000000063e000000|100%|HS|  |TAMS 0x000000063dc00000| PB 0x000000063dc00000| Complete  |  0
|  195|0x000000063e000000, 0x000000063e400000, 0x000000063e400000|100%|HC|  |TAMS 0x000000063e000000| PB 0x000000063e000000| Complete  |  0
|  196|0x000000063e400000, 0x000000063e800000, 0x000000063e800000|100%|HS|  |TAMS 0x000000063e400000| PB 0x000000063e400000| Complete  |  0
|  197|0x000000063e800000, 0x000000063ec00000, 0x000000063ec00000|100%|HS|  |TAMS 0x000000063e800000| PB 0x000000063e800000| Complete  |  0
|  198|0x000000063ec00000, 0x000000063f000000, 0x000000063f000000|100%|HC|  |TAMS 0x000000063ec00000| PB 0x000000063ec00000| Complete  |  0
|  199|0x000000063f000000, 0x000000063f400000, 0x000000063f400000|100%|HS|  |TAMS 0x000000063f000000| PB 0x000000063f000000| Complete  |  0
|  200|0x000000063f400000, 0x000000063f800000, 0x000000063f800000|100%|HS|  |TAMS 0x000000063f400000| PB 0x000000063f400000| Complete  |  0
|  201|0x000000063f800000, 0x000000063fc00000, 0x000000063fc00000|100%|HC|  |TAMS 0x000000063f800000| PB 0x000000063f800000| Complete  |  0
|  202|0x000000063fc00000, 0x0000000640000000, 0x0000000640000000|100%|HS|  |TAMS 0x000000063fc00000| PB 0x000000063fc00000| Complete  |  0
|  203|0x0000000640000000, 0x0000000640400000, 0x0000000640400000|100%|HS|  |TAMS 0x0000000640000000| PB 0x0000000640000000| Complete  |  0
|  204|0x0000000640400000, 0x0000000640800000, 0x0000000640800000|100%|HS|  |TAMS 0x0000000640400000| PB 0x0000000640400000| Complete  |  0
|  205|0x0000000640800000, 0x0000000640c00000, 0x0000000640c00000|100%|HS|  |TAMS 0x0000000640800000| PB 0x0000000640800000| Complete  |  0
|  206|0x0000000640c00000, 0x0000000641000000, 0x0000000641000000|100%|HS|  |TAMS 0x0000000640c00000| PB 0x0000000640c00000| Complete  |  0
|  207|0x0000000641000000, 0x0000000641400000, 0x0000000641400000|100%|HC|  |TAMS 0x0000000641000000| PB 0x0000000641000000| Complete  |  0
|  208|0x0000000641400000, 0x0000000641800000, 0x0000000641800000|100%|HS|  |TAMS 0x0000000641400000| PB 0x0000000641400000| Complete  |  0
|  209|0x0000000641800000, 0x0000000641c00000, 0x0000000641c00000|100%|HS|  |TAMS 0x0000000641800000| PB 0x0000000641800000| Complete  |  0
|  210|0x0000000641c00000, 0x0000000642000000, 0x0000000642000000|100%|HS|  |TAMS 0x0000000641c00000| PB 0x0000000641c00000| Complete  |  0
|  211|0x0000000642000000, 0x0000000642400000, 0x0000000642400000|100%|HC|  |TAMS 0x0000000642000000| PB 0x0000000642000000| Complete  |  0
|  212|0x0000000642400000, 0x0000000642800000, 0x0000000642800000|100%|HS|  |TAMS 0x0000000642400000| PB 0x0000000642400000| Complete  |  0
|  213|0x0000000642800000, 0x0000000642c00000, 0x0000000642c00000|100%|HS|  |TAMS 0x0000000642800000| PB 0x0000000642800000| Complete  |  0
|  214|0x0000000642c00000, 0x0000000643000000, 0x0000000643000000|100%|HC|  |TAMS 0x0000000642c00000| PB 0x0000000642c00000| Complete  |  0
|  215|0x0000000643000000, 0x0000000643400000, 0x0000000643400000|100%|HS|  |TAMS 0x0000000643000000| PB 0x0000000643000000| Complete  |  0
|  216|0x0000000643400000, 0x0000000643800000, 0x0000000643800000|100%|HS|  |TAMS 0x0000000643400000| PB 0x0000000643400000| Complete  |  0
|  217|0x0000000643800000, 0x0000000643c00000, 0x0000000643c00000|100%|HC|  |TAMS 0x0000000643800000| PB 0x0000000643800000| Complete  |  0
|  218|0x0000000643c00000, 0x0000000644000000, 0x0000000644000000|100%|HS|  |TAMS 0x0000000643c00000| PB 0x0000000643c00000| Complete  |  0
|  219|0x0000000644000000, 0x0000000644400000, 0x0000000644400000|100%|HS|  |TAMS 0x0000000644000000| PB 0x0000000644000000| Complete  |  0
|  220|0x0000000644400000, 0x0000000644800000, 0x0000000644800000|100%|HS|  |TAMS 0x0000000644400000| PB 0x0000000644400000| Complete  |  0
|  221|0x0000000644800000, 0x0000000644c00000, 0x0000000644c00000|100%|HS|  |TAMS 0x0000000644800000| PB 0x0000000644800000| Complete  |  0
|  222|0x0000000644c00000, 0x0000000645000000, 0x0000000645000000|100%|HC|  |TAMS 0x0000000644c00000| PB 0x0000000644c00000| Complete  |  0
|  223|0x0000000645000000, 0x0000000645400000, 0x0000000645400000|100%|HS|  |TAMS 0x0000000645000000| PB 0x0000000645000000| Complete  |  0
|  224|0x0000000645400000, 0x0000000645800000, 0x0000000645800000|100%|HS|  |TAMS 0x0000000645400000| PB 0x0000000645400000| Complete  |  0
|  225|0x0000000645800000, 0x0000000645c00000, 0x0000000645c00000|100%|HS|  |TAMS 0x0000000645800000| PB 0x0000000645800000| Complete  |  0
|  226|0x0000000645c00000, 0x0000000646000000, 0x0000000646000000|100%|HC|  |TAMS 0x0000000645c00000| PB 0x0000000645c00000| Complete  |  0
|  227|0x0000000646000000, 0x0000000646400000, 0x0000000646400000|100%|HS|  |TAMS 0x0000000646000000| PB 0x0000000646000000| Complete  |  0
|  228|0x0000000646400000, 0x0000000646800000, 0x0000000646800000|100%|HS|  |TAMS 0x0000000646400000| PB 0x0000000646400000| Complete  |  0
|  229|0x0000000646800000, 0x0000000646c00000, 0x0000000646c00000|100%|HS|  |TAMS 0x0000000646800000| PB 0x0000000646800000| Complete  |  0
|  230|0x0000000646c00000, 0x0000000647000000, 0x0000000647000000|100%|HS|  |TAMS 0x0000000646c00000| PB 0x0000000646c00000| Complete  |  0
|  231|0x0000000647000000, 0x0000000647400000, 0x0000000647400000|100%|HS|  |TAMS 0x0000000647000000| PB 0x0000000647000000| Complete  |  0
|  232|0x0000000647400000, 0x0000000647800000, 0x0000000647800000|100%|HC|  |TAMS 0x0000000647400000| PB 0x0000000647400000| Complete  |  0
|  233|0x0000000647800000, 0x0000000647c00000, 0x0000000647c00000|100%|HS|  |TAMS 0x0000000647800000| PB 0x0000000647800000| Complete  |  0
|  234|0x0000000647c00000, 0x0000000648000000, 0x0000000648000000|100%|HC|  |TAMS 0x0000000647c00000| PB 0x0000000647c00000| Complete  |  0
|  235|0x0000000648000000, 0x0000000648400000, 0x0000000648400000|100%|HS|  |TAMS 0x0000000648000000| PB 0x0000000648000000| Complete  |  0
|  236|0x0000000648400000, 0x0000000648800000, 0x0000000648800000|100%|HS|  |TAMS 0x0000000648400000| PB 0x0000000648400000| Complete  |  0
|  237|0x0000000648800000, 0x0000000648c00000, 0x0000000648c00000|100%|HS|  |TAMS 0x0000000648800000| PB 0x0000000648800000| Complete  |  0
|  238|0x0000000648c00000, 0x0000000649000000, 0x0000000649000000|100%|HS|  |TAMS 0x0000000648c00000| PB 0x0000000648c00000| Complete  |  0
|  239|0x0000000649000000, 0x0000000649400000, 0x0000000649400000|100%|HS|  |TAMS 0x0000000649000000| PB 0x0000000649000000| Complete  |  0
|  240|0x0000000649400000, 0x0000000649800000, 0x0000000649800000|100%|HC|  |TAMS 0x0000000649400000| PB 0x0000000649400000| Complete  |  0
|  241|0x0000000649800000, 0x0000000649c00000, 0x0000000649c00000|100%|HS|  |TAMS 0x0000000649800000| PB 0x0000000649800000| Complete  |  0
|  242|0x0000000649c00000, 0x000000064a000000, 0x000000064a000000|100%|HS|  |TAMS 0x0000000649c00000| PB 0x0000000649c00000| Complete  |  0
|  243|0x000000064a000000, 0x000000064a400000, 0x000000064a400000|100%|HC|  |TAMS 0x000000064a000000| PB 0x000000064a000000| Complete  |  0
|  244|0x000000064a400000, 0x000000064a800000, 0x000000064a800000|100%|HS|  |TAMS 0x000000064a400000| PB 0x000000064a400000| Complete  |  0
|  245|0x000000064a800000, 0x000000064ac00000, 0x000000064ac00000|100%|HS|  |TAMS 0x000000064a800000| PB 0x000000064a800000| Complete  |  0
|  246|0x000000064ac00000, 0x000000064b000000, 0x000000064b000000|100%|HC|  |TAMS 0x000000064ac00000| PB 0x000000064ac00000| Complete  |  0
|  247|0x000000064b000000, 0x000000064b400000, 0x000000064b400000|100%|HS|  |TAMS 0x000000064b000000| PB 0x000000064b000000| Complete  |  0
|  248|0x000000064b400000, 0x000000064b800000, 0x000000064b800000|100%|HS|  |TAMS 0x000000064b400000| PB 0x000000064b400000| Complete  |  0
|  249|0x000000064b800000, 0x000000064bc00000, 0x000000064bc00000|100%|HC|  |TAMS 0x000000064b800000| PB 0x000000064b800000| Complete  |  0
|  250|0x000000064bc00000, 0x000000064c000000, 0x000000064c000000|100%|HS|  |TAMS 0x000000064bc00000| PB 0x000000064bc00000| Complete  |  0
|  251|0x000000064c000000, 0x000000064c400000, 0x000000064c400000|100%|HS|  |TAMS 0x000000064c000000| PB 0x000000064c000000| Complete  |  0
|  252|0x000000064c400000, 0x000000064c800000, 0x000000064c800000|100%|HS|  |TAMS 0x000000064c400000| PB 0x000000064c400000| Complete  |  0
|  253|0x000000064c800000, 0x000000064cc00000, 0x000000064cc00000|100%|HS|  |TAMS 0x000000064c800000| PB 0x000000064c800000| Complete  |  0
|  254|0x000000064cc00000, 0x000000064d000000, 0x000000064d000000|100%|HS|  |TAMS 0x000000064cc00000| PB 0x000000064cc00000| Complete  |  0
|  255|0x000000064d000000, 0x000000064d400000, 0x000000064d400000|100%|HS|  |TAMS 0x000000064d000000| PB 0x000000064d000000| Complete  |  0
|  256|0x000000064d400000, 0x000000064d800000, 0x000000064d800000|100%|HC|  |TAMS 0x000000064d400000| PB 0x000000064d400000| Complete  |  0
|  257|0x000000064d800000, 0x000000064dc00000, 0x000000064dc00000|100%|HS|  |TAMS 0x000000064d800000| PB 0x000000064d800000| Complete  |  0
|  258|0x000000064dc00000, 0x000000064e000000, 0x000000064e000000|100%|HS|  |TAMS 0x000000064dc00000| PB 0x000000064dc00000| Complete  |  0
|  259|0x000000064e000000, 0x000000064e400000, 0x000000064e400000|100%|HC|  |TAMS 0x000000064e000000| PB 0x000000064e000000| Complete  |  0
|  260|0x000000064e400000, 0x000000064e800000, 0x000000064e800000|100%|HS|  |TAMS 0x000000064e400000| PB 0x000000064e400000| Complete  |  0
|  261|0x000000064e800000, 0x000000064ec00000, 0x000000064ec00000|100%|HS|  |TAMS 0x000000064e800000| PB 0x000000064e800000| Complete  |  0
|  262|0x000000064ec00000, 0x000000064f000000, 0x000000064f000000|100%|HC|  |TAMS 0x000000064ec00000| PB 0x000000064ec00000| Complete  |  0
|  263|0x000000064f000000, 0x000000064f400000, 0x000000064f400000|100%|HS|  |TAMS 0x000000064f000000| PB 0x000000064f000000| Complete  |  0
|  264|0x000000064f400000, 0x000000064f800000, 0x000000064f800000|100%|HS|  |TAMS 0x000000064f400000| PB 0x000000064f400000| Complete  |  0
|  265|0x000000064f800000, 0x000000064fc00000, 0x000000064fc00000|100%|HC|  |TAMS 0x000000064f800000| PB 0x000000064f800000| Complete  |  0
|  266|0x000000064fc00000, 0x0000000650000000, 0x0000000650000000|100%|HS|  |TAMS 0x000000064fc00000| PB 0x000000064fc00000| Complete  |  0
|  267|0x0000000650000000, 0x0000000650400000, 0x0000000650400000|100%|HS|  |TAMS 0x0000000650000000| PB 0x0000000650000000| Complete  |  0
|  268|0x0000000650400000, 0x0000000650800000, 0x0000000650800000|100%|HS|  |TAMS 0x0000000650400000| PB 0x0000000650400000| Complete  |  0
|  269|0x0000000650800000, 0x0000000650c00000, 0x0000000650c00000|100%|HS|  |TAMS 0x0000000650800000| PB 0x0000000650800000| Complete  |  0
|  270|0x0000000650c00000, 0x0000000651000000, 0x0000000651000000|100%|HS|  |TAMS 0x0000000650c00000| PB 0x0000000650c00000| Complete  |  0
|  271|0x0000000651000000, 0x0000000651400000, 0x0000000651400000|100%|HC|  |TAMS 0x0000000651000000| PB 0x0000000651000000| Complete  |  0
|  272|0x0000000651400000, 0x0000000651800000, 0x0000000651800000|100%|HS|  |TAMS 0x0000000651400000| PB 0x0000000651400000| Complete  |  0
|  273|0x0000000651800000, 0x0000000651c00000, 0x0000000651c00000|100%|HS|  |TAMS 0x0000000651800000| PB 0x0000000651800000| Complete  |  0
|  274|0x0000000651c00000, 0x0000000652000000, 0x0000000652000000|100%|HC|  |TAMS 0x0000000651c00000| PB 0x0000000651c00000| Complete  |  0
|  275|0x0000000652000000, 0x0000000652400000, 0x0000000652400000|100%|HS|  |TAMS 0x0000000652000000| PB 0x0000000652000000| Complete  |  0
|  276|0x0000000652400000, 0x0000000652800000, 0x0000000652800000|100%|HS|  |TAMS 0x0000000652400000| PB 0x0000000652400000| Complete  |  0
|  277|0x0000000652800000, 0x0000000652c00000, 0x0000000652c00000|100%|HS|  |TAMS 0x0000000652800000| PB 0x0000000652800000| Complete  |  0
|  278|0x0000000652c00000, 0x0000000653000000, 0x0000000653000000|100%|HC|  |TAMS 0x0000000652c00000| PB 0x0000000652c00000| Complete  |  0
|  279|0x0000000653000000, 0x0000000653400000, 0x0000000653400000|100%|HS|  |TAMS 0x0000000653000000| PB 0x0000000653000000| Complete  |  0
|  280|0x0000000653400000, 0x0000000653800000, 0x0000000653800000|100%|HS|  |TAMS 0x0000000653400000| PB 0x0000000653400000| Complete  |  0
|  281|0x0000000653800000, 0x0000000653c00000, 0x0000000653c00000|100%|HC|  |TAMS 0x0000000653800000| PB 0x0000000653800000| Complete  |  0
|  282|0x0000000653c00000, 0x0000000654000000, 0x0000000654000000|100%|HS|  |TAMS 0x0000000653c00000| PB 0x0000000653c00000| Complete  |  0
|  283|0x0000000654000000, 0x0000000654400000, 0x0000000654400000|100%|HS|  |TAMS 0x0000000654000000| PB 0x0000000654000000| Complete  |  0
|  284|0x0000000654400000, 0x0000000654800000, 0x0000000654800000|100%|HS|  |TAMS 0x0000000654400000| PB 0x0000000654400000| Complete  |  0
|  285|0x0000000654800000, 0x0000000654c00000, 0x0000000654c00000|100%|HS|  |TAMS 0x0000000654800000| PB 0x0000000654800000| Complete  |  0
|  286|0x0000000654c00000, 0x0000000655000000, 0x0000000655000000|100%|HS|  |TAMS 0x0000000654c00000| PB 0x0000000654c00000| Complete  |  0
|  287|0x0000000655000000, 0x0000000655400000, 0x0000000655400000|100%|HC|  |TAMS 0x0000000655000000| PB 0x0000000655000000| Complete  |  0
|  288|0x0000000655400000, 0x0000000655800000, 0x0000000655800000|100%|HS|  |TAMS 0x0000000655400000| PB 0x0000000655400000| Complete  |  0
|  289|0x0000000655800000, 0x0000000655c00000, 0x0000000655c00000|100%|HS|  |TAMS 0x0000000655800000| PB 0x0000000655800000| Complete  |  0
|  290|0x0000000655c00000, 0x0000000656000000, 0x0000000656000000|100%|HS|  |TAMS 0x0000000655c00000| PB 0x0000000655c00000| Complete  |  0
|  291|0x0000000656000000, 0x0000000656400000, 0x0000000656400000|100%|HC|  |TAMS 0x0000000656000000| PB 0x0000000656000000| Complete  |  0
|  292|0x0000000656400000, 0x0000000656800000, 0x0000000656800000|100%|HS|  |TAMS 0x0000000656400000| PB 0x0000000656400000| Complete  |  0
|  293|0x0000000656800000, 0x0000000656c00000, 0x0000000656c00000|100%|HS|  |TAMS 0x0000000656800000| PB 0x0000000656800000| Complete  |  0
|  294|0x0000000656c00000, 0x0000000657000000, 0x0000000657000000|100%|HC|  |TAMS 0x0000000656c00000| PB 0x0000000656c00000| Complete  |  0
|  295|0x0000000657000000, 0x0000000657400000, 0x0000000657400000|100%|HS|  |TAMS 0x0000000657000000| PB 0x0000000657000000| Complete  |  0
|  296|0x0000000657400000, 0x0000000657800000, 0x0000000657800000|100%|HS|  |TAMS 0x0000000657400000| PB 0x0000000657400000| Complete  |  0
|  297|0x0000000657800000, 0x0000000657c00000, 0x0000000657c00000|100%|HC|  |TAMS 0x0000000657800000| PB 0x0000000657800000| Complete  |  0
|  298|0x0000000657c00000, 0x0000000658000000, 0x0000000658000000|100%|HS|  |TAMS 0x0000000657c00000| PB 0x0000000657c00000| Complete  |  0
|  299|0x0000000658000000, 0x0000000658400000, 0x0000000658400000|100%|HS|  |TAMS 0x0000000658000000| PB 0x0000000658000000| Complete  |  0
|  300|0x0000000658400000, 0x0000000658800000, 0x0000000658800000|100%|HS|  |TAMS 0x0000000658400000| PB 0x0000000658400000| Complete  |  0
|  301|0x0000000658800000, 0x0000000658c00000, 0x0000000658c00000|100%|HS|  |TAMS 0x0000000658800000| PB 0x0000000658800000| Complete  |  0
|  302|0x0000000658c00000, 0x0000000659000000, 0x0000000659000000|100%|HC|  |TAMS 0x0000000658c00000| PB 0x0000000658c00000| Complete  |  0
|  303|0x0000000659000000, 0x0000000659400000, 0x0000000659400000|100%|HS|  |TAMS 0x0000000659000000| PB 0x0000000659000000| Complete  |  0
|  304|0x0000000659400000, 0x0000000659800000, 0x0000000659800000|100%|HS|  |TAMS 0x0000000659400000| PB 0x0000000659400000| Complete  |  0
|  305|0x0000000659800000, 0x0000000659c00000, 0x0000000659c00000|100%|HS|  |TAMS 0x0000000659800000| PB 0x0000000659800000| Complete  |  0
|  306|0x0000000659c00000, 0x000000065a000000, 0x000000065a000000|100%|HS|  |TAMS 0x0000000659c00000| PB 0x0000000659c00000| Complete  |  0
|  307|0x000000065a000000, 0x000000065a400000, 0x000000065a400000|100%|HC|  |TAMS 0x000000065a000000| PB 0x000000065a000000| Complete  |  0
|  308|0x000000065a400000, 0x000000065a800000, 0x000000065a800000|100%|HS|  |TAMS 0x000000065a400000| PB 0x000000065a400000| Complete  |  0
|  309|0x000000065a800000, 0x000000065ac00000, 0x000000065ac00000|100%|HS|  |TAMS 0x000000065a800000| PB 0x000000065a800000| Complete  |  0
|  310|0x000000065ac00000, 0x000000065b000000, 0x000000065b000000|100%|HC|  |TAMS 0x000000065ac00000| PB 0x000000065ac00000| Complete  |  0
|  311|0x000000065b000000, 0x000000065b400000, 0x000000065b400000|100%|HS|  |TAMS 0x000000065b000000| PB 0x000000065b000000| Complete  |  0
|  312|0x000000065b400000, 0x000000065b800000, 0x000000065b800000|100%|HS|  |TAMS 0x000000065b400000| PB 0x000000065b400000| Complete  |  0
|  313|0x000000065b800000, 0x000000065bc00000, 0x000000065bc00000|100%|HC|  |TAMS 0x000000065b800000| PB 0x000000065b800000| Complete  |  0
|  314|0x000000065bc00000, 0x000000065c000000, 0x000000065c000000|100%|HS|  |TAMS 0x000000065bc00000| PB 0x000000065bc00000| Complete  |  0
|  315|0x000000065c000000, 0x000000065c400000, 0x000000065c400000|100%|HS|  |TAMS 0x000000065c000000| PB 0x000000065c000000| Complete  |  0
|  316|0x000000065c400000, 0x000000065c800000, 0x000000065c800000|100%|HS|  |TAMS 0x000000065c400000| PB 0x000000065c400000| Complete  |  0
|  317|0x000000065c800000, 0x000000065cc00000, 0x000000065cc00000|100%|HS|  |TAMS 0x000000065c800000| PB 0x000000065c800000| Complete  |  0
|  318|0x000000065cc00000, 0x000000065d000000, 0x000000065d000000|100%|HS|  |TAMS 0x000000065cc00000| PB 0x000000065cc00000| Complete  |  0
|  319|0x000000065d000000, 0x000000065d400000, 0x000000065d400000|100%|HS|  |TAMS 0x000000065d000000| PB 0x000000065d000000| Complete  |  0
|  320|0x000000065d400000, 0x000000065d800000, 0x000000065d800000|100%|HC|  |TAMS 0x000000065d400000| PB 0x000000065d400000| Complete  |  0
|  321|0x000000065d800000, 0x000000065dc00000, 0x000000065dc00000|100%|HS|  |TAMS 0x000000065d800000| PB 0x000000065d800000| Complete  |  0
|  322|0x000000065dc00000, 0x000000065e000000, 0x000000065e000000|100%|HS|  |TAMS 0x000000065dc00000| PB 0x000000065dc00000| Complete  |  0
|  323|0x000000065e000000, 0x000000065e400000, 0x000000065e400000|100%|HC|  |TAMS 0x000000065e000000| PB 0x000000065e000000| Complete  |  0
|  324|0x000000065e400000, 0x000000065e800000, 0x000000065e800000|100%|HS|  |TAMS 0x000000065e400000| PB 0x000000065e400000| Complete  |  0
|  325|0x000000065e800000, 0x000000065ec00000, 0x000000065ec00000|100%|HS|  |TAMS 0x000000065e800000| PB 0x000000065e800000| Complete  |  0
|  326|0x000000065ec00000, 0x000000065f000000, 0x000000065f000000|100%|HC|  |TAMS 0x000000065ec00000| PB 0x000000065ec00000| Complete  |  0
|  327|0x000000065f000000, 0x000000065f400000, 0x000000065f400000|100%|HS|  |TAMS 0x000000065f000000| PB 0x000000065f000000| Complete  |  0
|  328|0x000000065f400000, 0x000000065f800000, 0x000000065f800000|100%|HS|  |TAMS 0x000000065f400000| PB 0x000000065f400000| Complete  |  0
|  329|0x000000065f800000, 0x000000065fc00000, 0x000000065fc00000|100%|HC|  |TAMS 0x000000065f800000| PB 0x000000065f800000| Complete  |  0
|  330|0x000000065fc00000, 0x0000000660000000, 0x0000000660000000|100%|HS|  |TAMS 0x000000065fc00000| PB 0x000000065fc00000| Complete  |  0
|  331|0x0000000660000000, 0x0000000660400000, 0x0000000660400000|100%|HS|  |TAMS 0x0000000660000000| PB 0x0000000660000000| Complete  |  0
|  332|0x0000000660400000, 0x0000000660800000, 0x0000000660800000|100%|HS|  |TAMS 0x0000000660400000| PB 0x0000000660400000| Complete  |  0
|  333|0x0000000660800000, 0x0000000660c00000, 0x0000000660c00000|100%|HS|  |TAMS 0x0000000660800000| PB 0x0000000660800000| Complete  |  0
|  334|0x0000000660c00000, 0x0000000661000000, 0x0000000661000000|100%|HS|  |TAMS 0x0000000660c00000| PB 0x0000000660c00000| Complete  |  0
|  335|0x0000000661000000, 0x0000000661400000, 0x0000000661400000|100%|HS|  |TAMS 0x0000000661000000| PB 0x0000000661000000| Complete  |  0
|  336|0x0000000661400000, 0x0000000661800000, 0x0000000661800000|100%|HC|  |TAMS 0x0000000661400000| PB 0x0000000661400000| Complete  |  0
|  337|0x0000000661800000, 0x0000000661c00000, 0x0000000661c00000|100%|HS|  |TAMS 0x0000000661800000| PB 0x0000000661800000| Complete  |  0
|  338|0x0000000661c00000, 0x0000000662000000, 0x0000000662000000|100%|HS|  |TAMS 0x0000000661c00000| PB 0x0000000661c00000| Complete  |  0
|  339|0x0000000662000000, 0x0000000662400000, 0x0000000662400000|100%|HC|  |TAMS 0x0000000662000000| PB 0x0000000662000000| Complete  |  0
|  340|0x0000000662400000, 0x0000000662800000, 0x0000000662800000|100%|HS|  |TAMS 0x0000000662400000| PB 0x0000000662400000| Complete  |  0
|  341|0x0000000662800000, 0x0000000662c00000, 0x0000000662c00000|100%|HS|  |TAMS 0x0000000662800000| PB 0x0000000662800000| Complete  |  0
|  342|0x0000000662c00000, 0x0000000663000000, 0x0000000663000000|100%|HC|  |TAMS 0x0000000662c00000| PB 0x0000000662c00000| Complete  |  0
|  343|0x0000000663000000, 0x0000000663400000, 0x0000000663400000|100%|HS|  |TAMS 0x0000000663000000| PB 0x0000000663000000| Complete  |  0
|  344|0x0000000663400000, 0x0000000663800000, 0x0000000663800000|100%|HS|  |TAMS 0x0000000663400000| PB 0x0000000663400000| Complete  |  0
|  345|0x0000000663800000, 0x0000000663c00000, 0x0000000663c00000|100%|HC|  |TAMS 0x0000000663800000| PB 0x0000000663800000| Complete  |  0
|  346|0x0000000663c00000, 0x0000000664000000, 0x0000000664000000|100%|HS|  |TAMS 0x0000000663c00000| PB 0x0000000663c00000| Complete  |  0
|  347|0x0000000664000000, 0x0000000664400000, 0x0000000664400000|100%|HS|  |TAMS 0x0000000664000000| PB 0x0000000664000000| Complete  |  0
|  348|0x0000000664400000, 0x0000000664800000, 0x0000000664800000|100%|HS|  |TAMS 0x0000000664400000| PB 0x0000000664400000| Complete  |  0
|  349|0x0000000664800000, 0x0000000664c00000, 0x0000000664c00000|100%|HS|  |TAMS 0x0000000664800000| PB 0x0000000664800000| Complete  |  0
|  350|0x0000000664c00000, 0x0000000665000000, 0x0000000665000000|100%|HS|  |TAMS 0x0000000664c00000| PB 0x0000000664c00000| Complete  |  0
|  351|0x0000000665000000, 0x0000000665400000, 0x0000000665400000|100%|HS|  |TAMS 0x0000000665000000| PB 0x0000000665000000| Complete  |  0
|  352|0x0000000665400000, 0x0000000665800000, 0x0000000665800000|100%|HC|  |TAMS 0x0000000665400000| PB 0x0000000665400000| Complete  |  0
|  353|0x0000000665800000, 0x0000000665c00000, 0x0000000665c00000|100%|HS|  |TAMS 0x0000000665800000| PB 0x0000000665800000| Complete  |  0
|  354|0x0000000665c00000, 0x0000000666000000, 0x0000000666000000|100%|HC|  |TAMS 0x0000000665c00000| PB 0x0000000665c00000| Complete  |  0
|  355|0x0000000666000000, 0x0000000666400000, 0x0000000666400000|100%|HS|  |TAMS 0x0000000666000000| PB 0x0000000666000000| Complete  |  0
|  356|0x0000000666400000, 0x0000000666800000, 0x0000000666800000|100%|HS|  |TAMS 0x0000000666400000| PB 0x0000000666400000| Complete  |  0
|  357|0x0000000666800000, 0x0000000666c00000, 0x0000000666c00000|100%|HS|  |TAMS 0x0000000666800000| PB 0x0000000666800000| Complete  |  0
|  358|0x0000000666c00000, 0x0000000667000000, 0x0000000667000000|100%|HC|  |TAMS 0x0000000666c00000| PB 0x0000000666c00000| Complete  |  0
|  359|0x0000000667000000, 0x0000000667400000, 0x0000000667400000|100%|HS|  |TAMS 0x0000000667000000| PB 0x0000000667000000| Complete  |  0
|  360|0x0000000667400000, 0x0000000667800000, 0x0000000667800000|100%|HS|  |TAMS 0x0000000667400000| PB 0x0000000667400000| Complete  |  0
|  361|0x0000000667800000, 0x0000000667c00000, 0x0000000667c00000|100%|HC|  |TAMS 0x0000000667800000| PB 0x0000000667800000| Complete  |  0
|  362|0x0000000667c00000, 0x0000000668000000, 0x0000000668000000|100%|HS|  |TAMS 0x0000000667c00000| PB 0x0000000667c00000| Complete  |  0
|  363|0x0000000668000000, 0x0000000668400000, 0x0000000668400000|100%|HS|  |TAMS 0x0000000668000000| PB 0x0000000668000000| Complete  |  0
|  364|0x0000000668400000, 0x0000000668800000, 0x0000000668800000|100%|HS|  |TAMS 0x0000000668400000| PB 0x0000000668400000| Complete  |  0
|  365|0x0000000668800000, 0x0000000668c00000, 0x0000000668c00000|100%|HS|  |TAMS 0x0000000668800000| PB 0x0000000668800000| Complete  |  0
|  366|0x0000000668c00000, 0x0000000669000000, 0x0000000669000000|100%|HC|  |TAMS 0x0000000668c00000| PB 0x0000000668c00000| Complete  |  0
|  367|0x0000000669000000, 0x0000000669400000, 0x0000000669400000|100%|HS|  |TAMS 0x0000000669000000| PB 0x0000000669000000| Complete  |  0
|  368|0x0000000669400000, 0x0000000669800000, 0x0000000669800000|100%|HS|  |TAMS 0x0000000669400000| PB 0x0000000669400000| Complete  |  0
|  369|0x0000000669800000, 0x0000000669c00000, 0x0000000669c00000|100%|HS|  |TAMS 0x0000000669800000| PB 0x0000000669800000| Complete  |  0
|  370|0x0000000669c00000, 0x000000066a000000, 0x000000066a000000|100%|HS|  |TAMS 0x0000000669c00000| PB 0x0000000669c00000| Complete  |  0
|  371|0x000000066a000000, 0x000000066a400000, 0x000000066a400000|100%|HC|  |TAMS 0x000000066a000000| PB 0x000000066a000000| Complete  |  0
|  372|0x000000066a400000, 0x000000066a800000, 0x000000066a800000|100%|HS|  |TAMS 0x000000066a400000| PB 0x000000066a400000| Complete  |  0
|  373|0x000000066a800000, 0x000000066ac00000, 0x000000066ac00000|100%|HS|  |TAMS 0x000000066a800000| PB 0x000000066a800000| Complete  |  0
|  374|0x000000066ac00000, 0x000000066b000000, 0x000000066b000000|100%|HS|  |TAMS 0x000000066ac00000| PB 0x000000066ac00000| Complete  |  0
|  375|0x000000066b000000, 0x000000066b400000, 0x000000066b400000|100%|HC|  |TAMS 0x000000066b000000| PB 0x000000066b000000| Complete  |  0
|  376|0x000000066b400000, 0x000000066b800000, 0x000000066b800000|100%|HS|  |TAMS 0x000000066b400000| PB 0x000000066b400000| Complete  |  0
|  377|0x000000066b800000, 0x000000066bc00000, 0x000000066bc00000|100%|HS|  |TAMS 0x000000066b800000| PB 0x000000066b800000| Complete  |  0
|  378|0x000000066bc00000, 0x000000066c000000, 0x000000066c000000|100%|HS|  |TAMS 0x000000066bc00000| PB 0x000000066bc00000| Complete  |  0
|  379|0x000000066c000000, 0x000000066c400000, 0x000000066c400000|100%|HS|  |TAMS 0x000000066c000000| PB 0x000000066c000000| Complete  |  0
|  380|0x000000066c400000, 0x000000066c800000, 0x000000066c800000|100%|HC|  |TAMS 0x000000066c400000| PB 0x000000066c400000| Complete  |  0
|  381|0x000000066c800000, 0x000000066cc00000, 0x000000066cc00000|100%|HS|  |TAMS 0x000000066c800000| PB 0x000000066c800000| Complete  |  0
|  382|0x000000066cc00000, 0x000000066d000000, 0x000000066d000000|100%|HS|  |TAMS 0x000000066cc00000| PB 0x000000066cc00000| Complete  |  0
|  383|0x000000066d000000, 0x000000066d400000, 0x000000066d400000|100%|HC|  |TAMS 0x000000066d000000| PB 0x000000066d000000| Complete  |  0
|  384|0x000000066d400000, 0x000000066d800000, 0x000000066d800000|100%|HS|  |TAMS 0x000000066d400000| PB 0x000000066d400000| Complete  |  0
|  385|0x000000066d800000, 0x000000066dc00000, 0x000000066dc00000|100%|HS|  |TAMS 0x000000066d800000| PB 0x000000066d800000| Complete  |  0
|  386|0x000000066dc00000, 0x000000066e000000, 0x000000066e000000|100%|HS|  |TAMS 0x000000066dc00000| PB 0x000000066dc00000| Complete  |  0
|  387|0x000000066e000000, 0x000000066e400000, 0x000000066e400000|100%|HC|  |TAMS 0x000000066e000000| PB 0x000000066e000000| Complete  |  0
|  388|0x000000066e400000, 0x000000066e800000, 0x000000066e800000|100%|HS|  |TAMS 0x000000066e400000| PB 0x000000066e400000| Complete  |  0
|  389|0x000000066e800000, 0x000000066ec00000, 0x000000066ec00000|100%|HC|  |TAMS 0x000000066e800000| PB 0x000000066e800000| Complete  |  0
|  390|0x000000066ec00000, 0x000000066f000000, 0x000000066f000000|100%|HS|  |TAMS 0x000000066ec00000| PB 0x000000066ec00000| Complete  |  0
|  391|0x000000066f000000, 0x000000066f400000, 0x000000066f400000|100%|HS|  |TAMS 0x000000066f000000| PB 0x000000066f000000| Complete  |  0
|  392|0x000000066f400000, 0x000000066f800000, 0x000000066f800000|100%|HS|  |TAMS 0x000000066f400000| PB 0x000000066f400000| Complete  |  0
|  393|0x000000066f800000, 0x000000066fc00000, 0x000000066fc00000|100%|HS|  |TAMS 0x000000066f800000| PB 0x000000066f800000| Complete  |  0
|  394|0x000000066fc00000, 0x000000066fc00000, 0x0000000670000000|  0%| F|  |TAMS 0x000000066fc00000| PB 0x000000066fc00000| Untracked |  0
|  395|0x0000000670000000, 0x0000000670000000, 0x0000000670400000|  0%| F|  |TAMS 0x0000000670000000| PB 0x0000000670000000| Untracked |  0
|  396|0x0000000670400000, 0x0000000670400000, 0x0000000670800000|  0%| F|  |TAMS 0x0000000670400000| PB 0x0000000670400000| Untracked |  0
|  397|0x0000000670800000, 0x0000000670800000, 0x0000000670c00000|  0%| F|  |TAMS 0x0000000670800000| PB 0x0000000670800000| Untracked |  0
|  398|0x0000000670c00000, 0x0000000670c00000, 0x0000000671000000|  0%| F|  |TAMS 0x0000000670c00000| PB 0x0000000670c00000| Untracked |  0
|  399|0x0000000671000000, 0x0000000671000000, 0x0000000671400000|  0%| F|  |TAMS 0x0000000671000000| PB 0x0000000671000000| Untracked |  0
|  400|0x0000000671400000, 0x0000000671400000, 0x0000000671800000|  0%| F|  |TAMS 0x0000000671400000| PB 0x0000000671400000| Untracked |  0
|  401|0x0000000671800000, 0x0000000671800000, 0x0000000671c00000|  0%| F|  |TAMS 0x0000000671800000| PB 0x0000000671800000| Untracked |  0
|  402|0x0000000671c00000, 0x0000000671c00000, 0x0000000672000000|  0%| F|  |TAMS 0x0000000671c00000| PB 0x0000000671c00000| Untracked |  0
|  403|0x0000000672000000, 0x0000000672000000, 0x0000000672400000|  0%| F|  |TAMS 0x0000000672000000| PB 0x0000000672000000| Untracked |  0
|  404|0x0000000672400000, 0x0000000672400000, 0x0000000672800000|  0%| F|  |TAMS 0x0000000672400000| PB 0x0000000672400000| Untracked |  0
|  405|0x0000000672800000, 0x0000000672800000, 0x0000000672c00000|  0%| F|  |TAMS 0x0000000672800000| PB 0x0000000672800000| Untracked |  0
|  406|0x0000000672c00000, 0x0000000672c00000, 0x0000000673000000|  0%| F|  |TAMS 0x0000000672c00000| PB 0x0000000672c00000| Untracked |  0
|  407|0x0000000673000000, 0x0000000673000000, 0x0000000673400000|  0%| F|  |TAMS 0x0000000673000000| PB 0x0000000673000000| Untracked |  0
|  408|0x0000000673400000, 0x0000000673400000, 0x0000000673800000|  0%| F|  |TAMS 0x0000000673400000| PB 0x0000000673400000| Untracked |  0
|  409|0x0000000673800000, 0x0000000673800000, 0x0000000673c00000|  0%| F|  |TAMS 0x0000000673800000| PB 0x0000000673800000| Untracked |  0
|  410|0x0000000673c00000, 0x0000000673c00000, 0x0000000674000000|  0%| F|  |TAMS 0x0000000673c00000| PB 0x0000000673c00000| Untracked |  0
|  411|0x0000000674000000, 0x0000000674000000, 0x0000000674400000|  0%| F|  |TAMS 0x0000000674000000| PB 0x0000000674000000| Untracked |  0
|  412|0x0000000674400000, 0x0000000674400000, 0x0000000674800000|  0%| F|  |TAMS 0x0000000674400000| PB 0x0000000674400000| Untracked |  0
|  413|0x0000000674800000, 0x0000000674800000, 0x0000000674c00000|  0%| F|  |TAMS 0x0000000674800000| PB 0x0000000674800000| Untracked |  0
|  414|0x0000000674c00000, 0x0000000674c00000, 0x0000000675000000|  0%| F|  |TAMS 0x0000000674c00000| PB 0x0000000674c00000| Untracked |  0
|  415|0x0000000675000000, 0x0000000675000000, 0x0000000675400000|  0%| F|  |TAMS 0x0000000675000000| PB 0x0000000675000000| Untracked |  0
|  416|0x0000000675400000, 0x0000000675400000, 0x0000000675800000|  0%| F|  |TAMS 0x0000000675400000| PB 0x0000000675400000| Untracked |  0
|  417|0x0000000675800000, 0x0000000675800000, 0x0000000675c00000|  0%| F|  |TAMS 0x0000000675800000| PB 0x0000000675800000| Untracked |  0
|  418|0x0000000675c00000, 0x0000000675c00000, 0x0000000676000000|  0%| F|  |TAMS 0x0000000675c00000| PB 0x0000000675c00000| Untracked |  0
|  419|0x0000000676000000, 0x0000000676000000, 0x0000000676400000|  0%| F|  |TAMS 0x0000000676000000| PB 0x0000000676000000| Untracked |  0
|  420|0x0000000676400000, 0x0000000676400000, 0x0000000676800000|  0%| F|  |TAMS 0x0000000676400000| PB 0x0000000676400000| Untracked |  0
|  421|0x0000000676800000, 0x0000000676800000, 0x0000000676c00000|  0%| F|  |TAMS 0x0000000676800000| PB 0x0000000676800000| Untracked |  0
|  422|0x0000000676c00000, 0x0000000676c00000, 0x0000000677000000|  0%| F|  |TAMS 0x0000000676c00000| PB 0x0000000676c00000| Untracked |  0
|  423|0x0000000677000000, 0x0000000677000000, 0x0000000677400000|  0%| F|  |TAMS 0x0000000677000000| PB 0x0000000677000000| Untracked |  0
|  424|0x0000000677400000, 0x0000000677400000, 0x0000000677800000|  0%| F|  |TAMS 0x0000000677400000| PB 0x0000000677400000| Untracked |  0
|  425|0x0000000677800000, 0x0000000677800000, 0x0000000677c00000|  0%| F|  |TAMS 0x0000000677800000| PB 0x0000000677800000| Untracked |  0
|  426|0x0000000677c00000, 0x0000000677c00000, 0x0000000678000000|  0%| F|  |TAMS 0x0000000677c00000| PB 0x0000000677c00000| Untracked |  0
|  427|0x0000000678000000, 0x0000000678000000, 0x0000000678400000|  0%| F|  |TAMS 0x0000000678000000| PB 0x0000000678000000| Untracked |  0
|  428|0x0000000678400000, 0x0000000678400000, 0x0000000678800000|  0%| F|  |TAMS 0x0000000678400000| PB 0x0000000678400000| Untracked |  0
|  429|0x0000000678800000, 0x0000000678800000, 0x0000000678c00000|  0%| F|  |TAMS 0x0000000678800000| PB 0x0000000678800000| Untracked |  0
|  430|0x0000000678c00000, 0x0000000678c00000, 0x0000000679000000|  0%| F|  |TAMS 0x0000000678c00000| PB 0x0000000678c00000| Untracked |  0
|  431|0x0000000679000000, 0x0000000679000000, 0x0000000679400000|  0%| F|  |TAMS 0x0000000679000000| PB 0x0000000679000000| Untracked |  0
|  432|0x0000000679400000, 0x0000000679400000, 0x0000000679800000|  0%| F|  |TAMS 0x0000000679400000| PB 0x0000000679400000| Untracked |  0
|  433|0x0000000679800000, 0x0000000679800000, 0x0000000679c00000|  0%| F|  |TAMS 0x0000000679800000| PB 0x0000000679800000| Untracked |  0
|  434|0x0000000679c00000, 0x0000000679c00000, 0x000000067a000000|  0%| F|  |TAMS 0x0000000679c00000| PB 0x0000000679c00000| Untracked |  0
|  435|0x000000067a000000, 0x000000067a000000, 0x000000067a400000|  0%| F|  |TAMS 0x000000067a000000| PB 0x000000067a000000| Untracked |  0
|  436|0x000000067a400000, 0x000000067a800000, 0x000000067a800000|100%|HS|  |TAMS 0x000000067a400000| PB 0x000000067a400000| Complete  |  0
|  437|0x000000067a800000, 0x000000067a800000, 0x000000067ac00000|  0%| F|  |TAMS 0x000000067a800000| PB 0x000000067a800000| Untracked |  0
|  438|0x000000067ac00000, 0x000000067ac00000, 0x000000067b000000|  0%| F|  |TAMS 0x000000067ac00000| PB 0x000000067ac00000| Untracked |  0
|  439|0x000000067b000000, 0x000000067b000000, 0x000000067b400000|  0%| F|  |TAMS 0x000000067b000000| PB 0x000000067b000000| Untracked |  0
|  440|0x000000067b400000, 0x000000067b400000, 0x000000067b800000|  0%| F|  |TAMS 0x000000067b400000| PB 0x000000067b400000| Untracked |  0
|  441|0x000000067b800000, 0x000000067b800000, 0x000000067bc00000|  0%| F|  |TAMS 0x000000067b800000| PB 0x000000067b800000| Untracked |  0
|  442|0x000000067bc00000, 0x000000067bc00000, 0x000000067c000000|  0%| F|  |TAMS 0x000000067bc00000| PB 0x000000067bc00000| Untracked |  0
|  443|0x000000067c000000, 0x000000067c000000, 0x000000067c400000|  0%| F|  |TAMS 0x000000067c000000| PB 0x000000067c000000| Untracked |  0
|  444|0x000000067c400000, 0x000000067c400000, 0x000000067c800000|  0%| F|  |TAMS 0x000000067c400000| PB 0x000000067c400000| Untracked |  0
|  445|0x000000067c800000, 0x000000067c800000, 0x000000067cc00000|  0%| F|  |TAMS 0x000000067c800000| PB 0x000000067c800000| Untracked |  0
|  446|0x000000067cc00000, 0x000000067cc00000, 0x000000067d000000|  0%| F|  |TAMS 0x000000067cc00000| PB 0x000000067cc00000| Untracked |  0
|  447|0x000000067d000000, 0x000000067d000000, 0x000000067d400000|  0%| F|  |TAMS 0x000000067d000000| PB 0x000000067d000000| Untracked |  0
|  448|0x000000067d400000, 0x000000067d400000, 0x000000067d800000|  0%| F|  |TAMS 0x000000067d400000| PB 0x000000067d400000| Untracked |  0
|  449|0x000000067d800000, 0x000000067d800000, 0x000000067dc00000|  0%| F|  |TAMS 0x000000067d800000| PB 0x000000067d800000| Untracked |  0
|  450|0x000000067dc00000, 0x000000067dc00000, 0x000000067e000000|  0%| F|  |TAMS 0x000000067dc00000| PB 0x000000067dc00000| Untracked |  0
|  451|0x000000067e000000, 0x000000067e000000, 0x000000067e400000|  0%| F|  |TAMS 0x000000067e000000| PB 0x000000067e000000| Untracked |  0
|  452|0x000000067e400000, 0x000000067e400000, 0x000000067e800000|  0%| F|  |TAMS 0x000000067e400000| PB 0x000000067e400000| Untracked |  0
|  453|0x000000067e800000, 0x000000067e800000, 0x000000067ec00000|  0%| F|  |TAMS 0x000000067e800000| PB 0x000000067e800000| Untracked |  0
|  454|0x000000067ec00000, 0x000000067ec00000, 0x000000067f000000|  0%| F|  |TAMS 0x000000067ec00000| PB 0x000000067ec00000| Untracked |  0
|  455|0x000000067f000000, 0x000000067f000000, 0x000000067f400000|  0%| F|  |TAMS 0x000000067f000000| PB 0x000000067f000000| Untracked |  0
|  456|0x000000067f400000, 0x000000067f400000, 0x000000067f800000|  0%| F|  |TAMS 0x000000067f400000| PB 0x000000067f400000| Untracked |  0
|  457|0x000000067f800000, 0x000000067f800000, 0x000000067fc00000|  0%| F|  |TAMS 0x000000067f800000| PB 0x000000067f800000| Untracked |  0
|  458|0x000000067fc00000, 0x000000067fc00000, 0x0000000680000000|  0%| F|  |TAMS 0x000000067fc00000| PB 0x000000067fc00000| Untracked |  0
|  459|0x0000000680000000, 0x0000000680000000, 0x0000000680400000|  0%| F|  |TAMS 0x0000000680000000| PB 0x0000000680000000| Untracked |  0
|  460|0x0000000680400000, 0x0000000680400000, 0x0000000680800000|  0%| F|  |TAMS 0x0000000680400000| PB 0x0000000680400000| Untracked |  0
|  461|0x0000000680800000, 0x0000000680800000, 0x0000000680c00000|  0%| F|  |TAMS 0x0000000680800000| PB 0x0000000680800000| Untracked |  0
|  462|0x0000000680c00000, 0x0000000680c00000, 0x0000000681000000|  0%| F|  |TAMS 0x0000000680c00000| PB 0x0000000680c00000| Untracked |  0
|  463|0x0000000681000000, 0x0000000681000000, 0x0000000681400000|  0%| F|  |TAMS 0x0000000681000000| PB 0x0000000681000000| Untracked |  0
|  464|0x0000000681400000, 0x0000000681400000, 0x0000000681800000|  0%| F|  |TAMS 0x0000000681400000| PB 0x0000000681400000| Untracked |  0
|  465|0x0000000681800000, 0x0000000681800000, 0x0000000681c00000|  0%| F|  |TAMS 0x0000000681800000| PB 0x0000000681800000| Untracked |  0
|  466|0x0000000681c00000, 0x0000000681c00000, 0x0000000682000000|  0%| F|  |TAMS 0x0000000681c00000| PB 0x0000000681c00000| Untracked |  0
|  467|0x0000000682000000, 0x0000000682000000, 0x0000000682400000|  0%| F|  |TAMS 0x0000000682000000| PB 0x0000000682000000| Untracked |  0
|  468|0x0000000682400000, 0x0000000682400000, 0x0000000682800000|  0%| F|  |TAMS 0x0000000682400000| PB 0x0000000682400000| Untracked |  0
|  469|0x0000000682800000, 0x0000000682800000, 0x0000000682c00000|  0%| F|  |TAMS 0x0000000682800000| PB 0x0000000682800000| Untracked |  0
|  470|0x0000000682c00000, 0x0000000682c00000, 0x0000000683000000|  0%| F|  |TAMS 0x0000000682c00000| PB 0x0000000682c00000| Untracked |  0
|  471|0x0000000683000000, 0x0000000683000000, 0x0000000683400000|  0%| F|  |TAMS 0x0000000683000000| PB 0x0000000683000000| Untracked |  0
|  472|0x0000000683400000, 0x0000000683400000, 0x0000000683800000|  0%| F|  |TAMS 0x0000000683400000| PB 0x0000000683400000| Untracked |  0
|  473|0x0000000683800000, 0x0000000683800000, 0x0000000683c00000|  0%| F|  |TAMS 0x0000000683800000| PB 0x0000000683800000| Untracked |  0
|  474|0x0000000683c00000, 0x0000000683c00000, 0x0000000684000000|  0%| F|  |TAMS 0x0000000683c00000| PB 0x0000000683c00000| Untracked |  0
|  475|0x0000000684000000, 0x0000000684000000, 0x0000000684400000|  0%| F|  |TAMS 0x0000000684000000| PB 0x0000000684000000| Untracked |  0
|  476|0x0000000684400000, 0x0000000684400000, 0x0000000684800000|  0%| F|  |TAMS 0x0000000684400000| PB 0x0000000684400000| Untracked |  0
|  477|0x0000000684800000, 0x0000000684800000, 0x0000000684c00000|  0%| F|  |TAMS 0x0000000684800000| PB 0x0000000684800000| Untracked |  0
|  478|0x0000000684c00000, 0x0000000684c00000, 0x0000000685000000|  0%| F|  |TAMS 0x0000000684c00000| PB 0x0000000684c00000| Untracked |  0
|  479|0x0000000685000000, 0x0000000685000000, 0x0000000685400000|  0%| F|  |TAMS 0x0000000685000000| PB 0x0000000685000000| Untracked |  0
|  480|0x0000000685400000, 0x0000000685400000, 0x0000000685800000|  0%| F|  |TAMS 0x0000000685400000| PB 0x0000000685400000| Untracked |  0
|  481|0x0000000685800000, 0x0000000685800000, 0x0000000685c00000|  0%| F|  |TAMS 0x0000000685800000| PB 0x0000000685800000| Untracked |  0
|  482|0x0000000685c00000, 0x0000000685c00000, 0x0000000686000000|  0%| F|  |TAMS 0x0000000685c00000| PB 0x0000000685c00000| Untracked |  0
|  483|0x0000000686000000, 0x0000000686000000, 0x0000000686400000|  0%| F|  |TAMS 0x0000000686000000| PB 0x0000000686000000| Untracked |  0
|  484|0x0000000686400000, 0x0000000686708030, 0x0000000686800000| 75%| E|CS|TAMS 0x0000000686400000| PB 0x0000000686400000| Complete  |  0
|  485|0x0000000686800000, 0x0000000686c00000, 0x0000000686c00000|100%| E|CS|TAMS 0x0000000686800000| PB 0x0000000686800000| Complete  |  0
|  486|0x0000000686c00000, 0x0000000687000000, 0x0000000687000000|100%| E|CS|TAMS 0x0000000686c00000| PB 0x0000000686c00000| Complete  |  0
|  487|0x0000000687000000, 0x0000000687400000, 0x0000000687400000|100%| E|CS|TAMS 0x0000000687000000| PB 0x0000000687000000| Complete  |  0
|  488|0x0000000687400000, 0x0000000687800000, 0x0000000687800000|100%| E|CS|TAMS 0x0000000687400000| PB 0x0000000687400000| Complete  |  0
|  489|0x0000000687800000, 0x0000000687c00000, 0x0000000687c00000|100%| E|CS|TAMS 0x0000000687800000| PB 0x0000000687800000| Complete  |  0
|  490|0x0000000687c00000, 0x0000000688000000, 0x0000000688000000|100%| E|CS|TAMS 0x0000000687c00000| PB 0x0000000687c00000| Complete  |  0
|  491|0x0000000688000000, 0x0000000688400000, 0x0000000688400000|100%| E|CS|TAMS 0x0000000688000000| PB 0x0000000688000000| Complete  |  0
|  492|0x0000000688400000, 0x0000000688800000, 0x0000000688800000|100%| E|CS|TAMS 0x0000000688400000| PB 0x0000000688400000| Complete  |  0
|  493|0x0000000688800000, 0x0000000688c00000, 0x0000000688c00000|100%| E|CS|TAMS 0x0000000688800000| PB 0x0000000688800000| Complete  |  0
|  494|0x0000000688c00000, 0x0000000689000000, 0x0000000689000000|100%| E|CS|TAMS 0x0000000688c00000| PB 0x0000000688c00000| Complete  |  0
|  495|0x0000000689000000, 0x0000000689400000, 0x0000000689400000|100%| E|CS|TAMS 0x0000000689000000| PB 0x0000000689000000| Complete  |  0
|  496|0x0000000689400000, 0x0000000689800000, 0x0000000689800000|100%| E|CS|TAMS 0x0000000689400000| PB 0x0000000689400000| Complete  |  0
|  497|0x0000000689800000, 0x0000000689c00000, 0x0000000689c00000|100%| E|CS|TAMS 0x0000000689800000| PB 0x0000000689800000| Complete  |  0
|  498|0x0000000689c00000, 0x000000068a000000, 0x000000068a000000|100%| E|CS|TAMS 0x0000000689c00000| PB 0x0000000689c00000| Complete  |  0
|  499|0x000000068a000000, 0x000000068a400000, 0x000000068a400000|100%| E|CS|TAMS 0x000000068a000000| PB 0x000000068a000000| Complete  |  0
|  500|0x000000068a400000, 0x000000068a800000, 0x000000068a800000|100%| E|CS|TAMS 0x000000068a400000| PB 0x000000068a400000| Complete  |  0
|  501|0x000000068a800000, 0x000000068ac00000, 0x000000068ac00000|100%| E|CS|TAMS 0x000000068a800000| PB 0x000000068a800000| Complete  |  0
|  502|0x000000068ac00000, 0x000000068b000000, 0x000000068b000000|100%| E|CS|TAMS 0x000000068ac00000| PB 0x000000068ac00000| Complete  |  0
|  503|0x000000068b000000, 0x000000068b400000, 0x000000068b400000|100%| E|CS|TAMS 0x000000068b000000| PB 0x000000068b000000| Complete  |  0
|  504|0x000000068b400000, 0x000000068b800000, 0x000000068b800000|100%| E|CS|TAMS 0x000000068b400000| PB 0x000000068b400000| Complete  |  0
|  505|0x000000068b800000, 0x000000068bc00000, 0x000000068bc00000|100%| E|CS|TAMS 0x000000068b800000| PB 0x000000068b800000| Complete  |  0
|  506|0x000000068bc00000, 0x000000068c000000, 0x000000068c000000|100%| E|CS|TAMS 0x000000068bc00000| PB 0x000000068bc00000| Complete  |  0
|  507|0x000000068c000000, 0x000000068c400000, 0x000000068c400000|100%| E|CS|TAMS 0x000000068c000000| PB 0x000000068c000000| Complete  |  0
|  508|0x000000068c400000, 0x000000068c800000, 0x000000068c800000|100%| E|CS|TAMS 0x000000068c400000| PB 0x000000068c400000| Complete  |  0
|  509|0x000000068c800000, 0x000000068cc00000, 0x000000068cc00000|100%| E|CS|TAMS 0x000000068c800000| PB 0x000000068c800000| Complete  |  0
|  510|0x000000068cc00000, 0x000000068d000000, 0x000000068d000000|100%| E|CS|TAMS 0x000000068cc00000| PB 0x000000068cc00000| Complete  |  0
|  511|0x000000068d000000, 0x000000068d400000, 0x000000068d400000|100%| E|CS|TAMS 0x000000068d000000| PB 0x000000068d000000| Complete  |  0
|  512|0x000000068d400000, 0x000000068d800000, 0x000000068d800000|100%| E|CS|TAMS 0x000000068d400000| PB 0x000000068d400000| Complete  |  0
|  513|0x000000068d800000, 0x000000068dc00000, 0x000000068dc00000|100%| E|CS|TAMS 0x000000068d800000| PB 0x000000068d800000| Complete  |  0
|  514|0x000000068dc00000, 0x000000068e000000, 0x000000068e000000|100%| E|CS|TAMS 0x000000068dc00000| PB 0x000000068dc00000| Complete  |  0
|  515|0x000000068e000000, 0x000000068e400000, 0x000000068e400000|100%| E|CS|TAMS 0x000000068e000000| PB 0x000000068e000000| Complete  |  0
|  516|0x000000068e400000, 0x000000068e800000, 0x000000068e800000|100%| E|CS|TAMS 0x000000068e400000| PB 0x000000068e400000| Complete  |  0
|  517|0x000000068e800000, 0x000000068ec00000, 0x000000068ec00000|100%| E|CS|TAMS 0x000000068e800000| PB 0x000000068e800000| Complete  |  0
|  518|0x000000068ec00000, 0x000000068f000000, 0x000000068f000000|100%| E|CS|TAMS 0x000000068ec00000| PB 0x000000068ec00000| Complete  |  0
|  519|0x000000068f000000, 0x000000068f400000, 0x000000068f400000|100%| E|CS|TAMS 0x000000068f000000| PB 0x000000068f000000| Complete  |  0
|  520|0x000000068f400000, 0x000000068f800000, 0x000000068f800000|100%| E|CS|TAMS 0x000000068f400000| PB 0x000000068f400000| Complete  |  0
|  521|0x000000068f800000, 0x000000068fc00000, 0x000000068fc00000|100%| E|CS|TAMS 0x000000068f800000| PB 0x000000068f800000| Complete  |  0
|  522|0x000000068fc00000, 0x0000000690000000, 0x0000000690000000|100%| E|CS|TAMS 0x000000068fc00000| PB 0x000000068fc00000| Complete  |  0
|  523|0x0000000690000000, 0x0000000690400000, 0x0000000690400000|100%| E|CS|TAMS 0x0000000690000000| PB 0x0000000690000000| Complete  |  0
|  524|0x0000000690400000, 0x0000000690800000, 0x0000000690800000|100%| E|CS|TAMS 0x0000000690400000| PB 0x0000000690400000| Complete  |  0
|  525|0x0000000690800000, 0x0000000690c00000, 0x0000000690c00000|100%| E|CS|TAMS 0x0000000690800000| PB 0x0000000690800000| Complete  |  0
|  526|0x0000000690c00000, 0x0000000691000000, 0x0000000691000000|100%| E|CS|TAMS 0x0000000690c00000| PB 0x0000000690c00000| Complete  |  0
|  527|0x0000000691000000, 0x0000000691400000, 0x0000000691400000|100%| E|CS|TAMS 0x0000000691000000| PB 0x0000000691000000| Complete  |  0
|  528|0x0000000691400000, 0x0000000691800000, 0x0000000691800000|100%| E|CS|TAMS 0x0000000691400000| PB 0x0000000691400000| Complete  |  0
|  529|0x0000000691800000, 0x0000000691c00000, 0x0000000691c00000|100%| E|CS|TAMS 0x0000000691800000| PB 0x0000000691800000| Complete  |  0
|  530|0x0000000691c00000, 0x0000000692000000, 0x0000000692000000|100%| E|CS|TAMS 0x0000000691c00000| PB 0x0000000691c00000| Complete  |  0
|  531|0x0000000692000000, 0x0000000692400000, 0x0000000692400000|100%| E|CS|TAMS 0x0000000692000000| PB 0x0000000692000000| Complete  |  0
|  532|0x0000000692400000, 0x0000000692800000, 0x0000000692800000|100%| E|CS|TAMS 0x0000000692400000| PB 0x0000000692400000| Complete  |  0
|  533|0x0000000692800000, 0x0000000692c00000, 0x0000000692c00000|100%| E|CS|TAMS 0x0000000692800000| PB 0x0000000692800000| Complete  |  0
|  534|0x0000000692c00000, 0x0000000693000000, 0x0000000693000000|100%| E|CS|TAMS 0x0000000692c00000| PB 0x0000000692c00000| Complete  |  0
|  535|0x0000000693000000, 0x0000000693400000, 0x0000000693400000|100%| E|CS|TAMS 0x0000000693000000| PB 0x0000000693000000| Complete  |  0
|  536|0x0000000693400000, 0x0000000693800000, 0x0000000693800000|100%| E|CS|TAMS 0x0000000693400000| PB 0x0000000693400000| Complete  |  0
|  537|0x0000000693800000, 0x0000000693c00000, 0x0000000693c00000|100%| E|CS|TAMS 0x0000000693800000| PB 0x0000000693800000| Complete  |  0
|  538|0x0000000693c00000, 0x0000000694000000, 0x0000000694000000|100%| E|CS|TAMS 0x0000000693c00000| PB 0x0000000693c00000| Complete  |  0
|  539|0x0000000694000000, 0x0000000694400000, 0x0000000694400000|100%| E|CS|TAMS 0x0000000694000000| PB 0x0000000694000000| Complete  |  0
|  540|0x0000000694400000, 0x0000000694800000, 0x0000000694800000|100%| E|CS|TAMS 0x0000000694400000| PB 0x0000000694400000| Complete  |  0
|  541|0x0000000694800000, 0x0000000694c00000, 0x0000000694c00000|100%| E|CS|TAMS 0x0000000694800000| PB 0x0000000694800000| Complete  |  0
|  542|0x0000000694c00000, 0x0000000695000000, 0x0000000695000000|100%| E|CS|TAMS 0x0000000694c00000| PB 0x0000000694c00000| Complete  |  0
|  543|0x0000000695000000, 0x0000000695400000, 0x0000000695400000|100%| E|CS|TAMS 0x0000000695000000| PB 0x0000000695000000| Complete  |  0
|  544|0x0000000695400000, 0x0000000695800000, 0x0000000695800000|100%| E|CS|TAMS 0x0000000695400000| PB 0x0000000695400000| Complete  |  0
|  545|0x0000000695800000, 0x0000000695c00000, 0x0000000695c00000|100%| E|CS|TAMS 0x0000000695800000| PB 0x0000000695800000| Complete  |  0
|  546|0x0000000695c00000, 0x0000000696000000, 0x0000000696000000|100%| E|CS|TAMS 0x0000000695c00000| PB 0x0000000695c00000| Complete  |  0
|  547|0x0000000696000000, 0x0000000696400000, 0x0000000696400000|100%| E|CS|TAMS 0x0000000696000000| PB 0x0000000696000000| Complete  |  0
|  548|0x0000000696400000, 0x0000000696800000, 0x0000000696800000|100%| E|CS|TAMS 0x0000000696400000| PB 0x0000000696400000| Complete  |  0
|  549|0x0000000696800000, 0x0000000696c00000, 0x0000000696c00000|100%| E|CS|TAMS 0x0000000696800000| PB 0x0000000696800000| Complete  |  0
|  550|0x0000000696c00000, 0x0000000697000000, 0x0000000697000000|100%| E|CS|TAMS 0x0000000696c00000| PB 0x0000000696c00000| Complete  |  0
|  551|0x0000000697000000, 0x0000000697400000, 0x0000000697400000|100%| E|CS|TAMS 0x0000000697000000| PB 0x0000000697000000| Complete  |  0
|  552|0x0000000697400000, 0x0000000697800000, 0x0000000697800000|100%| E|CS|TAMS 0x0000000697400000| PB 0x0000000697400000| Complete  |  0
|  553|0x0000000697800000, 0x0000000697c00000, 0x0000000697c00000|100%| E|CS|TAMS 0x0000000697800000| PB 0x0000000697800000| Complete  |  0
|  554|0x0000000697c00000, 0x0000000698000000, 0x0000000698000000|100%| E|CS|TAMS 0x0000000697c00000| PB 0x0000000697c00000| Complete  |  0
|  555|0x0000000698000000, 0x0000000698400000, 0x0000000698400000|100%| E|CS|TAMS 0x0000000698000000| PB 0x0000000698000000| Complete  |  0
|  556|0x0000000698400000, 0x0000000698800000, 0x0000000698800000|100%| E|CS|TAMS 0x0000000698400000| PB 0x0000000698400000| Complete  |  0
|  557|0x0000000698800000, 0x0000000698c00000, 0x0000000698c00000|100%| E|CS|TAMS 0x0000000698800000| PB 0x0000000698800000| Complete  |  0
|  558|0x0000000698c00000, 0x0000000699000000, 0x0000000699000000|100%| E|CS|TAMS 0x0000000698c00000| PB 0x0000000698c00000| Complete  |  0
|  559|0x0000000699000000, 0x0000000699400000, 0x0000000699400000|100%| E|CS|TAMS 0x0000000699000000| PB 0x0000000699000000| Complete  |  0
|  560|0x0000000699400000, 0x0000000699800000, 0x0000000699800000|100%| E|CS|TAMS 0x0000000699400000| PB 0x0000000699400000| Complete  |  0
|  561|0x0000000699800000, 0x0000000699c00000, 0x0000000699c00000|100%| E|CS|TAMS 0x0000000699800000| PB 0x0000000699800000| Complete  |  0
|  562|0x0000000699c00000, 0x000000069a000000, 0x000000069a000000|100%| E|CS|TAMS 0x0000000699c00000| PB 0x0000000699c00000| Complete  |  0
|  563|0x000000069a000000, 0x000000069a400000, 0x000000069a400000|100%| E|CS|TAMS 0x000000069a000000| PB 0x000000069a000000| Complete  |  0
|  564|0x000000069a400000, 0x000000069a800000, 0x000000069a800000|100%| E|CS|TAMS 0x000000069a400000| PB 0x000000069a400000| Complete  |  0
|  565|0x000000069a800000, 0x000000069ac00000, 0x000000069ac00000|100%| E|CS|TAMS 0x000000069a800000| PB 0x000000069a800000| Complete  |  0
|  566|0x000000069ac00000, 0x000000069b000000, 0x000000069b000000|100%| E|CS|TAMS 0x000000069ac00000| PB 0x000000069ac00000| Complete  |  0
|  567|0x000000069b000000, 0x000000069b400000, 0x000000069b400000|100%| E|CS|TAMS 0x000000069b000000| PB 0x000000069b000000| Complete  |  0
|  568|0x000000069b400000, 0x000000069b800000, 0x000000069b800000|100%| E|CS|TAMS 0x000000069b400000| PB 0x000000069b400000| Complete  |  0
|  569|0x000000069b800000, 0x000000069bc00000, 0x000000069bc00000|100%| E|CS|TAMS 0x000000069b800000| PB 0x000000069b800000| Complete  |  0
|  570|0x000000069bc00000, 0x000000069c000000, 0x000000069c000000|100%| E|CS|TAMS 0x000000069bc00000| PB 0x000000069bc00000| Complete  |  0
|  571|0x000000069c000000, 0x000000069c400000, 0x000000069c400000|100%| E|CS|TAMS 0x000000069c000000| PB 0x000000069c000000| Complete  |  0
|  572|0x000000069c400000, 0x000000069c800000, 0x000000069c800000|100%| E|CS|TAMS 0x000000069c400000| PB 0x000000069c400000| Complete  |  0
|  573|0x000000069c800000, 0x000000069cc00000, 0x000000069cc00000|100%| E|CS|TAMS 0x000000069c800000| PB 0x000000069c800000| Complete  |  0
|  574|0x000000069cc00000, 0x000000069d000000, 0x000000069d000000|100%| E|CS|TAMS 0x000000069cc00000| PB 0x000000069cc00000| Complete  |  0
|  575|0x000000069d000000, 0x000000069d400000, 0x000000069d400000|100%| E|CS|TAMS 0x000000069d000000| PB 0x000000069d000000| Complete  |  0
|  576|0x000000069d400000, 0x000000069d800000, 0x000000069d800000|100%| E|CS|TAMS 0x000000069d400000| PB 0x000000069d400000| Complete  |  0
|  577|0x000000069d800000, 0x000000069dc00000, 0x000000069dc00000|100%| E|CS|TAMS 0x000000069d800000| PB 0x000000069d800000| Complete  |  0
|  578|0x000000069dc00000, 0x000000069e000000, 0x000000069e000000|100%| E|CS|TAMS 0x000000069dc00000| PB 0x000000069dc00000| Complete  |  0
|  579|0x000000069e000000, 0x000000069e400000, 0x000000069e400000|100%| E|CS|TAMS 0x000000069e000000| PB 0x000000069e000000| Complete  |  0
|  580|0x000000069e400000, 0x000000069e800000, 0x000000069e800000|100%| E|CS|TAMS 0x000000069e400000| PB 0x000000069e400000| Complete  |  0
|  581|0x000000069e800000, 0x000000069ec00000, 0x000000069ec00000|100%| E|CS|TAMS 0x000000069e800000| PB 0x000000069e800000| Complete  |  0
|  582|0x000000069ec00000, 0x000000069f000000, 0x000000069f000000|100%| E|CS|TAMS 0x000000069ec00000| PB 0x000000069ec00000| Complete  |  0
|  583|0x000000069f000000, 0x000000069f400000, 0x000000069f400000|100%| E|CS|TAMS 0x000000069f000000| PB 0x000000069f000000| Complete  |  0
|  584|0x000000069f400000, 0x000000069f800000, 0x000000069f800000|100%| E|CS|TAMS 0x000000069f400000| PB 0x000000069f400000| Complete  |  0
|  585|0x000000069f800000, 0x000000069fc00000, 0x000000069fc00000|100%| E|CS|TAMS 0x000000069f800000| PB 0x000000069f800000| Complete  |  0
|  586|0x000000069fc00000, 0x00000006a0000000, 0x00000006a0000000|100%| E|CS|TAMS 0x000000069fc00000| PB 0x000000069fc00000| Complete  |  0
|  587|0x00000006a0000000, 0x00000006a0400000, 0x00000006a0400000|100%| E|CS|TAMS 0x00000006a0000000| PB 0x00000006a0000000| Complete  |  0
|  588|0x00000006a0400000, 0x00000006a0800000, 0x00000006a0800000|100%| E|CS|TAMS 0x00000006a0400000| PB 0x00000006a0400000| Complete  |  0
|  589|0x00000006a0800000, 0x00000006a0c00000, 0x00000006a0c00000|100%| E|CS|TAMS 0x00000006a0800000| PB 0x00000006a0800000| Complete  |  0
|  590|0x00000006a0c00000, 0x00000006a1000000, 0x00000006a1000000|100%| E|CS|TAMS 0x00000006a0c00000| PB 0x00000006a0c00000| Complete  |  0
|  591|0x00000006a1000000, 0x00000006a1400000, 0x00000006a1400000|100%| E|CS|TAMS 0x00000006a1000000| PB 0x00000006a1000000| Complete  |  0
|  592|0x00000006a1400000, 0x00000006a1800000, 0x00000006a1800000|100%| E|CS|TAMS 0x00000006a1400000| PB 0x00000006a1400000| Complete  |  0
|  593|0x00000006a1800000, 0x00000006a1c00000, 0x00000006a1c00000|100%| E|CS|TAMS 0x00000006a1800000| PB 0x00000006a1800000| Complete  |  0
|  594|0x00000006a1c00000, 0x00000006a2000000, 0x00000006a2000000|100%| E|CS|TAMS 0x00000006a1c00000| PB 0x00000006a1c00000| Complete  |  0
|  595|0x00000006a2000000, 0x00000006a2400000, 0x00000006a2400000|100%| E|CS|TAMS 0x00000006a2000000| PB 0x00000006a2000000| Complete  |  0
|  596|0x00000006a2400000, 0x00000006a2800000, 0x00000006a2800000|100%| E|CS|TAMS 0x00000006a2400000| PB 0x00000006a2400000| Complete  |  0
|  597|0x00000006a2800000, 0x00000006a2c00000, 0x00000006a2c00000|100%| E|CS|TAMS 0x00000006a2800000| PB 0x00000006a2800000| Complete  |  0
|  598|0x00000006a2c00000, 0x00000006a3000000, 0x00000006a3000000|100%| E|CS|TAMS 0x00000006a2c00000| PB 0x00000006a2c00000| Complete  |  0
|  599|0x00000006a3000000, 0x00000006a3400000, 0x00000006a3400000|100%| E|CS|TAMS 0x00000006a3000000| PB 0x00000006a3000000| Complete  |  0
|  600|0x00000006a3400000, 0x00000006a3800000, 0x00000006a3800000|100%| E|CS|TAMS 0x00000006a3400000| PB 0x00000006a3400000| Complete  |  0
|  601|0x00000006a3800000, 0x00000006a3c00000, 0x00000006a3c00000|100%| E|CS|TAMS 0x00000006a3800000| PB 0x00000006a3800000| Complete  |  0
|  602|0x00000006a3c00000, 0x00000006a4000000, 0x00000006a4000000|100%| E|CS|TAMS 0x00000006a3c00000| PB 0x00000006a3c00000| Complete  |  0
|  603|0x00000006a4000000, 0x00000006a4400000, 0x00000006a4400000|100%| E|CS|TAMS 0x00000006a4000000| PB 0x00000006a4000000| Complete  |  0
|  604|0x00000006a4400000, 0x00000006a4800000, 0x00000006a4800000|100%| E|CS|TAMS 0x00000006a4400000| PB 0x00000006a4400000| Complete  |  0
|  605|0x00000006a4800000, 0x00000006a4c00000, 0x00000006a4c00000|100%| E|CS|TAMS 0x00000006a4800000| PB 0x00000006a4800000| Complete  |  0
|  606|0x00000006a4c00000, 0x00000006a5000000, 0x00000006a5000000|100%| E|CS|TAMS 0x00000006a4c00000| PB 0x00000006a4c00000| Complete  |  0
|  607|0x00000006a5000000, 0x00000006a5400000, 0x00000006a5400000|100%| E|CS|TAMS 0x00000006a5000000| PB 0x00000006a5000000| Complete  |  0
|  608|0x00000006a5400000, 0x00000006a5800000, 0x00000006a5800000|100%| E|CS|TAMS 0x00000006a5400000| PB 0x00000006a5400000| Complete  |  0
|  609|0x00000006a5800000, 0x00000006a5c00000, 0x00000006a5c00000|100%| E|CS|TAMS 0x00000006a5800000| PB 0x00000006a5800000| Complete  |  0
|  610|0x00000006a5c00000, 0x00000006a6000000, 0x00000006a6000000|100%| E|CS|TAMS 0x00000006a5c00000| PB 0x00000006a5c00000| Complete  |  0
|  611|0x00000006a6000000, 0x00000006a6400000, 0x00000006a6400000|100%| E|CS|TAMS 0x00000006a6000000| PB 0x00000006a6000000| Complete  |  0
|  612|0x00000006a6400000, 0x00000006a6800000, 0x00000006a6800000|100%| E|CS|TAMS 0x00000006a6400000| PB 0x00000006a6400000| Complete  |  0
|  613|0x00000006a6800000, 0x00000006a6c00000, 0x00000006a6c00000|100%| E|CS|TAMS 0x00000006a6800000| PB 0x00000006a6800000| Complete  |  0
|  614|0x00000006a6c00000, 0x00000006a7000000, 0x00000006a7000000|100%| E|CS|TAMS 0x00000006a6c00000| PB 0x00000006a6c00000| Complete  |  0
|  615|0x00000006a7000000, 0x00000006a7400000, 0x00000006a7400000|100%| S|CS|TAMS 0x00000006a7000000| PB 0x00000006a7000000| Complete  |  0
|  616|0x00000006a7400000, 0x00000006a7800000, 0x00000006a7800000|100%| S|CS|TAMS 0x00000006a7400000| PB 0x00000006a7400000| Complete  |  0
|  617|0x00000006a7800000, 0x00000006a7c00000, 0x00000006a7c00000|100%| S|CS|TAMS 0x00000006a7800000| PB 0x00000006a7800000| Complete  |  0
|  618|0x00000006a7c00000, 0x00000006a8000000, 0x00000006a8000000|100%| S|CS|TAMS 0x00000006a7c00000| PB 0x00000006a7c00000| Complete  |  0
|  619|0x00000006a8000000, 0x00000006a8400000, 0x00000006a8400000|100%| S|CS|TAMS 0x00000006a8000000| PB 0x00000006a8000000| Complete  |  0
|  620|0x00000006a8400000, 0x00000006a8800000, 0x00000006a8800000|100%| S|CS|TAMS 0x00000006a8400000| PB 0x00000006a8400000| Complete  |  0
|  621|0x00000006a8800000, 0x00000006a8c00000, 0x00000006a8c00000|100%| S|CS|TAMS 0x00000006a8800000| PB 0x00000006a8800000| Complete  |  0
|  622|0x00000006a8c00000, 0x00000006a9000000, 0x00000006a9000000|100%| S|CS|TAMS 0x00000006a8c00000| PB 0x00000006a8c00000| Complete  |  0
|  623|0x00000006a9000000, 0x00000006a9400000, 0x00000006a9400000|100%| S|CS|TAMS 0x00000006a9000000| PB 0x00000006a9000000| Complete  |  0
|  624|0x00000006a9400000, 0x00000006a9800000, 0x00000006a9800000|100%| S|CS|TAMS 0x00000006a9400000| PB 0x00000006a9400000| Complete  |  0
|  625|0x00000006a9800000, 0x00000006a9c00000, 0x00000006a9c00000|100%| S|CS|TAMS 0x00000006a9800000| PB 0x00000006a9800000| Complete  |  0
|  626|0x00000006a9c00000, 0x00000006aa000000, 0x00000006aa000000|100%| S|CS|TAMS 0x00000006a9c00000| PB 0x00000006a9c00000| Complete  |  0
|  627|0x00000006aa000000, 0x00000006aa400000, 0x00000006aa400000|100%| S|CS|TAMS 0x00000006aa000000| PB 0x00000006aa000000| Complete  |  0
|  628|0x00000006aa400000, 0x00000006aa800000, 0x00000006aa800000|100%| S|CS|TAMS 0x00000006aa400000| PB 0x00000006aa400000| Complete  |  0
|  629|0x00000006aa800000, 0x00000006aac00000, 0x00000006aac00000|100%| S|CS|TAMS 0x00000006aa800000| PB 0x00000006aa800000| Complete  |  0
|  630|0x00000006aac00000, 0x00000006ab000000, 0x00000006ab000000|100%| S|CS|TAMS 0x00000006aac00000| PB 0x00000006aac00000| Complete  |  0
|  631|0x00000006ab000000, 0x00000006ab400000, 0x00000006ab400000|100%| E|CS|TAMS 0x00000006ab000000| PB 0x00000006ab000000| Complete  |  0
|  632|0x00000006ab400000, 0x00000006ab800000, 0x00000006ab800000|100%|HS|  |TAMS 0x00000006ab400000| PB 0x00000006ab400000| Complete  |  0
|  633|0x00000006ab800000, 0x00000006abc00000, 0x00000006abc00000|100%|HC|  |TAMS 0x00000006ab800000| PB 0x00000006ab800000| Complete  |  0
|  634|0x00000006abc00000, 0x00000006ac000000, 0x00000006ac000000|100%| E|CS|TAMS 0x00000006abc00000| PB 0x00000006abc00000| Complete  |  0
|  635|0x00000006ac000000, 0x00000006ac400000, 0x00000006ac400000|100%| E|CS|TAMS 0x00000006ac000000| PB 0x00000006ac000000| Complete  |  0
|  636|0x00000006ac400000, 0x00000006ac800000, 0x00000006ac800000|100%| E|CS|TAMS 0x00000006ac400000| PB 0x00000006ac400000| Complete  |  0
|  637|0x00000006ac800000, 0x00000006acc00000, 0x00000006acc00000|100%| E|CS|TAMS 0x00000006ac800000| PB 0x00000006ac800000| Complete  |  0
|  638|0x00000006acc00000, 0x00000006ad000000, 0x00000006ad000000|100%| E|CS|TAMS 0x00000006acc00000| PB 0x00000006acc00000| Complete  |  0
|  639|0x00000006ad000000, 0x00000006ad400000, 0x00000006ad400000|100%| E|CS|TAMS 0x00000006ad000000| PB 0x00000006ad000000| Complete  |  0
|  640|0x00000006ad400000, 0x00000006ad800000, 0x00000006ad800000|100%| E|CS|TAMS 0x00000006ad400000| PB 0x00000006ad400000| Complete  |  0
|  641|0x00000006ad800000, 0x00000006adc00000, 0x00000006adc00000|100%| E|CS|TAMS 0x00000006ad800000| PB 0x00000006ad800000| Complete  |  0
|  642|0x00000006adc00000, 0x00000006ae000000, 0x00000006ae000000|100%| E|CS|TAMS 0x00000006adc00000| PB 0x00000006adc00000| Complete  |  0
|  643|0x00000006ae000000, 0x00000006ae400000, 0x00000006ae400000|100%| E|CS|TAMS 0x00000006ae000000| PB 0x00000006ae000000| Complete  |  0
|  644|0x00000006ae400000, 0x00000006ae800000, 0x00000006ae800000|100%| E|CS|TAMS 0x00000006ae400000| PB 0x00000006ae400000| Complete  |  0
|  645|0x00000006ae800000, 0x00000006aec00000, 0x00000006aec00000|100%| E|CS|TAMS 0x00000006ae800000| PB 0x00000006ae800000| Complete  |  0
|  646|0x00000006aec00000, 0x00000006af000000, 0x00000006af000000|100%| E|CS|TAMS 0x00000006aec00000| PB 0x00000006aec00000| Complete  |  0
|  647|0x00000006af000000, 0x00000006af400000, 0x00000006af400000|100%| E|CS|TAMS 0x00000006af000000| PB 0x00000006af000000| Complete  |  0
|  648|0x00000006af400000, 0x00000006af800000, 0x00000006af800000|100%| E|CS|TAMS 0x00000006af400000| PB 0x00000006af400000| Complete  |  0
|  649|0x00000006af800000, 0x00000006afc00000, 0x00000006afc00000|100%| E|CS|TAMS 0x00000006af800000| PB 0x00000006af800000| Complete  |  0
|  650|0x00000006afc00000, 0x00000006b0000000, 0x00000006b0000000|100%| E|CS|TAMS 0x00000006afc00000| PB 0x00000006afc00000| Complete  |  0
|  651|0x00000006b0000000, 0x00000006b0400000, 0x00000006b0400000|100%| E|CS|TAMS 0x00000006b0000000| PB 0x00000006b0000000| Complete  |  0
|  652|0x00000006b0400000, 0x00000006b0800000, 0x00000006b0800000|100%| E|CS|TAMS 0x00000006b0400000| PB 0x00000006b0400000| Complete  |  0
|  653|0x00000006b0800000, 0x00000006b0c00000, 0x00000006b0c00000|100%| E|CS|TAMS 0x00000006b0800000| PB 0x00000006b0800000| Complete  |  0
|  654|0x00000006b0c00000, 0x00000006b1000000, 0x00000006b1000000|100%| E|CS|TAMS 0x00000006b0c00000| PB 0x00000006b0c00000| Complete  |  0
|  655|0x00000006b1000000, 0x00000006b1400000, 0x00000006b1400000|100%| E|CS|TAMS 0x00000006b1000000| PB 0x00000006b1000000| Complete  |  0
|  656|0x00000006b1400000, 0x00000006b1800000, 0x00000006b1800000|100%| E|CS|TAMS 0x00000006b1400000| PB 0x00000006b1400000| Complete  |  0
|  657|0x00000006b1800000, 0x00000006b1c00000, 0x00000006b1c00000|100%| E|CS|TAMS 0x00000006b1800000| PB 0x00000006b1800000| Complete  |  0
|  658|0x00000006b1c00000, 0x00000006b2000000, 0x00000006b2000000|100%| E|CS|TAMS 0x00000006b1c00000| PB 0x00000006b1c00000| Complete  |  0
| 1957|0x00000007f6800000, 0x00000007f6c00000, 0x00000007f6c00000|100%| O|  |TAMS 0x00000007f6800000| PB 0x00000007f6800000| Untracked |  0
| 1958|0x00000007f6c00000, 0x00000007f7000000, 0x00000007f7000000|100%| O|  |TAMS 0x00000007f6c00000| PB 0x00000007f6c00000| Untracked |  0
| 1959|0x00000007f7000000, 0x00000007f7400000, 0x00000007f7400000|100%| O|  |TAMS 0x00000007f7000000| PB 0x00000007f7000000| Untracked |  0
| 1960|0x00000007f7400000, 0x00000007f7800000, 0x00000007f7800000|100%| O|  |TAMS 0x00000007f7400000| PB 0x00000007f7400000| Untracked |  0
| 1961|0x00000007f7800000, 0x00000007f7c00000, 0x00000007f7c00000|100%| O|  |TAMS 0x00000007f7800000| PB 0x00000007f7800000| Untracked |  0
| 1962|0x00000007f7c00000, 0x00000007f8000000, 0x00000007f8000000|100%| O|  |TAMS 0x00000007f7c00000| PB 0x00000007f7c00000| Untracked |  0
| 1963|0x00000007f8000000, 0x00000007f8400000, 0x00000007f8400000|100%| O|  |TAMS 0x00000007f8000000| PB 0x00000007f8000000| Untracked |  0
| 1964|0x00000007f8400000, 0x00000007f8800000, 0x00000007f8800000|100%| O|  |TAMS 0x00000007f8400000| PB 0x00000007f8400000| Untracked |  0
| 1965|0x00000007f8800000, 0x00000007f8c00000, 0x00000007f8c00000|100%| O|  |TAMS 0x00000007f8800000| PB 0x00000007f8800000| Untracked |  0
| 1966|0x00000007f8c00000, 0x00000007f9000000, 0x00000007f9000000|100%| O|  |TAMS 0x00000007f8c00000| PB 0x00000007f8c00000| Untracked |  0
| 1967|0x00000007f9000000, 0x00000007f9400000, 0x00000007f9400000|100%| O|  |TAMS 0x00000007f9000000| PB 0x00000007f9000000| Untracked |  0
| 1968|0x00000007f9400000, 0x00000007f9800000, 0x00000007f9800000|100%| O|  |TAMS 0x00000007f9400000| PB 0x00000007f9400000| Untracked |  0
| 1969|0x00000007f9800000, 0x00000007f9c00000, 0x00000007f9c00000|100%| O|  |TAMS 0x00000007f9800000| PB 0x00000007f9800000| Untracked |  0
| 1970|0x00000007f9c00000, 0x00000007fa000000, 0x00000007fa000000|100%| O|  |TAMS 0x00000007f9c00000| PB 0x00000007f9c00000| Untracked |  0
| 1971|0x00000007fa000000, 0x00000007fa400000, 0x00000007fa400000|100%| O|  |TAMS 0x00000007fa000000| PB 0x00000007fa000000| Untracked |  0
| 1972|0x00000007fa400000, 0x00000007fa800000, 0x00000007fa800000|100%| O|  |TAMS 0x00000007fa400000| PB 0x00000007fa400000| Untracked |  0
| 1973|0x00000007fa800000, 0x00000007fac00000, 0x00000007fac00000|100%| O|  |TAMS 0x00000007fa800000| PB 0x00000007fa800000| Untracked |  0
| 1974|0x00000007fac00000, 0x00000007fb000000, 0x00000007fb000000|100%| O|  |TAMS 0x00000007fac00000| PB 0x00000007fac00000| Untracked |  0
| 1975|0x00000007fb000000, 0x00000007fb400000, 0x00000007fb400000|100%| O|  |TAMS 0x00000007fb000000| PB 0x00000007fb000000| Untracked |  0
| 1976|0x00000007fb400000, 0x00000007fb800000, 0x00000007fb800000|100%| O|Cm|TAMS 0x00000007fb400000| PB 0x00000007fb400000| Complete  |  0
| 1978|0x00000007fbc00000, 0x00000007fc000000, 0x00000007fc000000|100%| O|  |TAMS 0x00000007fbc00000| PB 0x00000007fbc00000| Untracked |  0
| 1979|0x00000007fc000000, 0x00000007fc400000, 0x00000007fc400000|100%| O|  |TAMS 0x00000007fc000000| PB 0x00000007fc000000| Untracked |  0
| 1980|0x00000007fc400000, 0x00000007fc800000, 0x00000007fc800000|100%| O|  |TAMS 0x00000007fc400000| PB 0x00000007fc400000| Untracked |  0
| 1982|0x00000007fcc00000, 0x00000007fd000000, 0x00000007fd000000|100%| O|  |TAMS 0x00000007fcc00000| PB 0x00000007fcc00000| Untracked |  0
| 1983|0x00000007fd000000, 0x00000007fd400000, 0x00000007fd400000|100%| O|  |TAMS 0x00000007fd000000| PB 0x00000007fd000000| Untracked |  0
| 1984|0x00000007fd400000, 0x00000007fd800000, 0x00000007fd800000|100%| O|  |TAMS 0x00000007fd400000| PB 0x00000007fd400000| Untracked |  0
| 1988|0x00000007fe400000, 0x00000007fe800000, 0x00000007fe800000|100%| O|  |TAMS 0x00000007fe400000| PB 0x00000007fe400000| Untracked |  0
| 1989|0x00000007fe800000, 0x00000007fec00000, 0x00000007fec00000|100%| O|  |TAMS 0x00000007fe800000| PB 0x00000007fe800000| Untracked |  0
| 1990|0x00000007fec00000, 0x00000007ff000000, 0x00000007ff000000|100%| O|  |TAMS 0x00000007fec00000| PB 0x00000007fec00000| Untracked |  0
| 1991|0x00000007ff000000, 0x00000007ff400000, 0x00000007ff400000|100%| O|  |TAMS 0x00000007ff000000| PB 0x00000007ff000000| Untracked |  0
| 1992|0x00000007ff400000, 0x00000007ff800000, 0x00000007ff800000|100%| O|  |TAMS 0x00000007ff400000| PB 0x00000007ff400000| Untracked |  0
| 1993|0x00000007ff800000, 0x00000007ffc00000, 0x00000007ffc00000|100%| O|  |TAMS 0x00000007ff800000| PB 0x00000007ff800000| Untracked |  0
| 1994|0x00000007ffc00000, 0x0000000800000000, 0x0000000800000000|100%| O|  |TAMS 0x00000007ffc00000| PB 0x00000007ffc00000| Untracked |  0

Card table byte_map: [0x0000020264660000,0x0000020265600000] _byte_map_base: 0x00000202615f6000
Refinement table byte_map: [0x0000020265600000,0x00000202665a0000] _byte_map_base: 0x0000020262596000

Marking Bits: (CMBitMap*) 0x000002024b0f1160
 Bits: [0x00000202665a0000, 0x000002026e250000)

Polling page: 0x000002024a850000

Metaspace:
Metaspace        used 10304K, committed 10560K, reserved 1114112K
 class space     used 644K, committed 768K, reserved 1048576K

Usage:
  Non-class:      9.43 MB used.
      Class:    644.03 KB used.
       Both:     10.06 MB used.

Virtual space:
  Non-class space:       64.00 MB reserved,       9.56 MB ( 15%) committed,  1 nodes.
      Class space:        1.00 GB reserved,     768.00 KB ( <1%) committed,  1 nodes.
             Both:        1.06 GB reserved,      10.31 MB ( <1%) committed. 

Chunk freelists:
   Non-Class:  5.18 MB
       Class:  15.29 MB
        Both:  20.48 MB

MaxMetaspaceSize: unlimited
CompressedClassSpaceSize: 1.00 GB
Initial GC threshold: 21.00 MB
Current GC threshold: 21.00 MB
CDS: on
 - commit_granule_bytes: 65536.
 - commit_granule_words: 8192.
 - virtual_space_node_default_size: 8388608.
 - enlarge_chunks_in_place: 1.
UseCompressedClassPointers 1, UseCompactObjectHeaders 0
Narrow klass pointer bits 32, Max shift 3
Narrow klass base: 0x000000001c000000, Narrow klass shift: 0
Encoding Range: [0x000000001c000000 - 0x000000011c000000), (4294967296 bytes)
Klass Range:    [0x000000001c000000 - 0x000000005d000000), (1090519040 bytes)
Klass ID Range:  [8 - 1090519033) (1090519025)
Protection zone: [0x000000001c000000 - 0x000000001c010000), (65536 bytes)


Internal statistics:

num_allocs_failed_limit: 0.
num_arena_births: 126.
num_arena_deaths: 0.
num_vsnodes_births: 2.
num_vsnodes_deaths: 0.
num_space_committed: 164.
num_space_uncommitted: 0.
num_chunks_returned_to_freelist: 0.
num_chunks_taken_from_freelist: 430.
num_chunk_merges: 0.
num_chunk_splits: 312.
num_chunks_enlarged: 247.
num_inconsistent_stats: 0.

CodeHeap 'non-profiled nmethods': size=119168Kb used=1240Kb max_used=1406Kb free=117928Kb
 bounds [0x000002025b8d0000, 0x000002025bb40000, 0x0000020262d30000]
CodeHeap 'profiled nmethods': size=119168Kb used=2440Kb max_used=2752Kb free=116727Kb
 bounds [0x0000020253d20000, 0x0000020254000000, 0x000002025b180000]
CodeHeap 'non-nmethods': size=7488Kb used=2473Kb max_used=4225Kb free=5014Kb
 bounds [0x000002025b180000, 0x000002025b5c0000, 0x000002025b8d0000]
CodeCache: size=245824Kb, used=6153Kb, max_used=8383Kb, free=239669Kb
 total_blobs=3239, nmethods=1946, adapters=1198, full_count=0
Compilation: enabled, stopped_count=0, restarted_count=0

Compilation events (20 events):
Event: 9.736 Thread 0x0000020270cf42d0 2448       4       com.szymc.voxel_engine.UIRenderer::beginTextRendering (85 bytes)
Event: 9.739 Thread 0x0000020270cf42d0 nmethod 2448 0x000002025b9e5388 code [0x000002025b9e5480, 0x000002025b9e5748]
Event: 9.970 Thread 0x0000020270cf42d0 2449       4       com.szymc.voxel_engine.UIRenderer::beginUiRendering (83 bytes)
Event: 9.973 Thread 0x0000020270cf42d0 nmethod 2449 0x000002025ba29888 code [0x000002025ba29980, 0x000002025ba29c28]
Event: 10.098 Thread 0x0000020270cf5ae0 2450       3       com.szymc.voxel_engine.ChunkColumn::setBlockInChunk (228 bytes)
Event: 10.098 Thread 0x0000020270cf5ae0 nmethod 2450 0x0000020253f72408 code [0x0000020253f72500, 0x0000020253f737a0]
Event: 10.125 Thread 0x0000020270cf42d0 2451       4       com.szymc.voxel_engine.ChunkColumn::setBlockInChunk (228 bytes)
Event: 10.136 Thread 0x0000020270cf42d0 nmethod 2451 0x000002025ba28408 code [0x000002025ba28500, 0x000002025ba29810]
Event: 10.157 Thread 0x0000020270cf42d0 2452       4       com.szymc.voxel_engine.DecorationTask::simulateSourceChunkTrees (601 bytes)
Event: 10.187 Thread 0x0000020270cf42d0 nmethod 2452 0x000002025ba22d08 code [0x000002025ba22e20, 0x000002025ba27160]
Event: 10.359 Thread 0x0000020270cf42d0 2453       4       jdk.internal.classfile.impl.EntryMap::firstToken (50 bytes)
Event: 10.360 Thread 0x0000020270cf5ae0 2454       1       jdk.internal.constant.PrimitiveClassDescImpl::isPrimitive (2 bytes)
Event: 10.360 Thread 0x0000020270cf5ae0 nmethod 2454 0x000002025b9e5088 code [0x000002025b9e5180, 0x000002025b9e5238]
Event: 10.360 Thread 0x0000020270cf5ae0 2455   !   3       jdk.internal.classfile.impl.StackMapGenerator::detectFrames (498 bytes)
Event: 10.360 Thread 0x0000020270cf42d0 nmethod 2453 0x000002025b989308 code [0x000002025b989400, 0x000002025b989518]
Event: 10.360 Thread 0x0000020270cf5ae0 nmethod 2455 0x0000020253f59008 code [0x0000020253f59100, 0x0000020253f5af58]
Event: 10.360 Thread 0x0000020270cf5ae0 2456       3       jdk.internal.classfile.impl.StackMapGenerator::processMethod (258 bytes)
Event: 10.361 Thread 0x0000020270cf5ae0 nmethod 2456 0x0000020253fc0a88 code [0x0000020253fc0b80, 0x0000020253fc1e68]
Event: 10.361 Thread 0x0000020270cf5ae0 2461       3       java.nio.ByteBuffer::arrayOffset (35 bytes)
Event: 10.361 Thread 0x0000020270cf5ae0 nmethod 2461 0x0000020253da0c08 code [0x0000020253da0d00, 0x0000020253da0fb8]

GC Heap Usage History (20 events):
Event: 7.174 {heap Before GC invocations=60 (full 0):
 garbage-first heap   total reserved 8171520K, committed 2678784K, used 271421K [0x000000060d400000, 0x0000000800000000)
  region size 4M, 3 eden (12M), 15 survivor (60M), 42 old (168M), 10 humongous (40M), 584 free (2336M)
}
Event: 7.178 {heap After GC invocations=61 (full 0):
 garbage-first heap   total reserved 8171520K, committed 2678784K, used 245788K [0x000000060d400000, 0x0000000800000000)
  region size 4M, 0 eden (0M), 15 survivor (60M), 42 old (168M), 4 humongous (16M), 593 free (2372M)
}
Event: 7.188 {heap Before GC invocations=62 (full 0):
 garbage-first heap   total reserved 8171520K, committed 2678784K, used 270364K [0x000000060d400000, 0x0000000800000000)
  region size 4M, 2 eden (8M), 15 survivor (60M), 42 old (168M), 10 humongous (40M), 585 free (2340M)
}
Event: 7.190 {heap After GC invocations=63 (full 0):
 garbage-first heap   total reserved 8171520K, committed 2678784K, used 260853K [0x000000060d400000, 0x0000000800000000)
  region size 4M, 0 eden (0M), 15 survivor (60M), 42 old (168M), 8 humongous (32M), 589 free (2356M)
}
Event: 7.208 {heap Before GC invocations=64 (full 0):
 garbage-first heap   total reserved 8171520K, committed 2678784K, used 281333K [0x000000060d400000, 0x0000000800000000)
  region size 4M, 4 eden (16M), 15 survivor (60M), 42 old (168M), 10 humongous (40M), 583 free (2332M)
}
Event: 7.210 {heap After GC invocations=65 (full 0):
 garbage-first heap   total reserved 8171520K, committed 2678784K, used 247842K [0x000000060d400000, 0x0000000800000000)
  region size 4M, 0 eden (0M), 16 survivor (64M), 42 old (168M), 4 humongous (16M), 592 free (2368M)
}
Event: 7.218 {heap Before GC invocations=66 (full 0):
 garbage-first heap   total reserved 8171520K, committed 2678784K, used 268322K [0x000000060d400000, 0x0000000800000000)
  region size 4M, 2 eden (8M), 16 survivor (64M), 42 old (168M), 8 humongous (32M), 586 free (2344M)
}
Event: 7.220 {heap After GC invocations=67 (full 0):
 garbage-first heap   total reserved 8171520K, committed 2678784K, used 245583K [0x000000060d400000, 0x0000000800000000)
  region size 4M, 0 eden (0M), 15 survivor (60M), 42 old (168M), 4 humongous (16M), 593 free (2372M)
}
Event: 7.236 {heap Before GC invocations=68 (full 0):
 garbage-first heap   total reserved 8171520K, committed 2678784K, used 261967K [0x000000060d400000, 0x0000000800000000)
  region size 4M, 5 eden (20M), 15 survivor (60M), 42 old (168M), 5 humongous (20M), 587 free (2348M)
}
Event: 7.239 {heap After GC invocations=69 (full 0):
 garbage-first heap   total reserved 8171520K, committed 2678784K, used 239293K [0x000000060d400000, 0x0000000800000000)
  region size 4M, 0 eden (0M), 16 survivor (64M), 42 old (168M), 2 humongous (8M), 594 free (2376M)
}
Event: 7.245 {heap Before GC invocations=70 (full 0):
 garbage-first heap   total reserved 8171520K, committed 2678784K, used 263869K [0x000000060d400000, 0x0000000800000000)
  region size 4M, 3 eden (12M), 16 survivor (64M), 42 old (168M), 7 humongous (28M), 586 free (2344M)
}
Event: 7.248 {heap After GC invocations=71 (full 0):
 garbage-first heap   total reserved 8171520K, committed 2678784K, used 252498K [0x000000060d400000, 0x0000000800000000)
  region size 4M, 0 eden (0M), 15 survivor (60M), 42 old (168M), 6 humongous (24M), 591 free (2364M)
}
Event: 7.264 {heap Before GC invocations=72 (full 0):
 garbage-first heap   total reserved 8171520K, committed 2678784K, used 281170K [0x000000060d400000, 0x0000000800000000)
  region size 4M, 4 eden (16M), 15 survivor (60M), 42 old (168M), 11 humongous (44M), 582 free (2328M)
}
Event: 7.267 {heap After GC invocations=73 (full 0):
 garbage-first heap   total reserved 8171520K, committed 2605056K, used 256478K [0x000000060d400000, 0x0000000800000000)
  region size 4M, 0 eden (0M), 16 survivor (64M), 42 old (168M), 6 humongous (24M), 572 free (2288M)
}
Event: 8.304 {heap Before GC invocations=74 (full 0):
 garbage-first heap   total reserved 8171520K, committed 2609152K, used 2599390K [0x000000060d400000, 0x0000000800000000)
  region size 4M, 167 eden (668M), 16 survivor (64M), 42 old (168M), 412 humongous (1648M), 0 free (0M)
}
Event: 8.310 {heap After GC invocations=75 (full 0):
 garbage-first heap   total reserved 8171520K, committed 2703360K, used 279518K [0x000000060d400000, 0x0000000800000000)
  region size 4M, 0 eden (0M), 22 survivor (88M), 43 old (172M), 5 humongous (20M), 590 free (2360M)
}
Event: 9.374 {heap Before GC invocations=75 (full 0):
 garbage-first heap   total reserved 8171520K, committed 2711552K, used 2700254K [0x000000060d400000, 0x0000000800000000)
  region size 4M, 172 eden (688M), 22 survivor (88M), 43 old (172M), 425 humongous (1700M), 0 free (0M)
}
Event: 9.382 {heap After GC invocations=76 (full 0):
 garbage-first heap   total reserved 8171520K, committed 2834432K, used 309566K [0x000000060d400000, 0x0000000800000000)
  region size 4M, 0 eden (0M), 25 survivor (100M), 47 old (188M), 4 humongous (16M), 616 free (2464M)
}
Event: 9.384 {heap Before GC invocations=76 (full 0):
 garbage-first heap   total reserved 8171520K, committed 2834432K, used 313662K [0x000000060d400000, 0x0000000800000000)
  region size 4M, 1 eden (4M), 25 survivor (100M), 47 old (188M), 5 humongous (20M), 614 free (2456M)
}
Event: 9.389 {heap After GC invocations=77 (full 0):
 garbage-first heap   total reserved 8171520K, committed 2834432K, used 302205K [0x000000060d400000, 0x0000000800000000)
  region size 4M, 0 eden (0M), 16 survivor (64M), 54 old (216M), 4 humongous (16M), 618 free (2472M)
}

Metaspace Usage History (20 events):
Event: 7.174 {metaspace Before GC invocations=60 (full 0):
 Metaspace       used 10290K, committed 10496K, reserved 1114112K
  class space    used 642K, committed 768K, reserved 1048576K
}
Event: 7.178 {metaspace After GC invocations=61 (full 0):
 Metaspace       used 10290K, committed 10496K, reserved 1114112K
  class space    used 642K, committed 768K, reserved 1048576K
}
Event: 7.188 {metaspace Before GC invocations=62 (full 0):
 Metaspace       used 10290K, committed 10496K, reserved 1114112K
  class space    used 642K, committed 768K, reserved 1048576K
}
Event: 7.190 {metaspace After GC invocations=63 (full 0):
 Metaspace       used 10290K, committed 10496K, reserved 1114112K
  class space    used 642K, committed 768K, reserved 1048576K
}
Event: 7.208 {metaspace Before GC invocations=64 (full 0):
 Metaspace       used 10290K, committed 10496K, reserved 1114112K
  class space    used 642K, committed 768K, reserved 1048576K
}
Event: 7.211 {metaspace After GC invocations=65 (full 0):
 Metaspace       used 10290K, committed 10496K, reserved 1114112K
  class space    used 642K, committed 768K, reserved 1048576K
}
Event: 7.218 {metaspace Before GC invocations=66 (full 0):
 Metaspace       used 10290K, committed 10496K, reserved 1114112K
  class space    used 642K, committed 768K, reserved 1048576K
}
Event: 7.220 {metaspace After GC invocations=67 (full 0):
 Metaspace       used 10290K, committed 10496K, reserved 1114112K
  class space    used 642K, committed 768K, reserved 1048576K
}
Event: 7.236 {metaspace Before GC invocations=68 (full 0):
 Metaspace       used 10290K, committed 10496K, reserved 1114112K
  class space    used 642K, committed 768K, reserved 1048576K
}
Event: 7.239 {metaspace After GC invocations=69 (full 0):
 Metaspace       used 10290K, committed 10496K, reserved 1114112K
  class space    used 642K, committed 768K, reserved 1048576K
}
Event: 7.245 {metaspace Before GC invocations=70 (full 0):
 Metaspace       used 10290K, committed 10496K, reserved 1114112K
  class space    used 642K, committed 768K, reserved 1048576K
}
Event: 7.248 {metaspace After GC invocations=71 (full 0):
 Metaspace       used 10290K, committed 10496K, reserved 1114112K
  class space    used 642K, committed 768K, reserved 1048576K
}
Event: 7.264 {metaspace Before GC invocations=72 (full 0):
 Metaspace       used 10290K, committed 10496K, reserved 1114112K
  class space    used 642K, committed 768K, reserved 1048576K
}
Event: 7.267 {metaspace After GC invocations=73 (full 0):
 Metaspace       used 10290K, committed 10496K, reserved 1114112K
  class space    used 642K, committed 768K, reserved 1048576K
}
Event: 8.304 {metaspace Before GC invocations=74 (full 0):
 Metaspace       used 10290K, committed 10496K, reserved 1114112K
  class space    used 642K, committed 768K, reserved 1048576K
}
Event: 8.310 {metaspace After GC invocations=75 (full 0):
 Metaspace       used 10290K, committed 10496K, reserved 1114112K
  class space    used 642K, committed 768K, reserved 1048576K
}
Event: 9.374 {metaspace Before GC invocations=75 (full 0):
 Metaspace       used 10290K, committed 10496K, reserved 1114112K
  class space    used 642K, committed 768K, reserved 1048576K
}
Event: 9.382 {metaspace After GC invocations=76 (full 0):
 Metaspace       used 10290K, committed 10496K, reserved 1114112K
  class space    used 642K, committed 768K, reserved 1048576K
}
Event: 9.384 {metaspace Before GC invocations=76 (full 0):
 Metaspace       used 10290K, committed 10496K, reserved 1114112K
  class space    used 642K, committed 768K, reserved 1048576K
}
Event: 9.389 {metaspace After GC invocations=77 (full 0):
 Metaspace       used 10290K, committed 10496K, reserved 1114112K
  class space    used 642K, committed 768K, reserved 1048576K
}

Dll operation events (20 events):
Event: 0.033 Attempting to load shared library C:\Users\Tommy\.jdks\openjdk-26.0.1\bin\instrument.dll
Event: 0.033 Loaded shared library C:\Users\Tommy\.jdks\openjdk-26.0.1\bin\instrument.dll
Event: 0.034 Attempting to load shared library C:\Users\Tommy\.jdks\openjdk-26.0.1\bin\net.dll
Event: 0.035 Loaded shared library C:\Users\Tommy\.jdks\openjdk-26.0.1\bin\net.dll
Event: 0.035 Attempting to load shared library C:\Users\Tommy\.jdks\openjdk-26.0.1\bin\nio.dll
Event: 0.036 Loaded shared library C:\Users\Tommy\.jdks\openjdk-26.0.1\bin\nio.dll
Event: 0.038 Attempting to load shared library C:\Users\Tommy\.jdks\openjdk-26.0.1\bin\zip.dll
Event: 0.038 Loaded shared library C:\Users\Tommy\.jdks\openjdk-26.0.1\bin\zip.dll
Event: 0.053 Attempting to load shared library C:\Users\Tommy\.jdks\openjdk-26.0.1\bin\verify.dll
Event: 0.053 Loaded shared library C:\Users\Tommy\.jdks\openjdk-26.0.1\bin\verify.dll
Event: 0.057 Attempting to load shared library C:\Users\Tommy\.jdks\openjdk-26.0.1\bin\extnet.dll
Event: 0.057 Loaded shared library C:\Users\Tommy\.jdks\openjdk-26.0.1\bin\extnet.dll
Event: 0.068 Attempting to load shared library C:\Users\Tommy\.jdks\openjdk-26.0.1\bin\jimage.dll
Event: 0.068 Loaded shared library C:\Users\Tommy\.jdks\openjdk-26.0.1\bin\jimage.dll
Event: 0.135 Attempting to load shared library C:\Users\Tommy\AppData\Local\Temp\lwjgl_Tommy\3.3.4+7\x64\lwjgl.dll
Event: 0.135 Loaded shared library C:\Users\Tommy\AppData\Local\Temp\lwjgl_Tommy\3.3.4+7\x64\lwjgl.dll
Event: 0.281 Attempting to load shared library C:\Users\Tommy\AppData\Local\Temp\lwjgl_Tommy\3.3.4+7\x64\lwjgl_opengl.dll
Event: 0.281 Loaded shared library C:\Users\Tommy\AppData\Local\Temp\lwjgl_Tommy\3.3.4+7\x64\lwjgl_opengl.dll
Event: 0.379 Attempting to load shared library C:\Users\Tommy\AppData\Local\Temp\lwjgl_Tommy\3.3.4+7\x64\lwjgl_stb.dll
Event: 0.379 Loaded shared library C:\Users\Tommy\AppData\Local\Temp\lwjgl_Tommy\3.3.4+7\x64\lwjgl_stb.dll

Deoptimization events (20 events):
Event: 6.699 Thread 0x0000020276e55e20 Uncommon trap: trap_request=0xffffff45 fr.pc=0x000002025b94f898 relative=0x0000000000001338
Event: 6.699 Thread 0x0000020276e55e20 Uncommon trap: reason=unstable_if action=reinterpret pc=0x000002025b94f898 method=com.szymc.voxel_engine.TerrainTask.getNoiseHeight(II)I @ 143 c2
Event: 6.699 Thread 0x0000020276e55e20 DEOPT PACKING pc=0x000002025b94f898 sp=0x0000004bb62ff300
Event: 6.699 Thread 0x0000020276e55e20 DEOPT UNPACKING pc=0x000002025b2b3f82 sp=0x0000004bb62ff258 mode 2
Event: 7.081 Thread 0x0000020276e4c6a0 Uncommon trap: trap_request=0xffffff45 fr.pc=0x000002025b951844 relative=0x0000000000001804
Event: 7.081 Thread 0x0000020276e4c6a0 Uncommon trap: reason=unstable_if action=reinterpret pc=0x000002025b951844 method=com.szymc.voxel_engine.TerrainTask.getSurfaceBlock(IIILcom/szymc/voxel_engine/Biome;)B @ 188 c2
Event: 7.081 Thread 0x0000020276e4c6a0 DEOPT PACKING pc=0x000002025b951844 sp=0x0000004bb60feee0
Event: 7.081 Thread 0x0000020276e4c6a0 DEOPT UNPACKING pc=0x000002025b2b3f82 sp=0x0000004bb60fee40 mode 2
Event: 9.264 Thread 0x0000020276e47ee0 Uncommon trap: trap_request=0xffffff45 fr.pc=0x000002025b991328 relative=0x0000000000003508
Event: 9.264 Thread 0x0000020276e47ee0 Uncommon trap: reason=unstable_if action=reinterpret pc=0x000002025b991328 method=com.szymc.voxel_engine.DecorationTask.simulateSourceChunkTrees(IILit/unimi/dsi/fastutil/ints/IntArrayList;)V @ 241 c2
Event: 9.264 Thread 0x0000020276e47ee0 DEOPT PACKING pc=0x000002025b991328 sp=0x0000004bb5fff090
Event: 9.264 Thread 0x0000020276e47ee0 DEOPT UNPACKING pc=0x000002025b2b3f82 sp=0x0000004bb5fff020 mode 2
Event: 10.098 Thread 0x000002024b081e10 Uncommon trap: trap_request=0xffffff45 fr.pc=0x000002025b96516c relative=0x00000000000011ec
Event: 10.098 Thread 0x000002024b081e10 Uncommon trap: reason=unstable_if action=reinterpret pc=0x000002025b96516c method=com.szymc.voxel_engine.ChunkColumn.setBlockInChunk(IIIB)V @ 108 c2
Event: 10.098 Thread 0x000002024b081e10 DEOPT PACKING pc=0x000002025b96516c sp=0x0000004bb2eff3c0
Event: 10.098 Thread 0x000002024b081e10 DEOPT UNPACKING pc=0x000002025b2b3f82 sp=0x0000004bb2eff328 mode 2
Event: 10.361 Thread 0x000002024b081e10 Uncommon trap: trap_request=0xffffff45 fr.pc=0x000002025b98c66c relative=0x0000000000002bcc
Event: 10.361 Thread 0x000002024b081e10 Uncommon trap: reason=unstable_if action=reinterpret pc=0x000002025b98c66c method=com.szymc.voxel_engine.Engine.render()V @ 2239 c2
Event: 10.361 Thread 0x000002024b081e10 DEOPT PACKING pc=0x000002025b98c66c sp=0x0000004bb2eff400
Event: 10.361 Thread 0x000002024b081e10 DEOPT UNPACKING pc=0x000002025b2b3f82 sp=0x0000004bb2eff370 mode 2

Classes loaded (20 events):
Event: 0.571 Loading class java/util/SplittableRandom
Event: 0.571 Loading class java/util/random/RandomGenerator$SplittableGenerator
Event: 0.571 Loading class java/util/random/RandomGenerator$StreamableGenerator
Event: 0.571 Loading class java/util/random/RandomGenerator$StreamableGenerator done
Event: 0.571 Loading class java/util/random/RandomGenerator$SplittableGenerator done
Event: 0.571 Loading class java/util/SplittableRandom done
Event: 0.571 Loading class java/util/SplittableRandom$AbstractSplittableGeneratorProxy
Event: 0.571 Loading class jdk/internal/util/random/RandomSupport$AbstractSplittableGenerator
Event: 0.572 Loading class jdk/internal/util/random/RandomSupport$AbstractSpliteratorGenerator
Event: 0.572 Loading class jdk/internal/util/random/RandomSupport$AbstractSpliteratorGenerator done
Event: 0.572 Loading class jdk/internal/util/random/RandomSupport$AbstractSplittableGenerator done
Event: 0.572 Loading class java/util/SplittableRandom$AbstractSplittableGeneratorProxy done
Event: 2.776 Loading class java/util/concurrent/locks/AbstractQueuedSynchronizer$ExclusiveNode
Event: 2.777 Loading class java/util/concurrent/locks/AbstractQueuedSynchronizer$Node
Event: 2.777 Loading class java/util/concurrent/locks/AbstractQueuedSynchronizer$Node done
Event: 2.777 Loading class java/util/concurrent/locks/AbstractQueuedSynchronizer$ExclusiveNode done
Event: 2.777 Loading class java/util/concurrent/locks/AbstractQueuedSynchronizer$ConditionNode
Event: 2.777 Loading class java/util/concurrent/ForkJoinPool$ManagedBlocker
Event: 2.777 Loading class java/util/concurrent/ForkJoinPool$ManagedBlocker done
Event: 2.777 Loading class java/util/concurrent/locks/AbstractQueuedSynchronizer$ConditionNode done

Classes unloaded (0 events):
No events

Classes redefined (0 events):
No events

Internal exceptions (20 events):
Event: 0.157 Thread 0x000002024b081e10 Exception <a 'java/lang/NoSuchMethodError'{0x000000060da0a130}: 'java.lang.Object java.lang.invoke.DirectMethodHandle$Holder.newInvokeSpecial(java.lang.Object, java.lang.Object, int)'> (0x000000060da0a130) 
thrown [s\open\src\hotspot\share\interpreter\linkResolver.cpp, line 804]
Event: 0.158 Thread 0x000002024b081e10 Exception <a 'java/lang/NoSuchMethodError'{0x000000060da20bb0}: 'int java.lang.invoke.DirectMethodHandle$Holder.invokeStaticInit(java.lang.Object, java.lang.Object, long, long)'> (0x000000060da20bb0) 
thrown [s\open\src\hotspot\share\interpreter\linkResolver.cpp, line 804]
Event: 0.158 Thread 0x000002024b081e10 Exception <a 'java/lang/NoSuchMethodError'{0x000000060da30230}: 'java.lang.Object java.lang.invoke.DirectMethodHandle$Holder.newInvokeSpecial(java.lang.Object, java.lang.Object, long)'> (0x000000060da30230) 
thrown [s\open\src\hotspot\share\interpreter\linkResolver.cpp, line 804]
Event: 0.158 Thread 0x000002024b081e10 Exception <a 'java/lang/NoSuchMethodError'{0x000000060da38fa0}: 'java.lang.Object java.lang.invoke.Invokers$Holder.linkToTargetMethod(java.lang.Object, long, java.lang.Object)'> (0x000000060da38fa0) 
thrown [s\open\src\hotspot\share\interpreter\linkResolver.cpp, line 804]
Event: 0.159 Thread 0x000002024b081e10 Exception <a 'java/lang/NoSuchMethodError'{0x000000060da49880}: 'int java.lang.invoke.DirectMethodHandle$Holder.invokeStaticInit(java.lang.Object, java.lang.Object, java.lang.Object, long)'> (0x000000060da49880) 
thrown [s\open\src\hotspot\share\interpreter\linkResolver.cpp, line 804]
Event: 0.278 Thread 0x000002024b081e10 Exception <a 'java/lang/NoSuchMethodError'{0x000000060dacf340}: 'void java.lang.System.load(java.lang.String, java.lang.Class)'> (0x000000060dacf340) 
thrown [s\open\src\hotspot\share\interpreter\linkResolver.cpp, line 804]
Event: 0.278 Thread 0x000002024b081e10 Exception <a 'java/lang/NoSuchMethodError'{0x000000060dad7120}: 'void java.lang.System.loadLibrary(java.lang.String, java.lang.Class)'> (0x000000060dad7120) 
thrown [s\open\src\hotspot\share\interpreter\linkResolver.cpp, line 804]
Event: 0.280 Thread 0x000002024b081e10 Exception <a 'sun/nio/fs/WindowsException'{0x000000060daeb768}> (0x000000060daeb768) 
thrown [s\open\src\hotspot\share\prims\jni.cpp, line 514]
Event: 0.280 Thread 0x000002024b081e10 Exception <a 'sun/nio/fs/WindowsException'{0x000000060daebb08}> (0x000000060daebb08) 
thrown [s\open\src\hotspot\share\prims\jni.cpp, line 514]
Event: 0.283 Thread 0x000002024b081e10 Exception <a 'sun/nio/fs/WindowsException'{0x000000060daf5380}> (0x000000060daf5380) 
thrown [s\open\src\hotspot\share\prims\jni.cpp, line 514]
Event: 0.283 Thread 0x000002024b081e10 Exception <a 'sun/nio/fs/WindowsException'{0x000000060daf5650}> (0x000000060daf5650) 
thrown [s\open\src\hotspot\share\prims\jni.cpp, line 514]
Event: 0.365 Thread 0x000002024b081e10 Exception <a 'java/lang/NoSuchMethodError'{0x000000060e6b4db8}: 'void java.lang.invoke.DirectMethodHandle$Holder.invokeVirtual(java.lang.Object, java.lang.Object)'> (0x000000060e6b4db8) 
thrown [s\open\src\hotspot\share\interpreter\linkResolver.cpp, line 804]
Event: 0.367 Thread 0x000002024b081e10 Exception <a 'java/lang/NoSuchMethodError'{0x000000060e6ffaf8}: 'void java.lang.invoke.DirectMethodHandle$Holder.invokeInterface(java.lang.Object, java.lang.Object, java.lang.Object)'> (0x000000060e6ffaf8) 
thrown [s\open\src\hotspot\share\interpreter\linkResolver.cpp, line 804]
Event: 0.375 Thread 0x000002024b081e10 Exception <a 'java/lang/NoSuchMethodError'{0x000000060e015f68}: 'void java.lang.System.load(java.lang.String, java.lang.Class)'> (0x000000060e015f68) 
thrown [s\open\src\hotspot\share\interpreter\linkResolver.cpp, line 804]
Event: 0.375 Thread 0x000002024b081e10 Exception <a 'java/lang/NoSuchMethodError'{0x000000060e023e18}: 'void java.lang.System.loadLibrary(java.lang.String, java.lang.Class)'> (0x000000060e023e18) 
thrown [s\open\src\hotspot\share\interpreter\linkResolver.cpp, line 804]
Event: 0.378 Thread 0x000002024b081e10 Exception <a 'sun/nio/fs/WindowsException'{0x000000060e030168}> (0x000000060e030168) 
thrown [s\open\src\hotspot\share\prims\jni.cpp, line 514]
Event: 0.378 Thread 0x000002024b081e10 Exception <a 'sun/nio/fs/WindowsException'{0x000000060e038788}> (0x000000060e038788) 
thrown [s\open\src\hotspot\share\prims\jni.cpp, line 514]
Event: 0.477 Thread 0x000002024b081e10 Exception <a 'java/lang/NoSuchMethodError'{0x00000007ffff6c28}: 'java.lang.Object java.lang.invoke.DirectMethodHandle$Holder.newInvokeSpecial(java.lang.Object, java.lang.Object, java.lang.Object, java.lang.Object, java.lang.Object, java.lang.Object)'> (0x00000007ffff6c28) 
thrown [s\open\src\hotspot\share\interpreter\linkResolver.cpp, line 804]
Event: 0.482 Thread 0x000002024b081e10 Exception <a 'java/lang/NoSuchMethodError'{0x000000060e444748}: 'java.lang.Object java.lang.invoke.DirectMethodHandle$Holder.newInvokeSpecial(java.lang.Object, java.lang.Object, java.lang.Object, int, int)'> (0x000000060e444748) 
thrown [s\open\src\hotspot\share\interpreter\linkResolver.cpp, line 804]
Event: 10.098 Thread 0x000002024b081e10 Implicit null exception at 0x000002025b964708 to 0x000002025b965148

VM Operations (20 events):
Event: 7.251 Executing safepoint VM operation: G1PauseRemark
Event: 7.251 Executing safepoint VM operation: G1PauseRemark done
Event: 7.252 Executing safepoint VM operation: G1PauseCleanup
Event: 7.252 Executing safepoint VM operation: G1PauseCleanup done
Event: 7.264 Executing safepoint VM operation: G1TryInitiateConcMark (G1 Humongous Allocation)
Event: 7.267 Executing safepoint VM operation: G1TryInitiateConcMark (G1 Humongous Allocation) done
Event: 7.270 Executing safepoint VM operation: G1PauseRemark
Event: 7.271 Executing safepoint VM operation: G1PauseRemark done
Event: 7.272 Executing safepoint VM operation: G1PauseCleanup
Event: 7.272 Executing safepoint VM operation: G1PauseCleanup done
Event: 8.304 Executing safepoint VM operation: G1CollectForAllocation (G1 Evacuation Pause)
Event: 8.310 Executing safepoint VM operation: G1CollectForAllocation (G1 Evacuation Pause) done
Event: 9.374 Executing safepoint VM operation: G1CollectForAllocation (G1 Evacuation Pause)
Event: 9.382 Executing safepoint VM operation: G1CollectForAllocation (G1 Evacuation Pause) done
Event: 9.384 Executing safepoint VM operation: G1TryInitiateConcMark (G1 Humongous Allocation)
Event: 9.389 Executing safepoint VM operation: G1TryInitiateConcMark (G1 Humongous Allocation) done
Event: 9.392 Executing safepoint VM operation: G1PauseRemark
Event: 9.393 Executing safepoint VM operation: G1PauseRemark done
Event: 9.394 Executing safepoint VM operation: G1PauseCleanup
Event: 9.394 Executing safepoint VM operation: G1PauseCleanup done

Memory protections (0 events):
No events

Nmethod flushes (20 events):
Event: 7.132 Thread 0x0000020270ca76c0 flushing  nmethod 0x0000020253f76d08
Event: 7.132 Thread 0x0000020270ca76c0 flushing  nmethod 0x0000020253dd9988
Event: 7.132 Thread 0x0000020270ca76c0 flushing  nmethod 0x0000020253f1a688
Event: 7.132 Thread 0x0000020270ca76c0 flushing  nmethod 0x0000020253f65088
Event: 7.132 Thread 0x0000020270ca76c0 flushing  nmethod 0x0000020253f69788
Event: 7.132 Thread 0x0000020270ca76c0 flushing  nmethod 0x000002025b94e408
Event: 7.132 Thread 0x0000020270ca76c0 flushing  nmethod 0x000002025b94ff08
Event: 7.132 Thread 0x0000020270ca76c0 flushing osr nmethod 0x000002025b973188
Event: 7.132 Thread 0x0000020270ca76c0 flushing osr nmethod 0x000002025b97f508
Event: 7.132 Thread 0x0000020270ca76c0 flushing osr nmethod 0x0000020253fe1b88
Event: 7.132 Thread 0x0000020270ca76c0 flushing  nmethod 0x0000020253fed888
Event: 7.132 Thread 0x0000020270ca76c0 flushing  nmethod 0x0000020253f44d88
Event: 7.132 Thread 0x0000020270ca76c0 flushing  nmethod 0x0000020253f45108
Event: 7.132 Thread 0x0000020270ca76c0 flushing  nmethod 0x000002025b992288
Event: 7.132 Thread 0x0000020270ca76c0 flushing  nmethod 0x0000020253f0d688
Event: 7.132 Thread 0x0000020270ca76c0 flushing osr nmethod 0x0000020253f13288
Event: 7.132 Thread 0x0000020270ca76c0 flushing osr nmethod 0x000002025b9d5088
Event: 7.132 Thread 0x0000020270ca76c0 flushing  nmethod 0x000002025b9e5088
Event: 7.132 Thread 0x0000020270ca76c0 flushing  nmethod 0x000002025b9e5f08
Event: 7.251 Thread 0x0000020270ca76c0 flushing  nmethod 0x0000020253da0c08

Events (20 events):
Event: 1.667 Thread 0x000002024b081e10 Thread added: 0x0000020276e1d050
Event: 1.690 Thread 0x000002024b081e10 Thread added: 0x0000020276e1c880
Event: 1.706 Thread 0x000002024b081e10 Thread added: 0x0000020276e1a170
Event: 1.718 Thread 0x000002024b081e10 Thread added: 0x0000020276e1e7c0
Event: 1.734 Thread 0x000002024b081e10 Thread added: 0x0000020276a80990
Event: 1.734 Thread 0x000002024b081e10 Thread added: 0x0000020276a7dab0
Event: 1.734 Thread 0x000002024b081e10 Thread added: 0x0000020276a82100
Event: 1.741 Thread 0x0000020271da3920 Thread added: 0x0000020271da7190
Event: 1.773 Thread 0x000002024b081e10 Thread added: 0x000002020a5ba1f0
Event: 1.773 Thread 0x000002024b081e10 Thread added: 0x000002020a5b7ae0
Event: 1.773 Thread 0x000002024b081e10 Thread added: 0x000002020a5b6b40
Event: 1.807 Thread 0x000002024b081e10 Thread added: 0x000002020a5bc900
Event: 1.904 Thread 0x0000020270cf42d0 Thread added: 0x0000020271da5960
Event: 3.441 Thread 0x0000020271da5960 Thread exited: 0x0000020271da5960
Event: 3.970 Thread 0x0000020271da7190 Thread exited: 0x0000020271da7190
Event: 5.023 Thread 0x0000020270cf42d0 Thread added: 0x000002020f3acea0
Event: 5.243 Thread 0x000002020f3acea0 Thread exited: 0x000002020f3acea0
Event: 5.983 Thread 0x0000020271da3920 Thread exited: 0x0000020271da3920
Event: 6.336 Thread 0x000002027133bcd0 Thread exited: 0x000002027133bcd0
Event: 7.233 Thread 0x000002027130e9a0 Thread exited: 0x000002027130e9a0


Dynamic libraries:
0x00007ff6fe860000 - 0x00007ff6fe86e000 	C:\Users\Tommy\.jdks\openjdk-26.0.1\bin\java.exe
0x00007ff8a0500000 - 0x00007ff8a0767000 	C:\WINDOWS\SYSTEM32\ntdll.dll
0x00007ff89fb90000 - 0x00007ff89fc5b000 	C:\WINDOWS\System32\KERNEL32.DLL
0x00007ff89da30000 - 0x00007ff89de32000 	C:\WINDOWS\System32\KERNELBASE.dll
0x00007ff89e0c0000 - 0x00007ff89e20c000 	C:\WINDOWS\System32\ucrtbase.dll
0x00007ff89ce80000 - 0x00007ff89ce97000 	C:\Users\Tommy\.jdks\openjdk-26.0.1\bin\jli.dll
0x00007ff89cc30000 - 0x00007ff89cc4e000 	C:\Users\Tommy\.jdks\openjdk-26.0.1\bin\VCRUNTIME140.dll
0x00007ff89efd0000 - 0x00007ff89f19f000 	C:\WINDOWS\System32\USER32.dll
0x00007ff89d870000 - 0x00007ff89d897000 	C:\WINDOWS\System32\win32u.dll
0x00007ff89efa0000 - 0x00007ff89efcb000 	C:\WINDOWS\System32\GDI32.dll
0x00007ff8831f0000 - 0x00007ff883480000 	C:\WINDOWS\WinSxS\amd64_microsoft.windows.common-controls_6595b64144ccf1df_6.0.26100.9278_none_3e0d1ba8e3303201\COMCTL32.dll
0x00007ff89df90000 - 0x00007ff89e0b9000 	C:\WINDOWS\System32\gdi32full.dll
0x00007ff89fd40000 - 0x00007ff89fde9000 	C:\WINDOWS\System32\msvcrt.dll
0x00007ff89d700000 - 0x00007ff89d7a3000 	C:\WINDOWS\System32\msvcp_win.dll
0x00007ff89f1b0000 - 0x00007ff89f1e1000 	C:\WINDOWS\System32\IMM32.DLL
0x00007ff89d200000 - 0x00007ff89d20c000 	C:\Users\Tommy\.jdks\openjdk-26.0.1\bin\vcruntime140_1.dll
0x00007ff892500000 - 0x00007ff89258d000 	C:\Users\Tommy\.jdks\openjdk-26.0.1\bin\msvcp140.dll
0x00007ff801790000 - 0x00007ff80265e000 	C:\Users\Tommy\.jdks\openjdk-26.0.1\bin\server\jvm.dll
0x00007ff89e5e0000 - 0x00007ff89e69c000 	C:\WINDOWS\System32\ADVAPI32.dll
0x00007ff89f760000 - 0x00007ff89f809000 	C:\WINDOWS\System32\sechost.dll
0x00007ff89fa70000 - 0x00007ff89fb88000 	C:\WINDOWS\System32\RPCRT4.dll
0x00007ff89ff90000 - 0x00007ff8a0010000 	C:\WINDOWS\System32\WS2_32.dll
0x00007ff89d4b0000 - 0x00007ff89d50e000 	C:\WINDOWS\SYSTEM32\POWRPROF.dll
0x00007ff88e0e0000 - 0x00007ff88e116000 	C:\WINDOWS\SYSTEM32\WINMM.dll
0x00007ff8952c0000 - 0x00007ff8952cb000 	C:\WINDOWS\SYSTEM32\VERSION.dll
0x00007ff89d380000 - 0x00007ff89d395000 	C:\WINDOWS\SYSTEM32\UMPDC.dll
0x00007ff89bec0000 - 0x00007ff89bedb000 	C:\WINDOWS\SYSTEM32\kernel.appcore.dll
0x00007ff89ce70000 - 0x00007ff89ce7a000 	C:\Users\Tommy\.jdks\openjdk-26.0.1\bin\jimage.dll
0x00007ff8933a0000 - 0x00007ff8935ec000 	C:\WINDOWS\SYSTEM32\DBGHELP.DLL
0x00007ff89f3d0000 - 0x00007ff89f755000 	C:\WINDOWS\System32\combase.dll
0x00007ff89f1f0000 - 0x00007ff89f2c9000 	C:\WINDOWS\System32\OLEAUT32.dll
0x00007ff880890000 - 0x00007ff8808cb000 	C:\WINDOWS\SYSTEM32\dbgcore.DLL
0x00007ff89d7b0000 - 0x00007ff89d85c000 	C:\WINDOWS\System32\bcryptPrimitives.dll
0x00007ff89cc00000 - 0x00007ff89cc10000 	C:\Users\Tommy\.jdks\openjdk-26.0.1\bin\instrument.dll
0x00007ff89cc10000 - 0x00007ff89cc2f000 	C:\Users\Tommy\.jdks\openjdk-26.0.1\bin\java.dll
0x00007ff89fdf0000 - 0x00007ff89ff8a000 	C:\WINDOWS\System32\ole32.dll
0x00007ff89e6c0000 - 0x00007ff89ee58000 	C:\WINDOWS\System32\SHELL32.dll
0x00007ff89ac50000 - 0x00007ff89b4fe000 	C:\WINDOWS\SYSTEM32\windows.storage.dll
0x00007ff89f2d0000 - 0x00007ff89f3cb000 	C:\WINDOWS\System32\SHCORE.dll
0x00007ff89f820000 - 0x00007ff89f886000 	C:\WINDOWS\System32\shlwapi.dll
0x00007ff89d620000 - 0x00007ff89d649000 	C:\WINDOWS\SYSTEM32\profapi.dll
0x00007ff892600000 - 0x00007ff892617000 	C:\Users\Tommy\.jdks\openjdk-26.0.1\bin\zip.dll
0x00007ff89cbe0000 - 0x00007ff89cbf2000 	C:\Users\Tommy\.jdks\openjdk-26.0.1\bin\net.dll
0x00007ff89c4a0000 - 0x00007ff89c50c000 	C:\WINDOWS\system32\mswsock.dll
0x00007ff892620000 - 0x00007ff892636000 	C:\Users\Tommy\.jdks\openjdk-26.0.1\bin\nio.dll
0x00007ff89cbd0000 - 0x00007ff89cbe0000 	C:\Users\Tommy\.jdks\openjdk-26.0.1\bin\verify.dll
0x00007ff8925d0000 - 0x00007ff8925d9000 	C:\Users\Tommy\.jdks\openjdk-26.0.1\bin\extnet.dll
0x00007ff878420000 - 0x00007ff87849b000 	C:\Users\Tommy\AppData\Local\Temp\lwjgl_Tommy\3.3.4+7\x64\lwjgl.dll
0x00007ff8774b0000 - 0x00007ff877535000 	C:\Users\Tommy\AppData\Local\Temp\lwjgl_Tommy\3.3.4+7\x64\glfw.dll
0x00007ff87a8a0000 - 0x00007ff87a8eb000 	C:\WINDOWS\SYSTEM32\dinput8.dll
0x00007ff8885b0000 - 0x00007ff8885cb000 	C:\WINDOWS\SYSTEM32\xinput1_4.dll
0x00007ff89d2d0000 - 0x00007ff89d322000 	C:\WINDOWS\SYSTEM32\cfgmgr32.dll
0x00007ff89d290000 - 0x00007ff89d2bf000 	C:\WINDOWS\SYSTEM32\DEVOBJ.dll
0x00007ff89a560000 - 0x00007ff89a58f000 	C:\WINDOWS\SYSTEM32\dwmapi.dll
0x00007ff8889b0000 - 0x00007ff888b93000 	C:\WINDOWS\SYSTEM32\inputhost.dll
0x00007ff899da0000 - 0x00007ff899ecb000 	C:\WINDOWS\SYSTEM32\CoreMessaging.dll
0x00007ff89a2d0000 - 0x00007ff89a378000 	C:\WINDOWS\system32\uxtheme.dll
0x00007ff89e480000 - 0x00007ff89e5db000 	C:\WINDOWS\System32\MSCTF.dll
0x00007ff89c790000 - 0x00007ff89c79c000 	C:\WINDOWS\SYSTEM32\CRYPTBASE.DLL
0x00007ff8541a0000 - 0x00007ff8542ac000 	C:\WINDOWS\SYSTEM32\opengl32.dll
0x00007ff862c40000 - 0x00007ff862c6d000 	C:\WINDOWS\SYSTEM32\GLU32.dll
0x00007ff89a3b0000 - 0x00007ff89a3f4000 	C:\WINDOWS\SYSTEM32\dxcore.dll
0x00007ff888f30000 - 0x00007ff888f4e000 	C:\WINDOWS\SYSTEM32\windows.staterepositorycore.dll
0x00007ff852a80000 - 0x00007ff852aab000 	C:\WINDOWS\System32\DriverStore\FileRepository\u0203304.inf_amd64_a6e5a337568ce3f0\B026373\atig6pxx.dll
0x00007ff806f50000 - 0x00007ff80ad86000 	C:\WINDOWS\System32\DriverStore\FileRepository\amdogl.inf_amd64_0c58af8f08364541\atio6axx.dll
0x00007ff8a0020000 - 0x00007ff8a04a7000 	C:\WINDOWS\System32\SETUPAPI.dll
0x00007ff89df00000 - 0x00007ff89df82000 	C:\WINDOWS\System32\WINTRUST.dll
0x00007ff89d8a0000 - 0x00007ff89da1e000 	C:\WINDOWS\System32\CRYPT32.dll
0x00007ff89caa0000 - 0x00007ff89cab3000 	C:\WINDOWS\SYSTEM32\MSASN1.dll
0x00007ff89d5f0000 - 0x00007ff89d61a000 	C:\WINDOWS\SYSTEM32\BCrypt.dll
0x00007ff8877e0000 - 0x00007ff88781e000 	C:\WINDOWS\System32\DriverStore\FileRepository\u0203304.inf_amd64_a6e5a337568ce3f0\B026373\amdihk64.dll
0x00007ff8773d0000 - 0x00007ff877431000 	C:\Users\Tommy\AppData\Local\Temp\lwjgl_Tommy\3.3.4+7\x64\lwjgl_opengl.dll
0x00007ff87f5f0000 - 0x00007ff87f732000 	C:\WINDOWS\SYSTEM32\textinputframework.dll
0x00007ff896240000 - 0x00007ff896524000 	C:\WINDOWS\SYSTEM32\CoreUIComponents.dll
0x00007ff896bb0000 - 0x00007ff896d1a000 	C:\WINDOWS\SYSTEM32\wintypes.dll
0x00007ff877210000 - 0x00007ff8772b0000 	C:\Users\Tommy\AppData\Local\Temp\lwjgl_Tommy\3.3.4+7\x64\lwjgl_stb.dll

JVMTI agents:
C:\Program Files\JetBrains\IntelliJ IDEA 2026.1.4\lib\idea_rt.jar path:C:\Users\Tommy\.jdks\openjdk-26.0.1\bin\instrument.dll, loaded, initialized, instrumentlib options:62230

dbghelp: loaded successfully - version: 4.0.5 - missing functions: none
symbol engine: initialized successfully - sym options: 0x614 - pdb path: .;C:\Users\Tommy\.jdks\openjdk-26.0.1\bin;C:\WINDOWS\SYSTEM32;C:\WINDOWS\WinSxS\amd64_microsoft.windows.common-controls_6595b64144ccf1df_6.0.26100.9278_none_3e0d1ba8e3303201;C:\Users\Tommy\.jdks\openjdk-26.0.1\bin\server;C:\Users\Tommy\AppData\Local\Temp\lwjgl_Tommy\3.3.4+7\x64;C:\WINDOWS\System32\DriverStore\FileRepository\u0203304.inf_amd64_a6e5a337568ce3f0\B026373;C:\WINDOWS\System32\DriverStore\FileRepository\amdogl.inf_amd64_0c58af8f08364541

VM Arguments:
jvm_args: -javaagent:C:\Program Files\JetBrains\IntelliJ IDEA 2026.1.4\lib\idea_rt.jar=62230 -Dfile.encoding=UTF-8 -Dsun.stdout.encoding=UTF-8 -Dsun.stderr.encoding=UTF-8 
java_command: com.szymc.voxel_engine.App
java_class_path (initial): C:\Users\Tommy\IdeaProjects\voxel-engine\target\classes;C:\Users\Tommy\.m2\repository\org\lwjgl\lwjgl\3.3.4\lwjgl-3.3.4.jar;C:\Users\Tommy\.m2\repository\org\lwjgl\lwjgl\3.3.4\lwjgl-3.3.4-natives-windows.jar;C:\Users\Tommy\.m2\repository\org\lwjgl\lwjgl-glfw\3.3.4\lwjgl-glfw-3.3.4.jar;C:\Users\Tommy\.m2\repository\org\lwjgl\lwjgl-glfw\3.3.4\lwjgl-glfw-3.3.4-natives-windows.jar;C:\Users\Tommy\.m2\repository\org\lwjgl\lwjgl-opengl\3.3.4\lwjgl-opengl-3.3.4.jar;C:\Users\Tommy\.m2\repository\org\lwjgl\lwjgl-opengl\3.3.4\lwjgl-opengl-3.3.4-natives-windows.jar;C:\Users\Tommy\.m2\repository\org\joml\joml\1.10.5\joml-1.10.5.jar;C:\Users\Tommy\.m2\repository\org\lwjgl\lwjgl-stb\3.3.4\lwjgl-stb-3.3.4.jar;C:\Users\Tommy\.m2\repository\org\lwjgl\lwjgl-stb\3.3.4\lwjgl-stb-3.3.4-natives-windows.jar;C:\Users\Tommy\.m2\repository\it\unimi\dsi\fastutil\8.5.18\fastutil-8.5.18.jar;C:\Users\Tommy\.m2\repository\com\google\code\gson\gson\2.11.0\gson-2.11.0.jar;C:\Users\Tommy\.m2\repository\com\google\errorprone\error_prone_annotations\2.27.0\error_prone_annotations-2.27.0.jar
Launcher Type: SUN_STANDARD

[Global flags]
     bool AOTAdapterCaching                        = false                                  {diagnostic} {ergonomic}
     bool AOTInvokeDynamicLinking                  = false                                  {diagnostic} {ergonomic}
     bool AOTRecordTraining                        = false                                  {diagnostic} {ergonomic}
     bool AOTReplayTraining                        = false                                  {diagnostic} {ergonomic}
     bool AOTStubCaching                           = false                                  {diagnostic} {ergonomic}
     intx CICompilerCount                          = 12                                        {product} {ergonomic}
     uint ConcGCThreads                            = 3                                         {product} {ergonomic}
     uint G1ConcRefinementThreads                  = 13                                        {product} {ergonomic}
     uint G1EagerReclaimRemSetThreshold            = 32                                   {experimental} {ergonomic}
   size_t G1HeapRegionSize                         = 4194304                                   {product} {ergonomic}
     uint G1RemSetArrayOfCardsEntries              = 32                                   {experimental} {ergonomic}
     uint G1RemSetHowlMaxNumBuckets                = 8                                    {experimental} {ergonomic}
     uint G1RemSetHowlNumBuckets                   = 8                                    {experimental} {ergonomic}
   size_t InitialHeapSize                          = 8388608                                   {product} {ergonomic}
     bool IntelJccErratumMitigation                = false                             {ARCH diagnostic} {ergonomic}
   size_t MarkStackSize                            = 4194304                                   {product} {ergonomic}
   size_t MarkStackSizeMax                         = 536870912                                 {product} {ergonomic}
   size_t MaxHeapSize                              = 8367636480                                {product} {ergonomic}
   size_t MaxNewSize                               = 5020581888                                {product} {ergonomic}
 uint64_t MaxRAM                                   = 33463398400                               {product} {ergonomic}
   size_t MinHeapDeltaBytes                        = 4194304                                   {product} {ergonomic}
   size_t MinHeapSize                              = 8388608                                   {product} {ergonomic}
   size_t NonNMethodCodeHeapSize                   = 7667712                                {pd product} {ergonomic}
   size_t NonProfiledCodeHeapSize                  = 122028032                              {pd product} {ergonomic}
   size_t ProfiledCodeHeapSize                     = 122028032                              {pd product} {ergonomic}
   size_t ReservedCodeCacheSize                    = 251723776                              {pd product} {ergonomic}
     bool SegmentedCodeCache                       = true                                      {product} {ergonomic}
   size_t SoftMaxHeapSize                          = 8367636480                             {manageable} {ergonomic}
     bool UseCompressedOops                        = true                           {product lp64_product} {ergonomic}
     bool UseCondCardMark                          = true                                      {product} {ergonomic}
     bool UseFastUnorderedTimeStamps               = true                                 {experimental} {ergonomic}
     bool UseG1GC                                  = true                                      {product} {ergonomic}
     bool UseLargePagesIndividualAllocation        = false                                  {pd product} {ergonomic}
      int X86ICacheSync                            = 3                                 {ARCH diagnostic} {ergonomic}

Logging:
Log output configuration:
 #0: stdout all=warning uptime,level,tags foldmultilines=false
 #1: stderr all=off uptime,level,tags foldmultilines=false

Release file:
IMPLEMENTOR="Oracle Corporation" 
JAVA_RUNTIME_VERSION="26.0.1+8-34" 
JAVA_VERSION="26.0.1" 
JAVA_VERSION_DATE="2026-04-21" 
LIBC="default" 
MODULES="java.base java.compiler java.datatransfer java.xml java.prefs java.desktop java.instrument java.logging java.management java.security.sasl java.naming java.rmi java.management.rmi java.net.http java.scripting java.security.jgss java.transaction.xa java.sql java.sql.rowset java.xml.crypto java.se java.smartcardio jdk.accessibility jdk.internal.jvmstat jdk.attach jdk.charsets jdk.internal.opt jdk.zipfs jdk.compiler jdk.crypto.cryptoki jdk.crypto.ec jdk.crypto.mscapi jdk.dynalink jdk.internal.ed jdk.editpad jdk.internal.vm.ci jdk.graal.compiler jdk.graal.compiler.management jdk.hotspot.agent jdk.httpserver jdk.incubator.vector jdk.internal.le jdk.internal.md jdk.jartool jdk.javadoc jdk.jcmd jdk.management jdk.management.agent jdk.jconsole jdk.jdeps jdk.jdwp.agent jdk.jdi jdk.jfr jdk.jlink jdk.jpackage jdk.jshell jdk.jstatd jdk.localedata jdk.management.jfr jdk.naming.dns jdk.naming.rmi jdk.net jdk.nio.mapmode jdk.sctp jdk.security.auth jdk.security.jgss jdk.unsupported jdk.unsupported.desktop jdk.xml.dom" 
OS_ARCH="x86_64" 
OS_NAME="Windows" 
SOURCE=".:git:fcc00fc4aee7" 

Environment Variables:
PATH=C:\WINDOWS\system32;C:\WINDOWS;C:\WINDOWS\System32\Wbem;C:\WINDOWS\System32\WindowsPowerShell\v1.0\;C:\WINDOWS\System32\OpenSSH\;C:\Program Files\dotnet\;C:\Program Files\Git\cmd;C:\Users\Tommy\AppData\Local\Microsoft\WindowsApps;C:\Program Files\JetBrains\IntelliJ IDEA 2026.1.4\bin
USERNAME=Tommy
OS=Windows_NT
PROCESSOR_IDENTIFIER=AMD64 Family 25 Model 97 Stepping 2, AuthenticAMD
TMP=C:\Users\Tommy\AppData\Local\Temp
TEMP=C:\Users\Tommy\AppData\Local\Temp




Compilation memory statistics disabled.

Periodic native trim disabled

---------------  S Y S T E M  ---------------

OS:
 Windows 11 , 64 bit Build 26100 (10.0.26100.9444)
OS uptime: 3 days 7:20 hours
Hyper-V role detected

CPU: total 16 (initial active 16) (8 cores per cpu, 2 threads per core) family 25 model 97 stepping 2 microcode 0xa60120c, cx8, cmov, fxsr, ht, mmx, 3dnowpref, sse, sse2, sse3, ssse3, sse4a, sse4.1, sse4.2, popcnt, lzcnt, tsc, tscinvbit, avx, avx2, aes, erms, clmul, bmi1, bmi2, adx, avx512f, avx512dq, avx512cd, avx512bw, avx512vl, sha, fma, vzeroupper, avx512_vpopcntdq, avx512_vpclmulqdq, avx512_vaes, avx512_vnni, clflush, clflushopt, clwb, avx512_vbmi2, avx512_vbmi, hv, rdtscp, rdpid, fsrm, gfni, avx512_bitalg, f16c, cet_ss, avx512_ifma
Processor Information for the first 16 processors :
  Max Mhz: 4201, Current Mhz: 4201, Mhz Limit: 4201

Memory: 4k page, system-wide physical 31913M (14822M free)
TotalPageFile size 38313M (AvailPageFile size 13939M)
current process WorkingSet (physical memory assigned to process): 3429M, peak: 3429M
current process commit charge ("private bytes"): 4025M, peak: 4025M

vm_info: OpenJDK 64-Bit Server VM (26.0.1+8-34) for windows-amd64 JRE (26.0.1+8-34), built on 2026-03-10T17:24:10Z with MS VC++ 17.13 (VS2022)

END.
