#
# A fatal error has been detected by the Java Runtime Environment:
#
#  EXCEPTION_ACCESS_VIOLATION (0xc0000005) at pc=0x00007ff8071c38b5, pid=13444, tid=16580
#
# JRE version: OpenJDK Runtime Environment (26.0.1+8) (build 26.0.1+8-34)
# Java VM: OpenJDK 64-Bit Server VM (26.0.1+8-34, mixed mode, sharing, tiered, compressed oops, compressed class ptrs, g1 gc, windows-amd64)
# Problematic frame:
# C  [atio6axx.dll+0x2738b5]
#
# No core dump will be written. Minidumps are not enabled by default on client versions of Windows
#
# If you would like to submit a bug report, please visit:
#   https://bugreport.java.com/bugreport/crash.jsp
# The crash happened outside the Java Virtual Machine in native code.
# See problematic frame for where to report the bug.
#

---------------  S U M M A R Y ------------

Command Line: -javaagent:C:\Program Files\JetBrains\IntelliJ IDEA 2026.1.4\lib\idea_rt.jar=62149 -Dfile.encoding=UTF-8 -Dsun.stdout.encoding=UTF-8 -Dsun.stderr.encoding=UTF-8 com.szymc.voxel_engine.App

Host: AMD Ryzen 7 7800X3D 8-Core Processor           , 16 cores, 31G,  Windows 11 , 64 bit Build 26100 (10.0.26100.9444)
Time: Fri Sep 18 23:51:56 2026 Eastern Daylight Time elapsed time: 6.601869 seconds (0d 0h 0m 6s)

---------------  T H R E A D  ---------------

Current thread (0x000001b3ac86d730):  JavaThread "main"             [_thread_in_native, id=16580, stack(0x0000000100600000,0x0000000100700000) (1024K)]

Stack: [0x0000000100600000,0x0000000100700000],  sp=0x00000001006ff378,  free space=1020k
Native frames: (J=compiled Java code, j=interpreted, Vv=VM code, C=native code)
C  [atio6axx.dll+0x2738b5]  (no source info available)

Java frames: (J=compiled Java code, j=interpreted, Vv=VM code)
J 1594  org.lwjgl.opengl.GL11C.nglDrawElements(IIIJ)V (0 bytes) @ 0x000001b3bd128dd6 [0x000001b3bd128d80+0x0000000000000056]
J 2152 c2 com.szymc.voxel_engine.UIRenderer.drawRect(FFFFFFFF)V (58 bytes) @ 0x000001b3bd192780 [0x000001b3bd192680+0x0000000000000100]
J 2407 c2 com.szymc.voxel_engine.Engine.render()V (2563 bytes) @ 0x000001b3bd190124 [0x000001b3bd18dfa0+0x0000000000002184]
j  com.szymc.voxel_engine.App.main([Ljava/lang/String;)V+730
v  ~StubRoutines::Stub Generator call_stub_stub 0x000001b3bc9718e2

siginfo: EXCEPTION_ACCESS_VIOLATION (0xc0000005), reading address 0x0000000000000000


Registers:
RAX=0x00007ff8071c38b5, RBX=0x0000000000000257, RCX=0x000001b3e6a5a518, RDX=0x0000000000000000
RSP=0x00000001006ff378, RBP=0x0000000000000000, RSI=0x000001b3e6381080, RDI=0x000001b3e6a5a4f0
R8 =0x0000000000000018, R9 =0x00007ff806f50000, R10=0x00007ff807d2d486, R11=0x00007ff806f50000
R12=0x000001b3e6a5a518, R13=0x0000000000000000, R14=0x000001b3e64c8240, R15=0x0000000000000018
RIP=0x00007ff8071c38b5, EFLAGS=0x0000000000010202

XMM[0]=0x0000000000000000 0x0000000042800000
XMM[1]=0x0000000000000000 0x0000000042800000
XMM[2]=0x0000000000000000 0x00000000447c8000
XMM[3]=0x0000000000000000 0x00000000438d8000
XMM[4]=0x0000000000000000 0x000000003f000000
XMM[5]=0x0000000000000000 0x000000003f000000
XMM[6]=0x0000000000000000 0x000000003f000000
XMM[7]=0x0000000000000000 0x000000003f800000
XMM[8]=0x0000000000000000 0x0000000000000000
XMM[9]=0x0000000000000000 0x0000000043ef4784
XMM[10]=0x0000000000000000 0x000000004329224c
XMM[11]=0x0000000000000000 0x0000000000000000
XMM[12]=0x0000000000000000 0x0000000043160000
XMM[13]=0x0000000000000000 0x000000003f610943
XMM[14]=0x0000000000000000 0x000000003ef153af
XMM[15]=0x0000000000000000 0x00000000bef153af
  MXCSR=0x00001fb2


Register to memory mapping:

RAX=0x00007ff8071c38b5 atio6axx.dll
RBX=0x0000000000000257 is an unknown value
RCX=0x000001b3e6a5a518 points into unknown readable memory: 0x0000000100000000 | 00 00 00 00 01 00 00 00
RDX=0x0 is null
RSP=0x00000001006ff378 is pointing into the stack for thread: 0x000001b3ac86d730
RBP=0x0 is null
RSI=0x000001b3e6381080 points into unknown readable memory: 0x00007ff80a170928 | 28 09 17 0a f8 7f 00 00
RDI=0x000001b3e6a5a4f0 points into unknown readable memory: 0x00000018000003c6 | c6 03 00 00 18 00 00 00
R8 =0x0000000000000018 is an unknown value
R9 =0x00007ff806f50000 atio6axx.dll
R10=0x00007ff807d2d486 atio6axx.dll
R11=0x00007ff806f50000 atio6axx.dll
R12=0x000001b3e6a5a518 points into unknown readable memory: 0x0000000100000000 | 00 00 00 00 01 00 00 00
R13=0x0 is null
R14=0x000001b3e64c8240 points into unknown readable memory: 0x000001b3e666b048 | 48 b0 66 e6 b3 01 00 00
R15=0x0000000000000018 is an unknown value

Top of Stack: (sp=0x00000001006ff378)
0x00000001006ff378:   00007ff8075489d6 000001b3e6a5a4c8   ..T.............
0x00000001006ff388:   00007ff807d2cb5d 000001b3d7b93588   ]........5......
0x00000001006ff398:   00007ff80a167760 0000000042800000   `w.........B....
0x00000001006ff3a8:   0000000000000000 0000000000000018   ................
0x00000001006ff3b8:   0000000000000040 000001b3e6a5a4f0   @...............
0x00000001006ff3c8:   0000000000000018 0000000000000004   ................
0x00000001006ff3d8:   0000000000000004 0000000000001405   ................
0x00000001006ff3e8:   000000000000013a 0000000000000000   :...............
0x00000001006ff3f8:   000001b3d7b93588 0000000000000006   .5..............
0x00000001006ff408:   000001b3e6381080 0000000000000000   ..8.............
0x00000001006ff418:   00007ff8075428b6 000001b3e6381000   .(T.......8.....
0x00000001006ff428:   0000000000000004 000001b300000006   ................
0x00000001006ff438:   0000000000001405 0000000000000000   ................
0x00000001006ff448:   0000000100000001 0000000000000028   ........(.......
0x00000001006ff458:   0000000000000000 000001b3e6381080   ..........8.....
0x00000001006ff468:   00007ff8773d0000 000001b3d7b93588   ..=w.....5......
0x00000001006ff478:   00000001006ff520 000001b3ac86d730    .o.....0.......
0x00000001006ff488:   00000001006ff510 0000000000000028   ..o.....(.......
0x00000001006ff498:   0000000000000000 0000000000000000   ................
0x00000001006ff4a8:   000001b3bd128e0f 000001b3d2dc0de0   ................
0x00000001006ff4b8:   00000001006ff520 00000000cce62ba6    .o......+......
0x00000001006ff4c8:   000001b342800000 0000000000001405   ...B............
0x00000001006ff4d8:   0000000000000000 0000000664c25dd8   .........].d....
0x00000001006ff4e8:   000000060d563b58 0000000667315d48   X;V.....H]1g....
0x00000001006ff4f8:   0000000200000002 0000000667315d60   ........`]1g....
0x00000001006ff508:   000000060d4da828 000000060d4fe220   (.M..... .O.....
0x00000001006ff518:   000001b3b5552bc4 000000060d563b58   .+U.....X;V.....
0x00000001006ff528:   000001b3bd192780 438d8000447c8000   .'........|D...C
0x00000001006ff538:   4280000042800000 3f0000003f000000   ...B...B...?...?
0x00000001006ff548:   3f8000003f000000 000000060d563bc8   ...?...?.;V.....
0x00000001006ff558:   000001b3bd123c02 000000060d493238   .<......82I.....
0x00000001006ff568:   000001b3bd190124 0000000200000040   $.......@.......

Instructions: (pc=0x00007ff8071c38b5)
  0x00007ff8071c37b5:   08 c3 f2 0f 10 02 f2 0f 11 01 0f b7 42 08 66 89
  0x00007ff8071c37c5:   41 08 0f b6 42 0a 88 41 0a c3 f2 0f 10 02 f2 0f
  0x00007ff8071c37d5:   11 01 8b 42 08 89 41 08 c3 f2 0f 10 02 f2 0f 11
  0x00007ff8071c37e5:   01 8b 42 08 89 41 08 0f b6 42 0c 88 41 0c c3 f2
  0x00007ff8071c37f5:   0f 10 02 f2 0f 11 01 8b 42 08 89 41 08 0f b7 42
  0x00007ff8071c3805:   0c 66 89 41 0c c3 f2 0f 10 02 f2 0f 11 01 8b 42
  0x00007ff8071c3815:   08 89 41 08 0f b7 42 0c 66 89 41 0c 0f b6 42 0e
  0x00007ff8071c3825:   88 41 0e c3 0f 10 02 0f 11 01 c3 0f 10 02 0f 11
  0x00007ff8071c3835:   01 0f b6 42 10 88 41 10 c3 0f 10 02 0f 11 01 0f
  0x00007ff8071c3845:   b7 42 10 66 89 41 10 c3 0f 10 02 0f 11 01 0f b7
  0x00007ff8071c3855:   42 10 66 89 41 10 0f b6 42 12 88 41 12 c3 0f 10
  0x00007ff8071c3865:   02 0f 11 01 8b 42 10 89 41 10 c3 0f 10 02 0f 11
  0x00007ff8071c3875:   01 8b 42 10 89 41 10 0f b6 42 14 88 41 14 c3 0f
  0x00007ff8071c3885:   10 02 0f 11 01 8b 42 10 89 41 10 0f b7 42 14 66
  0x00007ff8071c3895:   89 41 14 c3 0f 10 02 0f 11 01 8b 42 10 89 41 10
  0x00007ff8071c38a5:   0f b7 42 14 66 89 41 14 0f b6 42 16 88 41 16 c3
=>0x00007ff8071c38b5:   0f 10 02 0f 11 01 f2 0f 10 4a 10 f2 0f 11 49 10
  0x00007ff8071c38c5:   c3 0f 10 02 0f 11 01 f2 0f 10 4a 10 f2 0f 11 49
  0x00007ff8071c38d5:   10 0f b6 42 18 88 41 18 c3 0f 10 02 0f 11 01 f2
  0x00007ff8071c38e5:   0f 10 4a 10 f2 0f 11 49 10 0f b7 42 18 66 89 41
  0x00007ff8071c38f5:   18 c3 0f 10 02 0f 11 01 f2 0f 10 4a 10 f2 0f 11
  0x00007ff8071c3905:   49 10 0f b7 42 18 66 89 41 18 0f b6 42 1a 88 41
  0x00007ff8071c3915:   1a c3 0f 10 02 0f 11 01 f2 0f 10 4a 10 f2 0f 11
  0x00007ff8071c3925:   49 10 8b 42 18 89 41 18 c3 0f 10 02 0f 11 01 f2
  0x00007ff8071c3935:   0f 10 4a 10 f2 0f 11 49 10 8b 42 18 89 41 18 0f
  0x00007ff8071c3945:   b6 42 1c 88 41 1c c3 0f 10 02 0f 11 01 f2 0f 10
  0x00007ff8071c3955:   4a 10 f2 0f 11 49 10 8b 42 18 89 41 18 0f b7 42
  0x00007ff8071c3965:   1c 66 89 41 1c c3 0f 10 02 0f 11 01 f2 0f 10 4a
  0x00007ff8071c3975:   10 f2 0f 11 49 10 8b 42 18 89 41 18 0f b7 42 1c
  0x00007ff8071c3985:   66 89 41 1c 0f b6 42 1e 88 41 1e c3 0f 10 02 0f
  0x00007ff8071c3995:   11 01 0f 10 4a 10 0f 11 49 10 c3 0f 10 02 0f 11
  0x00007ff8071c39a5:   01 0f 10 4a 10 0f 11 49 10 0f b6 42 20 88 41 20


Stack slot to memory mapping:

stack at sp + 0 slots: 0x00007ff8075489d6 atio6axx.dll
stack at sp + 1 slots: 0x000001b3e6a5a4c8 points into unknown readable memory: 0x000000280000032b | 2b 03 00 00 28 00 00 00
stack at sp + 2 slots: 0x00007ff807d2cb5d atio6axx.dll
stack at sp + 3 slots: 0x000001b3d7b93588 points into unknown readable memory: 0x00007ff80a1708b8 | b8 08 17 0a f8 7f 00 00
stack at sp + 4 slots: 0x00007ff80a167760 atio6axx.dll
stack at sp + 5 slots: 0x0000000042800000 is pointing into metadata
stack at sp + 6 slots: 0x0 is null
stack at sp + 7 slots: 0x0000000000000018 is an unknown value

Lock stack of current Java thread (top to bottom):


Compiled method (n/a) 6672 1594     n 0       org.lwjgl.opengl.GL11C::nglDrawElements (native)
 total in heap  [0x000001b3bd128c88,0x000001b3bd128f00] = 632
 main code      [0x000001b3bd128d80,0x000001b3bd128ef2] = 370
 stub code      [0x000001b3bd128ef2,0x000001b3bd128ef8] = 6
 oops           [0x000001b3bd128ef8,0x000001b3bd128f00] = 8
 mutable data [0x000001b3d8474960,0x000001b3d8474980] = 32
 relocation     [0x000001b3d8474960,0x000001b3d8474980] = 32

[Constant Pool (empty)]


Loading hsdis library failed, undisassembled code is shown in MachCode section
[MachCode]
[Entry Point]
  # {method} {0x000001b3d377b0e0} 'nglDrawElements' '(IIIJ)V' in 'org/lwjgl/opengl/GL11C'
  # parm0:    rdx       = int
  # parm1:    r8        = int
  # parm2:    r9        = int
  # parm3:    rdi:rdi   = long
  #           [sp+0x80]  (sp of caller)
  0x000001b3bd128d80: 6690 448b | 5208 443b 

  0x000001b3bd128d88: ;   {runtime_call Shared Runtime ic_miss_blob}
  0x000001b3bd128d88: 5008 0f85 | 5062 89ff 
[Verified Entry Point]
  0x000001b3bd128d90: 8984 2400 | 80ff ff55 | 488b ec48 | 83ec 7090 | 4181 7f20 | 1b00 0000 

  0x000001b3bd128da8: ;   {runtime_call Stub::Stub Generator method_entry_barrier_stub}
  0x000001b3bd128da8: 7405 e871 | d587 ff48 | 897c 2428 | 4c89 4c24 | 204d 8bc8 

  0x000001b3bd128dbc: ;   {oop(a 'java/lang/Class'{0x000000060d4fe220} = 'org/lwjgl/opengl/GL11C')}
  0x000001b3bd128dbc: 4c8b c249 | be20 e24f | 0d06 0000 | 004c 8974 | 2460 4c8d | 7424 6049 | 8bd6 c5f8 

  0x000001b3bd128dd8: ;   {internal_word}
  0x000001b3bd128dd8: 7749 bad6 | 8d12 bdb3 | 0100 004d | 8997 1804 | 0000 4989 | a710 0400 | 0049 8d8f | 3004 0000 
  0x000001b3bd128df8: 41c7 87ac | 0400 0004 

  0x000001b3bd128e00: ;   {runtime_call}
  0x000001b3bd128e00: 0000 0048 | b820 d33d | 77f8 7f00 | 00ff d0c5 | f877 41c7 | 87ac 0400 | 0005 0000 | 00f0 8344 
  0x000001b3bd128e20: 24c0 0049 | 3b6f 280f | 870e 0000 | 0041 83bf | a804 0000 | 000f 8423 | 0000 00c5 | f877 498b 
  0x000001b3bd128e40: cf4c 8be4 | 4883 ec20 | 4883 e4f0 

  0x000001b3bd128e4c: ;   {runtime_call}
  0x000001b3bd128e4c: 48b8 5006 | c301 f87f | 0000 ffd0 | 498b e44d | 33e4 41c7 | 87ac 0400 | 0008 0000 | 0041 83bf 
  0x000001b3bd128e6c: 3005 0000 | 020f 8459 | 0000 0049 | c787 1004 | 0000 0000 | 0000 49c7 | 8718 0400 | 0000 0000 
  0x000001b3bd128e8c: 00c5 f877 | 498b 8f90 | 0400 00c7 | 8100 0100 | 0000 0000 

  0x000001b3bd128ea0: ;   {poll_return}
  0x000001b3bd128ea0: 00c9 41f6 | 4728 0174 

  0x000001b3bd128ea8: ;   {internal_word}
  0x000001b3bd128ea8: 1649 baa2 | 8e12 bdb3 | 0100 004d | 8997 b804 

  0x000001b3bd128eb8: ;   {runtime_call SafepointBlob}
  0x000001b3bd128eb8: 0000 e9a1 | 9689 ff49 | 837f 0800 | 0f85 0100 

  0x000001b3bd128ec8: ;   {runtime_call Stub::Stub Generator forward_exception_stub}
  0x000001b3bd128ec8: 0000 c3e9 | 1089 84ff | c5f8 774c | 8be4 4883 | ec20 4883 

  0x000001b3bd128edc: ;   {runtime_call}
  0x000001b3bd128edc: e4f0 48b8 | 9037 fe01 | f87f 0000 | ffd0 498b | e44d 33e4 | eb85 f4f4 | f4f4 f4f4 
[/MachCode]


Compiled method (c2) 6673 2152       4       com.szymc.voxel_engine.UIRenderer::drawRect (58 bytes)
 total in heap  [0x000001b3bd192588,0x000001b3bd192820] = 664
 main code      [0x000001b3bd192680,0x000001b3bd1927e0] = 352
 stub code      [0x000001b3bd1927e0,0x000001b3bd192818] = 56
 oops           [0x000001b3bd192818,0x000001b3bd192820] = 8
 mutable data [0x000001b3d8517350,0x000001b3d85173c8] = 120
 relocation     [0x000001b3d8517350,0x000001b3d85173a0] = 80
 metadata       [0x000001b3d85173a0,0x000001b3d85173c8] = 40
 immutable data [0x000001b3d84b1650,0x000001b3d84b17dc] = 396
 dependencies   [0x000001b3d84b1650,0x000001b3d84b1660] = 16
 handler table  [0x000001b3d84b1660,0x000001b3d84b16d8] = 120
 scopes pcs     [0x000001b3d84b16d8,0x000001b3d84b1748] = 112
 scopes data    [0x000001b3d84b1748,0x000001b3d84b17d8] = 144

[Constant Pool (empty)]


Loading hsdis library failed, undisassembled code is shown in MachCode section
[MachCode]
[Instructions begin]
  0x000001b3bd192680: 6690 448b | 5208 443b 

  0x000001b3bd192688: ;   {runtime_call Shared Runtime ic_miss_blob}
  0x000001b3bd192688: 5008 0f85 | 50c9 82ff 
[Verified Entry Point]
  0x000001b3bd192690: 8984 2400 | 80ff ff55 | 4883 ec30 | 4181 7f20 | 1b00 0000 | 0f85 2501 | 0000 c5fa | 117c 241c 
  0x000001b3bd1926b0: c5fa 1174 | 2418 c5fa | 116c 2414 | c5fa 1164 | 2410 c5fa | 115c 240c | c5fa 1154 | 2408 c5fa 
  0x000001b3bd1926d0: 114c 2404 | c5fa 1104 | 2448 8bea | 8b52 2045 

  0x000001b3bd1926e0: ;   {static_call}
  0x000001b3bd1926e0: 33c0 90e8 

  0x000001b3bd1926e4: ; ImmutableOopMap {rbp=Oop }
                      ;*invokestatic glUniform1i {reexecute=0 rethrow=0 return_oop=0}
                      ; - org.lwjgl.opengl.GL20::glUniform1i@2 (line 487)
                      ; - com.szymc.voxel_engine.UIRenderer::drawRect@5 (line 423)
  0x000001b3bd1926e4: a8af f9ff 

  0x000001b3bd1926e8: ;   {post_call_nop}
  0x000001b3bd1926e8: 0f1f 8400 | 6001 0000 | 8b55 18c5 | fa10 0424 | c5fa 104c | 2404 c5fa | 1054 2408 | c5fa 105c 
  0x000001b3bd192708: ;   {static_call}
  0x000001b3bd192708: 240c 90e8 

  0x000001b3bd19270c: ; ImmutableOopMap {rbp=Oop }
                      ;*invokestatic glUniform4f {reexecute=0 rethrow=0 return_oop=0}
                      ; - org.lwjgl.opengl.GL20::glUniform4f@6 (line 473)
                      ; - com.szymc.voxel_engine.UIRenderer::drawRect@17 (line 424)
  0x000001b3bd19270c: 0008 f9ff 

  0x000001b3bd192710: ;   {post_call_nop}
  0x000001b3bd192710: 0f1f 8400 | 8801 0001 | 8b55 1cc5 | fa10 4424 | 10c5 fa10 | 4c24 14c5 | fa10 5424 | 18c5 fa10 
  0x000001b3bd192730: ;   {static_call}
  0x000001b3bd192730: 5c24 1ce8 

  0x000001b3bd192734: ; ImmutableOopMap {rbp=Oop }
                      ;*invokestatic glUniform4f {reexecute=0 rethrow=0 return_oop=0}
                      ; - org.lwjgl.opengl.GL20::glUniform4f@6 (line 473)
                      ; - com.szymc.voxel_engine.UIRenderer::drawRect@32 (line 425)
  0x000001b3bd192734: d807 f9ff 

  0x000001b3bd192738: ;   {post_call_nop}
  0x000001b3bd192738: 0f1f 8400 | b001 0002 | 8b55 24c5 | fa10 0424 | c5fa 104c | 2404 c5fa | 1054 2408 | c5fa 105c 
  0x000001b3bd192758: ;   {static_call}
  0x000001b3bd192758: 240c 90e8 

  0x000001b3bd19275c: ; ImmutableOopMap {}
                      ;*invokestatic glUniform4f {reexecute=0 rethrow=0 return_oop=0}
                      ; - org.lwjgl.opengl.GL20::glUniform4f@6 (line 473)
                      ; - com.szymc.voxel_engine.UIRenderer::drawRect@44 (line 426)
  0x000001b3bd19275c: b007 f9ff 

  0x000001b3bd192760: ;   {post_call_nop}
  0x000001b3bd192760: 0f1f 8400 | d801 0003 | 33ff ba04 | 0000 0041 | b806 0000 | 0041 b905 

  0x000001b3bd192778: ;   {static_call}
  0x000001b3bd192778: 1400 00e8 

  0x000001b3bd19277c: ; ImmutableOopMap {}
                      ;*invokestatic nglDrawElements {reexecute=0 rethrow=0 return_oop=0}
                      ; - org.lwjgl.opengl.GL11C::glDrawElements@4 (line 543)
                      ; - org.lwjgl.opengl.GL11::glDrawElements@4 (line 1870)
                      ; - com.szymc.voxel_engine.UIRenderer::drawRect@54 (line 428)
  0x000001b3bd19277c: 1066 f9ff 

  0x000001b3bd192780: ;   {post_call_nop}
  0x000001b3bd192780: 0f1f 8400 | f801 0004 | 4883 c430 

  0x000001b3bd19278c: ;   {poll_return}
  0x000001b3bd19278c: 5d49 3b67 | 280f 8722 | 0000 00c3 | 488b d0eb | 1248 8bd0 | eb0d 488b | d0eb 0848 | 8bd0 eb03 
  0x000001b3bd1927ac: 488b d048 | 83c4 305d 

  0x000001b3bd1927b4: ;   {runtime_call C2 Runtime rethrow_blob}
  0x000001b3bd1927b4: e9a7 8891 

  0x000001b3bd1927b8: ;   {internal_word}
  0x000001b3bd1927b8: ff49 ba8d | 2719 bdb3 | 0100 004d | 8997 b804 

  0x000001b3bd1927c8: ;   {runtime_call SafepointBlob}
  0x000001b3bd1927c8: 0000 e991 

  0x000001b3bd1927cc: ;   {runtime_call Stub::Stub Generator method_entry_barrier_stub}
  0x000001b3bd1927cc: fd82 ffe8 | 4c3b 81ff | e9d1 feff | fff4 f4f4 | f4f4 f4f4 
[Stub Code]
  0x000001b3bd1927e0: ;   {static_stub}
  0x000001b3bd1927e0: 48bb 0000 | 0000 0000 

  0x000001b3bd1927e8: ;   {runtime_call nmethod}
  0x000001b3bd1927e8: 0000 e9fb 

  0x000001b3bd1927ec: ;   {static_stub}
  0x000001b3bd1927ec: ffff ff48 | bb00 0000 | 0000 0000 

  0x000001b3bd1927f8: ;   {runtime_call nmethod}
  0x000001b3bd1927f8: 00e9 fbff 

  0x000001b3bd1927fc: ;   {static_stub}
  0x000001b3bd1927fc: ffff 48bb | 0000 0000 | 0000 0000 

  0x000001b3bd192808: ;   {runtime_call nmethod}
  0x000001b3bd192808: e9fb ffff 

  0x000001b3bd19280c: ;   {runtime_call DeoptimizationBlob}
  0x000001b3bd19280c: ffe8 cee4 | 82ff ebf9 | f4f4 f4f4 
[/MachCode]


Compiled method (c2) 6676 2407   !   4       com.szymc.voxel_engine.Engine::render (2563 bytes)
 total in heap  [0x000001b3bd18de08,0x000001b3bd1922c8] = 17600
 constants      [0x000001b3bd18df00,0x000001b3bd18dfa0] = 160
 main code      [0x000001b3bd18dfa0,0x000001b3bd191e98] = 16120
 stub code      [0x000001b3bd191e98,0x000001b3bd192290] = 1016
 oops           [0x000001b3bd192290,0x000001b3bd1922c8] = 56
 mutable data [0x000001b385cdd420,0x000001b385cde2d0] = 3760
 relocation     [0x000001b385cdd420,0x000001b385cddd70] = 2384
 metadata       [0x000001b385cddd70,0x000001b385cde2d0] = 1376
 immutable data [0x000001b388ee66b0,0x000001b388eea6ec] = 16444
 dependencies   [0x000001b388ee66b0,0x000001b388ee6900] = 592
 nul chk table  [0x000001b388ee6900,0x000001b388ee6ab8] = 440
 handler table  [0x000001b388ee6ab8,0x000001b388ee7238] = 1920
 scopes pcs     [0x000001b388ee7238,0x000001b388ee80f8] = 3776
 scopes data    [0x000001b388ee80f8,0x000001b388eea6e8] = 9712


[Constant Pool]
             Address          hex4                    hex8      
  0x000001b3bd18df00:   0x43800000      0x3f00000043800000      
  0x000001b3bd18df04:   0x3f000000                              
  0x000001b3bd18df08:   0x42700000      0x3f80000042700000      
  0x000001b3bd18df0c:   0x3f800000                              
  0x000001b3bd18df10:   0x3f19999a      0x444d80003f19999a      
  0x000001b3bd18df14:   0x444d8000                              
  0x000001b3bd18df18:   0x3e4ccccd      0x433a00003e4ccccd      
  0x000001b3bd18df1c:   0x433a0000                              
  0x000001b3bd18df20:   0x43870000      0x3f33333343870000      
  0x000001b3bd18df24:   0x3f333333                              
  0x000001b3bd18df28:   0x42800000      0x4000000042800000      
  0x000001b3bd18df2c:   0x40000000                              
  0x000001b3bd18df30:   0x41400000      0x3f4ccccd41400000      
  0x000001b3bd18df34:   0x3f4ccccd                              
  0x000001b3bd18df38:   0x41800000      0x4411000041800000      
  0x000001b3bd18df3c:   0x44110000                              
  0x000001b3bd18df40:   0x43ff0000      0x444d000043ff0000      
  0x000001b3bd18df44:   0x444d0000                              
  0x000001b3bd18df48:   0x3ee66666      0x43dd00003ee66666      
  0x000001b3bd18df4c:   0x43dd0000                              
  0x000001b3bd18df50:   0x44460000      0x4288000044460000      
  0x000001b3bd18df54:   0x42880000                              
  0x000001b3bd18df58:   0x444c8000      0x44c80000444c8000      
  0x000001b3bd18df5c:   0x44c80000                              
  0x000001b3bd18df60:   0x44610000      0x4338000044610000      
  0x000001b3bd18df64:   0x43380000                              
  0x000001b3bd18df68:   0x44078000      0x4304000044078000      
  0x000001b3bd18df6c:   0x43040000                              
  0x000001b3bd18df70:   0x437b0000      0x43000000437b0000      
  0x000001b3bd18df74:   0x43000000                              
  0x000001b3bd18df78:   0x4449c000      0x447c80004449c000      
  0x000001b3bd18df7c:   0x447c8000                              
  0x000001b3bd18df80:   0x438d8000      0x41f00000438d8000      
  0x000001b3bd18df84:   0x41f00000                              
  0x000001b3bd18df88:   0xf4f4f4f4      0xf4f4f4f4f4f4f4f4      
  0x000001b3bd18df8c:   0xf4f4f4f4                              
  0x000001b3bd18df90:   0xf4f4f4f4      0xf4f4f4f4f4f4f4f4      
  0x000001b3bd18df94:   0xf4f4f4f4                              
  0x000001b3bd18df98:   0xf4f4f4f4      0xf4f4f4f4f4f4f4f4      
  0x000001b3bd18df9c:   0xf4f4f4f4                              


Loading hsdis library failed, undisassembled code is shown in MachCode section
[MachCode]
[Instructions begin]
  0x000001b3bd18dfa0: ;   {other}
  0x000001b3bd18dfa0: 6690 448b | 5208 443b 

  0x000001b3bd18dfa8: ;   {runtime_call Shared Runtime ic_miss_blob}
  0x000001b3bd18dfa8: 5008 0f85 | 3010 83ff 
[Verified Entry Point]
  0x000001b3bd18dfb0: 8984 2400 | 80ff ff55 | 4881 ec80 | 0000 0090 | 4181 7f20 | 1b00 0000 | 0f85 be3e | 0000 4889 
  0x000001b3bd18dfd0: 1424 4d8b | 97f8 0300 | 004d 8b12 | 4c89 5424 

  0x000001b3bd18dfe0: ;   {section_word}
  0x000001b3bd18dfe0: 08c5 fa10 | 051b ffff 

  0x000001b3bd18dfe8: ;   {section_word}
  0x000001b3bd18dfe8: ffc5 fa10 | 0d1f ffff 

  0x000001b3bd18dff0: ;   {section_word}
  0x000001b3bd18dff0: ffc5 fa10 | 153b ffff 

  0x000001b3bd18dff8: ;   {section_word}
  0x000001b3bd18dff8: ffc5 fa10 | 1d0b ffff 

  0x000001b3bd18e000: ;   {static_call}
  0x000001b3bd18e000: ff66 90e8 

  0x000001b3bd18e004: ; ImmutableOopMap {[0]=Oop [8]=Oop }
                      ;*invokestatic glClearColor {reexecute=0 rethrow=0 return_oop=0}
                      ; - org.lwjgl.opengl.GL11::glClearColor@4 (line 1022)
                      ; - com.szymc.voxel_engine.Engine::render@10 (line 221)
  0x000001b3bd18e004: 88d4 faff 

  0x000001b3bd18e008: ;   {post_call_nop}
  0x000001b3bd18e008: 0f1f 8400 | 0002 0000 | ba00 4100 

  0x000001b3bd18e014: ;   {static_call}
  0x000001b3bd18e014: 0066 90e8 

  0x000001b3bd18e018: ; ImmutableOopMap {[0]=Oop [8]=Oop }
                      ;*invokestatic glClear {reexecute=0 rethrow=0 return_oop=0}
                      ; - org.lwjgl.opengl.GL11::glClear@1 (line 992)
                      ; - com.szymc.voxel_engine.Engine::render@16 (line 222)
  0x000001b3bd18e018: 74d0 faff 

  0x000001b3bd18e01c: ;   {post_call_nop}
  0x000001b3bd18e01c: 0f1f 8400 | 1402 0001 

  0x000001b3bd18e024: ;   {oop(a 'java/lang/Class'{0x000000060d4bccc0} = 'com/szymc/voxel_engine/Engine')}
  0x000001b3bd18e024: 49ba c0cc | 4b0d 0600 | 0000 410f | b66a 7885 | ed0f 853d | 3200 0041 | b802 1b00 | 00ba 0804 
  0x000001b3bd18e044: ;   {static_call}
  0x000001b3bd18e044: 0000 90e8 

  0x000001b3bd18e048: ; ImmutableOopMap {[0]=Oop [8]=Oop }
                      ;*invokestatic glPolygonMode {reexecute=0 rethrow=0 return_oop=0}
                      ; - org.lwjgl.opengl.GL11::glPolygonMode@2 (line 4987)
                      ; - com.szymc.voxel_engine.Engine::render@43 (line 223)
  0x000001b3bd18e048: 4431 fdff 

  0x000001b3bd18e04c: ;   {post_call_nop}
  0x000001b3bd18e04c: 0f1f 8400 | 4402 0002 | 4c8b 5424 | 0841 8b4a | 4885 c90f | 84f8 2400 | 0041 8b6c | cc14 458b 
  0x000001b3bd18e06c: 5cec 0c45 | 8d4b ff41 | 81e1 7fb8 | 0c70 4585 | db0f 8605 | 2e00 004d | 8d14 ec47 | 8b54 8a10 
  0x000001b3bd18e08c: 4585 d20f | 849c 2400 | 0047 8b5c 

  0x000001b3bd18e098: ;   {oop(a 'java/lang/ThreadLocal$SuppliedThreadLocal'{0x000000060d4b6e10})}
  0x000001b3bd18e098: d40c 4181 | fbc2 6da9 | c10f 85d1 | 2f00 004b | 8d04 d444 | 8b58 1c49 | c1e3 0345 

  0x000001b3bd18e0b4: ;   {metadata('org/lwjgl/system/MemoryStack')}
  0x000001b3bd18e0b4: 8b53 0841 | 81fa a011 | 0601 0f85 | 5c33 0000 | 4c89 5c24 | 1845 8b4b | 2447 8b54 | cc0c 418b 
  0x000001b3bd18e0d4: 4b1c 413b | ca0f 84ad | 3100 0041 | 8b6b 1844 | 8d41 0145 | 8943 1c41 | 3bca 0f83 | 6c2c 0000 
  0x000001b3bd18e0f4: 4c8b 1424 | 458b 5224 | 4f8d 1ccc | 4189 6c8b | 1043 8b54 

  0x000001b3bd18e108: ;   {static_call}
  0x000001b3bd18e108: d40c 90e8 

  0x000001b3bd18e10c: ; ImmutableOopMap {[0]=Oop [24]=Oop }
                      ;*invokestatic glUseProgram {reexecute=0 rethrow=0 return_oop=0}
                      ; - org.lwjgl.opengl.GL20::glUseProgram@1 (line 398)
                      ; - com.szymc.localShaders.Shader::start@4 (line 78)
                      ; - com.szymc.voxel_engine.Engine::render@54 (line 226)
  0x000001b3bd18e10c: 00da f9ff 

  0x000001b3bd18e110: ;   {post_call_nop}
  0x000001b3bd18e110: 0f1f 8400 | 0803 0003 | 4c8b 5424 | 184d 6352 | 184c 8b5c | 2418 4d8b | 5b10 4f8d | 541a c049 
  0x000001b3bd18e130: 83e2 fc4c | 8954 2410 | 4d2b d341 | 8bea 4c8b | 5424 1841 | 896a 1885 | ed0f 8c5d | 3100 0049 
  0x000001b3bd18e150: baf4 3555 | 02f8 7f00 | 0045 8b12 | 4585 d20f | 85e3 2c00 | 0049 8b87 | b001 0000 | 4c8b d049 
  0x000001b3bd18e170: 83c2 384d | 3b97 c001 | 0000 0f83 | 5427 0000 | 4d89 97b0 | 0100 0041 | 0f18 8200 | 0100 0048 
  0x000001b3bd18e190: c700 0100 | 0000 4c8b | d049 83c2 

  0x000001b3bd18e19c: ;   {metadata('java/nio/DirectFloatBufferU')}
  0x000001b3bd18e19c: 28c7 4008 | 887c 0201 | 4c8b d849 | 83c3 10c5 | f5ef c9c4 | c179 d60b | c5fd efc0 | 62d1 fe08 
  0x000001b3bd18e1bc: 7f02 c740 | 0cff ffff | ff4c 8b14 | 2445 8b5a | 1c45 8b52 | 2444 8954 | 2420 49ba | 0000 0000 
  0x000001b3bd18e1dc: 1000 0000 | 4c89 5018 | 48c7 4020 | 1000 0000 | 4889 4424 | 304c 8b44 | 2410 4c89 | 4010 438b 
  0x000001b3bd18e1fc: 5cdc 1847 | 8b4c dc24 | 478b 54dc | 3447 8b44 | dc1c 85db | 0f84 662b | 0000 c481 | 7a10 4cc4 
  0x000001b3bd18e21c: 0cc4 c172 | 585c dc0c | 4585 d20f | 847f 2b00 | 00c4 817a | 115c d40c | 438b 7cdc | 2cc4 817a 
  0x000001b3bd18e23c: 104c c410 | c4c1 7258 | 44dc 10c4 | 817a 1144 | d410 c481 | 7a10 54c4 | 14c4 c16a | 584c dc14 
  0x000001b3bd18e25c: c481 7a11 | 4cd4 1441 | 8b6c fc4c | 83e5 040f | 854f 3000 | 0041 c744 | fc48 0000 | 803f 478b 
  0x000001b3bd18e27c: 5cdc 2041 | c744 fc4c | 1e00 0000 | 4589 64fc | 4441 c744 | fc0c 0000 | 803f 4589 | 64fc 1045 
  0x000001b3bd18e29c: ;   {other}
  0x000001b3bd18e29c: 8964 fc14 | 4589 64fc | 1845 8964 | fc1c 41c7 | 44fc 2000 | 0080 3f45 | 8964 fc24 | 4589 64fc 
  0x000001b3bd18e2bc: 2845 8964 | fc2c 4589 | 64fc 3041 | c744 fc34 | 0000 803f | 4589 64fc | 3845 8964 | fc3c 4589 
  0x000001b3bd18e2dc: 64fc 40c4 | 817a 1054 | dc10 41c7 | 44fc 4c12 | 0000 00c4 | 017a 1074 | dc14 c481 | 7a10 64dc 
  0x000001b3bd18e2fc: 0cc4 417a | 105c dc0c | c441 7a10 | 54dc 10c5 | a25c dbc5 | aa5c e8c5 | e259 c3c5 | d259 fdc4 
  0x000001b3bd18e31c: 417a 106c | dc14 c5fa | 58c7 c592 | 5cf1 c5ca | 59ce c5fa | 58c9 c5f2 

  0x000001b3bd18e334: ;   {section_word}
  0x000001b3bd18e334: 51c9 c5fa | 103d cefb | ffff c5c2 | 5ec1 c54a | 59e0 c441 | 7a11 64fc | 3462 e166 | 0859 c062 
  0x000001b3bd18e354: c17e 0811 | 44fc 05c4 | c11a 59dd | 62d1 7e00 | 59cb 62b1 | 6e08 59f8 | 62b1 0e08 | 59f0 c441 
  0x000001b3bd18e374: 5a59 ccc4 | c16a 59d4 | c441 4a5c | c1c5 5259 | c8c4 417a | 114c fc24 | c4c1 3a59 | c0c4 c132 
  0x000001b3bd18e394: 59f2 c4c1 | 5a59 e1c5 | f258 eec5 | 5a5c ffc5 | d258 cbc4 | c102 59e7 | c4c1 0a59 | d9c5 ea5c 
  0x000001b3bd18e3b4: dbc5 e259 | d3c5 ea58 | c0c5 fa58 

  0x000001b3bd18e3c0: ;   {external_word}
  0x000001b3bd18e3c0: d4c5 f057 | 0577 377e | ffc4 c17a | 1144 fc44 | c5ea 51d2 

  0x000001b3bd18e3d4: ;   {section_word}
  0x000001b3bd18e3d4: c5fa 1005 | 30fb ffff | c5fa 5eca | c5e2 59c1 | c4c1 7a11 | 44fc 0cc5 | ba59 d1c4 | c17a 1154 
  0x000001b3bd18e3f4: fc1c c5b2 | 59e0 62f1 | 7e00 59da | c4c1 6a59 | f2c5 e25c | e4c4 c17a | 1164 fc30 | c59a 59d2 
  0x000001b3bd18e414: c4c1 5a59 | e5c5 9a59 | d8c4 c17a | 59c3 c582 | 59e9 c4c1 | 7a11 6cfc | 2cc5 fa58 | c6c4 c152 
  0x000001b3bd18e434: 59f5 62f1 | 7e00 59cd | c5fa 58f6 | c5e2 5cc1 | c4c1 7a11 | 44fc 20c5 | b259 ddc4 | c17a 59c2 
  0x000001b3bd18e454: c5e2 5cd2 | c4c1 7a11 | 54fc 10c4 | c16a 59cb | c5f2 58c8 | c5f2 58c4 

  0x000001b3bd18e46c: ;   {external_word}
  0x000001b3bd18e46c: c5c8 5715 | cc36 7eff | c4c1 7a11 

  0x000001b3bd18e478: ;   {external_word}
  0x000001b3bd18e478: 54fc 3cc5 | f857 05bd | 367e ffc4 | c17a 1144 | fc40 448b | 5c24 2047 | 8b44 dc10 | 458b d34b 
  0x000001b3bd18e498: 8d2c d44d | 8d14 fc49 | c1e1 0348 | 8bd5 488b | f84c 8954 | 2428 4889 

  0x000001b3bd18e4b0: ;   {optimized virtual_call}
  0x000001b3bd18e4b0: 4424 10e8 

  0x000001b3bd18e4b4: ; ImmutableOopMap {rbp=Oop [0]=Oop [16]=Oop [24]=Oop [32]=NarrowOop [40]=Oop [48]=Oop }
                      ;*invokevirtual setMatrix {reexecute=0 rethrow=0 return_oop=0}
                      ; - com.szymc.localShaders.WorldShader::setCamera@7 (line 38)
                      ; - com.szymc.voxel_engine.Engine::render@83 (line 229)
  0x000001b3bd18e4b4: 5864 0000 

  0x000001b3bd18e4b8: ;   {post_call_nop}
  0x000001b3bd18e4b8: 0f1f 8400 | b006 0004 | 448b 5c24 | 2047 8b44 | dc14 488b | d54c 8b4c | 2428 488b 

  0x000001b3bd18e4d4: ;   {optimized virtual_call}
  0x000001b3bd18e4d4: 7c24 10e8 

  0x000001b3bd18e4d8: ; ImmutableOopMap {[0]=Oop [16]=Oop [24]=Oop [48]=Oop }
                      ;*invokevirtual setMatrix {reexecute=0 rethrow=0 return_oop=0}
                      ; - com.szymc.localShaders.WorldShader::setCamera@17 (line 39)
                      ; - com.szymc.voxel_engine.Engine::render@83 (line 229)
  0x000001b3bd18e4d8: 3464 0000 

  0x000001b3bd18e4dc: ;   {post_call_nop}
  0x000001b3bd18e4dc: 0f1f 8400 | d406 0005 | 4c8b 1424 | 458b 5a1c | 4489 5c24 | 2047 8b4c | dc18 478b | 44dc 1c43 
  0x000001b3bd18e4fc: 8b4c dc34 | 4585 c90f | 84cf 2800 | 00c4 817a | 1044 c40c | c481 7a58 | 7ccc 0c85 | c90f 84d9 
  0x000001b3bd18e51c: 2800 00c4 | c17a 117c | cc0c 438b | 5cdc 2cc4 | 817a 1044 | c410 c481 | 7a58 4ccc | 10c4 c17a 
  0x000001b3bd18e53c: 114c cc10 | c481 7a10 | 44c4 14c4 | 817a 5854 | cc14 c4c1 | 7a11 54cc | 1441 8b6c | dc4c 83e5 
  0x000001b3bd18e55c: 040f 8591 | 2d00 0041 | c744 dc48 | 0000 803f | 478b 54dc | 2041 c744 | dc4c 1e00 | 0000 4589 
  0x000001b3bd18e57c: 64dc 4441 | c744 dc0c | 0000 803f | 4589 64dc | 1045 8964 | dc14 4589 | 64dc 1845 | 8964 dc1c 
  0x000001b3bd18e59c: 41c7 44dc | 2000 0080 | 3f45 8964 | dc24 4589 | 64dc 2845 | 8964 dc2c | 4589 64dc | 3041 c744 
  0x000001b3bd18e5bc: dc34 0000 | 803f 4589 | 64dc 3845 | 8964 dc3c | 4589 64dc | 40c4 817a | 105c d410 

  0x000001b3bd18e5d8: ;   {other}
  0x000001b3bd18e5d8: 41c7 44dc | 4c12 0000 | 0047 8b5c | dc24 448b | 4424 2043 | 8b6c c430 | c401 7a10 | 54cc 14c4 
  0x000001b3bd18e5f8: 817a 1064 | d40c c5aa | 5cc2 c401 | 7a10 5ccc | 0cc5 fa59 | e8c5 a25c | d7c4 017a | 106c cc10 
  0x000001b3bd18e618: c5ea 59fa | c592 5cc9 | c401 7a10 | 74d4 14c5 | 7259 c1c4 | c142 58f0 | c5ca 58f5 | c5ca 51f6 
  0x000001b3bd18e638: ;   {section_word}
  0x000001b3bd18e638: c5fa 102d | ccf8 ffff | c5d2 5eee | c57a 59e5 | c441 7a11 | 64dc 34c5 | 6a59 fdc4 | 417a 117c 
  0x000001b3bd18e658: dc14 c4c1 | 1a59 d2c4 | c102 59c3 | c4c1 6259 | ffc4 c10a | 59f7 c441 | 5a59 ccc4 | c162 59dc 
  0x000001b3bd18e678: c441 4a5c | c1c5 7259 | cdc4 417a | 114c dc24 | c4c1 3a59 | c8c4 c132 | 59f5 c4c1 | 5a59 e1c5 
  0x000001b3bd18e698: fa58 ee62 | e15e 085c | c7c5 d258 | c262 b17e | 0059 e0c4 | c10a 59d1 | c5e2 5cda | c5e2 59d3 
  0x000001b3bd18e6b8: c5ea 58c9 | c5f2 58d4 

  0x000001b3bd18e6c0: ;   {external_word}
  0x000001b3bd18e6c0: c5f8 5705 | 7834 7eff | c4c1 7a11 | 44dc 44c5 

  0x000001b3bd18e6d0: ;   {section_word}
  0x000001b3bd18e6d0: ea51 d2c5 | fa10 0d31 | f8ff ffc5 | f25e cac5 | e259 c1c4 | c17a 1144 | dc0c c5ba | 59d9 c4c1 
  0x000001b3bd18e6f0: 7a11 5cdc | 1cc5 b259 | d0c5 8259 | ebc4 c162 | 59e5 c5d2 | 5cea c4c1 | 7a11 6cdc | 30c5 9a59 
  0x000001b3bd18e710: dbc4 c152 | 59d2 c59a | 59f0 c4c1 | 7a59 c362 | f17e 0059 | e9c4 c17a | 116c dc2c | c5fa 58c4 
  0x000001b3bd18e730: c4c1 5259 | e2c5 8259 | cdc5 fa58 | e4c5 ca5c | c1c4 c17a | 1144 dc20 | c5b2 59ed | c4c1 7a59 
  0x000001b3bd18e750: c5c5 d25c | dbc4 c17a | 115c dc10 | c4c1 6259 | cbc5 f258 | c8c5 f258 

  0x000001b3bd18e768: ;   {external_word}
  0x000001b3bd18e768: c2c5 d857 | 15cf 337e | ffc4 c17a | 1154 dc3c 

  0x000001b3bd18e778: ;   {external_word}
  0x000001b3bd18e778: c5f8 5705 | c033 7eff | c4c1 7a11 | 44dc 4045 | 85db 0f84 | 8426 0000 | 4d8d 04dc | 4b8d 14dc 
  0x000001b3bd18e798: 4c8b cd49 | c1e1 0344 | 8b5c 2420 | 4b8d 2cdc 

  0x000001b3bd18e7a8: ;   {optimized virtual_call}
  0x000001b3bd18e7a8: 6666 90e8 

  0x000001b3bd18e7ac: ; ImmutableOopMap {rbp=Oop [0]=Oop [16]=Oop [24]=Oop [32]=NarrowOop [48]=Oop }
                      ;*invokevirtual mul {reexecute=0 rethrow=0 return_oop=1}
                      ; - com.szymc.voxel_engine.Camera::updateFrustum@9 (line 85)
                      ; - com.szymc.voxel_engine.Engine::render@99 (line 232)
  0x000001b3bd18e7ac: f05a 59f8 

  0x000001b3bd18e7b0: ;   {post_call_nop}
  0x000001b3bd18e7b0: 0f1f 8400 | a809 0006 | 448b 5424 | 2047 8b54 | d428 448b | 4424 2043 | 8b6c c430 | 4585 d20f 
  0x000001b3bd18e7d0: 845f 2600 | 004b 8d14 | d44c 8bc5 | 49c1 e003 

  0x000001b3bd18e7e0: ;   {optimized virtual_call}
  0x000001b3bd18e7e0: 6666 90e8 

  0x000001b3bd18e7e4: ; ImmutableOopMap {[0]=Oop [16]=Oop [24]=Oop [48]=Oop }
                      ;*invokevirtual set {reexecute=0 rethrow=0 return_oop=1}
                      ; - com.szymc.voxel_engine.Camera::updateFrustum@21 (line 86)
                      ; - com.szymc.voxel_engine.Engine::render@99 (line 232)
  0x000001b3bd18e7e4: 389b 3df8 

  0x000001b3bd18e7e8: ;   {post_call_nop}
  0x000001b3bd18e7e8: 0f1f 8400 | e009 0007 | bae2 0b00 

  0x000001b3bd18e7f4: ;   {static_call}
  0x000001b3bd18e7f4: 0066 90e8 

  0x000001b3bd18e7f8: ; ImmutableOopMap {[0]=Oop [16]=Oop [24]=Oop [48]=Oop }
                      ;*invokestatic glDisable {reexecute=0 rethrow=0 return_oop=0}
                      ; - org.lwjgl.opengl.GL11::glDisable@1 (line 737)
                      ; - com.szymc.voxel_engine.Engine::render@105 (line 234)
  0x000001b3bd18e7f8: 14fb f8ff 

  0x000001b3bd18e7fc: ;   {post_call_nop}
  0x000001b3bd18e7fc: 0f1f 8400 | f409 0008 | ba01 0000 

  0x000001b3bd18e808: ;   {static_call}
  0x000001b3bd18e808: 0066 90e8 

  0x000001b3bd18e80c: ; ImmutableOopMap {[0]=Oop [16]=Oop [24]=Oop [48]=Oop }
                      ;*invokestatic glDepthMask {reexecute=0 rethrow=0 return_oop=0}
                      ; - org.lwjgl.opengl.GL11::glDepthMask@1 (line 1780)
                      ; - com.szymc.voxel_engine.Engine::render@109 (line 235)
  0x000001b3bd18e80c: 00b8 fcff 

  0x000001b3bd18e810: ;   {post_call_nop}
  0x000001b3bd18e810: 0f1f 8400 | 080a 0009 | 488b 2c24 | 448b 5524 

  0x000001b3bd18e820: ; implicit exception: dispatches to 0x000001b3bd191980
  0x000001b3bd18e820: 438b 54d4 

  0x000001b3bd18e824: ;   {static_call}
  0x000001b3bd18e824: 0c66 90e8 

  0x000001b3bd18e828: ; ImmutableOopMap {rbp=Oop [0]=Oop [16]=Oop [24]=Oop [48]=Oop }
                      ;*invokestatic glUseProgram {reexecute=0 rethrow=0 return_oop=0}
                      ; - org.lwjgl.opengl.GL20::glUseProgram@1 (line 398)
                      ; - com.szymc.localShaders.Shader::start@4 (line 78)
                      ; - com.szymc.voxel_engine.Engine::render@116 (line 238)
  0x000001b3bd18e828: e4d2 f9ff 

  0x000001b3bd18e82c: ;   {post_call_nop}
  0x000001b3bd18e82c: 0f1f 8400 | 240a 000a | 488b dd44 | 8b53 2043 | 8b6c d430 

  0x000001b3bd18e840: ; implicit exception: dispatches to 0x000001b3bd1919ac
  0x000001b3bd18e840: 458b 5cec 

  0x000001b3bd18e844: ;   {metadata('it/unimi/dsi/fastutil/longs/Long2ObjectOpenHashMap')}
  0x000001b3bd18e844: 0841 81fb | 20ae 0601 | 0f85 0e26 | 0000 4d8d | 1cec 418b | 6b20 458b 

  0x000001b3bd18e85c: ;   {metadata('it/unimi/dsi/fastutil/longs/Long2ObjectOpenHashMap$1')}
  0x000001b3bd18e85c: 54ec 0841 | 81fa 48c4 | 0a01 0f85 | 0826 0000 | 4d8d 14ec | 458b 420c 

  0x000001b3bd18e874: ; implicit exception: dispatches to 0x000001b3bd1919c4
  0x000001b3bd18e874: 478b 54c4 | 3445 85d2 | 0f84 4705 | 0000 478b | 5cc4 2843 | 0fb6 4cc4 | 3c41 83fa | 010f 8e0d 
  0x000001b3bd18e894: 2600 0041 | b9ff ffff | ffeb 2644 | 8b54 2438 | 4585 d20f | 8e17 0500 | 0048 8b5c | 2420 448b 
  0x000001b3bd18e8b4: 4424 3c44 | 8b5c 2440 | 8b4c 2444 | 448b 4c24 | 4843 8b7c | c414 4585 | d20f 843e | 2000 0041 
  0x000001b3bd18e8d4: ffca 85c9 | 0f85 231c | 0000 438b | 74c4 1041 | ffcb 4585 | db0f 8c71 | 2000 0041 | 8b54 f40c 
  0x000001b3bd18e8f4: 498d 04f4 | 443b da0f | 8327 1e00 | 004e 8b6c | d810 4d8b | 7730 33ed | 4c3b edbd | ffff ffff 
  0x000001b3bd18e914: 7c08 400f | 95c5 400f 

  0x000001b3bd18e91c: ; ImmutableOopMap {r8=NarrowOop rbx=Oop rdi=NarrowOop rsi=NarrowOop rax=Oop [24]=Oop [48]=Oop }
                      ;*ifeq {reexecute=1 rethrow=0 return_oop=0}
                      ; - (reexecute) it.unimi.dsi.fastutil.longs.Long2ObjectOpenHashMap$MapIterator::nextEntry@145 (line 681)
                      ; - it.unimi.dsi.fastutil.longs.Long2ObjectOpenHashMap$ValueIterator::next@8 (line 1185)
                      ; - com.szymc.voxel_engine.Engine::render@150 (line 239)
                      ;   {poll}
  0x000001b3bd18e91c: b6ed 4185 | 064d 85ed | 7552 41ff | cb45 85db | 7dca ba45 | ffff ff48 | 8beb 488b | 5c24 1848 
  0x000001b3bd18e93c: 891c 2448 | 8b5c 2430 | 4889 5c24 | 0889 7c24 | 1044 895c | 2418 4489 | 4c24 1c44 | 8954 2420 
  0x000001b3bd18e95c: 894c 2424 | 4489 4424 | 2c89 7424 

  0x000001b3bd18e968: ;   {runtime_call UncommonTrapBlob}
  0x000001b3bd18e968: 3066 90e8 

  0x000001b3bd18e96c: ; ImmutableOopMap {rbp=Oop [0]=Oop [8]=Oop [16]=NarrowOop [44]=NarrowOop [48]=NarrowOop }
                      ;*ifge {reexecute=1 rethrow=0 return_oop=0}
                      ; - (reexecute) it.unimi.dsi.fastutil.longs.Long2ObjectOpenHashMap$MapIterator::nextEntry@69 (line 673)
                      ; - it.unimi.dsi.fastutil.longs.Long2ObjectOpenHashMap$ValueIterator::next@8 (line 1185)
                      ; - com.szymc.voxel_engine.Engine::render@150 (line 239)
  0x000001b3bd18e96c: 7055 91ff 

  0x000001b3bd18e970: ;   {post_call_nop}
  0x000001b3bd18e970: 0f1f 8400 | 680b 000c | 458b cb41 | 8b74 fc0c | 443b ce0f | 833b 1e00 | 0048 c1e7 | 0342 8b6c 
  0x000001b3bd18e990: 8f10 418b 

  0x000001b3bd18e994: ;   {metadata('com/szymc/voxel_engine/ChunkColumn')}
  0x000001b3bd18e994: 7cec 0881 | ff18 760a | 010f 8599 | 2a00 008b | 531c 498d | 3cec 418b | 74d4 288b | 570c c1e2 
  0x000001b3bd18e9b4: 05c5 f96e | c2c5 f85b | c083 c220 | c5f9 6eda | c5f8 5bdb | 8b47 10c1 | e005 c5f9 | 6ed0 c5f8 
  0x000001b3bd18e9d4: 5bd2 83c0 | 20c5 f96e | e8c5 f85b | ed85 f60f | 8417 1e00 | 0048 897c | 2428 4489 | 4c24 4889 
  0x000001b3bd18e9f4: 4c24 4444 | 895c 2440 | 4489 5424 | 3844 8944 | 243c 4889 | 5c24 2049 | 8d14 f4c5 

  0x000001b3bd18ea10: ;   {section_word}
  0x000001b3bd18ea10: f057 c9c5 | fa10 25e5 

  0x000001b3bd18ea18: ;   {optimized virtual_call}
  0x000001b3bd18ea18: f4ff ffe8 

  0x000001b3bd18ea1c: ; ImmutableOopMap {[24]=Oop [32]=Oop [40]=Oop [48]=Oop [60]=NarrowOop }
                      ;*invokevirtual testAab {reexecute=0 rethrow=0 return_oop=0}
                      ; - com.szymc.voxel_engine.Engine::render@221 (line 242)
  0x000001b3bd18ea1c: 70b6 0300 

  0x000001b3bd18ea20: ;   {post_call_nop}
  0x000001b3bd18ea20: 0f1f 8400 | 180c 000d | 85c0 0f84 | 6ffe ffff | 448b 5424 | 3c44 8954 | 2414 4489 | 5424 1044 
  0x000001b3bd18ea40: 8b54 2444 | 4489 5424 | 0c44 8b5c | 2438 4489 | 5c24 0844 | 8b54 2448 | 4489 5424 | 0444 8b54 
  0x000001b3bd18ea60: 2440 4489 | 1424 4533 | c9e9 d600 | 0000 41c1 | f804 4c8b | 5c24 304d | 8b5b 104b | 8d3c 9345 
  0x000001b3bd18ea80: 33c9 448b | 5424 3c44 

  0x000001b3bd18ea88: ;   {static_call}
  0x000001b3bd18ea88: 8914 24e8 

  0x000001b3bd18ea8c: ; ImmutableOopMap {rbp=Oop [0]=NarrowOop [24]=Oop [32]=Oop [40]=Oop [48]=Oop [60]=NarrowOop [80]=NarrowOop }
                      ;*invokestatic nglUniformMatrix4fv {reexecute=0 rethrow=0 return_oop=0}
                      ; - org.lwjgl.opengl.GL20C::glUniformMatrix4fv@12 (line 734)
                      ; - org.lwjgl.opengl.GL20::glUniformMatrix4fv@3 (line 791)
                      ; - com.szymc.localShaders.Shader::setMatrix@7 (line 86)
                      ; - com.szymc.localShaders.WorldShader::setModel@7 (line 43)
                      ; - com.szymc.voxel_engine.Engine::render@403 (line 269)
  0x000001b3bd18ea8c: 80f5 f8ff 

  0x000001b3bd18ea90: ;   {post_call_nop}
  0x000001b3bd18ea90: 0f1f 8400 | 880c 000e | 448b 5424 | 5047 8b54 | d424 4489 | 1424 438b | 54d4 0c4b | 8d2c d444 
  0x000001b3bd18eab0: 8b5c 243c | 4489 5c24 

  0x000001b3bd18eab8: ;   {static_call}
  0x000001b3bd18eab8: 0466 90e8 

  0x000001b3bd18eabc: ; ImmutableOopMap {rbp=Oop [0]=NarrowOop [4]=NarrowOop [24]=Oop [32]=Oop [40]=Oop [48]=Oop [60]=NarrowOop }
                      ;*invokestatic glBindVertexArray {reexecute=0 rethrow=0 return_oop=0}
                      ; - org.lwjgl.opengl.GL30::glBindVertexArray@1 (line 2283)
                      ; - com.szymc.voxel_engine.Mesh::render@4 (line 74)
                      ; - com.szymc.voxel_engine.Engine::render@411 (line 271)
  0x000001b3bd18eabc: d0f1 f7ff 

  0x000001b3bd18eac0: ;   {post_call_nop}
  0x000001b3bd18eac0: 0f1f 8400 | b80c 000f | 448b 1424 | 478b 44d4 | 18ba 0400 | 0000 41b9 | 0514 0000 

  0x000001b3bd18eadc: ;   {static_call}
  0x000001b3bd18eadc: 33ff 90e8 

  0x000001b3bd18eae0: ; ImmutableOopMap {[4]=NarrowOop [24]=Oop [32]=Oop [40]=Oop [48]=Oop [60]=NarrowOop }
                      ;*invokestatic nglDrawElements {reexecute=0 rethrow=0 return_oop=0}
                      ; - org.lwjgl.opengl.GL11C::glDrawElements@4 (line 543)
                      ; - org.lwjgl.opengl.GL11::glDrawElements@4 (line 1870)
                      ; - com.szymc.voxel_engine.Mesh::render@16 (line 75)
                      ; - com.szymc.voxel_engine.Engine::render@411 (line 271)
  0x000001b3bd18eae0: aca2 f9ff 

  0x000001b3bd18eae4: ;   {post_call_nop}
  0x000001b3bd18eae4: 0f1f 8400 | dc0c 0010 

  0x000001b3bd18eaec: ;   {static_call}
  0x000001b3bd18eaec: 33d2 90e8 

  0x000001b3bd18eaf0: ; ImmutableOopMap {[4]=NarrowOop [24]=Oop [32]=Oop [40]=Oop [48]=Oop [60]=NarrowOop }
                      ;*invokestatic glBindVertexArray {reexecute=0 rethrow=0 return_oop=0}
                      ; - org.lwjgl.opengl.GL30::glBindVertexArray@1 (line 2283)
                      ; - com.szymc.voxel_engine.Mesh::render@20 (line 76)
                      ; - com.szymc.voxel_engine.Engine::render@411 (line 271)
  0x000001b3bd18eaf0: 9cf1 f7ff 

  0x000001b3bd18eaf4: ;   {post_call_nop}
  0x000001b3bd18eaf4: 0f1f 8400 | ec0c 0011 | 448b 5424 | 0444 8954 | 2414 4489 | 5424 1044 | 8b54 2444 | 4489 5424 
  0x000001b3bd18eb14: 0c44 8b5c | 2438 4489 | 5c24 0844 | 8b54 2448 | 4489 5424 | 0444 8b5c | 2440 4489 | 1c24 448b 
  0x000001b3bd18eb34: 4c24 4c41 | ffc1 4183 | f910 0f8d | 5bfd ffff | 4c8b 5424 | 2845 8b52 | 2047 8b5c | d40c 458d 
  0x000001b3bd18eb54: 43ff 453b | c80f 8ff9 | 1a00 0045 | 3bcb 0f83 | 201a 0000 | 49c1 e203 | 478b 548a | 1045 85d2 
  0x000001b3bd18eb74: 74c1 4489 | 5424 5044 | 894c 244c | 478b 5cd4 | 2445 85db | 0f84 e21b | 0000 478b | 54d4 1444 
  0x000001b3bd18eb94: 8954 2454 | 4c8b 5424 | 2045 8b52 | 1c44 8b4c | 2454 4183 | c120 448b | 5c24 5043 | 8b5c dc10 
  0x000001b3bd18ebb4: 438b 4cdc | 0c44 8d43 | 108d 7120 

  0x000001b3bd18ebc0: ; implicit exception: dispatches to 0x000001b3bd1914f4
  0x000001b3bd18ebc0: 478b 5cd4 | 28c5 f96e | dec5 f85b | dbc4 c179 | 6ee0 c5f8 | 5be4 c4c1 | 796e e9c5 | f85b edc5 
  0x000001b3bd18ebe0: f96e cbc5 | f85b c9c5 | f96e c1c5 | f85b c044 

  0x000001b3bd18ebf0: ;   {other}
  0x000001b3bd18ebf0: 8b54 2454 | c4c1 796e | f2c5 f85b | f645 85db | 0f84 e619 | 0000 c5fa | 1174 2460 | c5fa 1144 
  0x000001b3bd18ec10: 245c c5fa | 114c 2458 | 4b8d 14dc | 448b 5c24 | 504b 8d2c | dcc5 f828 | d689 4c24 | 6489 5c24 
  0x000001b3bd18ec30: ;   {optimized virtual_call}
  0x000001b3bd18ec30: 6866 90e8 

  0x000001b3bd18ec34: ; ImmutableOopMap {rbp=Oop [16]=NarrowOop [20]=NarrowOop [24]=Oop [32]=Oop [40]=Oop [48]=Oop [60]=NarrowOop [80]=NarrowOop }
                      ;*invokevirtual testAab {reexecute=0 rethrow=0 return_oop=0}
                      ; - com.szymc.voxel_engine.Engine::render@344 (line 259)
  0x000001b3bd18ec34: 58b4 0300 

  0x000001b3bd18ec38: ;   {post_call_nop}
  0x000001b3bd18ec38: 0f1f 8400 | 300e 0012 | 85c0 0f84 | 7201 0000 | 4c8b 5424 | 2045 8b42 | 4c45 85c0 | 0f84 621a 
  0x000001b3bd18ec58: 0000 c5fa | 104c 2460 | c481 7a11 | 4cc4 14c5 | fa10 4424 | 58c4 817a | 1144 c410 | c5fa 105c 
  0x000001b3bd18ec78: 245c c481 | 7a11 5cc4 | 0c45 8b5a | 5045 85db | 0f84 4e1a | 0000 41ba | 0400 0000 | 4785 54dc 
  0x000001b3bd18ec98: 4c75 6043 | c744 dc48 | 0000 803f | 43c7 44dc | 0c00 0080 | 3f47 8964 | dc10 4789 | 64dc 1447 
  0x000001b3bd18ecb8: 8964 dc18 | 4789 64dc | 1c43 c744 | dc20 0000 | 803f 4789 | 64dc 2447 | 8964 dc28 | 4789 64dc 
  0x000001b3bd18ecd8: 2c47 8964 | dc30 43c7 | 44dc 3400 | 0080 3f47 | 8964 dc38 | 4789 64dc | 3c47 8964 | dc40 4789 
  0x000001b3bd18ecf8: 64dc 44c4 | 817a 114c | dc44 c481 | 7a11 44dc | 40c4 817a | 115c dc3c | 43c7 44dc | 4c1a 0000 
  0x000001b3bd18ed18: 004c 8b54 | 2420 458b | 4224 438b | 54c4 184f | 8d04 dc4c | 8b54 2430 | 4d8b 5210 

  0x000001b3bd18ed34: ;   {other}
  0x000001b3bd18ed34: 4d8b ca4c | 8b54 2430 | 458b 5218 | 41c1 e202 | 4d63 d24d | 03ca 4f8b | 54dc 0c4d | 8911 4f8b 
  0x000001b3bd18ed54: 54dc 144d | 8951 084f | 8b54 dc1c | 4d89 5110 | 4f8b 54dc | 244d 8951 | 184f 8b54 | dc2c 4d89 
  0x000001b3bd18ed74: 5120 41bb | 0500 0000 | 468d 14dd | 0000 0000 | 4d63 d24b | 8b4c 100c | 4b89 0c11 | 41ff c341 
  0x000001b3bd18ed94: 83fb 087c | e34c 8b54 | 2430 458b | 421c 458b | 5218 452b | c245 85c0 | 0f8f bcfc | ffff 4533 
  0x000001b3bd18edb4: c0e9 b8fc | ffff 448b | 4c24 4ce9 | 73fd ffff | 488b 5c24 | 2044 3b63 | 240f 8409 | 2100 0048 
  0x000001b3bd18edd4: 8beb 33d2 

  0x000001b3bd18edd8: ;   {static_call}
  0x000001b3bd18edd8: 6666 90e8 

  0x000001b3bd18eddc: ; ImmutableOopMap {rbp=Oop [24]=Oop [48]=Oop }
                      ;*invokestatic glUseProgram {reexecute=0 rethrow=0 return_oop=0}
                      ; - org.lwjgl.opengl.GL20::glUseProgram@1 (line 398)
                      ; - com.szymc.localShaders.Shader::stop@1 (line 82)
                      ; - com.szymc.voxel_engine.Engine::render@427 (line 275)
  0x000001b3bd18eddc: 30cd f9ff 

  0x000001b3bd18ede0: ;   {post_call_nop}
  0x000001b3bd18ede0: 0f1f 8400 | d80f 0013 | 4c8b d541 | 8b6a 2885 | ed0f 84fd | 2000 004c | 8914 244d | 8d14 ec4c 
  0x000001b3bd18ee00: 8954 2408 

  0x000001b3bd18ee04: ;   {optimized virtual_call}
  0x000001b3bd18ee04: 498b d2e8 

  0x000001b3bd18ee08: ; ImmutableOopMap {rbp=NarrowOop [0]=Oop [8]=Oop [24]=Oop [48]=Oop }
                      ;*invokespecial start {reexecute=0 rethrow=0 return_oop=0}
                      ; - com.szymc.localShaders.EntityShader::start@1 (line 28)
                      ; - com.szymc.voxel_engine.Engine::render@434 (line 276)
  0x000001b3bd18ee08: 1467 5df8 

  0x000001b3bd18ee0c: ;   {post_call_nop}
  0x000001b3bd18ee0c: 0f1f 8400 | 0410 0014 | 453b 64ec | 2474 39ba | c084 0000 

  0x000001b3bd18ee20: ;   {static_call}
  0x000001b3bd18ee20: 6666 90e8 

  0x000001b3bd18ee24: ; ImmutableOopMap {rbp=NarrowOop [0]=Oop [8]=Oop [24]=Oop [48]=Oop }
                      ;*invokestatic glActiveTexture {reexecute=0 rethrow=0 return_oop=0}
                      ; - org.lwjgl.opengl.GL13::glActiveTexture@1 (line 570)
                      ; - com.szymc.localShaders.EntityShader::start@13 (line 30)
                      ; - com.szymc.voxel_engine.Engine::render@434 (line 276)
  0x000001b3bd18ee24: e8cf f9ff 

  0x000001b3bd18ee28: ;   {post_call_nop}
  0x000001b3bd18ee28: 0f1f 8400 | 2010 0015 | 458b 5cec | 2445 85db | 0f84 6a22 | 0000 4b8d | 14dc 4533 

  0x000001b3bd18ee44: ;   {optimized virtual_call}
  0x000001b3bd18ee44: c066 90e8 

  0x000001b3bd18ee48: ; ImmutableOopMap {[0]=Oop [24]=Oop [48]=Oop }
                      ;*invokevirtual bind {reexecute=0 rethrow=0 return_oop=0}
                      ; - com.szymc.localShaders.EntityShader::start@21 (line 31)
                      ; - com.szymc.voxel_engine.Engine::render@434 (line 276)
  0x000001b3bd18ee48: 5464 54f8 

  0x000001b3bd18ee4c: ;   {post_call_nop}
  0x000001b3bd18ee4c: 0f1f 8400 | 4410 0016 | 4c8b 1424 | 418b 721c | 458b 5a28 

  0x000001b3bd18ee60: ; implicit exception: dispatches to 0x000001b3bd1919f4
  0x000001b3bd18ee60: 458b 4cf4 | 1841 8b4c | f424 458b | 44f4 3441 | 8b5c f41c | 4585 c90f | 848f 2000 | 00c4 c17a 
  0x000001b3bd18ee80: 1044 dc0c | c481 7a58 | 7ccc 0c45 | 85c0 0f84 | a820 0000 | c481 7a11 | 7cc4 0c41 | 8b7c f42c 
  0x000001b3bd18eea0: c4c1 7a10 | 44dc 10c4 | c17a 1054 | dc14 c481 | 7a58 44cc | 10c4 816a | 5854 cc14 | c481 7a11 
  0x000001b3bd18eec0: 44c4 10c4 | 817a 1154 | c414 418b | 6cfc 4c83 | e504 0f85 | 3c24 0000 | 41c7 44fc | 4800 0080 
  0x000001b3bd18eee0: 3f45 8b44 | f420 41c7 | 44fc 4c1e | 0000 0045 | 8964 fc44 | 41c7 44fc | 0c00 0080 | 3f45 8964 
  0x000001b3bd18ef00: fc10 4589 | 64fc 1445 | 8964 fc18 | 4589 64fc | 1c41 c744 | fc20 0000 | 803f 4589 | 64fc 2445 
  0x000001b3bd18ef20: 8964 fc28 | 4589 64fc | 2c45 8964 | fc30 41c7 | 44fc 3400 | 0080 3f45 | 8964 fc38 | 4589 64fc 
  0x000001b3bd18ef40: 3c45 8964 | fc40 c481 

  0x000001b3bd18ef48: ;   {other}
  0x000001b3bd18ef48: 7a10 5cc4 | 1041 c744 | fc4c 1200 | 0000 c401 | 7a10 54cc | 14c4 817a | 104c c40c | 6281 7e08 
  0x000001b3bd18ef68: 1044 c405 | c5aa 5ce2 | c401 7a10 | 64cc 10c5 | da59 d4c5 | 9a5c e8c4 | 017a 105c | cc0c c5d2 
  0x000001b3bd18ef88: 59c5 c5a2 | 5cff c5c2 | 59f7 c5ca | 58f0 c5ca | 58c2 c5fa 

  0x000001b3bd18ef9c: ;   {section_word}
  0x000001b3bd18ef9c: 51c0 c5fa | 1015 66ef | ffff c5ea | 5ed0 c55a | 59ea c441 | 7a11 6cfc | 34c5 4259 | fac4 417a 
  0x000001b3bd18efbc: 117c fc14 | c4c1 1259 | c2c4 c102 | 59f3 c4c1 | 6259 e762 | 517e 0059 | c7c4 c172 | 59fd c441 
  0x000001b3bd18efdc: 6259 cdc5 | ba5c dfc5 | 5259 c2c4 | 417a 1144 | fc24 c5e2 | 59eb c4c1 | 3a59 d4c4 | c172 59f8 
  0x000001b3bd18effc: c5ca 58ca | c542 5cf4 | c5f2 58c8 | c4c1 0a59 | c662 d17e | 0059 e0c5 | b25c d4c5 | ea59 f2c5 
  0x000001b3bd18f01c: ca58 e5c5 

  0x000001b3bd18f020: ;   {external_word}
  0x000001b3bd18f020: da58 e0c5 | f057 0d15 | 2b7e ffc4 | c17a 114c | fc44 c5da 

  0x000001b3bd18f034: ;   {section_word}
  0x000001b3bd18f034: 51e4 c5fa | 1005 ceee | ffff c5fa | 5ec4 c5ea | 59d0 c4c1 | 7a11 54fc | 0cc5 e259 | c8c4 c17a 
  0x000001b3bd18f054: 114c fc1c | c5ba 59e2 | c582 59d9 | c4c1 7259 | f4c5 e25c | dcc4 c17a | 115c fc30 | c592 59e1 
  0x000001b3bd18f074: c4c1 6259 | cac5 9259 | eac4 c16a | 59d3 c58a | 59d8 c4c1 | 7a11 5cfc | 2cc5 ea58 | c6c4 c162 
  0x000001b3bd18f094: 59f2 c582 | 59d3 c5fa | 58f6 c5d2 | 5cc2 c4c1 | 7a11 44fc | 20c5 ba59 | dbc4 c17a | 59c4 c5e2 
  0x000001b3bd18f0b4: 5cdc c4c1 | 7a11 5cfc | 10c4 c162 | 59d3 c5ea | 58d0 c5ea 

  0x000001b3bd18f0c8: ;   {external_word}
  0x000001b3bd18f0c8: 58c1 c5c8 | 5715 6e2a | 7eff c4c1 | 7a11 54fc 

  0x000001b3bd18f0d8: ;   {external_word}
  0x000001b3bd18f0d8: 3cc5 f857 | 055f 2a7e | ffc4 c17a | 1144 fc40 

  0x000001b3bd18f0e8: ; implicit exception: dispatches to 0x000001b3bd191a70
  0x000001b3bd18f0e8: 478b 44dc | 104f 8d14 | dc4c 8954 | 2410 4489 | 5c24 084d | 8d14 fc4c | 8954 2420 | 4c8b c949 
  0x000001b3bd18f108: c1e1 0348 | 8b54 2410 | 488b 7c24 | 3048 8bef 

  0x000001b3bd18f118: ;   {optimized virtual_call}
  0x000001b3bd18f118: 6666 90e8 

  0x000001b3bd18f11c: ; ImmutableOopMap {rbp=Oop [0]=Oop [8]=NarrowOop [16]=Oop [24]=Oop [32]=Oop [48]=Oop }
                      ;*invokevirtual setMatrix {reexecute=0 rethrow=0 return_oop=0}
                      ; - com.szymc.localShaders.EntityShader::setCamera@7 (line 40)
                      ; - com.szymc.voxel_engine.Engine::render@456 (line 277)
  0x000001b3bd18f11c: f057 0000 

  0x000001b3bd18f120: ;   {post_call_nop}
  0x000001b3bd18f120: 0f1f 8400 | 1813 0017 | 448b 5c24 | 0847 8b44 | dc14 488b | 5424 104c | 8b4c 2420 

  0x000001b3bd18f13c: ;   {optimized virtual_call}
  0x000001b3bd18f13c: 488b fde8 

  0x000001b3bd18f140: ; ImmutableOopMap {rbp=Oop [0]=Oop [24]=Oop [48]=Oop }
                      ;*invokevirtual setMatrix {reexecute=0 rethrow=0 return_oop=0}
                      ; - com.szymc.localShaders.EntityShader::setCamera@17 (line 41)
                      ; - com.szymc.voxel_engine.Engine::render@456 (line 277)
  0x000001b3bd18f140: cc57 0000 

  0x000001b3bd18f144: ;   {post_call_nop}
  0x000001b3bd18f144: 0f1f 8400 | 3c13 0018 

  0x000001b3bd18f14c: ;   {oop(a 'java/lang/Class'{0x000000060d508158} = 'com/szymc/voxel_engine/EntityItem')}
  0x000001b3bd18f14c: 49ba 5881 | 500d 0600 | 0000 418b | 9284 0000 

  0x000001b3bd18f15c: ;   {static_call}
  0x000001b3bd18f15c: 0066 90e8 

  0x000001b3bd18f160: ; ImmutableOopMap {rbp=Oop [0]=Oop [24]=Oop [48]=Oop }
                      ;*invokestatic glBindVertexArray {reexecute=0 rethrow=0 return_oop=0}
                      ; - org.lwjgl.opengl.GL30::glBindVertexArray@1 (line 2283)
                      ; - com.szymc.voxel_engine.Engine::render@462 (line 279)
  0x000001b3bd18f160: 2ceb f7ff 

  0x000001b3bd18f164: ;   {post_call_nop}
  0x000001b3bd18f164: 0f1f 8400 | 5c13 0019 | 4c8b 0424 | 458b 5020 

  0x000001b3bd18f174: ; implicit exception: dispatches to 0x000001b3bd191aa0
  0x000001b3bd18f174: 438b 6cd4 | 3845 8b5c 

  0x000001b3bd18f17c: ;   {metadata('it/unimi/dsi/fastutil/ints/Int2ObjectOpenHashMap')}
  0x000001b3bd18f17c: ec08 4181 | fb48 d506 | 010f 859d | 1e00 004d | 8d1c ec41 | 8b6b 2045 | 8b54 ec08 

  0x000001b3bd18f198: ;   {metadata('it/unimi/dsi/fastutil/ints/Int2ObjectOpenHashMap$1')}
  0x000001b3bd18f198: 4181 fa40 | 650a 010f | 8597 1e00 | 004d 8d14 | ec45 8b52 | 0c43 8b4c | d434 85c9 | 0f85 8a21 
  0x000001b3bd18f1b8: 0000 453b | 6028 0f84 | a81d 0000 | 498b e833 

  0x000001b3bd18f1c8: ;   {static_call}
  0x000001b3bd18f1c8: d266 90e8 

  0x000001b3bd18f1cc: ; ImmutableOopMap {rbp=Oop [0]=Oop [24]=Oop [48]=Oop }
                      ;*invokestatic glUseProgram {reexecute=0 rethrow=0 return_oop=0}
                      ; - org.lwjgl.opengl.GL20::glUseProgram@1 (line 398)
                      ; - com.szymc.localShaders.Shader::stop@1 (line 82)
                      ; - com.szymc.voxel_engine.Engine::render@732 (line 301)
  0x000001b3bd18f1cc: 40c9 f9ff 

  0x000001b3bd18f1d0: ;   {post_call_nop}
  0x000001b3bd18f1d0: 0f1f 8400 | c813 001a | 448b 5d24 

  0x000001b3bd18f1dc: ; implicit exception: dispatches to 0x000001b3bd191ae8
  0x000001b3bd18f1dc: 438b 54dc 

  0x000001b3bd18f1e0: ;   {static_call}
  0x000001b3bd18f1e0: 0c66 90e8 

  0x000001b3bd18f1e4: ; ImmutableOopMap {rbp=Oop [0]=Oop [24]=Oop [48]=Oop }
                      ;*invokestatic glUseProgram {reexecute=0 rethrow=0 return_oop=0}
                      ; - org.lwjgl.opengl.GL20::glUseProgram@1 (line 398)
                      ; - com.szymc.localShaders.Shader::start@4 (line 78)
                      ; - com.szymc.voxel_engine.Engine::render@739 (line 302)
  0x000001b3bd18f1e4: 28c9 f9ff 

  0x000001b3bd18f1e8: ;   {post_call_nop}
  0x000001b3bd18f1e8: 0f1f 8400 | e013 001b | bae2 0b00 

  0x000001b3bd18f1f4: ;   {static_call}
  0x000001b3bd18f1f4: 0066 90e8 

  0x000001b3bd18f1f8: ; ImmutableOopMap {rbp=Oop [0]=Oop [24]=Oop [48]=Oop }
                      ;*invokestatic glEnable {reexecute=0 rethrow=0 return_oop=0}
                      ; - org.lwjgl.opengl.GL11::glEnable@1 (line 724)
                      ; - com.szymc.voxel_engine.Engine::render@745 (line 304)
  0x000001b3bd18f1f8: 14d9 f8ff 

  0x000001b3bd18f1fc: ;   {post_call_nop}
  0x000001b3bd18f1fc: 0f1f 8400 | f413 001c | ba01 0000 

  0x000001b3bd18f208: ;   {static_call}
  0x000001b3bd18f208: 0066 90e8 

  0x000001b3bd18f20c: ; ImmutableOopMap {rbp=Oop [0]=Oop [24]=Oop [48]=Oop }
                      ;*invokestatic glDepthMask {reexecute=0 rethrow=0 return_oop=0}
                      ; - org.lwjgl.opengl.GL11::glDepthMask@1 (line 1780)
                      ; - com.szymc.voxel_engine.Engine::render@749 (line 305)
  0x000001b3bd18f20c: 00ae fcff 

  0x000001b3bd18f210: ;   {post_call_nop}
  0x000001b3bd18f210: 0f1f 8400 | 0814 001d | 448b 5d20 

  0x000001b3bd18f21c: ; implicit exception: dispatches to 0x000001b3bd191afc
  0x000001b3bd18f21c: 438b 6cdc | 3045 8b54 

  0x000001b3bd18f224: ;   {metadata('it/unimi/dsi/fastutil/longs/Long2ObjectOpenHashMap')}
  0x000001b3bd18f224: ec08 4181 | fa20 ae06 | 010f 851d | 1e00 004d | 8d14 ec41 | 8b6a 2045 | 8b5c ec08 

  0x000001b3bd18f240: ;   {metadata('it/unimi/dsi/fastutil/longs/Long2ObjectOpenHashMap$1')}
  0x000001b3bd18f240: 4181 fb48 | c40a 010f | 8517 1e00 | 0049 8b87 | b001 0000 | 4c8b d049 | 83c2 2848 | c1e5 034d 
  0x000001b3bd18f260: 3b97 c001 | 0000 0f83 | 8916 0000 | 4d89 97b0 | 0100 0041 | 0f18 8200 | 0100 0048 | c700 0100 
  0x000001b3bd18f280: 0000 4c8b | d049 83c2 

  0x000001b3bd18f288: ;   {metadata('it/unimi/dsi/fastutil/longs/Long2ObjectOpenHashMap$ValueIterator')}
  0x000001b3bd18f288: 10c7 4008 | a0c8 0a01 | 4489 600c | c5fd efc0 | 41b8 0700 | 0000 c4c1 | 7892 f862 | d1fe 2f7f 
  0x000001b3bd18f2a8: 024c 8bd0 | 448b 450c | 4589 4224 | 4589 4220 

  0x000001b3bd18f2b8: ; implicit exception: dispatches to 0x000001b3bd191b2c
  0x000001b3bd18f2b8: 478b 5cc4 | 3445 895a | 1441 c742 | 10ff ffff | ff43 8b4c | c428 4189 | 4a0c 470f | b644 c43c 
  0x000001b3bd18f2d8: 4588 4218 | 4585 db0f | 852c 0700 | 004c 8b14 | 2441 8b6a | 3885 ed0f | 8587 2000 | 0045 8b5a 
  0x000001b3bd18f2f8: 2445 85db | 0f84 821c | 0000 4b8d 

  0x000001b3bd18f304: ;   {optimized virtual_call}
  0x000001b3bd18f304: 14dc 90e8 

  0x000001b3bd18f308: ; ImmutableOopMap {[0]=Oop [24]=Oop }
                      ;*invokevirtual stop {reexecute=0 rethrow=0 return_oop=0}
                      ; - com.szymc.voxel_engine.Engine::render@1270 (line 375)
  0x000001b3bd18f308: 14f9 3af8 

  0x000001b3bd18f30c: ;   {post_call_nop}
  0x000001b3bd18f30c: 0f1f 8400 | 0415 001e | 4c8b 1424 | 458b 5240 | 4585 d20f | 8477 1c00 | 004b 8d14 | d441 b840 
  0x000001b3bd18f32c: 0600 0041 | b984 0300 

  0x000001b3bd18f334: ;   {optimized virtual_call}
  0x000001b3bd18f334: 0066 90e8 

  0x000001b3bd18f338: ; ImmutableOopMap {[0]=Oop [24]=Oop }
                      ;*invokevirtual beginUiRendering {reexecute=0 rethrow=0 return_oop=0}
                      ; - com.szymc.voxel_engine.Engine::render@1283 (line 377)
  0x000001b3bd18f338: d4d0 ffff 

  0x000001b3bd18f33c: ;   {post_call_nop}
  0x000001b3bd18f33c: 0f1f 8400 | 3415 001f | 488b 2c24 | 448b 5d40 | 448b 450c | 4585 db0f | 845b 1c00 | 004b 8d14 
  0x000001b3bd18f35c: ;   {section_word}
  0x000001b3bd18f35c: dcc5 fa10 | 05eb ebff 

  0x000001b3bd18f364: ;   {section_word}
  0x000001b3bd18f364: ffc5 fa10 | 0ddf ebff 

  0x000001b3bd18f36c: ;   {section_word}
  0x000001b3bd18f36c: ffc5 fa10 | 15c3 ebff 

  0x000001b3bd18f374: ;   {section_word}
  0x000001b3bd18f374: ffc5 fa10 | 1dbb ebff 

  0x000001b3bd18f37c: ;   {optimized virtual_call}
  0x000001b3bd18f37c: ff66 90e8 

  0x000001b3bd18f380: ; ImmutableOopMap {rbp=Oop [0]=Oop [24]=Oop }
                      ;*invokevirtual drawTexture {reexecute=0 rethrow=0 return_oop=0}
                      ; - com.szymc.voxel_engine.Engine::render@1314 (line 381)
  0x000001b3bd18f380: 3c6c 54f8 

  0x000001b3bd18f384: ;   {post_call_nop}
  0x000001b3bd18f384: 0f1f 8400 | 7c15 0020 | 448b 5540 | 4585 d20f | 8433 1c00 | 004b 8d14 

  0x000001b3bd18f39c: ;   {section_word}
  0x000001b3bd18f39c: d4c5 fa10 | 0db3 ebff 

  0x000001b3bd18f3a4: ;   {section_word}
  0x000001b3bd18f3a4: ffc5 fa10 | 1da7 ebff 

  0x000001b3bd18f3ac: ;   {section_word}
  0x000001b3bd18f3ac: ffc5 fa10 | 058b ebff 

  0x000001b3bd18f3b4: ;   {section_word}
  0x000001b3bd18f3b4: ffc5 fa10 | 157f ebff 

  0x000001b3bd18f3bc: ;   {section_word}
  0x000001b3bd18f3bc: ffc5 fa10 | 255f ebff 

  0x000001b3bd18f3c4: ;   {section_word}
  0x000001b3bd18f3c4: ffc5 fa10 | 2d57 ebff 

  0x000001b3bd18f3cc: ;   {section_word}
  0x000001b3bd18f3cc: ffc5 fa10 | 354f ebff 

  0x000001b3bd18f3d4: ;   {section_word}
  0x000001b3bd18f3d4: ffc5 fa10 | 3d57 ebff 

  0x000001b3bd18f3dc: ;   {optimized virtual_call}
  0x000001b3bd18f3dc: ff66 90e8 

  0x000001b3bd18f3e0: ; ImmutableOopMap {rbp=Oop [0]=Oop [24]=Oop }
                      ;*invokevirtual drawRect {reexecute=0 rethrow=0 return_oop=0}
                      ; - com.szymc.voxel_engine.Engine::render@1372 (line 384)
  0x000001b3bd18f3e0: ac32 0000 

  0x000001b3bd18f3e4: ;   {post_call_nop}
  0x000001b3bd18f3e4: 0f1f 8400 | dc15 0021 | 448b 5d30 | 4585 db0f | 84e7 1b00 | 004b 8d14 

  0x000001b3bd18f3fc: ;   {optimized virtual_call}
  0x000001b3bd18f3fc: dc66 90e8 

  0x000001b3bd18f400: ; ImmutableOopMap {[0]=Oop [24]=Oop }
                      ;*invokevirtual getInventory {reexecute=0 rethrow=0 return_oop=1}
                      ; - com.szymc.voxel_engine.Engine::render@1379 (line 385)
  0x000001b3bd18f400: 1cac 0500 

  0x000001b3bd18f404: ;   {post_call_nop}
  0x000001b3bd18f404: 0f1f 8400 | fc15 0022 | 4889 4424 | 1033 edeb | 5f44 8954 | 2410 4c89 | 5c24 084b 

  0x000001b3bd18f420: ;   {section_word}
  0x000001b3bd18f420: 8d14 ccc5 | fa10 0d19 

  0x000001b3bd18f428: ;   {section_word}
  0x000001b3bd18f428: ebff ffc5 | fa10 15f5 

  0x000001b3bd18f430: ;   {section_word}
  0x000001b3bd18f430: eaff ffc5 | fa10 1ded 

  0x000001b3bd18f438: ;   {optimized virtual_call}
  0x000001b3bd18f438: eaff ffe8 

  0x000001b3bd18f43c: ; ImmutableOopMap {[0]=Oop [8]=Oop [24]=Oop }
                      ;*invokevirtual drawIcon {reexecute=0 rethrow=0 return_oop=0}
                      ; - com.szymc.voxel_engine.Engine::render@1493 (line 391)
  0x000001b3bd18f43c: 2082 3df8 

  0x000001b3bd18f440: ;   {post_call_nop}
  0x000001b3bd18f440: 0f1f 8400 | 3816 0023 | 488b 0c24 | 448b 4940 | 4c8b 5c24 | 0844 8b54 | 2410 660f | 1f44 0000 
  0x000001b3bd18f460: ffc5 83fd | 090f 8d02 | 0100 0048 | 890c 244c | 895c 2410 | 4c8b 0c24 | 458b 5130 

  0x000001b3bd18f47c: ; implicit exception: dispatches to 0x000001b3bd191790
  0x000001b3bd18f47c: 478b 5cd4 | 1c44 3bdd | 0f84 d600 

  0x000001b3bd18f488: ;   {section_word}
  0x000001b3bd18f488: 0000 c5fa | 1025 86ea | ffff 458b | 5940 448b | d541 c1e2 | 0645 8d82 | 0202 0000 | c4c1 796e 
  0x000001b3bd18f4a8: c0c5 f85b | c045 85db | 0f84 d615 | 0000 4489 | 5424 084b 

  0x000001b3bd18f4bc: ;   {section_word}
  0x000001b3bd18f4bc: 8d14 dcc5 | fa10 0d4d 

  0x000001b3bd18f4c4: ;   {section_word}
  0x000001b3bd18f4c4: eaff ffc5 | fa10 1539 

  0x000001b3bd18f4cc: ;   {section_word}
  0x000001b3bd18f4cc: eaff ffc5 | fa10 1d31 | eaff ffc5 | f828 ecc5 

  0x000001b3bd18f4dc: ;   {section_word}
  0x000001b3bd18f4dc: f828 f4c5 | fa10 3d29 

  0x000001b3bd18f4e4: ;   {optimized virtual_call}
  0x000001b3bd18f4e4: eaff ffe8 

  0x000001b3bd18f4e8: ; ImmutableOopMap {[0]=Oop [16]=Oop [24]=Oop }
                      ;*invokevirtual drawRect {reexecute=0 rethrow=0 return_oop=0}
                      ; - com.szymc.voxel_engine.Engine::render@1454 (line 389)
  0x000001b3bd18f4e8: a431 0000 

  0x000001b3bd18f4ec: ;   {post_call_nop}
  0x000001b3bd18f4ec: 0f1f 8400 | e416 0024 | 4c8b 5c24 | 1045 8b53 | 0c41 3bea | 0f83 b615 | 0000 450f | be44 2b10 
  0x000001b3bd18f50c: 488b 0c24 | 448b 4940 | 4585 c00f | 8443 ffff | ff8b 5c24 | 0881 c300 | 0200 00c5 | f96e c3c5 
  0x000001b3bd18f52c: f85b c045 | 85c9 0f85 | ddfe ffff | baf6 ffff | ff4c 8b4c | 2418 4c89 | 4c24 0844 | 8944 2418 
  0x000001b3bd18f54c: c5fa 1144 

  0x000001b3bd18f550: ;   {runtime_call UncommonTrapBlob}
  0x000001b3bd18f550: 241c 90e8 

  0x000001b3bd18f554: ; ImmutableOopMap {[0]=Oop [8]=Oop [16]=Oop }
                      ;*invokevirtual drawIcon {reexecute=0 rethrow=0 return_oop=0}
                      ; - com.szymc.voxel_engine.Engine::render@1493 (line 391)
  0x000001b3bd18f554: 8849 91ff 

  0x000001b3bd18f558: ;   {post_call_nop}
  0x000001b3bd18f558: 0f1f 8400 | 5017 0025 

  0x000001b3bd18f560: ;   {section_word}
  0x000001b3bd18f560: c5fa 1025 | e0e9 ffff | e925 ffff | ff45 85c9 | 0f84 7e1a | 0000 4489 | 5424 084c | 895c 2410 
  0x000001b3bd18f580: 4889 0c24 | 4b8d 14cc | 41b8 4006 | 0000 41b9 | 8403 0000 | 488b 6c24 

  0x000001b3bd18f598: ;   {optimized virtual_call}
  0x000001b3bd18f598: 1866 90e8 

  0x000001b3bd18f59c: ; ImmutableOopMap {rbp=Oop [0]=Oop [16]=Oop [24]=Oop }
                      ;*invokevirtual beginTextRendering {reexecute=0 rethrow=0 return_oop=0}
                      ; - com.szymc.voxel_engine.Engine::render@1512 (line 394)
  0x000001b3bd18f59c: 0010 46f8 

  0x000001b3bd18f5a0: ;   {post_call_nop}
  0x000001b3bd18f5a0: 0f1f 8400 | 9817 0026 | 4c8b 1424 | 458b 5a30 | 4533 c0eb | 4149 8d14 | ecbf 7003 

  0x000001b3bd18f5bc: ;   {oop(a 'com/szymc/voxel_engine/UIRenderer$TextAlignment'{0x000000060d49afc8})}
  0x000001b3bd18f5bc: 0000 48be | c8af 490d | 0600 0000 

  0x000001b3bd18f5c8: ;   {optimized virtual_call}
  0x000001b3bd18f5c8: 6666 90e8 

  0x000001b3bd18f5cc: ; ImmutableOopMap {[0]=Oop [16]=Oop [24]=Oop }
                      ;*invokevirtual renderFont {reexecute=0 rethrow=0 return_oop=0}
                      ; - com.szymc.voxel_engine.Engine::render@1575 (line 397)
  0x000001b3bd18f5cc: 40b2 0700 

  0x000001b3bd18f5d0: ;   {post_call_nop}
  0x000001b3bd18f5d0: 0f1f 8400 | c817 0027 | 4c8b 1424 | 458b 5a30 | 448b 4424 | 2041 ffc0 | 450f bec0 | 4183 f809 
  0x000001b3bd18f5f0: 0f8d 0b02 | 0000 4585 | db0f 84d9 | 1400 0044 | 8944 2420 | 498b ea4b 

  0x000001b3bd18f608: ;   {optimized virtual_call}
  0x000001b3bd18f608: 8d14 dce8 

  0x000001b3bd18f60c: ; ImmutableOopMap {rbp=Oop [16]=Oop [24]=Oop }
                      ;*invokevirtual readInventoryType {reexecute=0 rethrow=0 return_oop=0}
                      ; - com.szymc.voxel_engine.Engine::render@1531 (line 396)
  0x000001b3bd18f60c: 004b fdff 

  0x000001b3bd18f610: ;   {post_call_nop}
  0x000001b3bd18f610: 0f1f 8400 | 0818 0028 | 4c8b d545 | 8b5a 3085 | c074 bd41 | 8b6a 4045 | 85db 0f84 | 9016 0000 
  0x000001b3bd18f630: 4c89 1424 | 4b8d 14dc | 448b 4424 

  0x000001b3bd18f63c: ;   {optimized virtual_call}
  0x000001b3bd18f63c: 2066 90e8 

  0x000001b3bd18f640: ; ImmutableOopMap {rbp=NarrowOop [0]=Oop [16]=Oop [24]=Oop }
                      ;*invokevirtual readInventoryAmount {reexecute=0 rethrow=0 return_oop=0}
                      ; - com.szymc.voxel_engine.Engine::render@1547 (line 397)
  0x000001b3bd18f640: ccaf 0600 

  0x000001b3bd18f644: ;   {post_call_nop}
  0x000001b3bd18f644: 0f1f 8400 | 3c18 0029 

  0x000001b3bd18f64c: ;   {static_call}
  0x000001b3bd18f64c: 8bd0 90e8 

  0x000001b3bd18f650: ; ImmutableOopMap {rbp=NarrowOop [0]=Oop [16]=Oop [24]=Oop }
                      ;*invokestatic toString {reexecute=0 rethrow=0 return_oop=1}
                      ; - com.szymc.voxel_engine.Engine::render@1550 (line 397)
  0x000001b3bd18f650: 2c34 3cf8 

  0x000001b3bd18f654: ;   {post_call_nop}
  0x000001b3bd18f654: 0f1f 8400 | 4c18 002a | 4c8b c044 | 8b4c 2420 | 41c1 e106 | 4181 c13c | 0200 0085 | ed0f 853e 
  0x000001b3bd18f674: ffff ffba | f6ff ffff | 488b 2c24 | 4c8b 5424 | 184c 8914 | 244c 8b54 | 2410 4c89 | 5424 0848 
  0x000001b3bd18f694: 8944 2418 | 4489 4c24 

  0x000001b3bd18f69c: ;   {runtime_call UncommonTrapBlob}
  0x000001b3bd18f69c: 1466 90e8 

  0x000001b3bd18f6a0: ; ImmutableOopMap {rbp=Oop [0]=Oop [8]=Oop [24]=Oop }
                      ;*invokevirtual renderFont {reexecute=0 rethrow=0 return_oop=0}
                      ; - com.szymc.voxel_engine.Engine::render@1575 (line 397)
  0x000001b3bd18f6a0: 3c48 91ff 

  0x000001b3bd18f6a4: ;   {post_call_nop}
  0x000001b3bd18f6a4: 0f1f 8400 | 9c18 002b | 0f1f 4000 | 4889 3c24 | 4c89 4c24 | 1044 8b54 | 2420 4c8b | 4c24 28c5 
  0x000001b3bd18f6c4: fa10 4c24 | 0cc5 fa10 | 5424 248b | 5c24 3048 | 8b0c 2444 | 8b59 4041 | 8bd0 c1e2 | 0681 c202 
  0x000001b3bd18f6e4: 0200 00c5 | f96e c2c5 | f85b c045 | 85db 0f84 | 2c13 0000 | c5fa 1144 | 2438 4489 | 4424 3489 
  0x000001b3bd18f704: 5c24 30c5 | fa11 5424 | 24c5 fa11 | 4c24 0c4c | 894c 2428 | 4489 5424 | 204b 8d14 | dcc5 f828 
  0x000001b3bd18f724: ;   {section_word}
  0x000001b3bd18f724: cac5 fa10 | 15db e7ff 

  0x000001b3bd18f72c: ;   {section_word}
  0x000001b3bd18f72c: ffc5 fa10 | 1dd3 e7ff 

  0x000001b3bd18f734: ;   {section_word}
  0x000001b3bd18f734: ffc5 fa10 | 25c7 e7ff 

  0x000001b3bd18f73c: ;   {section_word}
  0x000001b3bd18f73c: ffc5 fa10 | 2dbf e7ff 

  0x000001b3bd18f744: ;   {section_word}
  0x000001b3bd18f744: ffc5 fa10 | 35b7 e7ff 

  0x000001b3bd18f74c: ;   {section_word}
  0x000001b3bd18f74c: ffc5 fa10 | 3db7 e7ff 

  0x000001b3bd18f754: ;   {optimized virtual_call}
  0x000001b3bd18f754: ff66 90e8 

  0x000001b3bd18f758: ; ImmutableOopMap {[0]=Oop [16]=Oop [24]=Oop }
                      ;*invokevirtual drawRect {reexecute=0 rethrow=0 return_oop=0}
                      ; - com.szymc.voxel_engine.Engine::render@1789 (line 414)
  0x000001b3bd18f758: 342f 0000 

  0x000001b3bd18f75c: ;   {post_call_nop}
  0x000001b3bd18f75c: 0f1f 8400 | 5419 002c | 8b6c 2434 | 2b6c 2430 | 83c5 1b3b | 6c24 080f | 83eb 1200 | 0048 8b3c 
  0x000001b3bd18f77c: 248b 4f40 | 4c63 5424 | 344c 2b54 | 2428 4c8b | 4c24 1047 | 0fbe 4411 | 2b45 85c0 | 0f85 dc01 
  0x000001b3bd18f79c: 0000 448b | 4424 3441 | ffc0 4183 | f809 0f8c | 00ff ffff | 448b 5424 | 2041 ffc2 | 4183 fa04 
  0x000001b3bd18f7bc: 7c35 85c9 | 0f84 3e19 | 0000 4889 | 3c24 498d | 14cc 41b8 | 4006 0000 | 41b9 8403 | 0000 488b 
  0x000001b3bd18f7dc: ;   {optimized virtual_call}
  0x000001b3bd18f7dc: 6c24 18e8 

  0x000001b3bd18f7e0: ; ImmutableOopMap {rbp=Oop [0]=Oop [24]=Oop }
                      ;*invokevirtual beginTextRendering {reexecute=0 rethrow=0 return_oop=0}
                      ; - com.szymc.voxel_engine.Engine::render@1916 (line 421)
  0x000001b3bd18f7e0: bc0d 46f8 

  0x000001b3bd18f7e4: ;   {post_call_nop}
  0x000001b3bd18f7e4: 0f1f 8400 | dc19 002d | 33c9 e9c2 | 0600 0048 | 893c 244c | 894c 2410 | e916 0100 | 0045 85db 
  0x000001b3bd18f804: 0f84 0618 | 0000 4c89 | 1424 4b8d | 14dc 488b 

  0x000001b3bd18f814: ;   {optimized virtual_call}
  0x000001b3bd18f814: 6c24 18e8 

  0x000001b3bd18f818: ; ImmutableOopMap {rbp=Oop [0]=Oop [16]=Oop [24]=Oop }
                      ;*invokevirtual getPlayerGuiInventoryActive {reexecute=0 rethrow=0 return_oop=0}
                      ; - com.szymc.voxel_engine.Engine::render@1592 (line 403)
  0x000001b3bd18f818: 04a5 0500 

  0x000001b3bd18f81c: ;   {post_call_nop}
  0x000001b3bd18f81c: 0f1f 8400 | 141a 002e | 488b 2c24 | 448b 4540 | 85c0 0f84 | fc08 0000 | 4585 c00f | 8483 1800 
  0x000001b3bd18f83c: 004b 8d14 | c441 b840 | 0600 0041 | b984 0300 | 0048 8b6c 

  0x000001b3bd18f850: ;   {optimized virtual_call}
  0x000001b3bd18f850: 2418 90e8 

  0x000001b3bd18f854: ; ImmutableOopMap {rbp=Oop [0]=Oop [16]=Oop [24]=Oop }
                      ;*invokevirtual beginUiRendering {reexecute=0 rethrow=0 return_oop=0}
                      ; - com.szymc.voxel_engine.Engine::render@1608 (line 404)
  0x000001b3bd18f854: b8cb ffff 

  0x000001b3bd18f858: ;   {post_call_nop}
  0x000001b3bd18f858: 0f1f 8400 | 501a 002f | 4c8b 1424 | 458b 5a40 | 4585 db0f | 8463 1800 | 004b 8d14 

  0x000001b3bd18f874: ;   {section_word}
  0x000001b3bd18f874: dcc5 fa10 | 15df e6ff 

  0x000001b3bd18f87c: ;   {section_word}
  0x000001b3bd18f87c: ffc5 fa10 | 1ddb e6ff | ffc5 f857 | c0c5 f057 | c9c5 d857 | e4c5 d057 | edc5 c857 

  0x000001b3bd18f898: ;   {section_word}
  0x000001b3bd18f898: f6c5 fa10 | 3d63 e6ff 

  0x000001b3bd18f8a0: ;   {optimized virtual_call}
  0x000001b3bd18f8a0: ff66 90e8 

  0x000001b3bd18f8a4: ; ImmutableOopMap {rbp=Oop [0]=Oop [16]=Oop [24]=Oop }
                      ;*invokevirtual drawRect {reexecute=0 rethrow=0 return_oop=0}
                      ; - com.szymc.voxel_engine.Engine::render@1656 (line 409)
  0x000001b3bd18f8a4: e82d 0000 

  0x000001b3bd18f8a8: ;   {post_call_nop}
  0x000001b3bd18f8a8: 0f1f 8400 | a01a 0030 | 4c8b 1c24 | 458b 5340 | 4585 d20f | 842b 1800 | 004b 8d14 

  0x000001b3bd18f8c4: ;   {section_word}
  0x000001b3bd18f8c4: d4c5 fa10 | 0d97 e6ff 

  0x000001b3bd18f8cc: ;   {section_word}
  0x000001b3bd18f8cc: ffc5 fa10 | 1d93 e6ff 

  0x000001b3bd18f8d4: ;   {section_word}
  0x000001b3bd18f8d4: ffc5 fa10 | 0563 e6ff 

  0x000001b3bd18f8dc: ;   {section_word}
  0x000001b3bd18f8dc: ffc5 fa10 | 1557 e6ff 

  0x000001b3bd18f8e4: ;   {section_word}
  0x000001b3bd18f8e4: ffc5 fa10 | 2537 e6ff 

  0x000001b3bd18f8ec: ;   {section_word}
  0x000001b3bd18f8ec: ffc5 fa10 | 2d2f e6ff 

  0x000001b3bd18f8f4: ;   {section_word}
  0x000001b3bd18f8f4: ffc5 fa10 | 3527 e6ff 

  0x000001b3bd18f8fc: ;   {section_word}
  0x000001b3bd18f8fc: ffc5 fa10 | 3d07 e6ff 

  0x000001b3bd18f904: ;   {optimized virtual_call}
  0x000001b3bd18f904: ff66 90e8 

  0x000001b3bd18f908: ; ImmutableOopMap {rbp=Oop [0]=Oop [16]=Oop [24]=Oop }
                      ;*invokevirtual drawRect {reexecute=0 rethrow=0 return_oop=0}
                      ; - com.szymc.voxel_engine.Engine::render@1703 (line 410)
  0x000001b3bd18f908: 842d 0000 

  0x000001b3bd18f90c: ;   {post_call_nop}
  0x000001b3bd18f90c: 0f1f 8400 | 041b 0031 | 4533 d24d | 63ca 41b8 | 0c00 0000 | 4533 db41 | 83fa 0345 | 0f45 c345 
  0x000001b3bd18f92c: 8bda 41c1 | e306 c4c1 | 796e c0c5 | f85b c0c4 | c179 6ed3 | c5f8 5bd2 

  0x000001b3bd18f944: ;   {section_word}
  0x000001b3bd18f944: c5ea 580d | d0e5 ffff 

  0x000001b3bd18f94c: ;   {section_word}
  0x000001b3bd18f94c: c5f2 5815 | d8e5 ffff 

  0x000001b3bd18f954: ;   {section_word}
  0x000001b3bd18f954: c5ea 580d | c4e5 ffff | c5fa 58d1 | 468d 1cd5 | 0000 0000 | 438d 1c1a | 4d63 db4d | 03cb 4533 
  0x000001b3bd18f974: c0e9 59fd | ffff 448b | 5f44 4585 | db74 0e47 | 8b54 dc14 | 443b d50f | 840d feff | ff8b 5c24 
  0x000001b3bd18f994: 2083 fb03 | 0f85 8a0b 

  0x000001b3bd18f99c: ;   {section_word}
  0x000001b3bd18f99c: 0000 c5fa | 100d 8ae5 | ffff c5f2 | 584c 240c | 85c9 0f84 | 7013 0000 | 498d 14cc | c5fa 1044 
  0x000001b3bd18f9bc: ;   {section_word}
  0x000001b3bd18f9bc: 2438 c5fa | 1015 42e5 

  0x000001b3bd18f9c4: ;   {section_word}
  0x000001b3bd18f9c4: ffff c5fa | 101d 3ae5 | ffff 488b 

  0x000001b3bd18f9d0: ;   {optimized virtual_call}
  0x000001b3bd18f9d0: 6c24 18e8 

  0x000001b3bd18f9d4: ; ImmutableOopMap {rbp=Oop [0]=Oop [16]=Oop [24]=Oop }
                      ;*invokevirtual drawIcon {reexecute=0 rethrow=0 return_oop=0}
                      ; - com.szymc.voxel_engine.Engine::render@1891 (line 417)
  0x000001b3bd18f9d4: 887c 3df8 

  0x000001b3bd18f9d8: ;   {post_call_nop}
  0x000001b3bd18f9d8: 0f1f 8400 | d01b 0032 | 488b 3c24 | 8b4f 404c | 8b4c 2410 | e9ad fdff | ff48 8b54 

  0x000001b3bd18f9f4: ;   {optimized virtual_call}
  0x000001b3bd18f9f4: 2420 90e8 

  0x000001b3bd18f9f8: ; ImmutableOopMap {[0]=Oop [24]=Oop [32]=Oop [48]=Oop }
                      ;*invokeinterface hasNext {reexecute=0 rethrow=0 return_oop=0}
                      ; - com.szymc.voxel_engine.Engine::render@773 (line 306)
  0x000001b3bd18f9f8: 145e 0200 

  0x000001b3bd18f9fc: ;   {post_call_nop}
  0x000001b3bd18f9fc: 0f1f 8400 | f41b 0033 | 85c0 0f84 | d9f8 ffff | 4c8b 5424 | 2045 8b5a | 2447 8b5c | dc14 458b 
  0x000001b3bd18fa1c: 4a14 4585 | c90f 8481 | 0f00 0041 | 8b4a 2045 | 0fb6 4218 | 41ff c945 | 894a 1445 | 85c0 0f85 
  0x000001b3bd18fa3c: cd0a 0000 

  0x000001b3bd18fa40: ; implicit exception: dispatches to 0x000001b3bd191748
  0x000001b3bd18fa40: 418b 6ccc | 1045 8b42 | 0c41 ffc8 | 4589 420c | 4585 c00f | 8c7f 0f00 | 0041 8b7c | ec0c 498d 
  0x000001b3bd18fa60: 0cec 443b | c70f 832d | 0d00 004a | 8b54 c110 | 498b 7730 | 4533 c949 | 3bd1 bbff | ffff ff7c 
  0x000001b3bd18fa80: 060f 95c3 

  0x000001b3bd18fa84: ; ImmutableOopMap {r10=Oop r11=NarrowOop rcx=Oop rbp=NarrowOop [0]=Oop [24]=Oop [48]=Oop }
                      ;*ifeq {reexecute=1 rethrow=0 return_oop=0}
                      ; - (reexecute) it.unimi.dsi.fastutil.longs.Long2ObjectOpenHashMap$MapIterator::nextEntry@145 (line 681)
                      ; - it.unimi.dsi.fastutil.longs.Long2ObjectOpenHashMap$ValueIterator::next@8 (line 1185)
                      ; - com.szymc.voxel_engine.Engine::render@783 (line 306)
                      ;   {poll}
  0x000001b3bd18fa84: 0fb6 db85 | 0648 85d2 | 753a 41ff | c845 8942 | 0c45 85c0 | 7dc8 ba45 | ffff ff4c | 8b4c 2418 
  0x000001b3bd18faa4: 4c89 4c24 | 0844 895c | 2420 4c89 | 5424 2844 | 8944 2424 

  0x000001b3bd18fab8: ;   {runtime_call UncommonTrapBlob}
  0x000001b3bd18fab8: 6666 90e8 

  0x000001b3bd18fabc: ; ImmutableOopMap {rbp=NarrowOop [0]=Oop [8]=Oop [32]=NarrowOop [40]=Oop [48]=Oop }
                      ;*ifge {reexecute=1 rethrow=0 return_oop=0}
                      ; - (reexecute) it.unimi.dsi.fastutil.longs.Long2ObjectOpenHashMap$MapIterator::nextEntry@69 (line 673)
                      ; - it.unimi.dsi.fastutil.longs.Long2ObjectOpenHashMap$ValueIterator::next@8 (line 1185)
                      ; - com.szymc.voxel_engine.Engine::render@783 (line 306)
  0x000001b3bd18fabc: 2044 91ff 

  0x000001b3bd18fac0: ;   {post_call_nop}
  0x000001b3bd18fac0: 0f1f 8400 | b81c 0035 | 4589 4210 

  0x000001b3bd18facc: ; implicit exception: dispatches to 0x000001b3bd1916d4
  0x000001b3bd18facc: 478b 4cdc | 0c45 3bc1 | 0f83 860d | 0000 49c1 | e303 438b | 6c83 1045 | 8b44 ec08 

  0x000001b3bd18fae8: ;   {metadata('com/szymc/voxel_engine/ChunkColumn')}
  0x000001b3bd18fae8: 4181 f818 | 760a 010f | 857f 1900 | 004c 8b1c | 2445 8b4b | 1c4d 8d04 | ec47 8b4c | cc28 458b 
  0x000001b3bd18fb08: 580c 418b | 5810 41c1 | e305 c1e3 | 05c4 c179 | 6ec3 c5f8 | 5bc0 c5f9 | 6ed3 c5f8 | 5bd2 83c3 
  0x000001b3bd18fb28: 2041 83c3 | 20c5 f96e | ebc5 f85b | edc4 c179 | 6edb c5f8 | 5bdb 4585 | c90f 8449 | 0d00 0049 
  0x000001b3bd18fb48: 8be8 4c89 | 5424 204b | 8d14 ccc5 

  0x000001b3bd18fb54: ;   {section_word}
  0x000001b3bd18fb54: f057 c9c5 | fa10 25a1 

  0x000001b3bd18fb5c: ;   {optimized virtual_call}
  0x000001b3bd18fb5c: e3ff ffe8 

  0x000001b3bd18fb60: ; ImmutableOopMap {rbp=Oop [0]=Oop [24]=Oop [32]=Oop [48]=Oop }
                      ;*invokevirtual testAab {reexecute=0 rethrow=0 return_oop=0}
                      ; - com.szymc.voxel_engine.Engine::render@854 (line 309)
  0x000001b3bd18fb60: 2ca5 0300 

  0x000001b3bd18fb64: ;   {post_call_nop}
  0x000001b3bd18fb64: 0f1f 8400 | 5c1d 0036 | 85c0 0f84 | 7dfe ffff | 4533 c9eb | 7141 c1f8 | 044c 891c | 244d 8b59 
  0x000001b3bd18fb84: 104c 894c | 2430 4b8d | 3c93 4533 

  0x000001b3bd18fb90: ;   {static_call}
  0x000001b3bd18fb90: c966 90e8 

  0x000001b3bd18fb94: ; ImmutableOopMap {[0]=Oop [16]=Oop [24]=Oop [32]=Oop [40]=Oop [48]=Oop }
                      ;*invokestatic nglUniformMatrix4fv {reexecute=0 rethrow=0 return_oop=0}
                      ; - org.lwjgl.opengl.GL20C::glUniformMatrix4fv@12 (line 734)
                      ; - org.lwjgl.opengl.GL20::glUniformMatrix4fv@3 (line 791)
                      ; - com.szymc.localShaders.Shader::setMatrix@7 (line 86)
                      ; - com.szymc.localShaders.WorldShader::setModel@7 (line 43)
                      ; - com.szymc.voxel_engine.Engine::render@1024 (line 332)
  0x000001b3bd18fb94: 78e4 f8ff 

  0x000001b3bd18fb98: ;   {post_call_nop}
  0x000001b3bd18fb98: 0f1f 8400 | 901d 0037 | 488b 5424 

  0x000001b3bd18fba4: ;   {optimized virtual_call}
  0x000001b3bd18fba4: 1066 90e8 

  0x000001b3bd18fba8: ; ImmutableOopMap {[0]=Oop [24]=Oop [32]=Oop [40]=Oop [48]=Oop }
                      ;*invokevirtual getWaterMesh {reexecute=0 rethrow=0 return_oop=1}
                      ; - com.szymc.voxel_engine.Engine::render@1029 (line 334)
  0x000001b3bd18fba8: 74a7 0600 

  0x000001b3bd18fbac: ;   {post_call_nop}
  0x000001b3bd18fbac: 0f1f 8400 | a41d 0038 | 4885 c00f | 84d7 1000 | 0048 8bd0 

  0x000001b3bd18fbc0: ;   {optimized virtual_call}
  0x000001b3bd18fbc0: 6666 90e8 

  0x000001b3bd18fbc4: ; ImmutableOopMap {[0]=Oop [24]=Oop [32]=Oop [40]=Oop [48]=Oop }
                      ;*invokevirtual render {reexecute=0 rethrow=0 return_oop=0}
                      ; - com.szymc.voxel_engine.Engine::render@1032 (line 334)
  0x000001b3bd18fbc4: c8f7 fbff 

  0x000001b3bd18fbc8: ;   {post_call_nop}
  0x000001b3bd18fbc8: 0f1f 8400 | c01d 0039 | 4c8b 4424 | 2844 8b4c | 2438 41ff | c141 83f9 | 100f 8d0a | feff ff49 
  0x000001b3bd18fbe8: 8be8 4c8b | c544 8b55 | 2043 8b4c | d40c 448d | 59ff 453b | cb0f 8f81 | 0a00 0044 | 3bc9 0f83 
  0x000001b3bd18fc08: a809 0000 | 49c1 e203 | 478b 548a | 1045 85d2 | 74c0 473b | 64d4 2874 | b943 8b4c | d414 4c8b 
  0x000001b3bd18fc28: 2c24 418b | 7d1c 448d | 5920 438b | 5cd4 1043 | 8b74 d40c | 8d43 108d | 6e20 418b | 7cfc 28c5 
  0x000001b3bd18fc48: f96e e5c5 | f85b e4c5 | f96e f0c5 | f85b f6c4 | c179 6eeb | c5f8 5bed | c5f9 6ecb | c5f8 5bc9 
  0x000001b3bd18fc68: c5f9 6ed6 | c5f8 5bd2 | c5f9 6ec1 | c5f8 5bc0 | 85ff 0f84 | 240f 0000 | c5fa 1144 | 2448 c5fa 
  0x000001b3bd18fc88: 1154 2444 | c5fa 114c | 2440 8974 | 240c 895c | 2408 8be9 | 4489 4c24 | 384c 8944 | 2428 498d 
  0x000001b3bd18fca8: 14fc 4f8d | 1cd4 4c89 | 5c24 1044 | 8954 243c | c5f8 28c2 | c5fa 1054 | 2448 c5f8 

  0x000001b3bd18fcc4: ;   {other}
  0x000001b3bd18fcc4: 28dc c5f8 

  0x000001b3bd18fcc8: ;   {optimized virtual_call}
  0x000001b3bd18fcc8: 28e6 90e8 

  0x000001b3bd18fccc: ; ImmutableOopMap {[0]=Oop [16]=Oop [24]=Oop [32]=Oop [40]=Oop [48]=Oop [60]=NarrowOop }
                      ;*invokevirtual testAab {reexecute=0 rethrow=0 return_oop=0}
                      ; - com.szymc.voxel_engine.Engine::render@977 (line 326)
  0x000001b3bd18fccc: c0a3 0300 

  0x000001b3bd18fcd0: ;   {post_call_nop}
  0x000001b3bd18fcd0: 0f1f 8400 | c81e 003a | 85c0 0f84 | 1208 0000 | 4c8b 1c24 | 458b 434c | 4585 c00f | 842b 0f00 
  0x000001b3bd18fcf0: 00c5 fa10 | 4c24 48c4 | 817a 114c | c414 c5fa | 1044 2440 | c481 7a11 | 44c4 10c5 | fa10 5c24 
  0x000001b3bd18fd10: 44c4 817a | 115c c40c | 418b 6b50 | 85ed 0f84 | 380f 0000 | 41ba 0400 | 0000 4585 | 54ec 4c75 
  0x000001b3bd18fd30: 6041 c744 | ec0c 0000 | 803f 41c7 | 44ec 4800 | 0080 3f45 | 8964 ec44 | 4589 64ec | 4045 8964 
  0x000001b3bd18fd50: ec3c 4589 | 64ec 3841 | c744 ec34 | 0000 803f | 4589 64ec | 3045 8964 | ec2c 4589 | 64ec 2845 
  0x000001b3bd18fd70: 8964 ec24 | 41c7 44ec | 2000 0080 | 3f45 8964 | ec1c 4589 | 64ec 1845 | 8964 ec14 | 4589 64ec 
  0x000001b3bd18fd90: 10c4 c17a | 114c ec44 | c4c1 7a11 | 44ec 40c4 | c17a 115c | ec3c 41c7 | 44ec 4c1a | 0000 0045 
  0x000001b3bd18fdb0: 8b53 2443 | 8b54 d418 | 4d8d 04ec | 4c8b 4c24 | 304d 8b51 | 1049 8bca | 458b 5118 

  0x000001b3bd18fdcc: ;   {other}
  0x000001b3bd18fdcc: 41c1 e202 | 4d63 d249 | 03ca 4d8b | 54ec 0c4c | 8911 4d8b | 54ec 144c | 8951 084d | 8b54 ec1c 
  0x000001b3bd18fdec: 4c89 5110 | 4d8b 54ec | 244c 8951 | 184d 8b54 | ec2c 4c89 | 5120 be05 | 0000 008d | 1cf5 0000 
  0x000001b3bd18fe0c: 0000 4c63 | d34b 8b5c | 100c 4a89 | 1c11 ffc6 | 83fe 087c | e645 8b41 | 1c45 8b51 | 1845 2bc2 
  0x000001b3bd18fe2c: 4585 c00f | 8f44 fdff | ff45 33c0 | e940 fdff | ff66 6690 | 4889 2c24 | 8b4c 2408 | 448b 4c24 
  0x000001b3bd18fe4c: 0c48 8b2c | 2444 8b55 | 3045 8bc3 | 452b c141 | 83c0 1b45 | 85d2 0f84 | 9c0b 0000 | 4489 0424 
  0x000001b3bd18fe6c: 4489 5c24 | 1044 894c | 240c 894c | 2408 4b8d 

  0x000001b3bd18fe7c: ;   {optimized virtual_call}
  0x000001b3bd18fe7c: 14d4 90e8 

  0x000001b3bd18fe80: ; ImmutableOopMap {rbp=Oop [24]=Oop }
                      ;*invokevirtual readInventoryAmount {reexecute=0 rethrow=0 return_oop=0}
                      ; - com.szymc.voxel_engine.Engine::render@1957 (line 425)
  0x000001b3bd18fe80: 8ca7 0600 

  0x000001b3bd18fe84: ;   {post_call_nop}
  0x000001b3bd18fe84: 0f1f 8400 | 7c20 003b | 448b 4d40 | 85c0 752a | 448b 5c24 | 1041 ffc3 | 4183 fb09 | 7c9e 8b4c 
  0x000001b3bd18fea4: 2408 ffc1 | 83f9 040f | 8d67 0400 | 0048 892c | 2444 8d0c | c945 33db | eb8f 448b | 5544 4585 
  0x000001b3bd18fec4: d274 0b47 | 8b54 d414 | 443b 1424 | 74c2 4489 | 4c24 1448 | 892c 248b | d048 8b6c 

  0x000001b3bd18fee0: ;   {static_call}
  0x000001b3bd18fee0: 2418 90e8 

  0x000001b3bd18fee4: ; ImmutableOopMap {rbp=Oop [0]=Oop [20]=NarrowOop [24]=Oop }
                      ;*invokestatic toString {reexecute=0 rethrow=0 return_oop=1}
                      ; - com.szymc.voxel_engine.Engine::render@1992 (line 428)
  0x000001b3bd18fee4: 982b 3cf8 

  0x000001b3bd18fee8: ;   {post_call_nop}
  0x000001b3bd18fee8: 0f1f 8400 | e020 003c | 448b 5c24 | 0841 83fb | 030f 8520 

  0x000001b3bd18fefc: ;   {section_word}
  0x000001b3bd18fefc: 0600 00c5 | fa10 0d29 | e0ff ff45 | 8bd3 41c1 | e206 448b | 4c24 1041 | c1e1 06c4 | c179 6ed2 
  0x000001b3bd18ff1c: c5f8 5bd2 

  0x000001b3bd18ff20: ;   {section_word}
  0x000001b3bd18ff20: c5ea 5805 | f4df ffff 

  0x000001b3bd18ff28: ;   {section_word}
  0x000001b3bd18ff28: c5fa 5815 | d8df ffff 

  0x000001b3bd18ff30: ;   {section_word}
  0x000001b3bd18ff30: c5ea 5805 | e8df ffff | c5f2 58c8 | 4181 c13c | 0200 00c5 | fa2c f981 | ff00 0000 | 800f 8425 
  0x000001b3bd18ff50: 1f00 0044 | 8b44 2414 | 4585 c00f | 848b 0d00 | 004b 8d14 | c44c 8bc0 

  0x000001b3bd18ff68: ;   {oop(a 'com/szymc/voxel_engine/UIRenderer$TextAlignment'{0x000000060d49afc8})}
  0x000001b3bd18ff68: 48be c8af | 490d 0600 

  0x000001b3bd18ff70: ;   {optimized virtual_call}
  0x000001b3bd18ff70: 0000 90e8 

  0x000001b3bd18ff74: ; ImmutableOopMap {rbp=Oop [0]=Oop [24]=Oop }
                      ;*invokevirtual renderFont {reexecute=0 rethrow=0 return_oop=0}
                      ; - com.szymc.voxel_engine.Engine::render@2045 (line 428)
  0x000001b3bd18ff74: 98a8 0700 

  0x000001b3bd18ff78: ;   {post_call_nop}
  0x000001b3bd18ff78: 0f1f 8400 | 7021 003d | 488b 2c24 | 448b 4d40 | e907 ffff | ff66 6690 | 448b 5c24 | 108b 1c24 
  0x000001b3bd18ff98: 8b74 2404 | 8b4c 2414 | c5fa 104c | 2408 448b | d645 2bd1 | 418b c1c1 | e006 4183 | c225 8db8 
  0x000001b3bd18ffb8: fd00 0000 | 4585 c00f | 8437 0b00 | 0089 7c24 | 2844 8954 | 2424 8944 | 240c 4489 | 4c24 20c5 
  0x000001b3bd18ffd8: fa11 4c24 | 0889 4c24 | 1489 7424 | 0489 1c24 | 4489 5c24 | 104b 8d14 | c441 b840 | 0600 0041 
  0x000001b3bd18fff8: b984 0300 

  0x000001b3bd18fffc: ;   {optimized virtual_call}
  0x000001b3bd18fffc: 0066 90e8 

  0x000001b3bd190000: ; ImmutableOopMap {rbp=Oop [24]=Oop }
                      ;*invokevirtual beginUiRendering {reexecute=0 rethrow=0 return_oop=0}
                      ; - com.szymc.voxel_engine.Engine::render@2207 (line 442)
  0x000001b3bd190000: 0cc4 ffff 

  0x000001b3bd190004: ;   {post_call_nop}
  0x000001b3bd190004: 0f1f 8400 | fc21 003e | 448b 4540 | 448b 5424 | 28c4 c179 | 6ec2 c5f8 | 5bc0 4585 | c00f 8409 
  0x000001b3bd190024: 0b00 00c5 | fa11 4424 | 2c4b 8d14 | c4c5 fa10 | 4424 08c5 | fa10 4c24 

  0x000001b3bd19003c: ;   {section_word}
  0x000001b3bd19003c: 2cc5 fa10 | 15c3 deff 

  0x000001b3bd190044: ;   {section_word}
  0x000001b3bd190044: ffc5 fa10 | 1dbb deff 

  0x000001b3bd19004c: ;   {section_word}
  0x000001b3bd19004c: ffc5 fa10 | 25af deff 

  0x000001b3bd190054: ;   {section_word}
  0x000001b3bd190054: ffc5 fa10 | 2da7 deff 

  0x000001b3bd19005c: ;   {section_word}
  0x000001b3bd19005c: ffc5 fa10 | 359f deff 

  0x000001b3bd190064: ;   {section_word}
  0x000001b3bd190064: ffc5 fa10 | 3d9f deff 

  0x000001b3bd19006c: ;   {optimized virtual_call}
  0x000001b3bd19006c: ff66 90e8 

  0x000001b3bd190070: ; ImmutableOopMap {rbp=Oop [24]=Oop }
                      ;*invokevirtual drawRect {reexecute=0 rethrow=0 return_oop=0}
                      ; - com.szymc.voxel_engine.Engine::render@2240 (line 443)
  0x000001b3bd190070: 1c26 0000 

  0x000001b3bd190074: ;   {post_call_nop}
  0x000001b3bd190074: 0f1f 8400 | 6c22 003f | 448b 5530 | 4585 d20f | 84df 0a00 | 004b 8d14 | d444 8b44 

  0x000001b3bd190090: ;   {optimized virtual_call}
  0x000001b3bd190090: 2424 90e8 

  0x000001b3bd190094: ; ImmutableOopMap {rbp=Oop [24]=Oop }
                      ;*invokevirtual readInventoryType {reexecute=0 rethrow=0 return_oop=0}
                      ; - com.szymc.voxel_engine.Engine::render@2249 (line 444)
  0x000001b3bd190094: 7840 fdff 

  0x000001b3bd190098: ;   {post_call_nop}
  0x000001b3bd190098: 0f1f 8400 | 9022 0040 | 448b 4540 | 85c0 0f85 | 2703 0000 | 448b 4c24 | 2041 ffc1 | 4183 f902 
  0x000001b3bd1900b8: 0f8c d2fe | ffff 448b | 5c24 1041 | ffc3 4183 | fb02 0f8c | 3f02 0000 | 4585 c00f | 846b 1000 
  0x000001b3bd1900d8: 004b 8d14 

  0x000001b3bd1900dc: ;   {section_word}
  0x000001b3bd1900dc: c4c5 fa10 | 0597 deff 

  0x000001b3bd1900e4: ;   {section_word}
  0x000001b3bd1900e4: ffc5 fa10 | 0d93 deff 

  0x000001b3bd1900ec: ;   {section_word}
  0x000001b3bd1900ec: ffc5 fa10 | 1533 deff 

  0x000001b3bd1900f4: ;   {section_word}
  0x000001b3bd1900f4: ffc5 fa10 | 1d2b deff 

  0x000001b3bd1900fc: ;   {section_word}
  0x000001b3bd1900fc: ffc5 fa10 | 25ff ddff 

  0x000001b3bd190104: ;   {section_word}
  0x000001b3bd190104: ffc5 fa10 | 2df7 ddff 

  0x000001b3bd19010c: ;   {section_word}
  0x000001b3bd19010c: ffc5 fa10 | 35ef ddff 

  0x000001b3bd190114: ;   {section_word}
  0x000001b3bd190114: ffc5 fa10 | 3def ddff 

  0x000001b3bd19011c: ;   {optimized virtual_call}
  0x000001b3bd19011c: ff66 90e8 

  0x000001b3bd190120: ; ImmutableOopMap {rbp=Oop [24]=Oop }
                      ;*invokevirtual drawRect {reexecute=0 rethrow=0 return_oop=0}
                      ; - com.szymc.voxel_engine.Engine::render@2388 (line 452)
  0x000001b3bd190120: 6c25 0000 

  0x000001b3bd190124: ;   {post_call_nop}
  0x000001b3bd190124: 0f1f 8400 | 1c23 0041 | 448b 4540 | 443b 6544 | 0f84 8201 | 0000 448b | 5514 448b | 4d10 c4c1 
  0x000001b3bd190144: 796e c2c5 

  0x000001b3bd190148: ;   {section_word}
  0x000001b3bd190148: f85b c0c5 | fa5c 0d31 | deff ffc4 | c179 6ec1 | c5f8 5bc0 

  0x000001b3bd19015c: ;   {section_word}
  0x000001b3bd19015c: c5fa 5c15 | 20de ffff | c57a 2cd9 | 4181 fb00 | 0000 800f | 84ee 1c00 | 00c5 7a2c | ca41 81f9 
  0x000001b3bd19017c: 0000 0080 | 0f84 c81c | 0000 4585 | c00f 8401 | 1200 0044 | 894c 2414 | 4489 5c24 | 104b 8d14 
  0x000001b3bd19019c: c441 b840 | 0600 0041 | b984 0300 

  0x000001b3bd1901a8: ;   {optimized virtual_call}
  0x000001b3bd1901a8: 0066 90e8 

  0x000001b3bd1901ac: ; ImmutableOopMap {rbp=Oop [24]=Oop }
                      ;*invokevirtual beginUiRendering {reexecute=0 rethrow=0 return_oop=0}
                      ; - com.szymc.voxel_engine.Engine::render@2440 (line 459)
  0x000001b3bd1901ac: 60c2 ffff 

  0x000001b3bd1901b0: ;   {post_call_nop}
  0x000001b3bd1901b0: 0f1f 8400 | a823 0042 | 4c8b dd44 | 8b55 448b | 6d40 470f | be44 d418 | 448b 5424 | 10c4 c179 
  0x000001b3bd1901d0: 6eca c5f8 | 5bc9 8b5c | 2414 c5f9 | 6ec3 c5f8 | 5bc0 85ed | 0f84 c211 | 0000 4c89 | 1c24 498d 
  0x000001b3bd1901f0: ;   {section_word}
  0x000001b3bd1901f0: 14ec c5fa | 1015 0edd 

  0x000001b3bd1901f8: ;   {section_word}
  0x000001b3bd1901f8: ffff c5fa | 101d 06dd 

  0x000001b3bd190200: ;   {optimized virtual_call}
  0x000001b3bd190200: ffff 90e8 

  0x000001b3bd190204: ; ImmutableOopMap {[0]=Oop [24]=Oop }
                      ;*invokevirtual drawIcon {reexecute=0 rethrow=0 return_oop=0}
                      ; - com.szymc.voxel_engine.Engine::render@2470 (line 460)
  0x000001b3bd190204: 5874 3df8 

  0x000001b3bd190208: ;   {post_call_nop}
  0x000001b3bd190208: 0f1f 8400 | 0024 0043 | 4c8b 1424 | 458b 5a40 | 4585 db0f | 84c3 1100 | 0049 8bea | 4b8d 14dc 
  0x000001b3bd190228: 41b8 4006 | 0000 41b9 | 8403 0000 

  0x000001b3bd190234: ;   {optimized virtual_call}
  0x000001b3bd190234: 6666 90e8 

  0x000001b3bd190238: ; ImmutableOopMap {rbp=Oop [0]=Oop [24]=Oop }
                      ;*invokevirtual beginTextRendering {reexecute=0 rethrow=0 return_oop=0}
                      ; - com.szymc.voxel_engine.Engine::render@2483 (line 461)
  0x000001b3bd190238: 6403 46f8 

  0x000001b3bd19023c: ;   {post_call_nop}
  0x000001b3bd19023c: 0f1f 8400 | 3424 0044 | 448b 5544 | 8b6d 4043 | 0fbe 54d4 

  0x000001b3bd190250: ;   {static_call}
  0x000001b3bd190250: 1966 90e8 

  0x000001b3bd190254: ; ImmutableOopMap {rbp=NarrowOop [0]=Oop [24]=Oop }
                      ;*invokestatic toString {reexecute=0 rethrow=0 return_oop=1}
                      ; - com.szymc.voxel_engine.Engine::render@2497 (line 462)
  0x000001b3bd190254: 2828 3cf8 

  0x000001b3bd190258: ;   {post_call_nop}
  0x000001b3bd190258: 0f1f 8400 | 5024 0045 | 4c8b c08b | 7c24 1083 | c73c 448b | 4c24 1441 | 83c1 3c85 | ed0f 8481 
  0x000001b3bd190278: 1100 0049 

  0x000001b3bd19027c: ;   {oop(a 'com/szymc/voxel_engine/UIRenderer$TextAlignment'{0x000000060d49afc8})}
  0x000001b3bd19027c: 8d14 ec48 | bec8 af49 | 0d06 0000 

  0x000001b3bd190288: ;   {optimized virtual_call}
  0x000001b3bd190288: 0066 90e8 

  0x000001b3bd19028c: ; ImmutableOopMap {[0]=Oop [24]=Oop }
                      ;*invokevirtual renderFont {reexecute=0 rethrow=0 return_oop=0}
                      ; - com.szymc.voxel_engine.Engine::render@2517 (line 462)
  0x000001b3bd19028c: 80a5 0700 

  0x000001b3bd190290: ;   {post_call_nop}
  0x000001b3bd190290: 0f1f 8400 | 8824 0046 | 4c8b 1424 | 458b 4240 | 4585 c075 | 1cba f6ff | ffff 488b 

  0x000001b3bd1902ac: ;   {runtime_call UncommonTrapBlob}
  0x000001b3bd1902ac: 6c24 18e8 

  0x000001b3bd1902b0: ; ImmutableOopMap {rbp=Oop }
                      ;*invokevirtual end {reexecute=0 rethrow=0 return_oop=0}
                      ; - com.szymc.voxel_engine.Engine::render@2524 (line 465)
  0x000001b3bd1902b0: 2c3c 91ff 

  0x000001b3bd1902b4: ;   {post_call_nop}
  0x000001b3bd1902b4: 0f1f 8400 | ac24 0047 | 4585 c074 | e44b 8d14 

  0x000001b3bd1902c4: ;   {optimized virtual_call}
  0x000001b3bd1902c4: c466 90e8 

  0x000001b3bd1902c8: ; ImmutableOopMap {[24]=Oop }
                      ;*invokevirtual end {reexecute=0 rethrow=0 return_oop=0}
                      ; - com.szymc.voxel_engine.Engine::render@2524 (line 465)
  0x000001b3bd1902c8: 5480 5af8 

  0x000001b3bd1902cc: ;   {post_call_nop}
  0x000001b3bd1902cc: 0f1f 8400 | c424 0048 | ba01 0000 

  0x000001b3bd1902d8: ;   {static_call}
  0x000001b3bd1902d8: 0066 90e8 

  0x000001b3bd1902dc: ; ImmutableOopMap {[24]=Oop }
                      ;*invokestatic glDepthMask {reexecute=0 rethrow=0 return_oop=0}
                      ; - com.szymc.voxel_engine.Engine::render@2528 (line 467)
  0x000001b3bd1902dc: a040 3bf8 

  0x000001b3bd1902e0: ;   {post_call_nop}
  0x000001b3bd1902e0: 0f1f 8400 | d824 0049 | 488b 5424 

  0x000001b3bd1902ec: ;   {optimized virtual_call}
  0x000001b3bd1902ec: 1866 90e8 

  0x000001b3bd1902f0: ; ImmutableOopMap {}
                      ;*invokevirtual close {reexecute=0 rethrow=0 return_oop=0}
                      ; - com.szymc.voxel_engine.Engine::render@2536 (line 468)
  0x000001b3bd1902f0: 2cbe 49f8 

  0x000001b3bd1902f4: ;   {post_call_nop}
  0x000001b3bd1902f4: 0f1f 8400 | ec24 004a | 4881 c480 | 0000 005d 

  0x000001b3bd190304: ;   {poll_return}
  0x000001b3bd190304: 493b 6728 | 0f87 2a1b | 0000 c348 | 892c 24e9 | 9300 0000 | 4585 c90f | 84fb 0d00 | 004b 8d14 
  0x000001b3bd190324: cc41 b840 | 0600 0041 | b984 0300 

  0x000001b3bd190330: ;   {optimized virtual_call}
  0x000001b3bd190330: 0066 90e8 

  0x000001b3bd190334: ; ImmutableOopMap {rbp=Oop [24]=Oop }
                      ;*invokevirtual beginUiRendering {reexecute=0 rethrow=0 return_oop=0}
                      ; - com.szymc.voxel_engine.Engine::render@2070 (line 433)
  0x000001b3bd190334: d8c0 ffff 

  0x000001b3bd190338: ;   {post_call_nop}
  0x000001b3bd190338: 0f1f 8400 | 3025 004b | 448b 5540 | 4585 d20f | 84e3 0d00 | 0048 892c | 244b 8d14 

  0x000001b3bd190354: ;   {section_word}
  0x000001b3bd190354: d4c5 fa10 | 051b dcff 

  0x000001b3bd19035c: ;   {section_word}
  0x000001b3bd19035c: ffc5 fa10 | 0d0b dcff 

  0x000001b3bd190364: ;   {section_word}
  0x000001b3bd190364: ffc5 fa10 | 15ff dbff 

  0x000001b3bd19036c: ;   {section_word}
  0x000001b3bd19036c: ffc5 fa10 | 1dff dbff 

  0x000001b3bd190374: ;   {section_word}
  0x000001b3bd190374: ffc5 fa10 | 2593 dbff 

  0x000001b3bd19037c: ;   {section_word}
  0x000001b3bd19037c: ffc5 fa10 | 2d8b dbff 

  0x000001b3bd190384: ;   {section_word}
  0x000001b3bd190384: ffc5 fa10 | 3583 dbff 

  0x000001b3bd19038c: ;   {section_word}
  0x000001b3bd19038c: ffc5 fa10 | 3d77 dbff | ff48 8b6c 

  0x000001b3bd190398: ;   {optimized virtual_call}
  0x000001b3bd190398: 2418 90e8 

  0x000001b3bd19039c: ; ImmutableOopMap {rbp=Oop [0]=Oop [24]=Oop }
                      ;*invokevirtual drawRect {reexecute=0 rethrow=0 return_oop=0}
                      ; - com.szymc.voxel_engine.Engine::render@2137 (line 436)
  0x000001b3bd19039c: f022 0000 

  0x000001b3bd1903a0: ;   {post_call_nop}
  0x000001b3bd1903a0: 0f1f 8400 | 9825 004c | 4533 db48 | 8b2c 2444 | 8b45 4041 | 8bdb c1e3 | 0643 8d34 | 1b8d 8b29 
  0x000001b3bd1903c0: 0300 00c5 | f96e c9c5 | f85b c945 | 33c9 e9d3 | fbff ff44 | 8b5d 3045 | 85db 0f84 | 780d 0000 
  0x000001b3bd1903e0: 4489 4424 | 304b 8d14 | dc44 8b44 

  0x000001b3bd1903ec: ;   {optimized virtual_call}
  0x000001b3bd1903ec: 2424 90e8 

  0x000001b3bd1903f0: ; ImmutableOopMap {rbp=Oop [24]=Oop [48]=NarrowOop }
                      ;*invokevirtual readInventoryType {reexecute=0 rethrow=0 return_oop=0}
                      ; - com.szymc.voxel_engine.Engine::render@2265 (line 445)
  0x000001b3bd1903f0: 1c3d fdff 

  0x000001b3bd1903f4: ;   {post_call_nop}
  0x000001b3bd1903f4: 0f1f 8400 | ec25 004d | 448b 5424 | 3045 85d2 | 0f84 9a0d | 0000 4b8d | 14d4 448b | c0c5 fa10 
  0x000001b3bd190414: 4424 08c5 | fa10 4c24 

  0x000001b3bd19041c: ;   {section_word}
  0x000001b3bd19041c: 2cc5 fa10 | 15e3 daff 

  0x000001b3bd190424: ;   {section_word}
  0x000001b3bd190424: ffc5 fa10 | 1ddb daff 

  0x000001b3bd19042c: ;   {optimized virtual_call}
  0x000001b3bd19042c: ff66 90e8 

  0x000001b3bd190430: ; ImmutableOopMap {rbp=Oop [24]=Oop }
                      ;*invokevirtual drawIcon {reexecute=0 rethrow=0 return_oop=0}
                      ; - com.szymc.voxel_engine.Engine::render@2284 (line 445)
  0x000001b3bd190430: 2c72 3df8 

  0x000001b3bd190434: ;   {post_call_nop}
  0x000001b3bd190434: 0f1f 8400 | 2c26 004e | 448b 5540 | 4585 d20f | 849b 0d00 | 004b 8d14 | d441 b840 | 0600 0041 
  0x000001b3bd190454: b984 0300 

  0x000001b3bd190458: ;   {optimized virtual_call}
  0x000001b3bd190458: 0066 90e8 

  0x000001b3bd19045c: ; ImmutableOopMap {rbp=Oop [24]=Oop }
                      ;*invokevirtual beginTextRendering {reexecute=0 rethrow=0 return_oop=0}
                      ; - com.szymc.voxel_engine.Engine::render@2297 (line 446)
  0x000001b3bd19045c: 4001 46f8 

  0x000001b3bd190460: ;   {post_call_nop}
  0x000001b3bd190460: 0f1f 8400 | 5826 004f | 4c8b d544 | 8b5d 308b | 6d40 4585 | db0f 8499 | 0d00 004c | 8954 2430 
  0x000001b3bd190480: 4b8d 14dc | 448b 4424 

  0x000001b3bd190488: ;   {optimized virtual_call}
  0x000001b3bd190488: 2466 90e8 

  0x000001b3bd19048c: ; ImmutableOopMap {rbp=NarrowOop [24]=Oop [48]=Oop }
                      ;*invokevirtual readInventoryAmount {reexecute=0 rethrow=0 return_oop=0}
                      ; - com.szymc.voxel_engine.Engine::render@2310 (line 447)
  0x000001b3bd19048c: 80a1 0600 

  0x000001b3bd190490: ;   {post_call_nop}
  0x000001b3bd190490: 0f1f 8400 | 8826 0050 

  0x000001b3bd190498: ;   {static_call}
  0x000001b3bd190498: 8bd0 90e8 

  0x000001b3bd19049c: ; ImmutableOopMap {rbp=NarrowOop [24]=Oop [48]=Oop }
                      ;*invokestatic toString {reexecute=0 rethrow=0 return_oop=1}
                      ; - com.szymc.voxel_engine.Engine::render@2313 (line 447)
  0x000001b3bd19049c: e025 3cf8 

  0x000001b3bd1904a0: ;   {post_call_nop}
  0x000001b3bd1904a0: 0f1f 8400 | 9826 0051 | 4c8b c08b | 7c24 0c81 | c739 0100 | 0044 8b0c | 2441 81c1 | 6503 0000 
  0x000001b3bd1904c0: 85ed 0f84 | 780d 0000 | 498d 14ec 

  0x000001b3bd1904cc: ;   {oop(a 'com/szymc/voxel_engine/UIRenderer$TextAlignment'{0x000000060d49afc8})}
  0x000001b3bd1904cc: 48be c8af | 490d 0600 

  0x000001b3bd1904d4: ;   {optimized virtual_call}
  0x000001b3bd1904d4: 0000 90e8 

  0x000001b3bd1904d8: ; ImmutableOopMap {[24]=Oop [48]=Oop }
                      ;*invokevirtual renderFont {reexecute=0 rethrow=0 return_oop=0}
                      ; - com.szymc.voxel_engine.Engine::render@2333 (line 447)
  0x000001b3bd1904d8: 34a3 0700 

  0x000001b3bd1904dc: ;   {post_call_nop}
  0x000001b3bd1904dc: 0f1f 8400 | d426 0052 | 488b 6c24 | 3044 8b45 | 40e9 bafb | ffff 4c8b | 4424 2844 | 8b4c 2438 
  0x000001b3bd1904fc: e9d9 f6ff | ff47 8b4c | c428 33c9 | e96e e4ff | ff45 8862 | 1845 8b44 | cc28 4589 | 4210 e9ad 
  0x000001b3bd19051c: f5ff ffc5 | f057 c9e9 | dff9 ffff | c5f0 57c9 | e975 f4ff | ff49 8d14 

  0x000001b3bd190534: ;   {oop(a 'java/lang/ThreadLocal$SuppliedThreadLocal'{0x000000060d4b6e10})}
  0x000001b3bd190534: cc33 ff49 | b810 6e4b | 0d06 0000 | 0048 8b2c 

  0x000001b3bd190544: ;   {optimized virtual_call}
  0x000001b3bd190544: 2466 90e8 

  0x000001b3bd190548: ; ImmutableOopMap {rbp=Oop [0]=Oop [8]=Oop }
                      ;*invokevirtual getEntryAfterMiss {reexecute=0 rethrow=0 return_oop=1}
                      ; - java.lang.ThreadLocal$ThreadLocalMap::getEntry@38 (line 491)
                      ; - java.lang.ThreadLocal::get@12 (line 186)
                      ; - java.lang.ThreadLocal::get@4 (line 171)
                      ; - org.lwjgl.system.MemoryStack::stackGet@3 (line 906)
                      ; - org.lwjgl.system.MemoryStack::stackPush@0 (line 915)
                      ; - com.szymc.voxel_engine.Engine::render@46 (line 225)
  0x000001b3bd190548: 94ef 82ff 

  0x000001b3bd19054c: ;   {post_call_nop}
  0x000001b3bd19054c: 0f1f 8400 | 4427 0053 | 4885 c00f | 854e dbff 

  0x000001b3bd19055c: ;   {oop(a 'java/lang/ThreadLocal$SuppliedThreadLocal'{0x000000060d4b6e10})}
  0x000001b3bd19055c: ff48 ba10 | 6e4b 0d06 | 0000 004c | 8b44 2408 | 488b 2c24 

  0x000001b3bd190570: ;   {optimized virtual_call}
  0x000001b3bd190570: 6666 90e8 

  0x000001b3bd190574: ; ImmutableOopMap {rbp=Oop [0]=Oop }
                      ;*invokevirtual setInitialValue {reexecute=0 rethrow=0 return_oop=1}
                      ; - java.lang.ThreadLocal::get@31 (line 193)
                      ; - java.lang.ThreadLocal::get@4 (line 171)
                      ; - org.lwjgl.system.MemoryStack::stackGet@3 (line 906)
                      ; - org.lwjgl.system.MemoryStack::stackPush@0 (line 915)
                      ; - com.szymc.voxel_engine.Engine::render@46 (line 225)
  0x000001b3bd190574: 68ef 82ff 

  0x000001b3bd190578: ;   {post_call_nop}
  0x000001b3bd190578: 0f1f 8400 | 7027 0054 | 4c8b d8e9 | 2bdb ffff | bae4 ffff | ff48 8b6c | 2420 4c8b | 5c24 304c 
  0x000001b3bd190598: 895c 2420 | 4489 5424 | 3444 894c 

  0x000001b3bd1905a4: ;   {runtime_call UncommonTrapBlob}
  0x000001b3bd1905a4: 2438 90e8 

  0x000001b3bd1905a8: ; ImmutableOopMap {rbp=Oop [16]=NarrowOop [20]=NarrowOop [24]=Oop [32]=Oop [40]=Oop [52]=NarrowOop }
                      ;*aaload {reexecute=0 rethrow=0 return_oop=0}
                      ; - com.szymc.voxel_engine.ChunkColumn::getSection@18 (line 173)
                      ; - com.szymc.voxel_engine.Engine::render@244 (line 247)
  0x000001b3bd1905a8: 3439 91ff 

  0x000001b3bd1905ac: ;   {post_call_nop}
  0x000001b3bd1905ac: 0f1f 8400 | a427 0055 | bae4 ffff | ff48 8b2c | 244c 8b5c | 2418 4c89 | 1c24 4c8b | 5c24 204c 
  0x000001b3bd1905cc: 895c 2410 | 4c89 4424 | 1844 8954 | 2424 4489 

  0x000001b3bd1905dc: ;   {runtime_call UncommonTrapBlob}
  0x000001b3bd1905dc: 4c24 28e8 

  0x000001b3bd1905e0: ; ImmutableOopMap {rbp=Oop [0]=Oop [16]=Oop [24]=Oop [36]=NarrowOop [48]=Oop }
                      ;*aaload {reexecute=0 rethrow=0 return_oop=0}
                      ; - com.szymc.voxel_engine.ChunkColumn::getSection@18 (line 173)
                      ; - com.szymc.voxel_engine.Engine::render@877 (line 314)
  0x000001b3bd1905e0: fc38 91ff 

  0x000001b3bd1905e4: ;   {post_call_nop}
  0x000001b3bd1905e4: 0f1f 8400 | dc27 0056 | baf6 ffff | ff48 8b6c | 2420 4c8b | 5424 304c | 8954 2420 | 448b 5c24 
  0x000001b3bd190604: 4c44 895c | 2430 448b | 5424 5044 | 8954 2434 | 894c 2438 | 895c 243c | 448b 5c24 | 5444 895c 
  0x000001b3bd190624: 2440 c5fa | 1144 2444 | c5fa 114c | 2448 c5fa | 1174 244c | c5fa 115c | 2450 c5fa | 1164 2454 
  0x000001b3bd190644: c5fa 116c 

  0x000001b3bd190648: ;   {runtime_call UncommonTrapBlob}
  0x000001b3bd190648: 2458 90e8 

  0x000001b3bd19064c: ; ImmutableOopMap {rbp=Oop [16]=NarrowOop [20]=NarrowOop [24]=Oop [32]=Oop [40]=Oop [52]=NarrowOop }
                      ;*invokevirtual testAab {reexecute=0 rethrow=0 return_oop=0}
                      ; - com.szymc.voxel_engine.Engine::render@344 (line 259)
  0x000001b3bd19064c: 9038 91ff 

  0x000001b3bd190650: ;   {post_call_nop}
  0x000001b3bd190650: 0f1f 8400 | 4828 0057 | ba45 ffff | ff48 8b6c | 2420 4c8b | 5424 304c | 8954 2420 | 4489 4c24 
  0x000001b3bd190670: 3444 8944 

  0x000001b3bd190674: ;   {runtime_call UncommonTrapBlob}
  0x000001b3bd190674: 2438 90e8 

  0x000001b3bd190678: ; ImmutableOopMap {rbp=Oop [16]=NarrowOop [20]=NarrowOop [24]=Oop [32]=Oop [40]=Oop }
                      ;*if_icmple {reexecute=1 rethrow=0 return_oop=0}
                      ; - (reexecute) com.szymc.voxel_engine.ChunkColumn::getSection@8 (line 172)
                      ; - com.szymc.voxel_engine.Engine::render@244 (line 247)
  0x000001b3bd190678: 6438 91ff 

  0x000001b3bd19067c: ;   {post_call_nop}
  0x000001b3bd19067c: 0f1f 8400 | 7428 0058 | ba45 ffff | ff48 8b2c | 244c 8b54 | 2418 4c89 | 1424 4c8b | 5424 204c 
  0x000001b3bd19069c: 8954 2410 | 4c89 4424 | 1844 894c | 2424 4489 

  0x000001b3bd1906ac: ;   {runtime_call UncommonTrapBlob}
  0x000001b3bd1906ac: 5c24 28e8 

  0x000001b3bd1906b0: ; ImmutableOopMap {rbp=Oop [0]=Oop [16]=Oop [24]=Oop [48]=Oop }
                      ;*if_icmple {reexecute=1 rethrow=0 return_oop=0}
                      ; - (reexecute) com.szymc.voxel_engine.ChunkColumn::getSection@8 (line 172)
                      ; - com.szymc.voxel_engine.Engine::render@877 (line 314)
  0x000001b3bd1906b0: 2c38 91ff 

  0x000001b3bd1906b4: ;   {post_call_nop}
  0x000001b3bd1906b4: 0f1f 8400 | ac28 0059 | baf6 ffff | ff49 8bea | 4c8b 5424 | 304c 8954 

  0x000001b3bd1906cc: ;   {runtime_call UncommonTrapBlob}
  0x000001b3bd1906cc: 2420 90e8 

  0x000001b3bd1906d0: ; ImmutableOopMap {rbp=Oop [16]=NarrowOop [20]=NarrowOop [24]=Oop [32]=Oop [40]=Oop [80]=NarrowOop }
                      ;*invokevirtual set {reexecute=0 rethrow=0 return_oop=0}
                      ; - com.szymc.voxel_engine.Engine::render@378 (line 267)
  0x000001b3bd1906d0: 0c38 91ff 

  0x000001b3bd1906d4: ;   {post_call_nop}
  0x000001b3bd1906d4: 0f1f 8400 | cc28 005a | baf6 ffff | ff49 8bea | 4c8b 5424 | 184c 8914 | 244c 8b54 | 2430 4c89 
  0x000001b3bd1906f4: 5424 084c | 8b54 2428 | 4c89 5424 | 1044 8944 | 2420 448b | 5424 3844 | 8954 242c | 448b 5424 
  0x000001b3bd190714: 3c44 8954 

  0x000001b3bd190718: ;   {runtime_call UncommonTrapBlob}
  0x000001b3bd190718: 2438 90e8 

  0x000001b3bd19071c: ; ImmutableOopMap {rbp=Oop [0]=Oop [8]=Oop [16]=Oop [32]=NarrowOop [56]=NarrowOop [60]=NarrowOop [80]=NarrowOop }
                      ;*invokevirtual translation {reexecute=0 rethrow=0 return_oop=0}
                      ; - com.szymc.voxel_engine.Engine::render@390 (line 268)
  0x000001b3bd19071c: c037 91ff 

  0x000001b3bd190720: ;   {post_call_nop}
  0x000001b3bd190720: 0f1f 8400 | 1829 005b | bae4 ffff | ff48 8beb | 488b 5c24 | 1848 891c | 2448 8b5c | 2430 4889 
  0x000001b3bd190740: 5c24 0889 | 7c24 1044 | 895c 2418 | 4489 4c24 | 1c44 8954 | 2420 894c | 2424 4489 | 4424 2c89 
  0x000001b3bd190760: ;   {runtime_call UncommonTrapBlob}
  0x000001b3bd190760: 7424 34e8 

  0x000001b3bd190764: ; ImmutableOopMap {rbp=Oop [0]=Oop [8]=Oop [16]=NarrowOop [44]=NarrowOop [52]=NarrowOop }
                      ;*laload {reexecute=0 rethrow=0 return_oop=0}
                      ; - it.unimi.dsi.fastutil.longs.Long2ObjectOpenHashMap$MapIterator::nextEntry@142 (line 681)
                      ; - it.unimi.dsi.fastutil.longs.Long2ObjectOpenHashMap$ValueIterator::next@8 (line 1185)
                      ; - com.szymc.voxel_engine.Engine::render@150 (line 239)
  0x000001b3bd190764: 7837 91ff 

  0x000001b3bd190768: ;   {post_call_nop}
  0x000001b3bd190768: 0f1f 8400 | 6029 005c | ba45 ffff | ff48 8b6c | 2420 4c8b | 5424 304c | 8954 2420 | 4489 5c24 
  0x000001b3bd190788: ;   {runtime_call UncommonTrapBlob}
  0x000001b3bd190788: 3466 90e8 

  0x000001b3bd19078c: ; ImmutableOopMap {rbp=Oop [16]=NarrowOop [20]=NarrowOop [24]=Oop [32]=Oop [40]=Oop [52]=NarrowOop }
                      ;*ifnonnull {reexecute=1 rethrow=0 return_oop=0}
                      ; - (reexecute) com.szymc.voxel_engine.Engine::render@262 (line 249)
  0x000001b3bd19078c: 5037 91ff 

  0x000001b3bd190790: ;   {post_call_nop}
  0x000001b3bd190790: 0f1f 8400 | 8829 005d | bae4 ffff | ff4c 8b4c | 2418 4c89 | 4c24 0844 | 895c 2420 | 4c89 5424 
  0x000001b3bd1907b0: 2844 8944 

  0x000001b3bd1907b4: ;   {runtime_call UncommonTrapBlob}
  0x000001b3bd1907b4: 2424 90e8 

  0x000001b3bd1907b8: ; ImmutableOopMap {rbp=NarrowOop [0]=Oop [8]=Oop [32]=NarrowOop [40]=Oop [48]=Oop }
                      ;*laload {reexecute=0 rethrow=0 return_oop=0}
                      ; - it.unimi.dsi.fastutil.longs.Long2ObjectOpenHashMap$MapIterator::nextEntry@142 (line 681)
                      ; - it.unimi.dsi.fastutil.longs.Long2ObjectOpenHashMap$ValueIterator::next@8 (line 1185)
                      ; - com.szymc.voxel_engine.Engine::render@783 (line 306)
  0x000001b3bd1907b8: 2437 91ff 

  0x000001b3bd1907bc: ;   {post_call_nop}
  0x000001b3bd1907bc: 0f1f 8400 | b429 005e | bae4 ffff | ff48 8beb | 488b 5c24 | 1848 891c | 2489 7c24 | 1044 895c 
  0x000001b3bd1907dc: 2418 4489 | 4c24 1c44 | 8954 2420 | 894c 2424 | 4489 4424 

  0x000001b3bd1907f0: ;   {runtime_call UncommonTrapBlob}
  0x000001b3bd1907f0: 2c66 90e8 

  0x000001b3bd1907f4: ; ImmutableOopMap {rbp=Oop [0]=Oop [16]=NarrowOop [44]=NarrowOop [48]=Oop }
                      ;*aaload {reexecute=0 rethrow=0 return_oop=0}
                      ; - it.unimi.dsi.fastutil.longs.Long2ObjectOpenHashMap$ValueIterator::next@11 (line 1185)
                      ; - com.szymc.voxel_engine.Engine::render@150 (line 239)
  0x000001b3bd1907f4: e836 91ff 

  0x000001b3bd1907f8: ;   {post_call_nop}
  0x000001b3bd1907f8: 0f1f 8400 | f029 005f | baf6 ffff | ff48 8beb | 488b 5c24 | 1848 891c | 2448 8b5c | 2430 4889 
  0x000001b3bd190818: 5c24 0848 | 897c 2410 | 4489 5c24 | 1844 894c | 241c 4489 | 5424 2089 | 4c24 2444 | 8944 242c 
  0x000001b3bd190838: c5fa 1144 | 2430 c5fa | 1154 2434 | c5fa 115c | 2438 c5fa | 116c 243c 

  0x000001b3bd190850: ;   {runtime_call UncommonTrapBlob}
  0x000001b3bd190850: 6666 90e8 

  0x000001b3bd190854: ; ImmutableOopMap {rbp=Oop [0]=Oop [8]=Oop [16]=Oop [44]=NarrowOop }
                      ;*invokevirtual testAab {reexecute=0 rethrow=0 return_oop=0}
                      ; - com.szymc.voxel_engine.Engine::render@221 (line 242)
  0x000001b3bd190854: 8836 91ff 

  0x000001b3bd190858: ;   {post_call_nop}
  0x000001b3bd190858: 0f1f 8400 | 502a 0060 | bae4 ffff | ff48 8b2c | 244c 8b4c | 2418 4c89 | 0c24 4c89 | 5424 1044 
  0x000001b3bd190878: 895c 2418 | 4489 4424 

  0x000001b3bd190880: ;   {runtime_call UncommonTrapBlob}
  0x000001b3bd190880: 1c66 90e8 

  0x000001b3bd190884: ; ImmutableOopMap {rbp=Oop [0]=Oop [16]=Oop [24]=NarrowOop [48]=Oop }
                      ;*aaload {reexecute=0 rethrow=0 return_oop=0}
                      ; - it.unimi.dsi.fastutil.longs.Long2ObjectOpenHashMap$ValueIterator::next@11 (line 1185)
                      ; - com.szymc.voxel_engine.Engine::render@783 (line 306)
  0x000001b3bd190884: 5836 91ff 

  0x000001b3bd190888: ;   {post_call_nop}
  0x000001b3bd190888: 0f1f 8400 | 802a 0061 | baf6 ffff | ff48 8b2c | 2448 8b7c | 2418 4889 | 3c24 4c89 | 5424 104c 
  0x000001b3bd1908a8: 8944 2418 | c5fa 1144 | 2420 c5fa | 1154 2424 | c5fa 115c | 2428 c5fa | 116c 242c 

  0x000001b3bd1908c4: ;   {runtime_call UncommonTrapBlob}
  0x000001b3bd1908c4: 6666 90e8 

  0x000001b3bd1908c8: ; ImmutableOopMap {rbp=Oop [0]=Oop [16]=Oop [24]=Oop [48]=Oop }
                      ;*invokevirtual testAab {reexecute=0 rethrow=0 return_oop=0}
                      ; - com.szymc.voxel_engine.Engine::render@854 (line 309)
  0x000001b3bd1908c8: 1436 91ff 

  0x000001b3bd1908cc: ;   {post_call_nop}
  0x000001b3bd1908cc: 0f1f 8400 | c42a 0062 

  0x000001b3bd1908d4: ;   {metadata('java/nio/DirectFloatBufferU')}
  0x000001b3bd1908d4: 48ba 887c | 0234 0000 | 0000 488b 

  0x000001b3bd1908e0: ;   {runtime_call C2 Runtime new_instance_blob}
  0x000001b3bd1908e0: 2c24 90e8 

  0x000001b3bd1908e4: ; ImmutableOopMap {rbp=Oop [0]=Oop [24]=Oop }
                      ;*invokevirtual allocateInstance {reexecute=0 rethrow=0 return_oop=1}
                      ; - sun.misc.Unsafe::allocateInstance@4 (line 1185)
                      ; - org.lwjgl.system.MemoryUtil::wrap@4 (line 3036)
                      ; - org.lwjgl.system.MemoryStack::mallocFloat@12 (line 540)
                      ; - com.szymc.voxel_engine.Engine::render@60 (line 228)
  0x000001b3bd1908e4: f82c 91ff 

  0x000001b3bd1908e8: ;   {post_call_nop}
  0x000001b3bd1908e8: 0f1f 8400 | e02a 0063 | e9c9 d8ff 

  0x000001b3bd1908f4: ;   {metadata('it/unimi/dsi/fastutil/longs/Long2ObjectOpenHashMap$ValueIterator')}
  0x000001b3bd1908f4: ff48 baa0 | c80a 3400 

  0x000001b3bd1908fc: ;   {runtime_call C2 Runtime new_instance_blob}
  0x000001b3bd1908fc: 0000 00e8 

  0x000001b3bd190900: ; ImmutableOopMap {rbp=Oop [0]=Oop [24]=Oop [48]=Oop }
                      ;*new {reexecute=0 rethrow=0 return_oop=1}
                      ; - it.unimi.dsi.fastutil.longs.Long2ObjectOpenHashMap$1::iterator@0 (line 1220)
                      ; - com.szymc.voxel_engine.Engine::render@764 (line 306)
  0x000001b3bd190900: dc2c 91ff 

  0x000001b3bd190904: ;   {post_call_nop}
  0x000001b3bd190904: 0f1f 8400 | fc2a 0064 | e998 e9ff | ff33 ed45 | 85d2 400f | 95c5 ba45 | ffff ff48 | 891c 2448 
  0x000001b3bd190924: 8b5c 2418 | 4889 5c24 | 0848 8b5c | 2430 4889 | 5c24 1089 | 7c24 1844 | 895c 241c | 4489 4c24 
  0x000001b3bd190944: 2044 8954 | 2424 894c | 2428 4489 

  0x000001b3bd190950: ;   {runtime_call UncommonTrapBlob}
  0x000001b3bd190950: 4424 30e8 

  0x000001b3bd190954: ; ImmutableOopMap {[0]=Oop [8]=Oop [16]=Oop [24]=NarrowOop [48]=NarrowOop }
                      ;*ifne {reexecute=1 rethrow=0 return_oop=0}
                      ; - (reexecute) it.unimi.dsi.fastutil.longs.Long2ObjectOpenHashMap$MapIterator::nextEntry@4 (line 665)
                      ; - it.unimi.dsi.fastutil.longs.Long2ObjectOpenHashMap$ValueIterator::next@8 (line 1185)
                      ; - com.szymc.voxel_engine.Engine::render@150 (line 239)
  0x000001b3bd190954: 8835 91ff 

  0x000001b3bd190958: ;   {post_call_nop}
  0x000001b3bd190958: 0f1f 8400 | 502b 0065 | ba45 ffff | ff48 8beb | 488b 5c24 | 1848 891c | 2448 8b5c | 2430 4889 
  0x000001b3bd190978: 5c24 0889 | 7c24 1044 | 895c 2418 | 4489 4c24 | 1c44 8954 | 2420 894c | 2424 4489 | 4424 2c89 
  0x000001b3bd190998: ;   {runtime_call UncommonTrapBlob}
  0x000001b3bd190998: 7424 30e8 

  0x000001b3bd19099c: ; ImmutableOopMap {rbp=Oop [0]=Oop [8]=Oop [16]=NarrowOop [44]=NarrowOop [48]=NarrowOop }
                      ;*ifge {reexecute=1 rethrow=0 return_oop=0}
                      ; - (reexecute) it.unimi.dsi.fastutil.longs.Long2ObjectOpenHashMap$MapIterator::nextEntry@69 (line 673)
                      ; - it.unimi.dsi.fastutil.longs.Long2ObjectOpenHashMap$ValueIterator::next@8 (line 1185)
                      ; - com.szymc.voxel_engine.Engine::render@150 (line 239)
  0x000001b3bd19099c: 4035 91ff 

  0x000001b3bd1909a0: ;   {post_call_nop}
  0x000001b3bd1909a0: 0f1f 8400 | 982b 0066 | 33ed 4585 | c940 0f95 | c5ba 45ff | ffff 4c8b | 4424 184c | 8944 2408 
  0x000001b3bd1909c0: 4c89 5424 | 1844 895c 

  0x000001b3bd1909c8: ;   {runtime_call UncommonTrapBlob}
  0x000001b3bd1909c8: 2420 90e8 

  0x000001b3bd1909cc: ; ImmutableOopMap {[0]=Oop [8]=Oop [24]=Oop [32]=NarrowOop [48]=Oop }
                      ;*ifne {reexecute=1 rethrow=0 return_oop=0}
                      ; - (reexecute) it.unimi.dsi.fastutil.longs.Long2ObjectOpenHashMap$MapIterator::nextEntry@4 (line 665)
                      ; - it.unimi.dsi.fastutil.longs.Long2ObjectOpenHashMap$ValueIterator::next@8 (line 1185)
                      ; - com.szymc.voxel_engine.Engine::render@783 (line 306)
  0x000001b3bd1909cc: 1035 91ff 

  0x000001b3bd1909d0: ;   {post_call_nop}
  0x000001b3bd1909d0: 0f1f 8400 | c82b 0067 | ba45 ffff | ff4c 8b4c | 2418 4c89 | 4c24 0844 | 895c 2420 | 4c89 5424 
  0x000001b3bd1909f0: 2844 8944 

  0x000001b3bd1909f4: ;   {runtime_call UncommonTrapBlob}
  0x000001b3bd1909f4: 2424 90e8 

  0x000001b3bd1909f8: ; ImmutableOopMap {rbp=NarrowOop [0]=Oop [8]=Oop [32]=NarrowOop [40]=Oop [48]=Oop }
                      ;*ifge {reexecute=1 rethrow=0 return_oop=0}
                      ; - (reexecute) it.unimi.dsi.fastutil.longs.Long2ObjectOpenHashMap$MapIterator::nextEntry@69 (line 673)
                      ; - it.unimi.dsi.fastutil.longs.Long2ObjectOpenHashMap$ValueIterator::next@8 (line 1185)
                      ; - com.szymc.voxel_engine.Engine::render@783 (line 306)
  0x000001b3bd1909f8: e434 91ff 

  0x000001b3bd1909fc: ;   {post_call_nop}
  0x000001b3bd1909fc: 0f1f 8400 | f42b 0068 | baf6 ffff | ff89 4c24 | 0844 895c | 240c 4489 

  0x000001b3bd190a14: ;   {runtime_call UncommonTrapBlob}
  0x000001b3bd190a14: 4424 14e8 

  0x000001b3bd190a18: ; ImmutableOopMap {rbp=Oop [24]=Oop }
                      ;*invokevirtual readInventoryAmount {reexecute=0 rethrow=0 return_oop=0}
                      ; - com.szymc.voxel_engine.Engine::render@1957 (line 425)
  0x000001b3bd190a18: c434 91ff 

  0x000001b3bd190a1c: ;   {post_call_nop}
  0x000001b3bd190a1c: 0f1f 8400 | 142c 0069 | baf6 ffff | ff48 8b2c | 2448 8b4c | 2418 4889 | 0c24 488b | 4c24 1048 
  0x000001b3bd190a3c: 894c 2408 | 4489 5424 | 1044 8944 | 2414 c5fa | 1144 2418 | c5fa 1154 

  0x000001b3bd190a54: ;   {runtime_call UncommonTrapBlob}
  0x000001b3bd190a54: 241c 90e8 

  0x000001b3bd190a58: ; ImmutableOopMap {rbp=Oop [0]=Oop [8]=Oop }
                      ;*invokevirtual drawRect {reexecute=0 rethrow=0 return_oop=0}
                      ; - com.szymc.voxel_engine.Engine::render@1789 (line 414)
  0x000001b3bd190a58: 8434 91ff 

  0x000001b3bd190a5c: ;   {post_call_nop}
  0x000001b3bd190a5c: 0f1f 8400 | 542c 006a | bae4 ffff | ff4c 8b54 | 2418 4c89 | 5424 0844 | 8b54 2420 | 4489 5424 
  0x000001b3bd190a7c: ;   {runtime_call UncommonTrapBlob}
  0x000001b3bd190a7c: 1866 90e8 

  0x000001b3bd190a80: ; ImmutableOopMap {[0]=Oop [8]=Oop [16]=Oop }
                      ;*baload {reexecute=0 rethrow=0 return_oop=0}
                      ; - com.szymc.voxel_engine.Engine::render@1808 (line 416)
  0x000001b3bd190a80: 5c34 91ff 

  0x000001b3bd190a84: ;   {post_call_nop}
  0x000001b3bd190a84: 0f1f 8400 | 7c2c 006b | baf6 ffff | ff4c 8b54 | 2418 4c89 | 5424 08c5 | fa11 4424 | 18c5 fa11 
  0x000001b3bd190aa4: 6424 20c5 | fa11 6424 

  0x000001b3bd190aac: ;   {runtime_call UncommonTrapBlob}
  0x000001b3bd190aac: 2466 90e8 

  0x000001b3bd190ab0: ; ImmutableOopMap {[0]=Oop [8]=Oop [16]=Oop }
                      ;*invokevirtual drawRect {reexecute=0 rethrow=0 return_oop=0}
                      ; - com.szymc.voxel_engine.Engine::render@1454 (line 389)
  0x000001b3bd190ab0: 2c34 91ff 

  0x000001b3bd190ab4: ;   {post_call_nop}
  0x000001b3bd190ab4: 0f1f 8400 | ac2c 006c | bae4 ffff | ff4c 8b54 | 2418 4c89 

  0x000001b3bd190ac8: ;   {runtime_call UncommonTrapBlob}
  0x000001b3bd190ac8: 5424 08e8 

  0x000001b3bd190acc: ; ImmutableOopMap {[0]=Oop [8]=Oop [16]=Oop }
                      ;*baload {reexecute=0 rethrow=0 return_oop=0}
                      ; - com.szymc.voxel_engine.Engine::render@1461 (line 390)
  0x000001b3bd190acc: 1034 91ff 

  0x000001b3bd190ad0: ;   {post_call_nop}
  0x000001b3bd190ad0: 0f1f 8400 | c82c 006d | baf6 ffff | ff49 8bea | 4c8b 5424 | 104c 8954 | 2408 4489 

  0x000001b3bd190aec: ;   {runtime_call UncommonTrapBlob}
  0x000001b3bd190aec: 4424 14e8 

  0x000001b3bd190af0: ; ImmutableOopMap {rbp=Oop [8]=Oop [24]=Oop }
                      ;*invokevirtual readInventoryType {reexecute=0 rethrow=0 return_oop=0}
                      ; - com.szymc.voxel_engine.Engine::render@1531 (line 396)
  0x000001b3bd190af0: ec33 91ff 

  0x000001b3bd190af4: ;   {post_call_nop}
  0x000001b3bd190af4: 0f1f 8400 | ec2c 006e | baf6 ffff | ff4c 8b44 | 2418 4c89 | 0424 4489 | 5c24 0844 | 894c 240c 
  0x000001b3bd190b14: 894c 2410 | 897c 2414 | 4489 5424 

  0x000001b3bd190b20: ;   {runtime_call UncommonTrapBlob}
  0x000001b3bd190b20: 1866 90e8 

  0x000001b3bd190b24: ; ImmutableOopMap {rbp=Oop [0]=Oop }
                      ;*invokevirtual beginUiRendering {reexecute=0 rethrow=0 return_oop=0}
                      ; - com.szymc.voxel_engine.Engine::render@2207 (line 442)
  0x000001b3bd190b24: b833 91ff 

  0x000001b3bd190b28: ;   {post_call_nop}
  0x000001b3bd190b28: 0f1f 8400 | 202d 006f | baf6 ffff | ff4c 8b44 | 2418 4c89 | 0424 448b | 4c24 1044 | 894c 240c 
  0x000001b3bd190b48: 448b 4424 | 2044 8944 | 2410 c5fa | 1144 2420 

  0x000001b3bd190b58: ;   {runtime_call UncommonTrapBlob}
  0x000001b3bd190b58: 6666 90e8 

  0x000001b3bd190b5c: ; ImmutableOopMap {rbp=Oop [0]=Oop }
                      ;*invokevirtual drawRect {reexecute=0 rethrow=0 return_oop=0}
                      ; - com.szymc.voxel_engine.Engine::render@2240 (line 443)
  0x000001b3bd190b5c: 8033 91ff 

  0x000001b3bd190b60: ;   {post_call_nop}
  0x000001b3bd190b60: 0f1f 8400 | 582d 0070 | baf6 ffff | ff4c 8b54 | 2418 4c89 | 1424 448b | 5c24 1044 | 895c 2408 
  0x000001b3bd190b80: 448b 5c24 | 1444 895c | 2410 448b | 5c24 2445 | 8bd3 4489 

  0x000001b3bd190b94: ;   {runtime_call UncommonTrapBlob}
  0x000001b3bd190b94: 5424 1ce8 

  0x000001b3bd190b98: ; ImmutableOopMap {rbp=Oop [0]=Oop }
                      ;*invokevirtual readInventoryType {reexecute=0 rethrow=0 return_oop=0}
                      ; - com.szymc.voxel_engine.Engine::render@2249 (line 444)
  0x000001b3bd190b98: 4433 91ff 

  0x000001b3bd190b9c: ;   {post_call_nop}
  0x000001b3bd190b9c: 0f1f 8400 | 942d 0071 | c5f8 28d8 | baf6 ffff | ff48 8b2c | 2448 8b7c | 2418 4889 | 3c24 488b 
  0x000001b3bd190bbc: 7c24 3048 | 897c 2408 | 488b 7c24 | 2048 897c | 2410 4c89 | 4424 1844 | 894c 2420 | 4489 5424 
  0x000001b3bd190bdc: 2489 7424 | 2889 5c24 | 2c89 4c24 | 30c5 fa11 | 5424 34c5 | fa11 4c24 | 38c5 fa11 | 5c24 3cc5 
  0x000001b3bd190bfc: fa11 6424 | 40c5 fa11 | 7424 44c5 | fa11 6c24 

  0x000001b3bd190c0c: ;   {runtime_call UncommonTrapBlob}
  0x000001b3bd190c0c: 4866 90e8 

  0x000001b3bd190c10: ; ImmutableOopMap {rbp=Oop [0]=Oop [8]=Oop [16]=Oop [24]=Oop [36]=NarrowOop }
                      ;*invokevirtual testAab {reexecute=0 rethrow=0 return_oop=0}
                      ; - com.szymc.voxel_engine.Engine::render@977 (line 326)
  0x000001b3bd190c10: cc32 91ff 

  0x000001b3bd190c14: ;   {post_call_nop}
  0x000001b3bd190c14: 0f1f 8400 | 0c2e 0072 | baf6 ffff | ff48 8b2c | 244c 8b54 | 2418 4c89 | 1424 4c8b | 5424 304c 
  0x000001b3bd190c34: 8954 2408 | 4c8b 5424 | 204c 8954 | 2410 4c8b | 5424 284c | 8954 2418 

  0x000001b3bd190c4c: ;   {runtime_call UncommonTrapBlob}
  0x000001b3bd190c4c: 6666 90e8 

  0x000001b3bd190c50: ; ImmutableOopMap {rbp=Oop [0]=Oop [8]=Oop [16]=Oop [24]=Oop [60]=NarrowOop }
                      ;*invokevirtual set {reexecute=0 rethrow=0 return_oop=0}
                      ; - com.szymc.voxel_engine.Engine::render@999 (line 330)
  0x000001b3bd190c50: 8c32 91ff 

  0x000001b3bd190c54: ;   {post_call_nop}
  0x000001b3bd190c54: 0f1f 8400 | 4c2e 0073 | baf6 ffff | ff48 8b2c | 244c 8b54 | 2418 4c89 | 1424 4c8b | 5424 204c 
  0x000001b3bd190c74: 8954 2410 | 4c8b 5424 | 284c 8954 | 2418 4489 

  0x000001b3bd190c84: ;   {runtime_call UncommonTrapBlob}
  0x000001b3bd190c84: 4424 28e8 

  0x000001b3bd190c88: ; ImmutableOopMap {rbp=Oop [0]=Oop [16]=Oop [24]=Oop [40]=NarrowOop [48]=Oop [60]=NarrowOop }
                      ;*invokevirtual translation {reexecute=0 rethrow=0 return_oop=0}
                      ; - com.szymc.voxel_engine.Engine::render@1011 (line 331)
  0x000001b3bd190c88: 5432 91ff 

  0x000001b3bd190c8c: ;   {post_call_nop}
  0x000001b3bd190c8c: 0f1f 8400 | 842e 0074 | baf6 ffff | ff48 8b2c | 244c 8b54 | 2418 4c89 | 1424 4c8b | 5424 204c 
  0x000001b3bd190cac: 8954 2410 

  0x000001b3bd190cb0: ;   {runtime_call UncommonTrapBlob}
  0x000001b3bd190cb0: 6666 90e8 

  0x000001b3bd190cb4: ; ImmutableOopMap {rbp=Oop [0]=Oop [16]=Oop [40]=Oop [48]=Oop }
                      ;*invokevirtual render {reexecute=0 rethrow=0 return_oop=0}
                      ; - com.szymc.voxel_engine.Engine::render@1032 (line 334)
  0x000001b3bd190cb4: 2832 91ff 

  0x000001b3bd190cb8: ;   {post_call_nop}
  0x000001b3bd190cb8: 0f1f 8400 | b02e 0075 | baf6 ffff | ff4c 8914 | 244c 8b54 | 2418 4c89 | 5424 0844 | 8b54 2420 
  0x000001b3bd190cd8: 4489 5424 

  0x000001b3bd190cdc: ;   {runtime_call UncommonTrapBlob}
  0x000001b3bd190cdc: 1c66 90e8 

  0x000001b3bd190ce0: ; ImmutableOopMap {rbp=NarrowOop [0]=Oop [8]=Oop [16]=Oop }
                      ;*invokevirtual readInventoryAmount {reexecute=0 rethrow=0 return_oop=0}
                      ; - com.szymc.voxel_engine.Engine::render@1547 (line 397)
  0x000001b3bd190ce0: fc31 91ff 

  0x000001b3bd190ce4: ;   {post_call_nop}
  0x000001b3bd190ce4: 0f1f 8400 | dc2e 0076 | baf6 ffff | ff48 8b2c | 244c 8b54 | 2418 4c89 | 1424 448b | 5424 1044 
  0x000001b3bd190d04: 8954 240c | 4889 4424 | 1044 894c | 2418 897c 

  0x000001b3bd190d14: ;   {runtime_call UncommonTrapBlob}
  0x000001b3bd190d14: 241c 90e8 

  0x000001b3bd190d18: ; ImmutableOopMap {rbp=Oop [0]=Oop [16]=Oop }
                      ;*invokevirtual renderFont {reexecute=0 rethrow=0 return_oop=0}
                      ; - com.szymc.voxel_engine.Engine::render@2045 (line 428)
  0x000001b3bd190d18: c431 91ff 

  0x000001b3bd190d1c: ;   {post_call_nop}
  0x000001b3bd190d1c: 0f1f 8400 | 142f 0077 | c4c1 797e | caba f6ff | ffff 488b | 2c24 4c8b | 5c24 184c | 891c 2448 
  0x000001b3bd190d3c: ff74 2410 | 488f 4424 | 0889 5c24 | 1044 8944 | 2418 4489 

  0x000001b3bd190d50: ;   {runtime_call UncommonTrapBlob}
  0x000001b3bd190d50: 5424 20e8 

  0x000001b3bd190d54: ; ImmutableOopMap {rbp=Oop [0]=Oop [8]=Oop }
                      ;*invokevirtual drawIcon {reexecute=0 rethrow=0 return_oop=0}
                      ; - com.szymc.voxel_engine.Engine::render@1891 (line 417)
  0x000001b3bd190d54: 8831 91ff 

  0x000001b3bd190d58: ;   {post_call_nop}
  0x000001b3bd190d58: 0f1f 8400 | 502f 0078 | bae4 ffff | ff44 894c | 2410 894c 

  0x000001b3bd190d6c: ;   {runtime_call UncommonTrapBlob}
  0x000001b3bd190d6c: 2414 90e8 

  0x000001b3bd190d70: ; ImmutableOopMap {[0]=Oop [16]=NarrowOop [24]=Oop }
                      ;*iastore {reexecute=0 rethrow=0 return_oop=0}
                      ; - org.lwjgl.system.MemoryStack::push@35 (line 138)
                      ; - org.lwjgl.system.MemoryStack::stackPush@3 (line 915)
                      ; - com.szymc.voxel_engine.Engine::render@46 (line 225)
  0x000001b3bd190d70: 6c31 91ff 

  0x000001b3bd190d74: ;   {post_call_nop}
  0x000001b3bd190d74: 0f1f 8400 | 6c2f 0079 | baf6 ffff | ff48 8b2c | 244c 8b5c | 2418 4c89 | 1c24 4489 | 4c24 1444 
  0x000001b3bd190d94: 8944 2418 | 4489 5424 

  0x000001b3bd190d9c: ;   {runtime_call UncommonTrapBlob}
  0x000001b3bd190d9c: 1c66 90e8 

  0x000001b3bd190da0: ; ImmutableOopMap {rbp=Oop [0]=Oop [20]=NarrowOop [24]=NarrowOop [28]=NarrowOop [32]=NarrowOop [48]=Oop }
                      ;*invokevirtual add {reexecute=0 rethrow=0 return_oop=0}
                      ; - com.szymc.voxel_engine.Camera::getViewMatrix@12 (line 75)
                      ; - com.szymc.voxel_engine.Engine::render@79 (line 229)
  0x000001b3bd190da0: 3c31 91ff 

  0x000001b3bd190da4: ;   {post_call_nop}
  0x000001b3bd190da4: 0f1f 8400 | 9c2f 007a | baf6 ffff | ff48 8b2c | 244c 8b5c | 2418 4c89 | 1c24 4489 | 4c24 14c5 
  0x000001b3bd190dc4: fa11 5c24 

  0x000001b3bd190dc8: ;   {runtime_call UncommonTrapBlob}
  0x000001b3bd190dc8: 1866 90e8 

  0x000001b3bd190dcc: ; ImmutableOopMap {rbp=Oop [0]=Oop [20]=NarrowOop [32]=NarrowOop [48]=Oop }
                      ;*putfield x {reexecute=1 rethrow=0 return_oop=0}
                      ; - (reexecute) org.joml.Vector3f::add@12 (line 615)
                      ; - com.szymc.voxel_engine.Camera::getViewMatrix@12 (line 75)
                      ; - com.szymc.voxel_engine.Engine::render@79 (line 229)
  0x000001b3bd190dcc: 1031 91ff 

  0x000001b3bd190dd0: ;   {post_call_nop}
  0x000001b3bd190dd0: 0f1f 8400 | c82f 007b | baf6 ffff | ff48 8b2c | 2444 8944 | 2410 894c 

  0x000001b3bd190de8: ;   {runtime_call UncommonTrapBlob}
  0x000001b3bd190de8: 2414 90e8 

  0x000001b3bd190dec: ; ImmutableOopMap {rbp=Oop [16]=NarrowOop [20]=NarrowOop [24]=Oop [48]=Oop }
                      ;*invokevirtual add {reexecute=0 rethrow=0 return_oop=0}
                      ; - com.szymc.voxel_engine.Camera::getViewMatrix@12 (line 75)
                      ; - com.szymc.voxel_engine.Engine::render@90 (line 231)
  0x000001b3bd190dec: f030 91ff 

  0x000001b3bd190df0: ;   {post_call_nop}
  0x000001b3bd190df0: 0f1f 8400 | e82f 007c | baf6 ffff | ff48 8b2c | 24c5 fa11 

  0x000001b3bd190e04: ;   {runtime_call UncommonTrapBlob}
  0x000001b3bd190e04: 7c24 10e8 

  0x000001b3bd190e08: ; ImmutableOopMap {rbp=Oop [24]=Oop [48]=Oop }
                      ;*putfield x {reexecute=1 rethrow=0 return_oop=0}
                      ; - (reexecute) org.joml.Vector3f::add@12 (line 615)
                      ; - com.szymc.voxel_engine.Camera::getViewMatrix@12 (line 75)
                      ; - com.szymc.voxel_engine.Engine::render@90 (line 231)
  0x000001b3bd190e08: d430 91ff 

  0x000001b3bd190e0c: ;   {post_call_nop}
  0x000001b3bd190e0c: 0f1f 8400 | 0430 007d | baf6 ffff | ff4c 8b54 | 2418 4c89 | 5424 0889 

  0x000001b3bd190e24: ;   {runtime_call UncommonTrapBlob}
  0x000001b3bd190e24: 5c24 18e8 

  0x000001b3bd190e28: ; ImmutableOopMap {rbp=NarrowOop [0]=Oop [8]=Oop [16]=Oop [24]=NarrowOop }
                      ;*invokevirtual mul {reexecute=0 rethrow=0 return_oop=0}
                      ; - com.szymc.voxel_engine.Camera::updateFrustum@9 (line 85)
                      ; - com.szymc.voxel_engine.Engine::render@99 (line 232)
  0x000001b3bd190e28: b430 91ff 

  0x000001b3bd190e2c: ;   {post_call_nop}
  0x000001b3bd190e2c: 0f1f 8400 | 2430 007e | baf6 ffff 

  0x000001b3bd190e38: ;   {runtime_call UncommonTrapBlob}
  0x000001b3bd190e38: ff66 90e8 

  0x000001b3bd190e3c: ; ImmutableOopMap {rbp=NarrowOop [0]=Oop [16]=Oop [24]=Oop }
                      ;*invokevirtual set {reexecute=0 rethrow=0 return_oop=0}
                      ; - com.szymc.voxel_engine.Camera::updateFrustum@21 (line 86)
                      ; - com.szymc.voxel_engine.Engine::render@99 (line 232)
  0x000001b3bd190e3c: a030 91ff 

  0x000001b3bd190e40: ;   {post_call_nop}
  0x000001b3bd190e40: 0f1f 8400 | 3830 007f | bacc ffff | ff48 8b2c 

  0x000001b3bd190e50: ;   {runtime_call UncommonTrapBlob}
  0x000001b3bd190e50: 2466 90e8 

  0x000001b3bd190e54: ; ImmutableOopMap {rbp=Oop [24]=Oop }
                      ;*invokevirtual allocateInstance {reexecute=0 rethrow=0 return_oop=0}
                      ; - sun.misc.Unsafe::allocateInstance@4 (line 1185)
                      ; - org.lwjgl.system.MemoryUtil::wrap@4 (line 3036)
                      ; - org.lwjgl.system.MemoryStack::mallocFloat@12 (line 540)
                      ; - com.szymc.voxel_engine.Engine::render@60 (line 228)
  0x000001b3bd190e54: 8830 91ff 

  0x000001b3bd190e58: ;   {post_call_nop}
  0x000001b3bd190e58: 0f1f 8400 | 5030 0080 | bade ffff 

  0x000001b3bd190e64: ;   {runtime_call UncommonTrapBlob}
  0x000001b3bd190e64: ff66 90e8 

  0x000001b3bd190e68: ; ImmutableOopMap {rbp=NarrowOop [0]=Oop [16]=Oop [24]=Oop }
                      ;*invokeinterface values {reexecute=0 rethrow=0 return_oop=0}
                      ; - com.szymc.voxel_engine.Engine::render@126 (line 239)
  0x000001b3bd190e68: 7430 91ff 

  0x000001b3bd190e6c: ;   {post_call_nop}
  0x000001b3bd190e6c: 0f1f 8400 | 6430 0081 | bade ffff 

  0x000001b3bd190e78: ;   {runtime_call UncommonTrapBlob}
  0x000001b3bd190e78: ff66 90e8 

  0x000001b3bd190e7c: ; ImmutableOopMap {rbp=NarrowOop [0]=Oop [16]=Oop [24]=Oop }
                      ;*invokeinterface iterator {reexecute=0 rethrow=0 return_oop=0}
                      ; - com.szymc.voxel_engine.Engine::render@131 (line 239)
  0x000001b3bd190e7c: 6030 91ff 

  0x000001b3bd190e80: ;   {post_call_nop}
  0x000001b3bd190e80: 0f1f 8400 | 7830 0082 | bae4 ffff | ff89 4c24 | 1044 894c 

  0x000001b3bd190e94: ;   {runtime_call UncommonTrapBlob}
  0x000001b3bd190e94: 2418 90e8 

  0x000001b3bd190e98: ; ImmutableOopMap {rbp=NarrowOop [0]=Oop [8]=Oop [16]=NarrowOop }
                      ;*aaload {reexecute=0 rethrow=0 return_oop=0}
                      ; - java.lang.ThreadLocal$ThreadLocalMap::getEntry@18 (line 487)
                      ; - java.lang.ThreadLocal::get@12 (line 186)
                      ; - java.lang.ThreadLocal::get@4 (line 171)
                      ; - org.lwjgl.system.MemoryStack::stackGet@3 (line 906)
                      ; - org.lwjgl.system.MemoryStack::stackPush@0 (line 915)
                      ; - com.szymc.voxel_engine.Engine::render@46 (line 225)
  0x000001b3bd190e98: 4430 91ff 

  0x000001b3bd190e9c: ;   {post_call_nop}
  0x000001b3bd190e9c: 0f1f 8400 | 9430 0083 | 33ed 4585 | d240 0f95 | c5ba 66ff | ffff 4c8b | 4c24 184c | 894c 2408 
  0x000001b3bd190ebc: 4489 5c24 | 1844 8954 | 241c 894c | 2420 4489 

  0x000001b3bd190ecc: ;   {runtime_call UncommonTrapBlob}
  0x000001b3bd190ecc: 4424 28e8 

  0x000001b3bd190ed0: ; ImmutableOopMap {[0]=Oop [8]=Oop [16]=Oop [40]=NarrowOop }
                      ;*ifeq {reexecute=1 rethrow=0 return_oop=0}
                      ; - (reexecute) com.szymc.voxel_engine.Engine::render@145 (line 239)
  0x000001b3bd190ed0: 0c30 91ff 

  0x000001b3bd190ed4: ;   {post_call_nop}
  0x000001b3bd190ed4: 0f1f 8400 | cc30 0084 | baf6 ffff | ff48 8beb 

  0x000001b3bd190ee4: ;   {runtime_call UncommonTrapBlob}
  0x000001b3bd190ee4: 6666 90e8 

  0x000001b3bd190ee8: ; ImmutableOopMap {rbp=Oop [24]=Oop [48]=Oop }
                      ;*invokevirtual stop {reexecute=0 rethrow=0 return_oop=0}
                      ; - com.szymc.voxel_engine.Engine::render@427 (line 275)
  0x000001b3bd190ee8: f42f 91ff 

  0x000001b3bd190eec: ;   {post_call_nop}
  0x000001b3bd190eec: 0f1f 8400 | e430 0085 | baf6 ffff | ff49 8bea 

  0x000001b3bd190efc: ;   {runtime_call UncommonTrapBlob}
  0x000001b3bd190efc: 6666 90e8 

  0x000001b3bd190f00: ; ImmutableOopMap {rbp=Oop [24]=Oop [48]=Oop }
                      ;*invokevirtual start {reexecute=0 rethrow=0 return_oop=0}
                      ; - com.szymc.voxel_engine.Engine::render@434 (line 276)
  0x000001b3bd190f00: dc2f 91ff 

  0x000001b3bd190f04: ;   {post_call_nop}
  0x000001b3bd190f04: 0f1f 8400 | fc30 0086 | baf6 ffff | ff49 8bea | 4c8b 5424 | 184c 8914 | 2444 895c | 2410 894c 
  0x000001b3bd190f24: 2414 895c | 2418 4489 

  0x000001b3bd190f2c: ;   {runtime_call UncommonTrapBlob}
  0x000001b3bd190f2c: 4424 1ce8 

  0x000001b3bd190f30: ; ImmutableOopMap {rbp=Oop [0]=Oop [16]=NarrowOop [20]=NarrowOop [24]=NarrowOop [28]=NarrowOop [48]=Oop }
                      ;*invokevirtual add {reexecute=0 rethrow=0 return_oop=0}
                      ; - com.szymc.voxel_engine.Camera::getViewMatrix@12 (line 75)
                      ; - com.szymc.voxel_engine.Engine::render@452 (line 277)
  0x000001b3bd190f30: ac2f 91ff 

  0x000001b3bd190f34: ;   {post_call_nop}
  0x000001b3bd190f34: 0f1f 8400 | 2c31 0087 | baf6 ffff | ff49 8bea | 4c8b 5424 | 184c 8914 | 2444 895c | 2410 894c 
  0x000001b3bd190f54: 2414 c5fa | 117c 2418 

  0x000001b3bd190f5c: ;   {runtime_call UncommonTrapBlob}
  0x000001b3bd190f5c: 6666 90e8 

  0x000001b3bd190f60: ; ImmutableOopMap {rbp=Oop [0]=Oop [16]=NarrowOop [20]=NarrowOop [48]=Oop }
                      ;*putfield x {reexecute=1 rethrow=0 return_oop=0}
                      ; - (reexecute) org.joml.Vector3f::add@12 (line 615)
                      ; - com.szymc.voxel_engine.Camera::getViewMatrix@12 (line 75)
                      ; - com.szymc.voxel_engine.Engine::render@452 (line 277)
  0x000001b3bd190f60: 7c2f 91ff 

  0x000001b3bd190f64: ;   {post_call_nop}
  0x000001b3bd190f64: 0f1f 8400 | 5c31 0088 | baf6 ffff | ff49 8be8 

  0x000001b3bd190f74: ;   {runtime_call UncommonTrapBlob}
  0x000001b3bd190f74: 6666 90e8 

  0x000001b3bd190f78: ; ImmutableOopMap {rbp=Oop [24]=Oop [48]=Oop }
                      ;*invokevirtual stop {reexecute=0 rethrow=0 return_oop=0}
                      ; - com.szymc.voxel_engine.Engine::render@732 (line 301)
  0x000001b3bd190f78: 642f 91ff 

  0x000001b3bd190f7c: ;   {post_call_nop}
  0x000001b3bd190f7c: 0f1f 8400 | 7431 0089 | baf6 ffff | ff48 8b2c 

  0x000001b3bd190f8c: ;   {runtime_call UncommonTrapBlob}
  0x000001b3bd190f8c: 2466 90e8 

  0x000001b3bd190f90: ; ImmutableOopMap {rbp=Oop [24]=Oop }
                      ;*invokevirtual stop {reexecute=0 rethrow=0 return_oop=0}
                      ; - com.szymc.voxel_engine.Engine::render@1270 (line 375)
  0x000001b3bd190f90: 4c2f 91ff 

  0x000001b3bd190f94: ;   {post_call_nop}
  0x000001b3bd190f94: 0f1f 8400 | 8c31 008a | baf6 ffff | ff48 8b2c 

  0x000001b3bd190fa4: ;   {runtime_call UncommonTrapBlob}
  0x000001b3bd190fa4: 2466 90e8 

  0x000001b3bd190fa8: ; ImmutableOopMap {rbp=Oop [24]=Oop }
                      ;*invokevirtual beginUiRendering {reexecute=0 rethrow=0 return_oop=0}
                      ; - com.szymc.voxel_engine.Engine::render@1283 (line 377)
  0x000001b3bd190fa8: 342f 91ff 

  0x000001b3bd190fac: ;   {post_call_nop}
  0x000001b3bd190fac: 0f1f 8400 | a431 008b | baf6 ffff | ff44 8944 

  0x000001b3bd190fbc: ;   {runtime_call UncommonTrapBlob}
  0x000001b3bd190fbc: 2408 90e8 

  0x000001b3bd190fc0: ; ImmutableOopMap {rbp=Oop [24]=Oop }
                      ;*invokevirtual drawTexture {reexecute=0 rethrow=0 return_oop=0}
                      ; - com.szymc.voxel_engine.Engine::render@1314 (line 381)
  0x000001b3bd190fc0: 1c2f 91ff 

  0x000001b3bd190fc4: ;   {post_call_nop}
  0x000001b3bd190fc4: 0f1f 8400 | bc31 008c | baf6 ffff 

  0x000001b3bd190fd0: ;   {runtime_call UncommonTrapBlob}
  0x000001b3bd190fd0: ff66 90e8 

  0x000001b3bd190fd4: ; ImmutableOopMap {rbp=Oop [24]=Oop }
                      ;*invokevirtual drawRect {reexecute=0 rethrow=0 return_oop=0}
                      ; - com.szymc.voxel_engine.Engine::render@1372 (line 384)
  0x000001b3bd190fd4: 082f 91ff 

  0x000001b3bd190fd8: ;   {post_call_nop}
  0x000001b3bd190fd8: 0f1f 8400 | d031 008d | baf6 ffff 

  0x000001b3bd190fe4: ;   {runtime_call UncommonTrapBlob}
  0x000001b3bd190fe4: ff66 90e8 

  0x000001b3bd190fe8: ; ImmutableOopMap {rbp=Oop [24]=Oop }
                      ;*invokevirtual getInventory {reexecute=0 rethrow=0 return_oop=0}
                      ; - com.szymc.voxel_engine.Engine::render@1379 (line 385)
  0x000001b3bd190fe8: f42e 91ff 

  0x000001b3bd190fec: ;   {post_call_nop}
  0x000001b3bd190fec: 0f1f 8400 | e431 008e | baf6 ffff | ff48 8be9 | 4c89 5c24 

  0x000001b3bd191000: ;   {runtime_call UncommonTrapBlob}
  0x000001b3bd191000: 0866 90e8 

  0x000001b3bd191004: ; ImmutableOopMap {rbp=Oop [8]=Oop [24]=Oop }
                      ;*invokevirtual beginTextRendering {reexecute=0 rethrow=0 return_oop=0}
                      ; - com.szymc.voxel_engine.Engine::render@1512 (line 394)
  0x000001b3bd191004: d82e 91ff 

  0x000001b3bd191008: ;   {post_call_nop}
  0x000001b3bd191008: 0f1f 8400 | 0032 008f | baf6 ffff | ff49 8bea 

  0x000001b3bd191018: ;   {runtime_call UncommonTrapBlob}
  0x000001b3bd191018: 6666 90e8 

  0x000001b3bd19101c: ; ImmutableOopMap {rbp=Oop [16]=Oop [24]=Oop }
                      ;*invokevirtual getPlayerGuiInventoryActive {reexecute=0 rethrow=0 return_oop=0}
                      ; - com.szymc.voxel_engine.Engine::render@1592 (line 403)
  0x000001b3bd19101c: c02e 91ff 

  0x000001b3bd191020: ;   {post_call_nop}
  0x000001b3bd191020: 0f1f 8400 | 1832 0090 | bade ffff 

  0x000001b3bd19102c: ;   {runtime_call UncommonTrapBlob}
  0x000001b3bd19102c: ff66 90e8 

  0x000001b3bd191030: ; ImmutableOopMap {rbp=NarrowOop [0]=Oop [24]=Oop [48]=Oop }
                      ;*invokeinterface values {reexecute=0 rethrow=0 return_oop=0}
                      ; - com.szymc.voxel_engine.Engine::render@472 (line 280)
  0x000001b3bd191030: ac2e 91ff 

  0x000001b3bd191034: ;   {post_call_nop}
  0x000001b3bd191034: 0f1f 8400 | 2c32 0091 | bade ffff 

  0x000001b3bd191040: ;   {runtime_call UncommonTrapBlob}
  0x000001b3bd191040: ff66 90e8 

  0x000001b3bd191044: ; ImmutableOopMap {rbp=NarrowOop [0]=Oop [24]=Oop [48]=Oop }
                      ;*invokeinterface iterator {reexecute=0 rethrow=0 return_oop=0}
                      ; - com.szymc.voxel_engine.Engine::render@477 (line 280)
  0x000001b3bd191044: 982e 91ff 

  0x000001b3bd191048: ;   {post_call_nop}
  0x000001b3bd191048: 0f1f 8400 | 4032 0092 | bade ffff 

  0x000001b3bd191054: ;   {runtime_call UncommonTrapBlob}
  0x000001b3bd191054: ff66 90e8 

  0x000001b3bd191058: ; ImmutableOopMap {rbp=NarrowOop [0]=Oop [24]=Oop [48]=Oop }
                      ;*invokeinterface values {reexecute=0 rethrow=0 return_oop=0}
                      ; - com.szymc.voxel_engine.Engine::render@759 (line 306)
  0x000001b3bd191058: 842e 91ff 

  0x000001b3bd19105c: ;   {post_call_nop}
  0x000001b3bd19105c: 0f1f 8400 | 5432 0093 | bade ffff 

  0x000001b3bd191068: ;   {runtime_call UncommonTrapBlob}
  0x000001b3bd191068: ff66 90e8 

  0x000001b3bd19106c: ; ImmutableOopMap {rbp=NarrowOop [0]=Oop [24]=Oop [48]=Oop }
                      ;*invokeinterface iterator {reexecute=0 rethrow=0 return_oop=0}
                      ; - com.szymc.voxel_engine.Engine::render@764 (line 306)
  0x000001b3bd19106c: 702e 91ff 

  0x000001b3bd191070: ;   {post_call_nop}
  0x000001b3bd191070: 0f1f 8400 | 6832 0094 

  0x000001b3bd191078: ;   {oop(a 'java/lang/ThreadLocal$SuppliedThreadLocal'{0x000000060d4b6e10})}
  0x000001b3bd191078: 33ed 4181 | fbc2 6da9 | c140 0f94 | c5ba 45ff | ffff 894c | 2410 4489 | 4c24 1444 | 8954 2418 
  0x000001b3bd191098: ;   {runtime_call UncommonTrapBlob}
  0x000001b3bd191098: 6666 90e8 

  0x000001b3bd19109c: ; ImmutableOopMap {[0]=Oop [8]=Oop [16]=NarrowOop [24]=NarrowOop }
                      ;*ifeq {reexecute=1 rethrow=0 return_oop=0}
                      ; - (reexecute) java.lang.ThreadLocal$ThreadLocalMap::getEntry@29 (line 488)
                      ; - java.lang.ThreadLocal::get@12 (line 186)
                      ; - java.lang.ThreadLocal::get@4 (line 171)
                      ; - org.lwjgl.system.MemoryStack::stackGet@3 (line 906)
                      ; - org.lwjgl.system.MemoryStack::stackPush@0 (line 915)
                      ; - com.szymc.voxel_engine.Engine::render@46 (line 225)
  0x000001b3bd19109c: 402e 91ff 

  0x000001b3bd1910a0: ;   {post_call_nop}
  0x000001b3bd1910a0: 0f1f 8400 | 9832 0095 | baf6 ffff | ff48 8b2c 

  0x000001b3bd1910b0: ;   {runtime_call UncommonTrapBlob}
  0x000001b3bd1910b0: 2466 90e8 

  0x000001b3bd1910b4: ; ImmutableOopMap {rbp=Oop [24]=Oop [48]=Oop }
                      ;*invokevirtual bind {reexecute=0 rethrow=0 return_oop=0}
                      ; - com.szymc.localShaders.EntityShader::start@21 (line 31)
                      ; - com.szymc.voxel_engine.Engine::render@434 (line 276)
  0x000001b3bd1910b4: 282e 91ff 

  0x000001b3bd1910b8: ;   {post_call_nop}
  0x000001b3bd1910b8: 0f1f 8400 | b032 0096 | baf6 ffff 

  0x000001b3bd1910c4: ;   {runtime_call UncommonTrapBlob}
  0x000001b3bd1910c4: ff66 90e8 

  0x000001b3bd1910c8: ; ImmutableOopMap {rbp=Oop [16]=Oop [24]=Oop }
                      ;*invokevirtual beginUiRendering {reexecute=0 rethrow=0 return_oop=0}
                      ; - com.szymc.voxel_engine.Engine::render@1608 (line 404)
  0x000001b3bd1910c8: 142e 91ff 

  0x000001b3bd1910cc: ;   {post_call_nop}
  0x000001b3bd1910cc: 0f1f 8400 | c432 0097 | baf6 ffff | ff49 8bea 

  0x000001b3bd1910dc: ;   {runtime_call UncommonTrapBlob}
  0x000001b3bd1910dc: 6666 90e8 

  0x000001b3bd1910e0: ; ImmutableOopMap {rbp=Oop [16]=Oop [24]=Oop }
                      ;*invokevirtual drawRect {reexecute=0 rethrow=0 return_oop=0}
                      ; - com.szymc.voxel_engine.Engine::render@1656 (line 409)
  0x000001b3bd1910e0: fc2d 91ff 

  0x000001b3bd1910e4: ;   {post_call_nop}
  0x000001b3bd1910e4: 0f1f 8400 | dc32 0098 | baf6 ffff | ff49 8beb 

  0x000001b3bd1910f4: ;   {runtime_call UncommonTrapBlob}
  0x000001b3bd1910f4: 6666 90e8 

  0x000001b3bd1910f8: ; ImmutableOopMap {rbp=Oop [16]=Oop [24]=Oop }
                      ;*invokevirtual drawRect {reexecute=0 rethrow=0 return_oop=0}
                      ; - com.szymc.voxel_engine.Engine::render@1703 (line 410)
  0x000001b3bd1910f8: e42d 91ff 

  0x000001b3bd1910fc: ;   {post_call_nop}
  0x000001b3bd1910fc: 0f1f 8400 | f432 0099 | baf6 ffff | ff48 8bef 

  0x000001b3bd19110c: ;   {runtime_call UncommonTrapBlob}
  0x000001b3bd19110c: 6666 90e8 

  0x000001b3bd191110: ; ImmutableOopMap {rbp=Oop [24]=Oop }
                      ;*invokevirtual beginTextRendering {reexecute=0 rethrow=0 return_oop=0}
                      ; - com.szymc.voxel_engine.Engine::render@1916 (line 421)
  0x000001b3bd191110: cc2d 91ff 

  0x000001b3bd191114: ;   {post_call_nop}
  0x000001b3bd191114: 0f1f 8400 | 0c33 009a | baf6 ffff 

  0x000001b3bd191120: ;   {runtime_call UncommonTrapBlob}
  0x000001b3bd191120: ff66 90e8 

  0x000001b3bd191124: ; ImmutableOopMap {rbp=Oop [24]=Oop }
                      ;*invokevirtual beginUiRendering {reexecute=0 rethrow=0 return_oop=0}
                      ; - com.szymc.voxel_engine.Engine::render@2070 (line 433)
  0x000001b3bd191124: b82d 91ff 

  0x000001b3bd191128: ;   {post_call_nop}
  0x000001b3bd191128: 0f1f 8400 | 2033 009b | baf6 ffff 

  0x000001b3bd191134: ;   {runtime_call UncommonTrapBlob}
  0x000001b3bd191134: ff66 90e8 

  0x000001b3bd191138: ; ImmutableOopMap {rbp=Oop [24]=Oop }
                      ;*invokevirtual drawRect {reexecute=0 rethrow=0 return_oop=0}
                      ; - com.szymc.voxel_engine.Engine::render@2137 (line 436)
  0x000001b3bd191138: a42d 91ff 

  0x000001b3bd19113c: ;   {post_call_nop}
  0x000001b3bd19113c: 0f1f 8400 | 3433 009c | baf6 ffff 

  0x000001b3bd191148: ;   {runtime_call UncommonTrapBlob}
  0x000001b3bd191148: ff66 90e8 

  0x000001b3bd19114c: ; ImmutableOopMap {rbp=Oop [24]=Oop }
                      ;*invokevirtual drawRect {reexecute=0 rethrow=0 return_oop=0}
                      ; - com.szymc.voxel_engine.Engine::render@2388 (line 452)
  0x000001b3bd19114c: 902d 91ff 

  0x000001b3bd191150: ;   {post_call_nop}
  0x000001b3bd191150: 0f1f 8400 | 4833 009d | baf6 ffff | ff4c 8b54 | 2418 4c89 | 1424 448b | 5c24 1044 | 895c 2408 
  0x000001b3bd191170: 448b 5424 | 2044 8954 | 240c 448b | 5c24 1444 | 895c 2410 | 448b 5c24 | 2444 8944 | 241c 458b 
  0x000001b3bd191190: d344 8954 

  0x000001b3bd191194: ;   {runtime_call UncommonTrapBlob}
  0x000001b3bd191194: 2420 90e8 

  0x000001b3bd191198: ; ImmutableOopMap {rbp=Oop [0]=Oop [28]=NarrowOop }
                      ;*invokevirtual readInventoryType {reexecute=0 rethrow=0 return_oop=0}
                      ; - com.szymc.voxel_engine.Engine::render@2265 (line 445)
  0x000001b3bd191198: 442d 91ff 

  0x000001b3bd19119c: ;   {post_call_nop}
  0x000001b3bd19119c: 0f1f 8400 | 9433 009e | baf6 ffff | ff4c 8b54 | 2418 4c89 | 1424 448b | 5424 1044 | 8954 240c 
  0x000001b3bd1911bc: 448b 5c24 | 2044 895c | 2410 448b | 5c24 2444 | 895c 241c | 8944 2420 

  0x000001b3bd1911d4: ;   {runtime_call UncommonTrapBlob}
  0x000001b3bd1911d4: 6666 90e8 

  0x000001b3bd1911d8: ; ImmutableOopMap {rbp=Oop [0]=Oop }
                      ;*invokevirtual drawIcon {reexecute=0 rethrow=0 return_oop=0}
                      ; - com.szymc.voxel_engine.Engine::render@2284 (line 445)
  0x000001b3bd1911d8: 042d 91ff 

  0x000001b3bd1911dc: ;   {post_call_nop}
  0x000001b3bd1911dc: 0f1f 8400 | d433 009f | baf6 ffff | ff4c 8b54 | 2418 4c89 | 1424 448b | 5424 1044 | 8954 2408 
  0x000001b3bd1911fc: 448b 5424 | 1444 8954 

  0x000001b3bd191204: ;   {runtime_call UncommonTrapBlob}
  0x000001b3bd191204: 2410 90e8 

  0x000001b3bd191208: ; ImmutableOopMap {rbp=Oop [0]=Oop }
                      ;*invokevirtual beginTextRendering {reexecute=0 rethrow=0 return_oop=0}
                      ; - com.szymc.voxel_engine.Engine::render@2297 (line 446)
  0x000001b3bd191208: d42c 91ff 

  0x000001b3bd19120c: ;   {post_call_nop}
  0x000001b3bd19120c: 0f1f 8400 | 0434 00a0 | baf6 ffff | ff4c 8914 | 244c 8b54 | 2418 4c89 | 5424 0844 | 8b5c 2420 
  0x000001b3bd19122c: 4489 5c24 

  0x000001b3bd191230: ;   {runtime_call UncommonTrapBlob}
  0x000001b3bd191230: 1866 90e8 

  0x000001b3bd191234: ; ImmutableOopMap {rbp=NarrowOop [0]=Oop [8]=Oop }
                      ;*invokevirtual readInventoryAmount {reexecute=0 rethrow=0 return_oop=0}
                      ; - com.szymc.voxel_engine.Engine::render@2310 (line 447)
  0x000001b3bd191234: a82c 91ff 

  0x000001b3bd191238: ;   {post_call_nop}
  0x000001b3bd191238: 0f1f 8400 | 3034 00a1 | baf6 ffff | ff48 8b6c | 2430 4c8b | 5424 184c | 8914 2444 | 8b5c 2410 
  0x000001b3bd191258: 4489 5c24 | 0848 8944 | 2410 4489 | 4c24 1889 

  0x000001b3bd191268: ;   {runtime_call UncommonTrapBlob}
  0x000001b3bd191268: 7c24 1ce8 

  0x000001b3bd19126c: ; ImmutableOopMap {rbp=Oop [0]=Oop [16]=Oop }
                      ;*invokevirtual renderFont {reexecute=0 rethrow=0 return_oop=0}
                      ; - com.szymc.voxel_engine.Engine::render@2333 (line 447)
  0x000001b3bd19126c: 702c 91ff 

  0x000001b3bd191270: ;   {post_call_nop}
  0x000001b3bd191270: 0f1f 8400 | 6834 00a2 | ba45 ffff 

  0x000001b3bd19127c: ;   {runtime_call UncommonTrapBlob}
  0x000001b3bd19127c: ff66 90e8 

  0x000001b3bd191280: ; ImmutableOopMap {[0]=Oop }
                      ;*ifeq {reexecute=1 rethrow=0 return_oop=0}
                      ; - (reexecute) com.szymc.voxel_engine.Engine::render@22 (line 223)
  0x000001b3bd191280: 5c2c 91ff 

  0x000001b3bd191284: ;   {post_call_nop}
  0x000001b3bd191284: 0f1f 8400 | 7c34 00a3 | ba45 ffff | ff48 8b2c | 2489 4c24 | 0844 8954 

  0x000001b3bd19129c: ;   {runtime_call UncommonTrapBlob}
  0x000001b3bd19129c: 240c 90e8 

  0x000001b3bd1912a0: ; ImmutableOopMap {rbp=Oop [24]=Oop }
                      ;*if_icmpne {reexecute=1 rethrow=0 return_oop=0}
                      ; - (reexecute) org.lwjgl.system.MemoryStack::push@9 (line 134)
                      ; - org.lwjgl.system.MemoryStack::stackPush@3 (line 915)
                      ; - com.szymc.voxel_engine.Engine::render@46 (line 225)
  0x000001b3bd1912a0: 3c2c 91ff 

  0x000001b3bd1912a4: ;   {post_call_nop}
  0x000001b3bd1912a4: 0f1f 8400 | 9c34 00a4 | ba45 ffff 

  0x000001b3bd1912b0: ;   {runtime_call UncommonTrapBlob}
  0x000001b3bd1912b0: ff66 90e8 

  0x000001b3bd1912b4: ; ImmutableOopMap {[0]=Oop [24]=Oop }
                      ;*ifge {reexecute=1 rethrow=0 return_oop=0}
                      ; - (reexecute) org.lwjgl.system.MemoryStack::nmalloc@46 (line 321)
                      ; - org.lwjgl.system.MemoryStack::mallocFloat@8 (line 540)
                      ; - com.szymc.voxel_engine.Engine::render@60 (line 228)
  0x000001b3bd1912b4: 282c 91ff 

  0x000001b3bd1912b8: ;   {post_call_nop}
  0x000001b3bd1912b8: 0f1f 8400 | b034 00a5 | ba45 ffff | ff4c 8b54 | 2418 4c89 | 5424 0844 | 8b44 2420 | 4489 4424 
  0x000001b3bd1912d8: 1844 894c | 241c 4489 | 5c24 2089 

  0x000001b3bd1912e4: ;   {runtime_call UncommonTrapBlob}
  0x000001b3bd1912e4: 7c24 24e8 

  0x000001b3bd1912e8: ; ImmutableOopMap {[0]=Oop [8]=Oop [24]=NarrowOop [28]=NarrowOop [32]=NarrowOop [36]=NarrowOop [48]=Oop }
                      ;*ifeq {reexecute=1 rethrow=0 return_oop=0}
                      ; - (reexecute) org.joml.Matrix4f::identity@6 (line 742)
                      ; - com.szymc.voxel_engine.Camera::getViewMatrix@20 (line 77)
                      ; - com.szymc.voxel_engine.Engine::render@79 (line 229)
  0x000001b3bd1912e8: f42b 91ff 

  0x000001b3bd1912ec: ;   {post_call_nop}
  0x000001b3bd1912ec: 0f1f 8400 | e434 00a6 | ba45 ffff | ff4c 8b54 | 2418 4c89 | 5424 0889 

  0x000001b3bd191304: ;   {runtime_call UncommonTrapBlob}
  0x000001b3bd191304: 5c24 1ce8 

  0x000001b3bd191308: ; ImmutableOopMap {[0]=Oop [8]=Oop [16]=Oop [28]=NarrowOop [32]=NarrowOop }
                      ;*ifeq {reexecute=1 rethrow=0 return_oop=0}
                      ; - (reexecute) org.joml.Matrix4f::identity@6 (line 742)
                      ; - com.szymc.voxel_engine.Camera::getViewMatrix@20 (line 77)
                      ; - com.szymc.voxel_engine.Engine::render@90 (line 231)
  0x000001b3bd191308: d42b 91ff 

  0x000001b3bd19130c: ;   {post_call_nop}
  0x000001b3bd19130c: 0f1f 8400 | 0435 00a7 | ba45 ffff | ff4c 8b54 | 2418 4c89 | 5424 0844 | 895c 2418 | 894c 241c 
  0x000001b3bd19132c: 8974 2420 | 897c 2424 

  0x000001b3bd191334: ;   {runtime_call UncommonTrapBlob}
  0x000001b3bd191334: 6666 90e8 

  0x000001b3bd191338: ; ImmutableOopMap {[0]=Oop [8]=Oop [24]=NarrowOop [28]=NarrowOop [32]=NarrowOop [36]=NarrowOop [48]=Oop }
                      ;*ifeq {reexecute=1 rethrow=0 return_oop=0}
                      ; - (reexecute) org.joml.Matrix4f::identity@6 (line 742)
                      ; - com.szymc.voxel_engine.Camera::getViewMatrix@20 (line 77)
                      ; - com.szymc.voxel_engine.Engine::render@452 (line 277)
  0x000001b3bd191338: a42b 91ff 

  0x000001b3bd19133c: ;   {post_call_nop}
  0x000001b3bd19133c: 0f1f 8400 | 3435 00a8 | 470f b65c | d43c 438b | 6cd4 28ba | 45ff ffff | 4c8b 4424 | 184c 8944 
  0x000001b3bd19135c: 2408 894c | 241c 4489 | 5c24 2044 | 8954 2428 

  0x000001b3bd19136c: ;   {runtime_call UncommonTrapBlob}
  0x000001b3bd19136c: 6666 90e8 

  0x000001b3bd191370: ; ImmutableOopMap {[0]=Oop [8]=Oop [40]=NarrowOop [48]=Oop }
                      ;*ifeq {reexecute=1 rethrow=0 return_oop=0}
                      ; - (reexecute) it.unimi.dsi.fastutil.ints.Int2ObjectOpenHashMap$MapIterator::hasNext@4 (line 661)
                      ; - com.szymc.voxel_engine.Engine::render@486 (line 280)
  0x000001b3bd191370: 6c2b 91ff 

  0x000001b3bd191374: ;   {post_call_nop}
  0x000001b3bd191374: 0f1f 8400 | 6c35 00a9 | ba45 ffff 

  0x000001b3bd191380: ;   {runtime_call UncommonTrapBlob}
  0x000001b3bd191380: ff66 90e8 

  0x000001b3bd191384: ; ImmutableOopMap {rbp=NarrowOop [0]=Oop [24]=Oop [48]=Oop }
                      ;*ifnull {reexecute=1 rethrow=0 return_oop=0}
                      ; - (reexecute) com.szymc.voxel_engine.Engine::render@1048 (line 338)
  0x000001b3bd191384: 582b 91ff 

  0x000001b3bd191388: ;   {post_call_nop}
  0x000001b3bd191388: 0f1f 8400 | 8035 00aa | baf6 ffff | ff44 894c | 2408 4489 

  0x000001b3bd19139c: ;   {runtime_call UncommonTrapBlob}
  0x000001b3bd19139c: 5c24 0ce8 

  0x000001b3bd1913a0: ; ImmutableOopMap {rbp=Oop [24]=Oop }
                      ;*invokevirtual beginUiRendering {reexecute=0 rethrow=0 return_oop=0}
                      ; - com.szymc.voxel_engine.Engine::render@2440 (line 459)
  0x000001b3bd1913a0: 3c2b 91ff 

  0x000001b3bd1913a4: ;   {post_call_nop}
  0x000001b3bd1913a4: 0f1f 8400 | 9c35 00ab | baf6 ffff | ff49 8beb | 4c8b 5c24 | 184c 891c | 2489 5c24 | 0844 8954 
  0x000001b3bd1913c4: 240c 4489 | 4424 10c5 | fa11 4424 | 14c5 fa11 

  0x000001b3bd1913d4: ;   {runtime_call UncommonTrapBlob}
  0x000001b3bd1913d4: 4c24 18e8 

  0x000001b3bd1913d8: ; ImmutableOopMap {rbp=Oop [0]=Oop }
                      ;*invokevirtual drawIcon {reexecute=0 rethrow=0 return_oop=0}
                      ; - com.szymc.voxel_engine.Engine::render@2470 (line 460)
  0x000001b3bd1913d8: 042b 91ff 

  0x000001b3bd1913dc: ;   {post_call_nop}
  0x000001b3bd1913dc: 0f1f 8400 | d435 00ac | baf6 ffff | ff49 8bea 

  0x000001b3bd1913ec: ;   {runtime_call UncommonTrapBlob}
  0x000001b3bd1913ec: 6666 90e8 

  0x000001b3bd1913f0: ; ImmutableOopMap {rbp=Oop [24]=Oop }
                      ;*invokevirtual beginTextRendering {reexecute=0 rethrow=0 return_oop=0}
                      ; - com.szymc.voxel_engine.Engine::render@2483 (line 461)
  0x000001b3bd1913f0: ec2a 91ff 

  0x000001b3bd1913f4: ;   {post_call_nop}
  0x000001b3bd1913f4: 0f1f 8400 | ec35 00ad | baf6 ffff | ff48 8b2c | 2448 8944 | 2408 4489 | 4c24 1089 

  0x000001b3bd191410: ;   {runtime_call UncommonTrapBlob}
  0x000001b3bd191410: 7c24 14e8 

  0x000001b3bd191414: ; ImmutableOopMap {rbp=Oop [8]=Oop [24]=Oop }
                      ;*invokevirtual renderFont {reexecute=0 rethrow=0 return_oop=0}
                      ; - com.szymc.voxel_engine.Engine::render@2517 (line 462)
  0x000001b3bd191414: c82a 91ff 

  0x000001b3bd191418: ;   {post_call_nop}
  0x000001b3bd191418: 0f1f 8400 | 1036 00ae | bade ffff | ff48 8b2c | 244c 891c 

  0x000001b3bd19142c: ;   {runtime_call UncommonTrapBlob}
  0x000001b3bd19142c: 2466 90e8 

  0x000001b3bd191430: ; ImmutableOopMap {rbp=Oop [0]=Oop }
                      ;*checkcast {reexecute=0 rethrow=0 return_oop=0}
                      ; - org.lwjgl.system.MemoryStack::stackGet@6 (line 906)
                      ; - org.lwjgl.system.MemoryStack::stackPush@0 (line 915)
                      ; - com.szymc.voxel_engine.Engine::render@46 (line 225)
  0x000001b3bd191430: ac2a 91ff 

  0x000001b3bd191434: ;   {post_call_nop}
  0x000001b3bd191434: 0f1f 8400 | 2c36 00af | bade ffff | ff48 891c | 2448 8b5c | 2418 4889 | 5c24 0844 | 895c 2418 
  0x000001b3bd191454: 4489 4c24 | 1c44 8954 | 2420 894c | 2424 4489 

  0x000001b3bd191464: ;   {runtime_call UncommonTrapBlob}
  0x000001b3bd191464: 4424 2ce8 

  0x000001b3bd191468: ; ImmutableOopMap {rbp=NarrowOop [0]=Oop [8]=Oop [44]=NarrowOop [48]=Oop }
                      ;*checkcast {reexecute=0 rethrow=0 return_oop=0}
                      ; - com.szymc.voxel_engine.Engine::render@155 (line 239)
  0x000001b3bd191468: 742a 91ff 

  0x000001b3bd19146c: ;   {post_call_nop}
  0x000001b3bd19146c: 0f1f 8400 | 6436 00b0 | bade ffff | ff4c 8b5c | 2418 4c89 | 5c24 084c | 8954 2418 

  0x000001b3bd191488: ;   {runtime_call UncommonTrapBlob}
  0x000001b3bd191488: 6666 90e8 

  0x000001b3bd19148c: ; ImmutableOopMap {rbp=NarrowOop [0]=Oop [8]=Oop [24]=Oop [48]=Oop }
                      ;*checkcast {reexecute=0 rethrow=0 return_oop=0}
                      ; - com.szymc.voxel_engine.Engine::render@788 (line 306)
  0x000001b3bd19148c: 502a 91ff 

  0x000001b3bd191490: ;   {post_call_nop}
  0x000001b3bd191490: 0f1f 8400 | 8836 00b1 | baf6 ffff | ff48 8b6c | 2420 4c8b | 5424 304c | 8954 2420 | 4489 4c24 
  0x000001b3bd1914b0: ;   {runtime_call UncommonTrapBlob}
  0x000001b3bd1914b0: 3066 90e8 

  0x000001b3bd1914b4: ; ImmutableOopMap {rbp=Oop [16]=NarrowOop [20]=NarrowOop [24]=Oop [32]=Oop [40]=Oop }
                      ;*arraylength {reexecute=0 rethrow=0 return_oop=0}
                      ; - com.szymc.voxel_engine.ChunkColumn::getSection@5 (line 172)
                      ; - com.szymc.voxel_engine.Engine::render@244 (line 247)
  0x000001b3bd1914b4: 282a 91ff 

  0x000001b3bd1914b8: ;   {post_call_nop}
  0x000001b3bd1914b8: 0f1f 8400 | b036 00b2 | baf6 ffff | ff48 8b2c | 244c 8b54 | 2418 4c89 | 1424 4c8b | 5424 204c 
  0x000001b3bd1914d8: 8954 2410 | 4c89 4424 | 1844 894c 

  0x000001b3bd1914e4: ;   {runtime_call UncommonTrapBlob}
  0x000001b3bd1914e4: 2420 90e8 

  0x000001b3bd1914e8: ; ImmutableOopMap {rbp=Oop [0]=Oop [16]=Oop [24]=Oop [48]=Oop }
                      ;*arraylength {reexecute=0 rethrow=0 return_oop=0}
                      ; - com.szymc.voxel_engine.ChunkColumn::getSection@5 (line 172)
                      ; - com.szymc.voxel_engine.Engine::render@877 (line 314)
  0x000001b3bd1914e8: f429 91ff 

  0x000001b3bd1914ec: ;   {post_call_nop}
  0x000001b3bd1914ec: 0f1f 8400 | e436 00b3 | baf6 ffff | ff48 8b6c | 2420 4c8b | 5424 304c | 8954 2420 | 448b 5424 
  0x000001b3bd19150c: 4c44 8954 | 2430 894c | 2438 895c | 243c 8974 | 2444 4489 | 4424 4844 | 894c 244c 

  0x000001b3bd191528: ;   {runtime_call UncommonTrapBlob}
  0x000001b3bd191528: 6666 90e8 

  0x000001b3bd19152c: ; ImmutableOopMap {rbp=Oop [16]=NarrowOop [20]=NarrowOop [24]=Oop [32]=Oop [40]=Oop [80]=NarrowOop }
                      ;*getfield frustumInt {reexecute=1 rethrow=0 return_oop=0}
                      ; - (reexecute) com.szymc.voxel_engine.Engine::render@323 (line 259)
  0x000001b3bd19152c: b029 91ff 

  0x000001b3bd191530: ;   {post_call_nop}
  0x000001b3bd191530: 0f1f 8400 | 2837 00b4 | baf6 ffff | ff49 8bea | 4c8b 5424 | 184c 8914 | 244c 8b54 | 2430 4c89 
  0x000001b3bd191550: 5424 084c | 8b54 2428 | 4c89 5424 | 1044 895c | 2420 448b | 5c24 4044 | 895c 2424 | 448b 5c24 
  0x000001b3bd191570: 3844 895c 

  0x000001b3bd191574: ;   {runtime_call UncommonTrapBlob}
  0x000001b3bd191574: 2434 90e8 

  0x000001b3bd191578: ; ImmutableOopMap {rbp=Oop [0]=Oop [8]=Oop [16]=Oop [32]=NarrowOop [60]=NarrowOop [80]=NarrowOop }
                      ;*invokevirtual setModel {reexecute=0 rethrow=0 return_oop=0}
                      ; - com.szymc.voxel_engine.Engine::render@403 (line 269)
  0x000001b3bd191578: 6429 91ff 

  0x000001b3bd19157c: ;   {post_call_nop}
  0x000001b3bd19157c: 0f1f 8400 | 7437 00b5 | baf6 ffff | ff48 8b6c | 2420 4c8b | 5424 184c | 8914 244c | 8b54 2430 
  0x000001b3bd19159c: 4c89 5424 | 084c 8b54 | 2428 4c89 | 5424 1044 | 8b54 243c | 4489 5424 

  0x000001b3bd1915b4: ;   {runtime_call UncommonTrapBlob}
  0x000001b3bd1915b4: 3066 90e8 

  0x000001b3bd1915b8: ; ImmutableOopMap {rbp=Oop [0]=Oop [8]=Oop [16]=Oop [48]=NarrowOop [60]=NarrowOop }
                      ;*invokevirtual render {reexecute=0 rethrow=0 return_oop=0}
                      ; - com.szymc.voxel_engine.Engine::render@411 (line 271)
  0x000001b3bd1915b8: 2429 91ff 

  0x000001b3bd1915bc: ;   {post_call_nop}
  0x000001b3bd1915bc: 0f1f 8400 | b437 00b6 | baf6 ffff | ff48 8beb | 488b 5c24 | 1848 891c | 2444 895c | 2414 4489 
  0x000001b3bd1915dc: 4c24 1844 | 8954 241c | 894c 2420 | 4489 4424 

  0x000001b3bd1915ec: ;   {runtime_call UncommonTrapBlob}
  0x000001b3bd1915ec: 2866 90e8 

  0x000001b3bd1915f0: ; ImmutableOopMap {rbp=Oop [0]=Oop [40]=NarrowOop [48]=Oop }
                      ;*aaload {reexecute=0 rethrow=0 return_oop=0}
                      ; - it.unimi.dsi.fastutil.longs.Long2ObjectOpenHashMap$ValueIterator::next@11 (line 1185)
                      ; - com.szymc.voxel_engine.Engine::render@150 (line 239)
  0x000001b3bd1915f0: ec28 91ff 

  0x000001b3bd1915f4: ;   {post_call_nop}
  0x000001b3bd1915f4: 0f1f 8400 | ec37 00b7 | baf4 ffff | ff48 8beb | 488b 5c24 | 1848 891c | 2444 895c | 2410 4489 
  0x000001b3bd191614: 4c24 1444 | 8954 2418 | 894c 241c | 4489 4424 

  0x000001b3bd191624: ;   {runtime_call UncommonTrapBlob}
  0x000001b3bd191624: 2466 90e8 

  0x000001b3bd191628: ; ImmutableOopMap {rbp=Oop [0]=Oop [36]=NarrowOop [48]=Oop }
                      ;*checkcast {reexecute=0 rethrow=0 return_oop=0}
                      ; - com.szymc.voxel_engine.Engine::render@155 (line 239)
  0x000001b3bd191628: b428 91ff 

  0x000001b3bd19162c: ;   {post_call_nop}
  0x000001b3bd19162c: 0f1f 8400 | 2438 00b8 | baf6 ffff | ff48 8beb | 488b 5c24 | 1848 891c | 2448 897c | 2410 4489 
  0x000001b3bd19164c: 5c24 1844 | 894c 241c | 4489 5424 | 2089 4c24 | 2444 8944 

  0x000001b3bd191660: ;   {runtime_call UncommonTrapBlob}
  0x000001b3bd191660: 242c 90e8 

  0x000001b3bd191664: ; ImmutableOopMap {rbp=Oop [0]=Oop [16]=Oop [44]=NarrowOop [48]=Oop }
                      ;*getfield frustumInt {reexecute=1 rethrow=0 return_oop=0}
                      ; - (reexecute) com.szymc.voxel_engine.Engine::render@172 (line 242)
  0x000001b3bd191664: 7828 91ff 

  0x000001b3bd191668: ;   {post_call_nop}
  0x000001b3bd191668: 0f1f 8400 | 6038 00b9 | ba6e ffff | ff48 8beb | 488b 5c24 | 1848 891c | 2448 8b5c | 2430 4889 
  0x000001b3bd191688: 5c24 0889 | 7c24 1044 | 895c 2418 | 4489 4c24 | 1c44 8954 | 2420 894c | 2424 4489 | 4424 2c89 
  0x000001b3bd1916a8: ;   {runtime_call UncommonTrapBlob}
  0x000001b3bd1916a8: 7424 30e8 

  0x000001b3bd1916ac: ; ImmutableOopMap {rbp=Oop [0]=Oop [8]=Oop [16]=NarrowOop [44]=NarrowOop [48]=NarrowOop }
                      ;*ifge {reexecute=1 rethrow=0 return_oop=0}
                      ; - (reexecute) it.unimi.dsi.fastutil.longs.Long2ObjectOpenHashMap$MapIterator::nextEntry@69 (line 673)
                      ; - it.unimi.dsi.fastutil.longs.Long2ObjectOpenHashMap$ValueIterator::next@8 (line 1185)
                      ; - com.szymc.voxel_engine.Engine::render@150 (line 239)
  0x000001b3bd1916ac: 3028 91ff 

  0x000001b3bd1916b0: ;   {post_call_nop}
  0x000001b3bd1916b0: 0f1f 8400 | a838 00ba | baf6 ffff | ff48 8b2c | 244c 8954 

  0x000001b3bd1916c4: ;   {runtime_call UncommonTrapBlob}
  0x000001b3bd1916c4: 2410 90e8 

  0x000001b3bd1916c8: ; ImmutableOopMap {rbp=Oop [16]=Oop [24]=Oop [48]=Oop }
                      ;*getfield value {reexecute=1 rethrow=0 return_oop=0}
                      ; - (reexecute) it.unimi.dsi.fastutil.longs.Long2ObjectOpenHashMap$ValueIterator::next@4 (line 1185)
                      ; - com.szymc.voxel_engine.Engine::render@783 (line 306)
  0x000001b3bd1916c8: 1428 91ff 

  0x000001b3bd1916cc: ;   {post_call_nop}
  0x000001b3bd1916cc: 0f1f 8400 | c438 00bb | baf6 ffff | ff48 8b2c | 244c 8b5c | 2418 4c89 | 1c24 4c89 | 5424 1044 
  0x000001b3bd1916ec: 8944 2418 

  0x000001b3bd1916f0: ;   {runtime_call UncommonTrapBlob}
  0x000001b3bd1916f0: 6666 90e8 

  0x000001b3bd1916f4: ; ImmutableOopMap {rbp=Oop [0]=Oop [16]=Oop [48]=Oop }
                      ;*aaload {reexecute=0 rethrow=0 return_oop=0}
                      ; - it.unimi.dsi.fastutil.longs.Long2ObjectOpenHashMap$ValueIterator::next@11 (line 1185)
                      ; - com.szymc.voxel_engine.Engine::render@783 (line 306)
  0x000001b3bd1916f4: e827 91ff 

  0x000001b3bd1916f8: ;   {post_call_nop}
  0x000001b3bd1916f8: 0f1f 8400 | f038 00bc | baf4 ffff | ff48 8b2c | 244c 8954 

  0x000001b3bd19170c: ;   {runtime_call UncommonTrapBlob}
  0x000001b3bd19170c: 2410 90e8 

  0x000001b3bd191710: ; ImmutableOopMap {rbp=Oop [16]=Oop [24]=Oop [48]=Oop }
                      ;*checkcast {reexecute=0 rethrow=0 return_oop=0}
                      ; - com.szymc.voxel_engine.Engine::render@788 (line 306)
  0x000001b3bd191710: cc27 91ff 

  0x000001b3bd191714: ;   {post_call_nop}
  0x000001b3bd191714: 0f1f 8400 | 0c39 00bd | baf6 ffff | ff48 8b2c | 244c 8b5c | 2418 4c89 | 1c24 4c89 | 5424 104c 
  0x000001b3bd191734: 8944 2418 

  0x000001b3bd191738: ;   {runtime_call UncommonTrapBlob}
  0x000001b3bd191738: 6666 90e8 

  0x000001b3bd19173c: ; ImmutableOopMap {rbp=Oop [0]=Oop [16]=Oop [24]=Oop [48]=Oop }
                      ;*getfield frustumInt {reexecute=1 rethrow=0 return_oop=0}
                      ; - (reexecute) com.szymc.voxel_engine.Engine::render@805 (line 309)
  0x000001b3bd19173c: a027 91ff 

  0x000001b3bd191740: ;   {post_call_nop}
  0x000001b3bd191740: 0f1f 8400 | 3839 00be | baf6 ffff | ff48 8b2c | 244c 8954 

  0x000001b3bd191754: ;   {runtime_call UncommonTrapBlob}
  0x000001b3bd191754: 2410 90e8 

  0x000001b3bd191758: ; ImmutableOopMap {rbp=Oop [16]=Oop [24]=Oop [48]=Oop }
                      ;*getfield key {reexecute=1 rethrow=0 return_oop=0}
                      ; - (reexecute) it.unimi.dsi.fastutil.longs.Long2ObjectOpenHashMap$MapIterator::nextEntry@54 (line 671)
                      ; - it.unimi.dsi.fastutil.longs.Long2ObjectOpenHashMap$ValueIterator::next@8 (line 1185)
                      ; - com.szymc.voxel_engine.Engine::render@783 (line 306)
  0x000001b3bd191758: 8427 91ff 

  0x000001b3bd19175c: ;   {post_call_nop}
  0x000001b3bd19175c: 0f1f 8400 | 5439 00bf | ba6e ffff | ff4c 8b4c | 2418 4c89 | 4c24 0844 | 895c 2420 | 4c89 5424 
  0x000001b3bd19177c: 2844 8944 

  0x000001b3bd191780: ;   {runtime_call UncommonTrapBlob}
  0x000001b3bd191780: 2424 90e8 

  0x000001b3bd191784: ; ImmutableOopMap {rbp=NarrowOop [0]=Oop [8]=Oop [32]=NarrowOop [40]=Oop [48]=Oop }
                      ;*ifge {reexecute=1 rethrow=0 return_oop=0}
                      ; - (reexecute) it.unimi.dsi.fastutil.longs.Long2ObjectOpenHashMap$MapIterator::nextEntry@69 (line 673)
                      ; - it.unimi.dsi.fastutil.longs.Long2ObjectOpenHashMap$ValueIterator::next@8 (line 1185)
                      ; - com.szymc.voxel_engine.Engine::render@783 (line 306)
  0x000001b3bd191784: 5827 91ff 

  0x000001b3bd191788: ;   {post_call_nop}
  0x000001b3bd191788: 0f1f 8400 | 8039 00c0 | baf6 ffff 

  0x000001b3bd191794: ;   {runtime_call UncommonTrapBlob}
  0x000001b3bd191794: ff66 90e8 

  0x000001b3bd191798: ; ImmutableOopMap {[0]=Oop [16]=Oop [24]=Oop }
                      ;*getfield currentHotbarSlot {reexecute=1 rethrow=0 return_oop=0}
                      ; - (reexecute) com.szymc.voxel_engine.Engine::render@1398 (line 388)
  0x000001b3bd191798: 4427 91ff 

  0x000001b3bd19179c: ;   {post_call_nop}
  0x000001b3bd19179c: 0f1f 8400 | 9439 00c1 | baf6 ffff 

  0x000001b3bd1917a8: ;   {runtime_call UncommonTrapBlob}
  0x000001b3bd1917a8: ff66 90e8 

  0x000001b3bd1917ac: ; ImmutableOopMap {[0]=Oop [24]=Oop }
                      ;*baload {reexecute=0 rethrow=0 return_oop=0}
                      ; - com.szymc.voxel_engine.Engine::render@1461 (line 390)
  0x000001b3bd1917ac: 3027 91ff 

  0x000001b3bd1917b0: ;   {post_call_nop}
  0x000001b3bd1917b0: 0f1f 8400 | a839 00c2 | baf6 ffff | ff48 8b7c | 2418 4889 | 7c24 0848 | 8b7c 2430 | 4889 7c24 
  0x000001b3bd1917d0: 1048 8b7c | 2420 4889 | 7c24 184c | 8944 2420 | 4489 4c24 | 2844 8954 | 242c 8974 | 2430 895c 
  0x000001b3bd1917f0: 2434 894c | 2438 8944 | 243c 4489 

  0x000001b3bd1917fc: ;   {runtime_call UncommonTrapBlob}
  0x000001b3bd1917fc: 5c24 40e8 

  0x000001b3bd191800: ; ImmutableOopMap {[0]=Oop [8]=Oop [16]=Oop [24]=Oop [32]=Oop [44]=NarrowOop }
                      ;*getfield frustumInt {reexecute=1 rethrow=0 return_oop=0}
                      ; - (reexecute) com.szymc.voxel_engine.Engine::render@956 (line 326)
  0x000001b3bd191800: dc26 91ff 

  0x000001b3bd191804: ;   {post_call_nop}
  0x000001b3bd191804: 0f1f 8400 | fc39 00c3 | baf6 ffff | ff4c 8b54 | 2418 4c89 | 5424 084c | 8b54 2420 | 4c89 5424 
  0x000001b3bd191824: 184c 8b54 | 2428 4c89 

  0x000001b3bd19182c: ;   {runtime_call UncommonTrapBlob}
  0x000001b3bd19182c: 5424 20e8 

  0x000001b3bd191830: ; ImmutableOopMap {rbp=NarrowOop [0]=Oop [8]=Oop [24]=Oop [32]=Oop [48]=Oop [60]=NarrowOop }
                      ;*invokevirtual setModel {reexecute=0 rethrow=0 return_oop=0}
                      ; - com.szymc.voxel_engine.Engine::render@1024 (line 332)
  0x000001b3bd191830: ac26 91ff 

  0x000001b3bd191834: ;   {post_call_nop}
  0x000001b3bd191834: 0f1f 8400 | 2c3a 00c4 | baf4 ffff | ff48 8b2c 

  0x000001b3bd191844: ;   {runtime_call UncommonTrapBlob}
  0x000001b3bd191844: 2466 90e8 

  0x000001b3bd191848: ; ImmutableOopMap {rbp=Oop }
                      ;*checkcast {reexecute=0 rethrow=0 return_oop=0}
                      ; - org.lwjgl.system.MemoryStack::stackGet@6 (line 906)
                      ; - org.lwjgl.system.MemoryStack::stackPush@0 (line 915)
                      ; - com.szymc.voxel_engine.Engine::render@46 (line 225)
  0x000001b3bd191848: 9426 91ff 

  0x000001b3bd19184c: ;   {post_call_nop}
  0x000001b3bd19184c: 0f1f 8400 | 443a 00c5 | baf6 ffff | ff48 8b2c 

  0x000001b3bd19185c: ;   {runtime_call UncommonTrapBlob}
  0x000001b3bd19185c: 2466 90e8 

  0x000001b3bd191860: ; ImmutableOopMap {rbp=Oop }
                      ;*arraylength {reexecute=0 rethrow=0 return_oop=0}
                      ; - org.lwjgl.system.MemoryStack::push@8 (line 134)
                      ; - org.lwjgl.system.MemoryStack::stackPush@3 (line 915)
                      ; - com.szymc.voxel_engine.Engine::render@46 (line 225)
  0x000001b3bd191860: 7c26 91ff 

  0x000001b3bd191864: ;   {post_call_nop}
  0x000001b3bd191864: 0f1f 8400 | 5c3a 00c6 | baf6 ffff | ff48 8b2c 

  0x000001b3bd191874: ;   {runtime_call UncommonTrapBlob}
  0x000001b3bd191874: 2466 90e8 

  0x000001b3bd191878: ; ImmutableOopMap {rbp=Oop [24]=Oop }
                      ;*invokevirtual start {reexecute=0 rethrow=0 return_oop=0}
                      ; - com.szymc.voxel_engine.Engine::render@54 (line 226)
  0x000001b3bd191878: 6426 91ff 

  0x000001b3bd19187c: ;   {post_call_nop}
  0x000001b3bd19187c: 0f1f 8400 | 743a 00c7 | baf6 ffff | ff48 8b2c 

  0x000001b3bd19188c: ;   {runtime_call UncommonTrapBlob}
  0x000001b3bd19188c: 2466 90e8 

  0x000001b3bd191890: ; ImmutableOopMap {rbp=Oop [24]=Oop [32]=NarrowOop [48]=Oop }
                      ;*invokevirtual getProjectionMatrix {reexecute=0 rethrow=0 return_oop=0}
                      ; - com.szymc.voxel_engine.Engine::render@72 (line 229)
  0x000001b3bd191890: 4c26 91ff 

  0x000001b3bd191894: ;   {post_call_nop}
  0x000001b3bd191894: 0f1f 8400 | 8c3a 00c8 | baf6 ffff | ff48 8b2c | 2444 894c 

  0x000001b3bd1918a8: ;   {runtime_call UncommonTrapBlob}
  0x000001b3bd1918a8: 2414 90e8 

  0x000001b3bd1918ac: ; ImmutableOopMap {rbp=Oop [20]=NarrowOop [24]=Oop [32]=NarrowOop [48]=Oop }
                      ;*invokeinterface x {reexecute=0 rethrow=0 return_oop=0}
                      ; - org.joml.Vector3f::add@6 (line 615)
                      ; - com.szymc.voxel_engine.Camera::getViewMatrix@12 (line 75)
                      ; - com.szymc.voxel_engine.Engine::render@79 (line 229)
  0x000001b3bd1918ac: 3026 91ff 

  0x000001b3bd1918b0: ;   {post_call_nop}
  0x000001b3bd1918b0: 0f1f 8400 | a83a 00c9 | baf6 ffff | ff48 8b2c | 2444 894c 

  0x000001b3bd1918c4: ;   {runtime_call UncommonTrapBlob}
  0x000001b3bd1918c4: 2414 90e8 

  0x000001b3bd1918c8: ; ImmutableOopMap {rbp=Oop [20]=NarrowOop [24]=Oop [32]=NarrowOop [48]=Oop }
                      ;*invokevirtual identity {reexecute=0 rethrow=0 return_oop=0}
                      ; - com.szymc.voxel_engine.Camera::getViewMatrix@20 (line 77)
                      ; - com.szymc.voxel_engine.Engine::render@79 (line 229)
  0x000001b3bd1918c8: 1426 91ff 

  0x000001b3bd1918cc: ;   {post_call_nop}
  0x000001b3bd1918cc: 0f1f 8400 | c43a 00ca | baf6 ffff | ff48 8b2c | 2444 894c 

  0x000001b3bd1918e0: ;   {runtime_call UncommonTrapBlob}
  0x000001b3bd1918e0: 2414 90e8 

  0x000001b3bd1918e4: ; ImmutableOopMap {rbp=Oop [20]=NarrowOop [24]=Oop [32]=NarrowOop [48]=Oop }
                      ;*invokeinterface x {reexecute=0 rethrow=0 return_oop=0}
                      ; - org.joml.Matrix4f::lookAt@38 (line 8431)
                      ; - com.szymc.voxel_engine.Camera::getViewMatrix@35 (line 77)
                      ; - com.szymc.voxel_engine.Engine::render@79 (line 229)
  0x000001b3bd1918e4: f825 91ff 

  0x000001b3bd1918e8: ;   {post_call_nop}
  0x000001b3bd1918e8: 0f1f 8400 | e03a 00cb | baf6 ffff | ff48 8b2c | 244c 8b54 | 2418 4c89 | 1424 4889 | 4424 1044 
  0x000001b3bd191908: 894c 2418 | 897c 241c 

  0x000001b3bd191910: ;   {runtime_call UncommonTrapBlob}
  0x000001b3bd191910: 6666 90e8 

  0x000001b3bd191914: ; ImmutableOopMap {rbp=Oop [0]=Oop [16]=Oop [24]=NarrowOop [28]=NarrowOop [48]=Oop }
                      ;*invokevirtual setCamera {reexecute=0 rethrow=0 return_oop=0}
                      ; - com.szymc.voxel_engine.Engine::render@83 (line 229)
  0x000001b3bd191914: c825 91ff 

  0x000001b3bd191918: ;   {post_call_nop}
  0x000001b3bd191918: 0f1f 8400 | 103b 00cc | baf6 ffff | ff48 8b2c 

  0x000001b3bd191928: ;   {runtime_call UncommonTrapBlob}
  0x000001b3bd191928: 2466 90e8 

  0x000001b3bd19192c: ; ImmutableOopMap {rbp=Oop [16]=Oop [24]=Oop }
                      ;*invokevirtual getViewMatrix {reexecute=0 rethrow=0 return_oop=0}
                      ; - com.szymc.voxel_engine.Engine::render@90 (line 231)
  0x000001b3bd19192c: b025 91ff 

  0x000001b3bd191930: ;   {post_call_nop}
  0x000001b3bd191930: 0f1f 8400 | 283b 00cd | baf6 ffff | ff48 8b2c 

  0x000001b3bd191940: ;   {runtime_call UncommonTrapBlob}
  0x000001b3bd191940: 2466 90e8 

  0x000001b3bd191944: ; ImmutableOopMap {rbp=Oop [16]=Oop [24]=Oop }
                      ;*invokeinterface x {reexecute=0 rethrow=0 return_oop=0}
                      ; - org.joml.Vector3f::add@6 (line 615)
                      ; - com.szymc.voxel_engine.Camera::getViewMatrix@12 (line 75)
                      ; - com.szymc.voxel_engine.Engine::render@90 (line 231)
  0x000001b3bd191944: 9825 91ff 

  0x000001b3bd191948: ;   {post_call_nop}
  0x000001b3bd191948: 0f1f 8400 | 403b 00ce | baf6 ffff | ff48 8b2c 

  0x000001b3bd191958: ;   {runtime_call UncommonTrapBlob}
  0x000001b3bd191958: 2466 90e8 

  0x000001b3bd19195c: ; ImmutableOopMap {rbp=Oop [16]=Oop [24]=Oop }
                      ;*invokevirtual identity {reexecute=0 rethrow=0 return_oop=0}
                      ; - com.szymc.voxel_engine.Camera::getViewMatrix@20 (line 77)
                      ; - com.szymc.voxel_engine.Engine::render@90 (line 231)
  0x000001b3bd19195c: 8025 91ff 

  0x000001b3bd191960: ;   {post_call_nop}
  0x000001b3bd191960: 0f1f 8400 | 583b 00cf | baf6 ffff | ff48 8b2c 

  0x000001b3bd191970: ;   {runtime_call UncommonTrapBlob}
  0x000001b3bd191970: 2466 90e8 

  0x000001b3bd191974: ; ImmutableOopMap {rbp=Oop [16]=Oop [24]=Oop }
                      ;*invokeinterface x {reexecute=0 rethrow=0 return_oop=0}
                      ; - org.joml.Matrix4f::lookAt@38 (line 8431)
                      ; - com.szymc.voxel_engine.Camera::getViewMatrix@35 (line 77)
                      ; - com.szymc.voxel_engine.Engine::render@90 (line 231)
  0x000001b3bd191974: 6825 91ff 

  0x000001b3bd191978: ;   {post_call_nop}
  0x000001b3bd191978: 0f1f 8400 | 703b 00d0 | baf6 ffff 

  0x000001b3bd191984: ;   {runtime_call UncommonTrapBlob}
  0x000001b3bd191984: ff66 90e8 

  0x000001b3bd191988: ; ImmutableOopMap {rbp=Oop [16]=Oop [24]=Oop }
                      ;*invokevirtual start {reexecute=0 rethrow=0 return_oop=0}
                      ; - com.szymc.voxel_engine.Engine::render@116 (line 238)
  0x000001b3bd191988: 5425 91ff 

  0x000001b3bd19198c: ;   {post_call_nop}
  0x000001b3bd19198c: 0f1f 8400 | 843b 00d1 | baf6 ffff | ff48 8beb 

  0x000001b3bd19199c: ;   {runtime_call UncommonTrapBlob}
  0x000001b3bd19199c: 6666 90e8 

  0x000001b3bd1919a0: ; ImmutableOopMap {rbp=Oop [16]=Oop [24]=Oop }
                      ;*invokevirtual getRendered {reexecute=0 rethrow=0 return_oop=0}
                      ; - com.szymc.voxel_engine.Engine::render@123 (line 239)
  0x000001b3bd1919a0: 3c25 91ff 

  0x000001b3bd1919a4: ;   {post_call_nop}
  0x000001b3bd1919a4: 0f1f 8400 | 9c3b 00d2 | baf6 ffff | ff48 8beb 

  0x000001b3bd1919b4: ;   {runtime_call UncommonTrapBlob}
  0x000001b3bd1919b4: 6666 90e8 

  0x000001b3bd1919b8: ; ImmutableOopMap {rbp=Oop [16]=Oop [24]=Oop }
                      ;*invokeinterface values {reexecute=0 rethrow=0 return_oop=0}
                      ; - com.szymc.voxel_engine.Engine::render@126 (line 239)
  0x000001b3bd1919b8: 2425 91ff 

  0x000001b3bd1919bc: ;   {post_call_nop}
  0x000001b3bd1919bc: 0f1f 8400 | b43b 00d3 | baf6 ffff | ff48 8beb 

  0x000001b3bd1919cc: ;   {runtime_call UncommonTrapBlob}
  0x000001b3bd1919cc: 6666 90e8 

  0x000001b3bd1919d0: ; ImmutableOopMap {rbp=Oop [16]=Oop [24]=Oop }
                      ;*getfield n {reexecute=1 rethrow=0 return_oop=0}
                      ; - (reexecute) it.unimi.dsi.fastutil.longs.Long2ObjectOpenHashMap$MapIterator::<init>@14 (line 640)
                      ; - it.unimi.dsi.fastutil.longs.Long2ObjectOpenHashMap$MapIterator::<init>@2 (line 634)
                      ; - it.unimi.dsi.fastutil.longs.Long2ObjectOpenHashMap$ValueIterator::<init>@8 (line 1172)
                      ; - it.unimi.dsi.fastutil.longs.Long2ObjectOpenHashMap$1::iterator@8 (line 1220)
                      ; - com.szymc.voxel_engine.Engine::render@131 (line 239)
  0x000001b3bd1919d0: 0c25 91ff 

  0x000001b3bd1919d4: ;   {post_call_nop}
  0x000001b3bd1919d4: 0f1f 8400 | cc3b 00d4 | baf6 ffff | ff48 8b2c 

  0x000001b3bd1919e4: ;   {runtime_call UncommonTrapBlob}
  0x000001b3bd1919e4: 2466 90e8 

  0x000001b3bd1919e8: ; ImmutableOopMap {rbp=Oop }
                      ;*arraylength {reexecute=0 rethrow=0 return_oop=0}
                      ; - java.lang.ThreadLocal$ThreadLocalMap::getEntry@8 (line 486)
                      ; - java.lang.ThreadLocal::get@12 (line 186)
                      ; - java.lang.ThreadLocal::get@4 (line 171)
                      ; - org.lwjgl.system.MemoryStack::stackGet@3 (line 906)
                      ; - org.lwjgl.system.MemoryStack::stackPush@0 (line 915)
                      ; - com.szymc.voxel_engine.Engine::render@46 (line 225)
  0x000001b3bd1919e8: f424 91ff 

  0x000001b3bd1919ec: ;   {post_call_nop}
  0x000001b3bd1919ec: 0f1f 8400 | e43b 00d5 | baf6 ffff | ff49 8bea | 4489 5c24 

  0x000001b3bd191a00: ;   {runtime_call UncommonTrapBlob}
  0x000001b3bd191a00: 1066 90e8 

  0x000001b3bd191a04: ; ImmutableOopMap {rbp=Oop [16]=NarrowOop [24]=Oop [48]=Oop }
                      ;*invokevirtual getProjectionMatrix {reexecute=0 rethrow=0 return_oop=0}
                      ; - com.szymc.voxel_engine.Engine::render@445 (line 277)
  0x000001b3bd191a04: d824 91ff 

  0x000001b3bd191a08: ;   {post_call_nop}
  0x000001b3bd191a08: 0f1f 8400 | 003c 00d6 | baf6 ffff | ff49 8bea | 4489 5c24 | 1089 4c24 

  0x000001b3bd191a20: ;   {runtime_call UncommonTrapBlob}
  0x000001b3bd191a20: 1466 90e8 

  0x000001b3bd191a24: ; ImmutableOopMap {rbp=Oop [16]=NarrowOop [20]=NarrowOop [24]=Oop [48]=Oop }
                      ;*invokeinterface x {reexecute=0 rethrow=0 return_oop=0}
                      ; - org.joml.Vector3f::add@6 (line 615)
                      ; - com.szymc.voxel_engine.Camera::getViewMatrix@12 (line 75)
                      ; - com.szymc.voxel_engine.Engine::render@452 (line 277)
  0x000001b3bd191a24: b824 91ff 

  0x000001b3bd191a28: ;   {post_call_nop}
  0x000001b3bd191a28: 0f1f 8400 | 203c 00d7 | baf6 ffff | ff49 8bea | 4489 5c24 | 1089 4c24 

  0x000001b3bd191a40: ;   {runtime_call UncommonTrapBlob}
  0x000001b3bd191a40: 1466 90e8 

  0x000001b3bd191a44: ; ImmutableOopMap {rbp=Oop [16]=NarrowOop [20]=NarrowOop [24]=Oop [48]=Oop }
                      ;*invokevirtual identity {reexecute=0 rethrow=0 return_oop=0}
                      ; - com.szymc.voxel_engine.Camera::getViewMatrix@20 (line 77)
                      ; - com.szymc.voxel_engine.Engine::render@452 (line 277)
  0x000001b3bd191a44: 9824 91ff 

  0x000001b3bd191a48: ;   {post_call_nop}
  0x000001b3bd191a48: 0f1f 8400 | 403c 00d8 | baf6 ffff | ff49 8bea | 4489 5c24 | 1089 4c24 

  0x000001b3bd191a60: ;   {runtime_call UncommonTrapBlob}
  0x000001b3bd191a60: 1466 90e8 

  0x000001b3bd191a64: ; ImmutableOopMap {rbp=Oop [16]=NarrowOop [20]=NarrowOop [24]=Oop [48]=Oop }
                      ;*invokeinterface x {reexecute=0 rethrow=0 return_oop=0}
                      ; - org.joml.Matrix4f::lookAt@38 (line 8431)
                      ; - com.szymc.voxel_engine.Camera::getViewMatrix@35 (line 77)
                      ; - com.szymc.voxel_engine.Engine::render@452 (line 277)
  0x000001b3bd191a64: 7824 91ff 

  0x000001b3bd191a68: ;   {post_call_nop}
  0x000001b3bd191a68: 0f1f 8400 | 603c 00d9 | baf6 ffff | ff49 8bea | 4c8b 5424 | 184c 8914 | 244c 8b54 | 2430 4c89 
  0x000001b3bd191a88: 5424 1089 | 4c24 1889 

  0x000001b3bd191a90: ;   {runtime_call UncommonTrapBlob}
  0x000001b3bd191a90: 7c24 1ce8 

  0x000001b3bd191a94: ; ImmutableOopMap {rbp=Oop [0]=Oop [16]=Oop [24]=NarrowOop [28]=NarrowOop [48]=Oop }
                      ;*invokevirtual setCamera {reexecute=0 rethrow=0 return_oop=0}
                      ; - com.szymc.voxel_engine.Engine::render@456 (line 277)
  0x000001b3bd191a94: 4824 91ff 

  0x000001b3bd191a98: ;   {post_call_nop}
  0x000001b3bd191a98: 0f1f 8400 | 903c 00da | baf6 ffff | ff49 8be8 

  0x000001b3bd191aa8: ;   {runtime_call UncommonTrapBlob}
  0x000001b3bd191aa8: 6666 90e8 

  0x000001b3bd191aac: ; ImmutableOopMap {rbp=Oop [24]=Oop [48]=Oop }
                      ;*invokevirtual getEntities {reexecute=0 rethrow=0 return_oop=0}
                      ; - com.szymc.voxel_engine.Engine::render@469 (line 280)
  0x000001b3bd191aac: 3024 91ff 

  0x000001b3bd191ab0: ;   {post_call_nop}
  0x000001b3bd191ab0: 0f1f 8400 | a83c 00db | baf6 ffff | ff49 8be8 

  0x000001b3bd191ac0: ;   {runtime_call UncommonTrapBlob}
  0x000001b3bd191ac0: 6666 90e8 

  0x000001b3bd191ac4: ; ImmutableOopMap {rbp=Oop [24]=Oop [48]=Oop }
                      ;*invokeinterface values {reexecute=0 rethrow=0 return_oop=0}
                      ; - com.szymc.voxel_engine.Engine::render@472 (line 280)
  0x000001b3bd191ac4: 1824 91ff 

  0x000001b3bd191ac8: ;   {post_call_nop}
  0x000001b3bd191ac8: 0f1f 8400 | c03c 00dc | baf6 ffff | ff49 8be8 

  0x000001b3bd191ad8: ;   {runtime_call UncommonTrapBlob}
  0x000001b3bd191ad8: 6666 90e8 

  0x000001b3bd191adc: ; ImmutableOopMap {rbp=Oop [24]=Oop [48]=Oop }
                      ;*getfield n {reexecute=1 rethrow=0 return_oop=0}
                      ; - (reexecute) it.unimi.dsi.fastutil.ints.Int2ObjectOpenHashMap$MapIterator::<init>@14 (line 640)
                      ; - it.unimi.dsi.fastutil.ints.Int2ObjectOpenHashMap$MapIterator::<init>@2 (line 634)
                      ; - it.unimi.dsi.fastutil.ints.Int2ObjectOpenHashMap$ValueIterator::<init>@8 (line 1172)
                      ; - it.unimi.dsi.fastutil.ints.Int2ObjectOpenHashMap$1::iterator@8 (line 1220)
                      ; - com.szymc.voxel_engine.Engine::render@477 (line 280)
  0x000001b3bd191adc: 0024 91ff 

  0x000001b3bd191ae0: ;   {post_call_nop}
  0x000001b3bd191ae0: 0f1f 8400 | d83c 00dd | baf6 ffff 

  0x000001b3bd191aec: ;   {runtime_call UncommonTrapBlob}
  0x000001b3bd191aec: ff66 90e8 

  0x000001b3bd191af0: ; ImmutableOopMap {rbp=Oop [24]=Oop [48]=Oop }
                      ;*invokevirtual start {reexecute=0 rethrow=0 return_oop=0}
                      ; - com.szymc.voxel_engine.Engine::render@739 (line 302)
  0x000001b3bd191af0: ec23 91ff 

  0x000001b3bd191af4: ;   {post_call_nop}
  0x000001b3bd191af4: 0f1f 8400 | ec3c 00de | baf6 ffff | ff48 8b2c 

  0x000001b3bd191b04: ;   {runtime_call UncommonTrapBlob}
  0x000001b3bd191b04: 2466 90e8 

  0x000001b3bd191b08: ; ImmutableOopMap {rbp=Oop [24]=Oop [48]=Oop }
                      ;*invokevirtual getRendered {reexecute=0 rethrow=0 return_oop=0}
                      ; - com.szymc.voxel_engine.Engine::render@756 (line 306)
  0x000001b3bd191b08: d423 91ff 

  0x000001b3bd191b0c: ;   {post_call_nop}
  0x000001b3bd191b0c: 0f1f 8400 | 043d 00df | baf6 ffff | ff48 8b2c 

  0x000001b3bd191b1c: ;   {runtime_call UncommonTrapBlob}
  0x000001b3bd191b1c: 2466 90e8 

  0x000001b3bd191b20: ; ImmutableOopMap {rbp=Oop [24]=Oop [48]=Oop }
                      ;*invokeinterface values {reexecute=0 rethrow=0 return_oop=0}
                      ; - com.szymc.voxel_engine.Engine::render@759 (line 306)
  0x000001b3bd191b20: bc23 91ff 

  0x000001b3bd191b24: ;   {post_call_nop}
  0x000001b3bd191b24: 0f1f 8400 | 1c3d 00e0 | baf6 ffff | ff48 8b2c 

  0x000001b3bd191b34: ;   {runtime_call UncommonTrapBlob}
  0x000001b3bd191b34: 2466 90e8 

  0x000001b3bd191b38: ; ImmutableOopMap {rbp=Oop [24]=Oop [48]=Oop }
                      ;*getfield n {reexecute=1 rethrow=0 return_oop=0}
                      ; - (reexecute) it.unimi.dsi.fastutil.longs.Long2ObjectOpenHashMap$MapIterator::<init>@14 (line 640)
                      ; - it.unimi.dsi.fastutil.longs.Long2ObjectOpenHashMap$MapIterator::<init>@2 (line 634)
                      ; - it.unimi.dsi.fastutil.longs.Long2ObjectOpenHashMap$ValueIterator::<init>@8 (line 1172)
                      ; - it.unimi.dsi.fastutil.longs.Long2ObjectOpenHashMap$1::iterator@8 (line 1220)
                      ; - com.szymc.voxel_engine.Engine::render@764 (line 306)
  0x000001b3bd191b38: a423 91ff 

  0x000001b3bd191b3c: ;   {post_call_nop}
  0x000001b3bd191b3c: 0f1f 8400 | 343d 00e1 | ba45 ffff | ff4c 8b54 | 2418 4c89 | 5424 084c | 895c 2418 

  0x000001b3bd191b58: ;   {runtime_call UncommonTrapBlob}
  0x000001b3bd191b58: 6666 90e8 

  0x000001b3bd191b5c: ; ImmutableOopMap {rbp=NarrowOop [0]=Oop [8]=Oop [16]=Oop [24]=Oop }
                      ;*ifnonnull {reexecute=1 rethrow=0 return_oop=0}
                      ; - (reexecute) it.unimi.dsi.fastutil.longs.Long2ObjectOpenHashMap::values@4 (line 1217)
                      ; - com.szymc.voxel_engine.Engine::render@126 (line 239)
  0x000001b3bd191b5c: 8023 91ff 

  0x000001b3bd191b60: ;   {post_call_nop}
  0x000001b3bd191b60: 0f1f 8400 | 583d 00e2 | ba45 ffff | ff4c 8b54 | 2418 4c89 | 5424 084c | 895c 2418 

  0x000001b3bd191b7c: ;   {runtime_call UncommonTrapBlob}
  0x000001b3bd191b7c: 6666 90e8 

  0x000001b3bd191b80: ; ImmutableOopMap {rbp=NarrowOop [0]=Oop [8]=Oop [24]=Oop [48]=Oop }
                      ;*ifnonnull {reexecute=1 rethrow=0 return_oop=0}
                      ; - (reexecute) it.unimi.dsi.fastutil.ints.Int2ObjectOpenHashMap::values@4 (line 1217)
                      ; - com.szymc.voxel_engine.Engine::render@472 (line 280)
  0x000001b3bd191b80: 5c23 91ff 

  0x000001b3bd191b84: ;   {post_call_nop}
  0x000001b3bd191b84: 0f1f 8400 | 7c3d 00e3 | ba45 ffff | ff4c 8b5c | 2418 4c89 | 5c24 084c | 8954 2418 

  0x000001b3bd191ba0: ;   {runtime_call UncommonTrapBlob}
  0x000001b3bd191ba0: 6666 90e8 

  0x000001b3bd191ba4: ; ImmutableOopMap {rbp=NarrowOop [0]=Oop [8]=Oop [24]=Oop [48]=Oop }
                      ;*ifnonnull {reexecute=1 rethrow=0 return_oop=0}
                      ; - (reexecute) it.unimi.dsi.fastutil.longs.Long2ObjectOpenHashMap::values@4 (line 1217)
                      ; - com.szymc.voxel_engine.Engine::render@759 (line 306)
  0x000001b3bd191ba4: 3823 91ff 

  0x000001b3bd191ba8: ;   {post_call_nop}
  0x000001b3bd191ba8: 0f1f 8400 | a03d 00e4 | baf6 ffff | ff4c 891c 

  0x000001b3bd191bb8: ;   {runtime_call UncommonTrapBlob}
  0x000001b3bd191bb8: 2466 90e8 

  0x000001b3bd191bbc: ; ImmutableOopMap {rbp=NarrowOop [0]=Oop [24]=Oop }
                      ;*getfield item {reexecute=1 rethrow=0 return_oop=0}
                      ; - (reexecute) com.szymc.voxel_engine.Engine::render@2451 (line 460)
  0x000001b3bd191bbc: 2023 91ff 

  0x000001b3bd191bc0: ;   {post_call_nop}
  0x000001b3bd191bc0: 0f1f 8400 | b83d 00e5 | baf6 ffff 

  0x000001b3bd191bcc: ;   {runtime_call UncommonTrapBlob}
  0x000001b3bd191bcc: ff66 90e8 

  0x000001b3bd191bd0: ; ImmutableOopMap {rbp=NarrowOop [0]=Oop [24]=Oop }
                      ;*getfield itemAmount {reexecute=1 rethrow=0 return_oop=0}
                      ; - (reexecute) com.szymc.voxel_engine.Engine::render@2494 (line 462)
  0x000001b3bd191bd0: 0c23 91ff 

  0x000001b3bd191bd4: ;   {post_call_nop}
  0x000001b3bd191bd4: 0f1f 8400 | cc3d 00e6 | baf6 ffff | ff48 8b2c | 244c 8954 

  0x000001b3bd191be8: ;   {runtime_call UncommonTrapBlob}
  0x000001b3bd191be8: 2410 90e8 

  0x000001b3bd191bec: ; ImmutableOopMap {rbp=Oop [16]=Oop [24]=Oop [48]=Oop }
                      ;*getfield n {reexecute=1 rethrow=0 return_oop=0}
                      ; - (reexecute) it.unimi.dsi.fastutil.longs.Long2ObjectOpenHashMap$MapIterator::nextEntry@42 (line 669)
                      ; - it.unimi.dsi.fastutil.longs.Long2ObjectOpenHashMap$ValueIterator::next@8 (line 1185)
                      ; - com.szymc.voxel_engine.Engine::render@783 (line 306)
  0x000001b3bd191bec: f022 91ff 

  0x000001b3bd191bf0: ;   {post_call_nop}
  0x000001b3bd191bf0: 0f1f 8400 | e83d 00e7 | eb00 488b | d0eb 1248 | 8bd0 eb0d | 488b d0eb | 0848 8bd0 | eb03 488b 
  0x000001b3bd191c10: d048 81c4 | 8000 0000 

  0x000001b3bd191c18: ;   {runtime_call C2 Runtime rethrow_blob}
  0x000001b3bd191c18: 5de9 4294 | 91ff 488b | e8e9 e501 | 0000 448b 

  0x000001b3bd191c28: ;   {metadata('java/lang/InstantiationException')}
  0x000001b3bd191c28: 5808 4181 | fbd8 3d01 | 010f 84e9 | 0100 0048 | 8be8 e9cc | 0100 0048 | 8be8 e9c4 | 0100 0048 
  0x000001b3bd191c48: 8be8 e9bc | 0100 0048 | 8be8 e9b4 | 0100 0048 | 8be8 e9ac | 0100 0048 | 8be8 e9a4 | 0100 0048 
  0x000001b3bd191c68: 8be8 e99c | 0100 0048 | 8be8 e994 | 0100 0048 | 8be8 e98c | 0100 0048 | 8be8 e984 | 0100 0048 
  0x000001b3bd191c88: 8be8 e97c | 0100 0048 | 8be8 e974 | 0100 0048 | 8be8 e96c | 0100 0048 | 8be8 e964 | 0100 0048 
  0x000001b3bd191ca8: 8be8 e95c | 0100 0048 | 8be8 e954 | 0100 0048 | 8be8 e94c | 0100 0048 | 8be8 e944 | 0100 0048 
  0x000001b3bd191cc8: 8be8 e93c | 0100 0048 | 8be8 e934 | 0100 0048 | 8be8 e92c | 0100 0048 | 8be8 e924 | 0100 0048 
  0x000001b3bd191ce8: 8be8 e91c | 0100 0048 | 8be8 e914 | 0100 0048 | 8be8 e90c | 0100 0048 | 8be8 e904 | 0100 0048 
  0x000001b3bd191d08: 8be8 e9fc | 0000 0048 | 8be8 e9f4 | 0000 0048 | 8be8 e9ec | 0000 0048 | 8be8 e9e4 | 0000 0048 
  0x000001b3bd191d28: ;   {other}
  0x000001b3bd191d28: 8be8 e9dc | 0000 0048 | 8be8 e9d4 | 0000 0048 | 8be8 e9cc | 0000 0048 | 8be8 e9c4 | 0000 0048 
  0x000001b3bd191d48: 8be8 e9bc | 0000 0048 | 8be8 e9b4 | 0000 0048 | 8be8 e9ac | 0000 0048 | 8be8 e9a4 | 0000 0048 
  0x000001b3bd191d68: 8be8 e99c | 0000 0048 | 8be8 e994 | 0000 0048 | 8be8 e98c | 0000 0048 | 8be8 e984 | 0000 0048 
  0x000001b3bd191d88: 8be8 eb7f | 488b e8eb | 7a48 8be8 | eb75 eb00 | 488b e8eb | 6eeb 0048 | 8be8 eb67 | eb00 488b 
  0x000001b3bd191da8: e8eb 6048 | 8be8 eb5b | 488b e8eb | 5648 8be8 | eb51 eb02 | eb00 488b | e8eb 4848 | 8be8 eb43 
  0x000001b3bd191dc8: 488b e8eb | 3e48 8be8 | eb39 488b | e8eb 3448 | 8be8 eb2f | 488b e8eb | 2a48 8be8 | eb25 488b 
  0x000001b3bd191de8: e8eb 2048 | 8be8 eb1b | 488b e8eb | 1648 8be8 | eb11 488b | e8eb 0c48 | 8be8 eb07 | eb02 eb00 
  0x000001b3bd191e08: 488b e8ba | 95ff ffff 

  0x000001b3bd191e10: ;   {runtime_call UncommonTrapBlob}
  0x000001b3bd191e10: 6666 90e8 

  0x000001b3bd191e14: ; ImmutableOopMap {rbp=Oop [24]=Oop }
                      ;*astore_2 {reexecute=0 rethrow=0 return_oop=0}
                      ; - com.szymc.voxel_engine.Engine::render@2542 (line 225)
  0x000001b3bd191e14: c820 91ff 

  0x000001b3bd191e18: ;   {post_call_nop}
  0x000001b3bd191e18: 0f1f 8400 | 1040 00e8 | 488b e8ba | 95ff ffff 

  0x000001b3bd191e28: ;   {runtime_call UncommonTrapBlob}
  0x000001b3bd191e28: 6666 90e8 

  0x000001b3bd191e2c: ; ImmutableOopMap {rbp=Oop [0]=Oop [24]=Oop }
                      ;*astore {reexecute=0 rethrow=0 return_oop=0}
                      ; - org.lwjgl.system.MemoryUtil::wrap@15 (line 3037)
                      ; - org.lwjgl.system.MemoryStack::mallocFloat@12 (line 540)
                      ; - com.szymc.voxel_engine.Engine::render@60 (line 228)
  0x000001b3bd191e2c: b020 91ff 

  0x000001b3bd191e30: ;   {post_call_nop}
  0x000001b3bd191e30: 0f1f 8400 | 2840 00e9 

  0x000001b3bd191e38: ;   {internal_word}
  0x000001b3bd191e38: 49ba 0403 | 19bd b301 | 0000 4d89 | 97b8 0400 

  0x000001b3bd191e48: ;   {runtime_call SafepointBlob}
  0x000001b3bd191e48: 00e9 1207 | 83ff 4883 | ec08 c5fb 

  0x000001b3bd191e54: ;   {runtime_call Stub::Stub Generator f2i_fixup_stub}
  0x000001b3bd191e54: 1114 24e8 | 74fb 7dff | 4159 e923 | e3ff ff48 | 83ec 08c5 | fb11 0c24 

  0x000001b3bd191e6c: ;   {runtime_call Stub::Stub Generator f2i_fixup_stub}
  0x000001b3bd191e6c: e85f fb7d | ff41 5be9 | fde2 ffff | 4883 ec08 | c5fb 110c 

  0x000001b3bd191e80: ;   {runtime_call Stub::Stub Generator f2i_fixup_stub}
  0x000001b3bd191e80: 24e8 4afb | 7dff 5fe9 | c7e0 ffff 

  0x000001b3bd191e8c: ;   {runtime_call Stub::Stub Generator method_entry_barrier_stub}
  0x000001b3bd191e8c: e88f 4481 | ffe9 38c1 | ffff f4f4 
[Stub Code]
  0x000001b3bd191e98: ;   {static_stub}
  0x000001b3bd191e98: 48bb 0000 | 0000 0000 

  0x000001b3bd191ea0: ;   {runtime_call nmethod}
  0x000001b3bd191ea0: 0000 e9fb 

  0x000001b3bd191ea4: ;   {static_stub}
  0x000001b3bd191ea4: ffff ff48 | bb00 0000 | 0000 0000 

  0x000001b3bd191eb0: ;   {runtime_call nmethod}
  0x000001b3bd191eb0: 00e9 fbff 

  0x000001b3bd191eb4: ;   {static_stub}
  0x000001b3bd191eb4: ffff 48bb | 0000 0000 | 0000 0000 

  0x000001b3bd191ec0: ;   {runtime_call nmethod}
  0x000001b3bd191ec0: e9fb ffff 

  0x000001b3bd191ec4: ;   {static_stub}
  0x000001b3bd191ec4: ff48 bb00 | 0000 0000 

  0x000001b3bd191ecc: ;   {runtime_call nmethod}
  0x000001b3bd191ecc: 0000 00e9 | fbff ffff 

  0x000001b3bd191ed4: ;   {static_stub}
  0x000001b3bd191ed4: 48bb 0000 | 0000 0000 

  0x000001b3bd191edc: ;   {runtime_call nmethod}
  0x000001b3bd191edc: 0000 e9fb 

  0x000001b3bd191ee0: ;   {static_stub}
  0x000001b3bd191ee0: ffff ff48 | bb00 0000 | 0000 0000 

  0x000001b3bd191eec: ;   {runtime_call nmethod}
  0x000001b3bd191eec: 00e9 fbff 

  0x000001b3bd191ef0: ;   {static_stub}
  0x000001b3bd191ef0: ffff 48bb | 0000 0000 | 0000 0000 

  0x000001b3bd191efc: ;   {runtime_call nmethod}
  0x000001b3bd191efc: e9fb ffff 

  0x000001b3bd191f00: ;   {static_stub}
  0x000001b3bd191f00: ff48 bb00 | 0000 0000 

  0x000001b3bd191f08: ;   {runtime_call nmethod}
  0x000001b3bd191f08: 0000 00e9 | fbff ffff 

  0x000001b3bd191f10: ;   {static_stub}
  0x000001b3bd191f10: 48bb 0000 | 0000 0000 

  0x000001b3bd191f18: ;   {runtime_call nmethod}
  0x000001b3bd191f18: 0000 e9fb 

  0x000001b3bd191f1c: ;   {static_stub}
  0x000001b3bd191f1c: ffff ff48 | bb00 0000 | 0000 0000 

  0x000001b3bd191f28: ;   {runtime_call nmethod}
  0x000001b3bd191f28: 00e9 fbff 

  0x000001b3bd191f2c: ;   {static_stub}
  0x000001b3bd191f2c: ffff 48bb | 0000 0000 | 0000 0000 

  0x000001b3bd191f38: ;   {runtime_call nmethod}
  0x000001b3bd191f38: e9fb ffff 

  0x000001b3bd191f3c: ;   {static_stub}
  0x000001b3bd191f3c: ff48 bb00 | 0000 0000 

  0x000001b3bd191f44: ;   {runtime_call nmethod}
  0x000001b3bd191f44: 0000 00e9 | fbff ffff 

  0x000001b3bd191f4c: ;   {static_stub}
  0x000001b3bd191f4c: 48bb 0000 | 0000 0000 

  0x000001b3bd191f54: ;   {runtime_call nmethod}
  0x000001b3bd191f54: 0000 e9fb 

  0x000001b3bd191f58: ;   {static_stub}
  0x000001b3bd191f58: ffff ff48 | bb00 0000 | 0000 0000 

  0x000001b3bd191f64: ;   {runtime_call nmethod}
  0x000001b3bd191f64: 00e9 fbff 

  0x000001b3bd191f68: ;   {static_stub}
  0x000001b3bd191f68: ffff 48bb | 0000 0000 | 0000 0000 

  0x000001b3bd191f74: ;   {runtime_call nmethod}
  0x000001b3bd191f74: e9fb ffff 

  0x000001b3bd191f78: ;   {static_stub}
  0x000001b3bd191f78: ff48 bb00 | 0000 0000 

  0x000001b3bd191f80: ;   {runtime_call nmethod}
  0x000001b3bd191f80: 0000 00e9 | fbff ffff 

  0x000001b3bd191f88: ;   {static_stub}
  0x000001b3bd191f88: 48bb 0000 | 0000 0000 

  0x000001b3bd191f90: ;   {runtime_call nmethod}
  0x000001b3bd191f90: 0000 e9fb 

  0x000001b3bd191f94: ;   {static_stub}
  0x000001b3bd191f94: ffff ff48 | bb00 0000 | 0000 0000 

  0x000001b3bd191fa0: ;   {runtime_call nmethod}
  0x000001b3bd191fa0: 00e9 fbff 

  0x000001b3bd191fa4: ;   {static_stub}
  0x000001b3bd191fa4: ffff 48bb | 0000 0000 | 0000 0000 

  0x000001b3bd191fb0: ;   {runtime_call nmethod}
  0x000001b3bd191fb0: e9fb ffff 

  0x000001b3bd191fb4: ;   {static_stub}
  0x000001b3bd191fb4: ff48 bb00 | 0000 0000 

  0x000001b3bd191fbc: ;   {runtime_call nmethod}
  0x000001b3bd191fbc: 0000 00e9 | fbff ffff 

  0x000001b3bd191fc4: ;   {static_stub}
  0x000001b3bd191fc4: 48bb 0000 | 0000 0000 

  0x000001b3bd191fcc: ;   {runtime_call nmethod}
  0x000001b3bd191fcc: 0000 e9fb 

  0x000001b3bd191fd0: ;   {static_stub}
  0x000001b3bd191fd0: ffff ff48 | bb00 0000 | 0000 0000 

  0x000001b3bd191fdc: ;   {runtime_call nmethod}
  0x000001b3bd191fdc: 00e9 fbff 

  0x000001b3bd191fe0: ;   {static_stub}
  0x000001b3bd191fe0: ffff 48bb | 0000 0000 | 0000 0000 

  0x000001b3bd191fec: ;   {runtime_call nmethod}
  0x000001b3bd191fec: e9fb ffff 

  0x000001b3bd191ff0: ;   {static_stub}
  0x000001b3bd191ff0: ff48 bb00 | 0000 0000 

  0x000001b3bd191ff8: ;   {runtime_call nmethod}
  0x000001b3bd191ff8: 0000 00e9 | fbff ffff 

  0x000001b3bd192000: ;   {static_stub}
  0x000001b3bd192000: 48bb 0000 | 0000 0000 

  0x000001b3bd192008: ;   {runtime_call nmethod}
  0x000001b3bd192008: 0000 e9fb 

  0x000001b3bd19200c: ;   {static_stub}
  0x000001b3bd19200c: ffff ff48 | bb00 0000 | 0000 0000 

  0x000001b3bd192018: ;   {runtime_call nmethod}
  0x000001b3bd192018: 00e9 fbff 

  0x000001b3bd19201c: ;   {static_stub}
  0x000001b3bd19201c: ffff 48bb | 0000 0000 | 0000 0000 

  0x000001b3bd192028: ;   {runtime_call nmethod}
  0x000001b3bd192028: e9fb ffff 

  0x000001b3bd19202c: ;   {static_stub}
  0x000001b3bd19202c: ff48 bb00 | 0000 0000 

  0x000001b3bd192034: ;   {runtime_call nmethod}
  0x000001b3bd192034: 0000 00e9 | fbff ffff 

  0x000001b3bd19203c: ;   {static_stub}
  0x000001b3bd19203c: 48bb 0000 | 0000 0000 

  0x000001b3bd192044: ;   {runtime_call nmethod}
  0x000001b3bd192044: 0000 e9fb 

  0x000001b3bd192048: ;   {static_stub}
  0x000001b3bd192048: ffff ff48 | bb00 0000 | 0000 0000 

  0x000001b3bd192054: ;   {runtime_call nmethod}
  0x000001b3bd192054: 00e9 fbff 

  0x000001b3bd192058: ;   {static_stub}
  0x000001b3bd192058: ffff 48bb | 0000 0000 | 0000 0000 

  0x000001b3bd192064: ;   {runtime_call nmethod}
  0x000001b3bd192064: e9fb ffff 

  0x000001b3bd192068: ;   {static_stub}
  0x000001b3bd192068: ff48 bb00 | 0000 0000 

  0x000001b3bd192070: ;   {runtime_call nmethod}
  0x000001b3bd192070: 0000 00e9 | fbff ffff 

  0x000001b3bd192078: ;   {static_stub}
  0x000001b3bd192078: 48bb 0000 | 0000 0000 

  0x000001b3bd192080: ;   {runtime_call nmethod}
  0x000001b3bd192080: 0000 e9fb 

  0x000001b3bd192084: ;   {static_stub}
  0x000001b3bd192084: ffff ff48 | bb00 0000 | 0000 0000 

  0x000001b3bd192090: ;   {runtime_call nmethod}
  0x000001b3bd192090: 00e9 fbff 

  0x000001b3bd192094: ;   {static_stub}
  0x000001b3bd192094: ffff 48bb | 0000 0000 | 0000 0000 

  0x000001b3bd1920a0: ;   {runtime_call nmethod}
  0x000001b3bd1920a0: e9fb ffff 

  0x000001b3bd1920a4: ;   {static_stub}
  0x000001b3bd1920a4: ff48 bb00 | 0000 0000 

  0x000001b3bd1920ac: ;   {runtime_call nmethod}
  0x000001b3bd1920ac: 0000 00e9 | fbff ffff 

  0x000001b3bd1920b4: ;   {static_stub}
  0x000001b3bd1920b4: 48bb 0000 | 0000 0000 

  0x000001b3bd1920bc: ;   {runtime_call nmethod}
  0x000001b3bd1920bc: 0000 e9fb 

  0x000001b3bd1920c0: ;   {static_stub}
  0x000001b3bd1920c0: ffff ff48 | bb00 0000 | 0000 0000 

  0x000001b3bd1920cc: ;   {runtime_call nmethod}
  0x000001b3bd1920cc: 00e9 fbff 

  0x000001b3bd1920d0: ;   {static_stub}
  0x000001b3bd1920d0: ffff 48bb | 0000 0000 | 0000 0000 

  0x000001b3bd1920dc: ;   {runtime_call nmethod}
  0x000001b3bd1920dc: e9fb ffff 

  0x000001b3bd1920e0: ;   {static_stub}
  0x000001b3bd1920e0: ff48 bb00 | 0000 0000 

  0x000001b3bd1920e8: ;   {runtime_call nmethod}
  0x000001b3bd1920e8: 0000 00e9 | fbff ffff 

  0x000001b3bd1920f0: ;   {static_stub}
  0x000001b3bd1920f0: 48bb 0000 | 0000 0000 

  0x000001b3bd1920f8: ;   {runtime_call nmethod}
  0x000001b3bd1920f8: 0000 e9fb 

  0x000001b3bd1920fc: ;   {static_stub}
  0x000001b3bd1920fc: ffff ff48 | bb00 0000 | 0000 0000 

  0x000001b3bd192108: ;   {runtime_call nmethod}
  0x000001b3bd192108: 00e9 fbff 

  0x000001b3bd19210c: ;   {static_stub}
  0x000001b3bd19210c: ffff 48bb | 0000 0000 | 0000 0000 

  0x000001b3bd192118: ;   {runtime_call nmethod}
  0x000001b3bd192118: e9fb ffff 

  0x000001b3bd19211c: ;   {static_stub}
  0x000001b3bd19211c: ff48 bb00 | 0000 0000 

  0x000001b3bd192124: ;   {runtime_call nmethod}
  0x000001b3bd192124: 0000 00e9 | fbff ffff 

  0x000001b3bd19212c: ;   {static_stub}
  0x000001b3bd19212c: 48bb 0000 | 0000 0000 

  0x000001b3bd192134: ;   {runtime_call nmethod}
  0x000001b3bd192134: 0000 e9fb 

  0x000001b3bd192138: ;   {static_stub}
  0x000001b3bd192138: ffff ff48 | bb00 0000 | 0000 0000 

  0x000001b3bd192144: ;   {runtime_call nmethod}
  0x000001b3bd192144: 00e9 fbff 

  0x000001b3bd192148: ;   {static_stub}
  0x000001b3bd192148: ffff 48bb | 0000 0000 | 0000 0000 

  0x000001b3bd192154: ;   {runtime_call nmethod}
  0x000001b3bd192154: e9fb ffff 

  0x000001b3bd192158: ;   {static_stub}
  0x000001b3bd192158: ff48 bb00 | 0000 0000 

  0x000001b3bd192160: ;   {runtime_call nmethod}
  0x000001b3bd192160: 0000 00e9 | fbff ffff 

  0x000001b3bd192168: ;   {static_stub}
  0x000001b3bd192168: 48bb 0000 | 0000 0000 

  0x000001b3bd192170: ;   {runtime_call nmethod}
  0x000001b3bd192170: 0000 e9fb 

  0x000001b3bd192174: ;   {static_stub}
  0x000001b3bd192174: ffff ff48 | bb00 0000 | 0000 0000 

  0x000001b3bd192180: ;   {runtime_call nmethod}
  0x000001b3bd192180: 00e9 fbff 

  0x000001b3bd192184: ;   {static_stub}
  0x000001b3bd192184: ffff 48bb | 0000 0000 | 0000 0000 

  0x000001b3bd192190: ;   {runtime_call nmethod}
  0x000001b3bd192190: e9fb ffff 

  0x000001b3bd192194: ;   {static_stub}
  0x000001b3bd192194: ff48 bb00 | 0000 0000 

  0x000001b3bd19219c: ;   {runtime_call nmethod}
  0x000001b3bd19219c: 0000 00e9 | fbff ffff 

  0x000001b3bd1921a4: ;   {static_stub}
  0x000001b3bd1921a4: 48bb 0000 | 0000 0000 

  0x000001b3bd1921ac: ;   {runtime_call nmethod}
  0x000001b3bd1921ac: 0000 e9fb 

  0x000001b3bd1921b0: ;   {static_stub}
  0x000001b3bd1921b0: ffff ff48 | bb00 0000 | 0000 0000 

  0x000001b3bd1921bc: ;   {runtime_call nmethod}
  0x000001b3bd1921bc: 00e9 fbff 

  0x000001b3bd1921c0: ;   {static_stub}
  0x000001b3bd1921c0: ffff 48bb | 0000 0000 | 0000 0000 

  0x000001b3bd1921cc: ;   {runtime_call nmethod}
  0x000001b3bd1921cc: e9fb ffff 

  0x000001b3bd1921d0: ;   {static_stub}
  0x000001b3bd1921d0: ff48 bb00 | 0000 0000 

  0x000001b3bd1921d8: ;   {runtime_call nmethod}
  0x000001b3bd1921d8: 0000 00e9 | fbff ffff 

  0x000001b3bd1921e0: ;   {static_stub}
  0x000001b3bd1921e0: 48bb 0000 | 0000 0000 

  0x000001b3bd1921e8: ;   {runtime_call nmethod}
  0x000001b3bd1921e8: 0000 e9fb 

  0x000001b3bd1921ec: ;   {static_stub}
  0x000001b3bd1921ec: ffff ff48 | bb00 0000 | 0000 0000 

  0x000001b3bd1921f8: ;   {runtime_call nmethod}
  0x000001b3bd1921f8: 00e9 fbff 

  0x000001b3bd1921fc: ;   {static_stub}
  0x000001b3bd1921fc: ffff 48bb | 0000 0000 | 0000 0000 

  0x000001b3bd192208: ;   {runtime_call nmethod}
  0x000001b3bd192208: e9fb ffff 

  0x000001b3bd19220c: ;   {static_stub}
  0x000001b3bd19220c: ff48 bb00 | 0000 0000 

  0x000001b3bd192214: ;   {runtime_call nmethod}
  0x000001b3bd192214: 0000 00e9 | fbff ffff 

  0x000001b3bd19221c: ;   {static_stub}
  0x000001b3bd19221c: 48bb 0000 | 0000 0000 

  0x000001b3bd192224: ;   {runtime_call nmethod}
  0x000001b3bd192224: 0000 e9fb 

  0x000001b3bd192228: ;   {static_stub}
  0x000001b3bd192228: ffff ff48 | bb00 0000 | 0000 0000 

  0x000001b3bd192234: ;   {runtime_call nmethod}
  0x000001b3bd192234: 00e9 fbff 

  0x000001b3bd192238: ;   {static_stub}
  0x000001b3bd192238: ffff 48bb | 0000 0000 | 0000 0000 

  0x000001b3bd192244: ;   {runtime_call nmethod}
  0x000001b3bd192244: e9fb ffff 

  0x000001b3bd192248: ;   {static_stub}
  0x000001b3bd192248: ff48 bb00 | 0000 0000 

  0x000001b3bd192250: ;   {runtime_call nmethod}
  0x000001b3bd192250: 0000 00e9 | fbff ffff 

  0x000001b3bd192258: ;   {static_stub}
  0x000001b3bd192258: 48bb 0000 | 0000 0000 

  0x000001b3bd192260: ;   {runtime_call nmethod}
  0x000001b3bd192260: 0000 e9fb 

  0x000001b3bd192264: ;   {static_stub}
  0x000001b3bd192264: ffff ff48 | bb00 0000 | 0000 0000 

  0x000001b3bd192270: ;   {runtime_call nmethod}
  0x000001b3bd192270: 00e9 fbff 

  0x000001b3bd192274: ;   {static_stub}
  0x000001b3bd192274: ffff 48bb | 0000 0000 | 0000 0000 

  0x000001b3bd192280: ;   {runtime_call nmethod}
  0x000001b3bd192280: e9fb ffff 

  0x000001b3bd192284: ;   {runtime_call DeoptimizationBlob}
  0x000001b3bd192284: ffe8 56ea | 82ff ebf9 | f4f4 f4f4 
[/MachCode]


---------------  P R O C E S S  ---------------

Threads class SMR info:
_java_thread_list=0x000001b3fa193b90, length=29, elements={
0x000001b3ac86d730, 0x000001b3d257fbb0, 0x000001b3d25814c0, 0x000001b3d2583050,
0x000001b3d2587da0, 0x000001b3d2588950, 0x000001b3d258b790, 0x000001b3d259a6b0,
0x000001b3d259aeb0, 0x000001b3d2c4ddb0, 0x000001b3d2ce7790, 0x000001b3d2ce7f40,
0x000001b3d73c5d50, 0x000001b3d8476000, 0x000001b3d84767b0, 0x000001b3d8477770,
0x000001b3d83b7280, 0x000001b3d83bcb30, 0x000001b3eba9eb60, 0x000001b3eba9fb00,
0x000001b3ebaa02d0, 0x000001b3ebaa4150, 0x000001b3ebaa4920, 0x000001b3ebaa58c0,
0x000001b3ebaa2210, 0x000001b3eba03e10, 0x000001b3eba05580, 0x000001b3eba05d50,
0x000001b3eba045e0
}

Java Threads: ( => current thread )
=>0x000001b3ac86d730 JavaThread "main"                              [_thread_in_native, id=16580, stack(0x0000000100600000,0x0000000100700000) (1024K)]
  0x000001b3d257fbb0 JavaThread "Reference Handler"          daemon [_thread_blocked, id=18516, stack(0x0000000100f00000,0x0000000101000000) (1024K)]
  0x000001b3d25814c0 JavaThread "Finalizer"                  daemon [_thread_blocked, id=19404, stack(0x0000000101000000,0x0000000101100000) (1024K)]
  0x000001b3d2583050 JavaThread "Signal Dispatcher"          daemon [_thread_blocked, id=11676, stack(0x0000000101100000,0x0000000101200000) (1024K)]
  0x000001b3d2587da0 JavaThread "Attach Listener"            daemon [_thread_blocked, id=15616, stack(0x0000000101200000,0x0000000101300000) (1024K)]
  0x000001b3d2588950 JavaThread "Service Thread"             daemon [_thread_blocked, id=21000, stack(0x0000000101300000,0x0000000101400000) (1024K)]
  0x000001b3d258b790 JavaThread "Monitor Deflation Thread"   daemon [_thread_blocked, id=18536, stack(0x0000000101400000,0x0000000101500000) (1024K)]
  0x000001b3d259a6b0 JavaThread "C2 CompilerThread0"         daemon [_thread_blocked, id=19360, stack(0x0000000101500000,0x0000000101600000) (1024K)]
  0x000001b3d259aeb0 JavaThread "C1 CompilerThread0"         daemon [_thread_blocked, id=21028, stack(0x0000000101600000,0x0000000101700000) (1024K)]
  0x000001b3d2c4ddb0 JavaThread "Common-Cleaner"             daemon [_thread_blocked, id=18132, stack(0x0000000101a00000,0x0000000101b00000) (1024K)]
  0x000001b3d2ce7790 JavaThread "Monitor Ctrl-Break"         daemon [_thread_in_native, id=14952, stack(0x0000000101b00000,0x0000000101c00000) (1024K)]
  0x000001b3d2ce7f40 JavaThread "Notification Thread"        daemon [_thread_blocked, id=2916, stack(0x0000000101c00000,0x0000000101d00000) (1024K)]
  0x000001b3d73c5d50 JavaThread "InnocuousThread-1"          daemon [_thread_blocked, id=16420, stack(0x0000000102000000,0x0000000102100000) (1024K)]
  0x000001b3d8476000 JavaThread "pool-1-thread-1"                   [_thread_in_Java, id=4200, stack(0x0000000103800000,0x0000000103900000) (1024K)]
  0x000001b3d84767b0 JavaThread "pool-1-thread-2"                   [_thread_in_Java, id=10148, stack(0x0000000103900000,0x0000000103a00000) (1024K)]
  0x000001b3d8477770 JavaThread "pool-1-thread-3"                   [_thread_in_Java, id=13204, stack(0x0000000103a00000,0x0000000103b00000) (1024K)]
  0x000001b3d83b7280 JavaThread "pool-1-thread-4"                   [_thread_in_Java, id=9196, stack(0x0000000103b00000,0x0000000103c00000) (1024K)]
  0x000001b3d83bcb30 JavaThread "pool-2-thread-1"                   [_thread_blocked, id=9960, stack(0x0000000103400000,0x0000000103500000) (1024K)]
  0x000001b3eba9eb60 JavaThread "pool-2-thread-2"                   [_thread_blocked, id=20096, stack(0x0000000103500000,0x0000000103600000) (1024K)]
  0x000001b3eba9fb00 JavaThread "pool-2-thread-3"                   [_thread_blocked, id=11360, stack(0x0000000104100000,0x0000000104200000) (1024K)]
  0x000001b3ebaa02d0 JavaThread "pool-2-thread-4"                   [_thread_blocked, id=3716, stack(0x0000000104200000,0x0000000104300000) (1024K)]
  0x000001b3ebaa4150 JavaThread "pool-2-thread-5"                   [_thread_blocked, id=10280, stack(0x0000000104600000,0x0000000104700000) (1024K)]
  0x000001b3ebaa4920 JavaThread "pool-2-thread-6"                   [_thread_blocked, id=18932, stack(0x0000000104700000,0x0000000104800000) (1024K)]
  0x000001b3ebaa58c0 JavaThread "pool-2-thread-7"                   [_thread_blocked, id=4872, stack(0x0000000104900000,0x0000000104a00000) (1024K)]
  0x000001b3ebaa2210 JavaThread "pool-2-thread-8"                   [_thread_blocked, id=11488, stack(0x0000000104a00000,0x0000000104b00000) (1024K)]
  0x000001b3eba03e10 JavaThread "pool-2-thread-9"                   [_thread_blocked, id=18920, stack(0x0000000104b00000,0x0000000104c00000) (1024K)]
  0x000001b3eba05580 JavaThread "pool-2-thread-10"                  [_thread_blocked, id=4360, stack(0x0000000104c00000,0x0000000104d00000) (1024K)]
  0x000001b3eba05d50 JavaThread "pool-2-thread-11"                  [_thread_blocked, id=18224, stack(0x0000000104d00000,0x0000000104e00000) (1024K)]
  0x000001b3eba045e0 JavaThread "pool-2-thread-12"                  [_thread_blocked, id=10520, stack(0x0000000104e00000,0x0000000104f00000) (1024K)]
Total: 29

Other Threads:
  0x000001b3d256fc70 VMThread "VM Thread"                           [id=20472, stack(0x0000000100e00000,0x0000000100f00000) (1024K)]
  0x000001b3d25607c0 WatcherThread "VM Periodic Task Thread"        [id=9804, stack(0x0000000100d00000,0x0000000100e00000) (1024K)]
  0x000001b3ac8db400 WorkerThread "GC Thread#0"                     [id=20280, stack(0x0000000100700000,0x0000000100800000) (1024K)]
  0x000001b3d2cfe3e0 WorkerThread "GC Thread#1"                     [id=21432, stack(0x0000000101d00000,0x0000000101e00000) (1024K)]
  0x000001b3d7bfc060 WorkerThread "GC Thread#2"                     [id=15740, stack(0x0000000102800000,0x0000000102900000) (1024K)]
  0x000001b3d7bfd1a0 WorkerThread "GC Thread#3"                     [id=12424, stack(0x0000000102900000,0x0000000102a00000) (1024K)]
  0x000001b3d7bfc4b0 WorkerThread "GC Thread#4"                     [id=8672, stack(0x0000000102a00000,0x0000000102b00000) (1024K)]
  0x000001b3d83effc0 WorkerThread "GC Thread#5"                     [id=20228, stack(0x0000000103c00000,0x0000000103d00000) (1024K)]
  0x000001b3d83ef2d0 WorkerThread "GC Thread#6"                     [id=13376, stack(0x0000000103d00000,0x0000000103e00000) (1024K)]
  0x000001b3d83f0860 WorkerThread "GC Thread#7"                     [id=18104, stack(0x0000000103e00000,0x0000000103f00000) (1024K)]
  0x000001b3d83f0cb0 WorkerThread "GC Thread#8"                     [id=9504, stack(0x0000000103f00000,0x0000000104000000) (1024K)]
  0x000001b3d83ed4a0 WorkerThread "GC Thread#9"                     [id=16632, stack(0x0000000104000000,0x0000000104100000) (1024K)]
  0x000001b3d83efb70 WorkerThread "GC Thread#10"                    [id=9520, stack(0x0000000104300000,0x0000000104400000) (1024K)]
  0x000001b3d83f1550 WorkerThread "GC Thread#11"                    [id=14468, stack(0x0000000104400000,0x0000000104500000) (1024K)]
  0x000001b3d83ed8f0 WorkerThread "GC Thread#12"                    [id=16320, stack(0x0000000104500000,0x0000000104600000) (1024K)]
  0x000001b3ac8f4ad0 ConcurrentGCThread "G1 Main Marker"            [id=19484, stack(0x0000000100800000,0x0000000100900000) (1024K)]
  0x000001b3ac8f6540 WorkerThread "G1 Conc#0"                       [id=2580, stack(0x0000000100900000,0x0000000100a00000) (1024K)]
  0x000001b3d2d5f0f0 WorkerThread "G1 Conc#1"                       [id=20636, stack(0x0000000101e00000,0x0000000101f00000) (1024K)]
  0x000001b3d2d5f910 WorkerThread "G1 Conc#2"                       [id=10644, stack(0x0000000101f00000,0x0000000102000000) (1024K)]
  0x000001b3d2423630 WorkerThread "G1 Refinement Workers#0"         [id=14956, stack(0x0000000100b00000,0x0000000100c00000) (1024K)]
  0x000001b3ac92e9f0 ConcurrentGCThread "G1 Refine Control"         [id=20132, stack(0x0000000100a00000,0x0000000100b00000) (1024K)]
  0x000001b3d24260b0 ConcurrentGCThread "G1 Service"                [id=20888, stack(0x0000000100c00000,0x0000000100d00000) (1024K)]
Total: 22

Threads with active compile tasks:
Total: 0

VM state: not at safepoint (normal execution)

VM Mutex/Monitor currently owned by a thread: None

Heap address: 0x000000060d400000, size: 7980 MB, Compressed Oops mode: Zero based, Oop shift amount: 3

CDS archive(s) mapped at: [0x0000000033000000-0x0000000033de0000-0x0000000033de0000), size 14548992, SharedBaseAddress: 0x0000000033000000, ArchiveRelocationMode: 1.
Compressed class space mapped at: 0x0000000034000000-0x0000000074000000, reserved size: 1073741824
UseCompressedClassPointers 1, UseCompactObjectHeaders 0
Narrow klass pointer bits 32, Max shift 3
Narrow klass base: 0x0000000033000000, Narrow klass shift: 0
Encoding Range: [0x0000000033000000 - 0x0000000133000000), (4294967296 bytes)
Klass Range:    [0x0000000033000000 - 0x0000000074000000), (1090519040 bytes)
Klass ID Range:  [8 - 1090519033) (1090519025)
Protection zone: [0x0000000033000000 - 0x0000000033010000), (65536 bytes)

GC Precious Log:
 CardTable entry size: 512
 Card Set container configuration: InlinePtr #cards 4 size 8 Array Of Cards #cards 32 size 80 Howl #buckets 8 coarsen threshold 7372 Howl Bitmap #cards 1024 size 144 coarsen threshold 921 Card regions per heap region 1 cards per card region 8192
 CPUs: 16 total, 16 available
 Memory: 31913M
 Large Page Support: Disabled
 NUMA Support: Disabled
 Compressed Oops: Enabled (Zero based)
 Heap Region Size: 4M
 Heap Min Capacity: 8M
 Heap Initial Capacity: 8M
 Heap Max Capacity: 7980M
 Pre-touch: Disabled
 Parallel Workers: 13
 Concurrent Workers: 3
 Concurrent Refinement Workers: 13
 Periodic GC: Disabled

Heap:
 garbage-first heap   total reserved 8171520K, committed 1761280K, used 985738K [0x000000060d400000, 0x0000000800000000)
  region size 4M, 63 eden (252M), 12 survivor (48M), 39 old (156M), 130 humongous (520M), 186 free (744M)

Heap Regions: E=young(eden), S=young(survivor), O=old, HS=humongous(starts), HC=humongous(continues), CS=collection set, F=free, TAMS=top-at-mark-start, PB=parsable bottom
|    0|0x000000060d400000, 0x000000060d800000, 0x000000060d800000|100%| O|  |TAMS 0x000000060d400000| PB 0x000000060d400000| Untracked |  0
|    1|0x000000060d800000, 0x000000060dc00000, 0x000000060dc00000|100%| O|  |TAMS 0x000000060d800000| PB 0x000000060d800000| Untracked |  0
|    2|0x000000060dc00000, 0x000000060e000000, 0x000000060e000000|100%| O|  |TAMS 0x000000060dc00000| PB 0x000000060dc00000| Untracked |  0
|    3|0x000000060e000000, 0x000000060e400000, 0x000000060e400000|100%| O|  |TAMS 0x000000060e000000| PB 0x000000060e000000| Untracked |  0
|    4|0x000000060e400000, 0x000000060e800000, 0x000000060e800000|100%| O|  |TAMS 0x000000060e400000| PB 0x000000060e400000| Untracked |  0
|    5|0x000000060e800000, 0x000000060ec00000, 0x000000060ec00000|100%| O|  |TAMS 0x000000060e800000| PB 0x000000060e800000| Untracked |  0
|    6|0x000000060ec00000, 0x000000060f000000, 0x000000060f000000|100%| O|  |TAMS 0x000000060ec00000| PB 0x000000060ec00000| Untracked |  0
|    7|0x000000060f000000, 0x000000060f400000, 0x000000060f400000|100%| O|  |TAMS 0x000000060f000000| PB 0x000000060f000000| Untracked |  0
|    8|0x000000060f400000, 0x000000060f800000, 0x000000060f800000|100%| O|  |TAMS 0x000000060f400000| PB 0x000000060f400000| Untracked |  0
|    9|0x000000060f800000, 0x000000060fc00000, 0x000000060fc00000|100%|HS|  |TAMS 0x000000060f800000| PB 0x000000060f800000| Complete  |  0
|   10|0x000000060fc00000, 0x0000000610000000, 0x0000000610000000|100%| O|  |TAMS 0x000000060fc00000| PB 0x000000060fc00000| Untracked |  0
|   11|0x0000000610000000, 0x0000000610400000, 0x0000000610400000|100%| O|  |TAMS 0x0000000610000000| PB 0x0000000610000000| Untracked |  0
|   12|0x0000000610400000, 0x0000000610800000, 0x0000000610800000|100%| O|  |TAMS 0x0000000610400000| PB 0x0000000610400000| Untracked |  0
|   13|0x0000000610800000, 0x0000000610c00000, 0x0000000610c00000|100%| O|  |TAMS 0x0000000610800000| PB 0x0000000610800000| Untracked |  0
|   14|0x0000000610c00000, 0x0000000611000000, 0x0000000611000000|100%| O|  |TAMS 0x0000000610c00000| PB 0x0000000610c00000| Untracked |  0
|   15|0x0000000611000000, 0x0000000611400000, 0x0000000611400000|100%|HS|  |TAMS 0x0000000611000000| PB 0x0000000611000000| Complete  |  0
|   16|0x0000000611400000, 0x0000000611800000, 0x0000000611800000|100%|HS|  |TAMS 0x0000000611400000| PB 0x0000000611400000| Complete  |  0
|   17|0x0000000611800000, 0x0000000611c00000, 0x0000000611c00000|100%|HS|  |TAMS 0x0000000611800000| PB 0x0000000611800000| Complete  |  0
|   18|0x0000000611c00000, 0x0000000612000000, 0x0000000612000000|100%|HC|  |TAMS 0x0000000611c00000| PB 0x0000000611c00000| Complete  |  0
|   19|0x0000000612000000, 0x0000000612400000, 0x0000000612400000|100%|HS|  |TAMS 0x0000000612000000| PB 0x0000000612000000| Complete  |  0
|   20|0x0000000612400000, 0x0000000612800000, 0x0000000612800000|100%|HC|  |TAMS 0x0000000612400000| PB 0x0000000612400000| Complete  |  0
|   21|0x0000000612800000, 0x0000000612c00000, 0x0000000612c00000|100%|HS|  |TAMS 0x0000000612800000| PB 0x0000000612800000| Complete  |  0
|   22|0x0000000612c00000, 0x0000000613000000, 0x0000000613000000|100%|HS|  |TAMS 0x0000000612c00000| PB 0x0000000612c00000| Complete  |  0
|   23|0x0000000613000000, 0x0000000613400000, 0x0000000613400000|100%|HC|  |TAMS 0x0000000613000000| PB 0x0000000613000000| Complete  |  0
|   24|0x0000000613400000, 0x0000000613800000, 0x0000000613800000|100%|HS|  |TAMS 0x0000000613400000| PB 0x0000000613400000| Complete  |  0
|   25|0x0000000613800000, 0x0000000613c00000, 0x0000000613c00000|100%|HC|  |TAMS 0x0000000613800000| PB 0x0000000613800000| Complete  |  0
|   26|0x0000000613c00000, 0x0000000614000000, 0x0000000614000000|100%|HS|  |TAMS 0x0000000613c00000| PB 0x0000000613c00000| Complete  |  0
|   27|0x0000000614000000, 0x0000000614400000, 0x0000000614400000|100%|HS|  |TAMS 0x0000000614000000| PB 0x0000000614000000| Complete  |  0
|   28|0x0000000614400000, 0x0000000614800000, 0x0000000614800000|100%|HS|  |TAMS 0x0000000614400000| PB 0x0000000614400000| Complete  |  0
|   29|0x0000000614800000, 0x0000000614c00000, 0x0000000614c00000|100%|HS|  |TAMS 0x0000000614800000| PB 0x0000000614800000| Complete  |  0
|   30|0x0000000614c00000, 0x0000000615000000, 0x0000000615000000|100%|HS|  |TAMS 0x0000000614c00000| PB 0x0000000614c00000| Complete  |  0
|   31|0x0000000615000000, 0x0000000615400000, 0x0000000615400000|100%|HC|  |TAMS 0x0000000615000000| PB 0x0000000615000000| Complete  |  0
|   32|0x0000000615400000, 0x0000000615800000, 0x0000000615800000|100%|HS|  |TAMS 0x0000000615400000| PB 0x0000000615400000| Complete  |  0
|   33|0x0000000615800000, 0x0000000615c00000, 0x0000000615c00000|100%|HS|  |TAMS 0x0000000615800000| PB 0x0000000615800000| Complete  |  0
|   34|0x0000000615c00000, 0x0000000616000000, 0x0000000616000000|100%|HS|  |TAMS 0x0000000615c00000| PB 0x0000000615c00000| Complete  |  0
|   35|0x0000000616000000, 0x0000000616400000, 0x0000000616400000|100%|HC|  |TAMS 0x0000000616000000| PB 0x0000000616000000| Complete  |  0
|   36|0x0000000616400000, 0x0000000616800000, 0x0000000616800000|100%|HS|  |TAMS 0x0000000616400000| PB 0x0000000616400000| Complete  |  0
|   37|0x0000000616800000, 0x0000000616c00000, 0x0000000616c00000|100%|HS|  |TAMS 0x0000000616800000| PB 0x0000000616800000| Complete  |  0
|   38|0x0000000616c00000, 0x0000000617000000, 0x0000000617000000|100%|HC|  |TAMS 0x0000000616c00000| PB 0x0000000616c00000| Complete  |  0
|   39|0x0000000617000000, 0x0000000617400000, 0x0000000617400000|100%|HS|  |TAMS 0x0000000617000000| PB 0x0000000617000000| Complete  |  0
|   40|0x0000000617400000, 0x0000000617800000, 0x0000000617800000|100%|HS|  |TAMS 0x0000000617400000| PB 0x0000000617400000| Complete  |  0
|   41|0x0000000617800000, 0x0000000617c00000, 0x0000000617c00000|100%|HS|  |TAMS 0x0000000617800000| PB 0x0000000617800000| Complete  |  0
|   42|0x0000000617c00000, 0x0000000618000000, 0x0000000618000000|100%|HS|  |TAMS 0x0000000617c00000| PB 0x0000000617c00000| Complete  |  0
|   43|0x0000000618000000, 0x0000000618400000, 0x0000000618400000|100%|HC|  |TAMS 0x0000000618000000| PB 0x0000000618000000| Complete  |  0
|   44|0x0000000618400000, 0x0000000618800000, 0x0000000618800000|100%|HS|  |TAMS 0x0000000618400000| PB 0x0000000618400000| Complete  |  0
|   45|0x0000000618800000, 0x0000000618c00000, 0x0000000618c00000|100%|HS|  |TAMS 0x0000000618800000| PB 0x0000000618800000| Complete  |  0
|   46|0x0000000618c00000, 0x0000000619000000, 0x0000000619000000|100%|HS|  |TAMS 0x0000000618c00000| PB 0x0000000618c00000| Complete  |  0
|   47|0x0000000619000000, 0x0000000619400000, 0x0000000619400000|100%|HC|  |TAMS 0x0000000619000000| PB 0x0000000619000000| Complete  |  0
|   48|0x0000000619400000, 0x0000000619800000, 0x0000000619800000|100%|HS|  |TAMS 0x0000000619400000| PB 0x0000000619400000| Complete  |  0
|   49|0x0000000619800000, 0x0000000619c00000, 0x0000000619c00000|100%|HS|  |TAMS 0x0000000619800000| PB 0x0000000619800000| Complete  |  0
|   50|0x0000000619c00000, 0x000000061a000000, 0x000000061a000000|100%|HC|  |TAMS 0x0000000619c00000| PB 0x0000000619c00000| Complete  |  0
|   51|0x000000061a000000, 0x000000061a400000, 0x000000061a400000|100%|HS|  |TAMS 0x000000061a000000| PB 0x000000061a000000| Complete  |  0
|   52|0x000000061a400000, 0x000000061a800000, 0x000000061a800000|100%|HS|  |TAMS 0x000000061a400000| PB 0x000000061a400000| Complete  |  0
|   53|0x000000061a800000, 0x000000061ac00000, 0x000000061ac00000|100%|HC|  |TAMS 0x000000061a800000| PB 0x000000061a800000| Complete  |  0
|   54|0x000000061ac00000, 0x000000061b000000, 0x000000061b000000|100%|HS|  |TAMS 0x000000061ac00000| PB 0x000000061ac00000| Complete  |  0
|   55|0x000000061b000000, 0x000000061b400000, 0x000000061b400000|100%|HS|  |TAMS 0x000000061b000000| PB 0x000000061b000000| Complete  |  0
|   56|0x000000061b400000, 0x000000061b800000, 0x000000061b800000|100%|HS|  |TAMS 0x000000061b400000| PB 0x000000061b400000| Complete  |  0
|   57|0x000000061b800000, 0x000000061bc00000, 0x000000061bc00000|100%|HS|  |TAMS 0x000000061b800000| PB 0x000000061b800000| Complete  |  0
|   58|0x000000061bc00000, 0x000000061c000000, 0x000000061c000000|100%|HS|  |TAMS 0x000000061bc00000| PB 0x000000061bc00000| Complete  |  0
|   59|0x000000061c000000, 0x000000061c400000, 0x000000061c400000|100%|HS|  |TAMS 0x000000061c000000| PB 0x000000061c000000| Complete  |  0
|   60|0x000000061c400000, 0x000000061c800000, 0x000000061c800000|100%|HC|  |TAMS 0x000000061c400000| PB 0x000000061c400000| Complete  |  0
|   61|0x000000061c800000, 0x000000061cc00000, 0x000000061cc00000|100%|HS|  |TAMS 0x000000061c800000| PB 0x000000061c800000| Complete  |  0
|   62|0x000000061cc00000, 0x000000061d000000, 0x000000061d000000|100%|HC|  |TAMS 0x000000061cc00000| PB 0x000000061cc00000| Complete  |  0
|   63|0x000000061d000000, 0x000000061d400000, 0x000000061d400000|100%|HS|  |TAMS 0x000000061d000000| PB 0x000000061d000000| Complete  |  0
|   64|0x000000061d400000, 0x000000061d800000, 0x000000061d800000|100%|HS|  |TAMS 0x000000061d400000| PB 0x000000061d400000| Complete  |  0
|   65|0x000000061d800000, 0x000000061dc00000, 0x000000061dc00000|100%|HS|  |TAMS 0x000000061d800000| PB 0x000000061d800000| Complete  |  0
|   66|0x000000061dc00000, 0x000000061e000000, 0x000000061e000000|100%|HC|  |TAMS 0x000000061dc00000| PB 0x000000061dc00000| Complete  |  0
|   67|0x000000061e000000, 0x000000061e400000, 0x000000061e400000|100%|HS|  |TAMS 0x000000061e000000| PB 0x000000061e000000| Complete  |  0
|   68|0x000000061e400000, 0x000000061e800000, 0x000000061e800000|100%|HS|  |TAMS 0x000000061e400000| PB 0x000000061e400000| Complete  |  0
|   69|0x000000061e800000, 0x000000061ec00000, 0x000000061ec00000|100%|HS|  |TAMS 0x000000061e800000| PB 0x000000061e800000| Complete  |  0
|   70|0x000000061ec00000, 0x000000061f000000, 0x000000061f000000|100%|HS|  |TAMS 0x000000061ec00000| PB 0x000000061ec00000| Complete  |  0
|   71|0x000000061f000000, 0x000000061f400000, 0x000000061f400000|100%|HC|  |TAMS 0x000000061f000000| PB 0x000000061f000000| Complete  |  0
|   72|0x000000061f400000, 0x000000061f800000, 0x000000061f800000|100%|HS|  |TAMS 0x000000061f400000| PB 0x000000061f400000| Complete  |  0
|   73|0x000000061f800000, 0x000000061fc00000, 0x000000061fc00000|100%|HS|  |TAMS 0x000000061f800000| PB 0x000000061f800000| Complete  |  0
|   74|0x000000061fc00000, 0x0000000620000000, 0x0000000620000000|100%|HS|  |TAMS 0x000000061fc00000| PB 0x000000061fc00000| Complete  |  0
|   75|0x0000000620000000, 0x0000000620400000, 0x0000000620400000|100%|HC|  |TAMS 0x0000000620000000| PB 0x0000000620000000| Complete  |  0
|   76|0x0000000620400000, 0x0000000620800000, 0x0000000620800000|100%|HS|  |TAMS 0x0000000620400000| PB 0x0000000620400000| Complete  |  0
|   77|0x0000000620800000, 0x0000000620c00000, 0x0000000620c00000|100%|HS|  |TAMS 0x0000000620800000| PB 0x0000000620800000| Complete  |  0
|   78|0x0000000620c00000, 0x0000000621000000, 0x0000000621000000|100%|HS|  |TAMS 0x0000000620c00000| PB 0x0000000620c00000| Complete  |  0
|   79|0x0000000621000000, 0x0000000621400000, 0x0000000621400000|100%|HC|  |TAMS 0x0000000621000000| PB 0x0000000621000000| Complete  |  0
|   80|0x0000000621400000, 0x0000000621800000, 0x0000000621800000|100%|HS|  |TAMS 0x0000000621400000| PB 0x0000000621400000| Complete  |  0
|   81|0x0000000621800000, 0x0000000621c00000, 0x0000000621c00000|100%|HC|  |TAMS 0x0000000621800000| PB 0x0000000621800000| Complete  |  0
|   82|0x0000000621c00000, 0x0000000622000000, 0x0000000622000000|100%|HS|  |TAMS 0x0000000621c00000| PB 0x0000000621c00000| Complete  |  0
|   83|0x0000000622000000, 0x0000000622400000, 0x0000000622400000|100%|HS|  |TAMS 0x0000000622000000| PB 0x0000000622000000| Complete  |  0
|   84|0x0000000622400000, 0x0000000622800000, 0x0000000622800000|100%|HS|  |TAMS 0x0000000622400000| PB 0x0000000622400000| Complete  |  0
|   85|0x0000000622800000, 0x0000000622c00000, 0x0000000622c00000|100%|HS|  |TAMS 0x0000000622800000| PB 0x0000000622800000| Complete  |  0
|   86|0x0000000622c00000, 0x0000000623000000, 0x0000000623000000|100%|HC|  |TAMS 0x0000000622c00000| PB 0x0000000622c00000| Complete  |  0
|   87|0x0000000623000000, 0x0000000623400000, 0x0000000623400000|100%|HS|  |TAMS 0x0000000623000000| PB 0x0000000623000000| Complete  |  0
|   88|0x0000000623400000, 0x0000000623800000, 0x0000000623800000|100%|HS|  |TAMS 0x0000000623400000| PB 0x0000000623400000| Complete  |  0
|   89|0x0000000623800000, 0x0000000623c00000, 0x0000000623c00000|100%|HS|  |TAMS 0x0000000623800000| PB 0x0000000623800000| Complete  |  0
|   90|0x0000000623c00000, 0x0000000624000000, 0x0000000624000000|100%|HC|  |TAMS 0x0000000623c00000| PB 0x0000000623c00000| Complete  |  0
|   91|0x0000000624000000, 0x0000000624400000, 0x0000000624400000|100%|HS|  |TAMS 0x0000000624000000| PB 0x0000000624000000| Complete  |  0
|   92|0x0000000624400000, 0x0000000624800000, 0x0000000624800000|100%|HS|  |TAMS 0x0000000624400000| PB 0x0000000624400000| Complete  |  0
|   93|0x0000000624800000, 0x0000000624c00000, 0x0000000624c00000|100%|HS|  |TAMS 0x0000000624800000| PB 0x0000000624800000| Complete  |  0
|   94|0x0000000624c00000, 0x0000000625000000, 0x0000000625000000|100%|HC|  |TAMS 0x0000000624c00000| PB 0x0000000624c00000| Complete  |  0
|   95|0x0000000625000000, 0x0000000625400000, 0x0000000625400000|100%|HS|  |TAMS 0x0000000625000000| PB 0x0000000625000000| Complete  |  0
|   96|0x0000000625400000, 0x0000000625800000, 0x0000000625800000|100%|HS|  |TAMS 0x0000000625400000| PB 0x0000000625400000| Complete  |  0
|   97|0x0000000625800000, 0x0000000625c00000, 0x0000000625c00000|100%|HS|  |TAMS 0x0000000625800000| PB 0x0000000625800000| Complete  |  0
|   98|0x0000000625c00000, 0x0000000626000000, 0x0000000626000000|100%|HS|  |TAMS 0x0000000625c00000| PB 0x0000000625c00000| Complete  |  0
|   99|0x0000000626000000, 0x0000000626400000, 0x0000000626400000|100%|HC|  |TAMS 0x0000000626000000| PB 0x0000000626000000| Complete  |  0
|  100|0x0000000626400000, 0x0000000626800000, 0x0000000626800000|100%|HS|  |TAMS 0x0000000626400000| PB 0x0000000626400000| Complete  |  0
|  101|0x0000000626800000, 0x0000000626c00000, 0x0000000626c00000|100%|HS|  |TAMS 0x0000000626800000| PB 0x0000000626800000| Complete  |  0
|  102|0x0000000626c00000, 0x0000000627000000, 0x0000000627000000|100%|HC|  |TAMS 0x0000000626c00000| PB 0x0000000626c00000| Complete  |  0
|  103|0x0000000627000000, 0x0000000627400000, 0x0000000627400000|100%|HS|  |TAMS 0x0000000627000000| PB 0x0000000627000000| Complete  |  0
|  104|0x0000000627400000, 0x0000000627800000, 0x0000000627800000|100%|HS|  |TAMS 0x0000000627400000| PB 0x0000000627400000| Complete  |  0
|  105|0x0000000627800000, 0x0000000627c00000, 0x0000000627c00000|100%|HS|  |TAMS 0x0000000627800000| PB 0x0000000627800000| Complete  |  0
|  106|0x0000000627c00000, 0x0000000628000000, 0x0000000628000000|100%|HC|  |TAMS 0x0000000627c00000| PB 0x0000000627c00000| Complete  |  0
|  107|0x0000000628000000, 0x0000000628400000, 0x0000000628400000|100%|HS|  |TAMS 0x0000000628000000| PB 0x0000000628000000| Complete  |  0
|  108|0x0000000628400000, 0x0000000628800000, 0x0000000628800000|100%|HS|  |TAMS 0x0000000628400000| PB 0x0000000628400000| Complete  |  0
|  109|0x0000000628800000, 0x0000000628c00000, 0x0000000628c00000|100%|HS|  |TAMS 0x0000000628800000| PB 0x0000000628800000| Complete  |  0
|  110|0x0000000628c00000, 0x0000000629000000, 0x0000000629000000|100%|HC|  |TAMS 0x0000000628c00000| PB 0x0000000628c00000| Complete  |  0
|  111|0x0000000629000000, 0x0000000629400000, 0x0000000629400000|100%|HS|  |TAMS 0x0000000629000000| PB 0x0000000629000000| Complete  |  0
|  112|0x0000000629400000, 0x0000000629800000, 0x0000000629800000|100%|HS|  |TAMS 0x0000000629400000| PB 0x0000000629400000| Complete  |  0
|  113|0x0000000629800000, 0x0000000629c00000, 0x0000000629c00000|100%|HS|  |TAMS 0x0000000629800000| PB 0x0000000629800000| Complete  |  0
|  114|0x0000000629c00000, 0x000000062a000000, 0x000000062a000000|100%|HC|  |TAMS 0x0000000629c00000| PB 0x0000000629c00000| Complete  |  0
|  115|0x000000062a000000, 0x000000062a400000, 0x000000062a400000|100%|HS|  |TAMS 0x000000062a000000| PB 0x000000062a000000| Complete  |  0
|  116|0x000000062a400000, 0x000000062a800000, 0x000000062a800000|100%|HS|  |TAMS 0x000000062a400000| PB 0x000000062a400000| Complete  |  0
|  117|0x000000062a800000, 0x000000062ac00000, 0x000000062ac00000|100%|HC|  |TAMS 0x000000062a800000| PB 0x000000062a800000| Complete  |  0
|  118|0x000000062ac00000, 0x000000062b000000, 0x000000062b000000|100%|HS|  |TAMS 0x000000062ac00000| PB 0x000000062ac00000| Complete  |  0
|  119|0x000000062b000000, 0x000000062b400000, 0x000000062b400000|100%|HS|  |TAMS 0x000000062b000000| PB 0x000000062b000000| Complete  |  0
|  120|0x000000062b400000, 0x000000062b800000, 0x000000062b800000|100%|HS|  |TAMS 0x000000062b400000| PB 0x000000062b400000| Complete  |  0
|  121|0x000000062b800000, 0x000000062bc00000, 0x000000062bc00000|100%|HS|  |TAMS 0x000000062b800000| PB 0x000000062b800000| Complete  |  0
|  122|0x000000062bc00000, 0x000000062c000000, 0x000000062c000000|100%|HS|  |TAMS 0x000000062bc00000| PB 0x000000062bc00000| Complete  |  0
|  123|0x000000062c000000, 0x000000062c400000, 0x000000062c400000|100%|HS|  |TAMS 0x000000062c000000| PB 0x000000062c000000| Complete  |  0
|  124|0x000000062c400000, 0x000000062c800000, 0x000000062c800000|100%|HS|  |TAMS 0x000000062c400000| PB 0x000000062c400000| Complete  |  0
|  125|0x000000062c800000, 0x000000062cc00000, 0x000000062cc00000|100%|HS|  |TAMS 0x000000062c800000| PB 0x000000062c800000| Complete  |  0
|  126|0x000000062cc00000, 0x000000062d000000, 0x000000062d000000|100%|HS|  |TAMS 0x000000062cc00000| PB 0x000000062cc00000| Complete  |  0
|  127|0x000000062d000000, 0x000000062d400000, 0x000000062d400000|100%|HC|  |TAMS 0x000000062d000000| PB 0x000000062d000000| Complete  |  0
|  128|0x000000062d400000, 0x000000062d800000, 0x000000062d800000|100%|HS|  |TAMS 0x000000062d400000| PB 0x000000062d400000| Complete  |  0
|  129|0x000000062d800000, 0x000000062dc00000, 0x000000062dc00000|100%|HC|  |TAMS 0x000000062d800000| PB 0x000000062d800000| Complete  |  0
|  130|0x000000062dc00000, 0x000000062e000000, 0x000000062e000000|100%|HS|  |TAMS 0x000000062dc00000| PB 0x000000062dc00000| Complete  |  0
|  131|0x000000062e000000, 0x000000062e400000, 0x000000062e400000|100%|HS|  |TAMS 0x000000062e000000| PB 0x000000062e000000| Complete  |  0
|  132|0x000000062e400000, 0x000000062e800000, 0x000000062e800000|100%|HS|  |TAMS 0x000000062e400000| PB 0x000000062e400000| Complete  |  0
|  133|0x000000062e800000, 0x000000062ec00000, 0x000000062ec00000|100%|HC|  |TAMS 0x000000062e800000| PB 0x000000062e800000| Complete  |  0
|  134|0x000000062ec00000, 0x000000062f000000, 0x000000062f000000|100%|HS|  |TAMS 0x000000062ec00000| PB 0x000000062ec00000| Complete  |  0
|  135|0x000000062f000000, 0x000000062f400000, 0x000000062f400000|100%|HC|  |TAMS 0x000000062f000000| PB 0x000000062f000000| Complete  |  0
|  136|0x000000062f400000, 0x000000062f800000, 0x000000062f800000|100%|HS|  |TAMS 0x000000062f400000| PB 0x000000062f400000| Complete  |  0
|  137|0x000000062f800000, 0x000000062fc00000, 0x000000062fc00000|100%|HS|  |TAMS 0x000000062f800000| PB 0x000000062f800000| Complete  |  0
|  138|0x000000062fc00000, 0x0000000630000000, 0x0000000630000000|100%|HS|  |TAMS 0x000000062fc00000| PB 0x000000062fc00000| Complete  |  0
|  139|0x0000000630000000, 0x0000000630400000, 0x0000000630400000|100%|HS|  |TAMS 0x0000000630000000| PB 0x0000000630000000| Complete  |  0
|  140|0x0000000630400000, 0x0000000630800000, 0x0000000630800000|100%|HS|  |TAMS 0x0000000630400000| PB 0x0000000630400000| Complete  |  0
|  141|0x0000000630800000, 0x0000000630c00000, 0x0000000630c00000|100%|HS|  |TAMS 0x0000000630800000| PB 0x0000000630800000| Complete  |  0
|  142|0x0000000630c00000, 0x0000000631000000, 0x0000000631000000|100%|HC|  |TAMS 0x0000000630c00000| PB 0x0000000630c00000| Complete  |  0
|  143|0x0000000631000000, 0x0000000631400000, 0x0000000631400000|100%|HS|  |TAMS 0x0000000631000000| PB 0x0000000631000000| Complete  |  0
|  144|0x0000000631400000, 0x0000000631400000, 0x0000000631800000|  0%| F|  |TAMS 0x0000000631400000| PB 0x0000000631400000| Untracked |  0
|  145|0x0000000631800000, 0x0000000631800000, 0x0000000631c00000|  0%| F|  |TAMS 0x0000000631800000| PB 0x0000000631800000| Untracked |  0
|  146|0x0000000631c00000, 0x0000000631c00000, 0x0000000632000000|  0%| F|  |TAMS 0x0000000631c00000| PB 0x0000000631c00000| Untracked |  0
|  147|0x0000000632000000, 0x0000000632000000, 0x0000000632400000|  0%| F|  |TAMS 0x0000000632000000| PB 0x0000000632000000| Untracked |  0
|  148|0x0000000632400000, 0x0000000632400000, 0x0000000632800000|  0%| F|  |TAMS 0x0000000632400000| PB 0x0000000632400000| Untracked |  0
|  149|0x0000000632800000, 0x0000000632800000, 0x0000000632c00000|  0%| F|  |TAMS 0x0000000632800000| PB 0x0000000632800000| Untracked |  0
|  150|0x0000000632c00000, 0x0000000632c00000, 0x0000000633000000|  0%| F|  |TAMS 0x0000000632c00000| PB 0x0000000632c00000| Untracked |  0
|  151|0x0000000633000000, 0x0000000633000000, 0x0000000633400000|  0%| F|  |TAMS 0x0000000633000000| PB 0x0000000633000000| Untracked |  0
|  152|0x0000000633400000, 0x0000000633400000, 0x0000000633800000|  0%| F|  |TAMS 0x0000000633400000| PB 0x0000000633400000| Untracked |  0
|  153|0x0000000633800000, 0x0000000633800000, 0x0000000633c00000|  0%| F|  |TAMS 0x0000000633800000| PB 0x0000000633800000| Untracked |  0
|  154|0x0000000633c00000, 0x0000000633c00000, 0x0000000634000000|  0%| F|  |TAMS 0x0000000633c00000| PB 0x0000000633c00000| Untracked |  0
|  155|0x0000000634000000, 0x0000000634000000, 0x0000000634400000|  0%| F|  |TAMS 0x0000000634000000| PB 0x0000000634000000| Untracked |  0
|  156|0x0000000634400000, 0x0000000634400000, 0x0000000634800000|  0%| F|  |TAMS 0x0000000634400000| PB 0x0000000634400000| Untracked |  0
|  157|0x0000000634800000, 0x0000000634800000, 0x0000000634c00000|  0%| F|  |TAMS 0x0000000634800000| PB 0x0000000634800000| Untracked |  0
|  158|0x0000000634c00000, 0x0000000634c00000, 0x0000000635000000|  0%| F|  |TAMS 0x0000000634c00000| PB 0x0000000634c00000| Untracked |  0
|  159|0x0000000635000000, 0x0000000635000000, 0x0000000635400000|  0%| F|  |TAMS 0x0000000635000000| PB 0x0000000635000000| Untracked |  0
|  160|0x0000000635400000, 0x0000000635400000, 0x0000000635800000|  0%| F|  |TAMS 0x0000000635400000| PB 0x0000000635400000| Untracked |  0
|  161|0x0000000635800000, 0x0000000635800000, 0x0000000635c00000|  0%| F|  |TAMS 0x0000000635800000| PB 0x0000000635800000| Untracked |  0
|  162|0x0000000635c00000, 0x0000000635c00000, 0x0000000636000000|  0%| F|  |TAMS 0x0000000635c00000| PB 0x0000000635c00000| Untracked |  0
|  163|0x0000000636000000, 0x0000000636000000, 0x0000000636400000|  0%| F|  |TAMS 0x0000000636000000| PB 0x0000000636000000| Untracked |  0
|  164|0x0000000636400000, 0x0000000636400000, 0x0000000636800000|  0%| F|  |TAMS 0x0000000636400000| PB 0x0000000636400000| Untracked |  0
|  165|0x0000000636800000, 0x0000000636800000, 0x0000000636c00000|  0%| F|  |TAMS 0x0000000636800000| PB 0x0000000636800000| Untracked |  0
|  166|0x0000000636c00000, 0x0000000636c00000, 0x0000000637000000|  0%| F|  |TAMS 0x0000000636c00000| PB 0x0000000636c00000| Untracked |  0
|  167|0x0000000637000000, 0x0000000637000000, 0x0000000637400000|  0%| F|  |TAMS 0x0000000637000000| PB 0x0000000637000000| Untracked |  0
|  168|0x0000000637400000, 0x0000000637400000, 0x0000000637800000|  0%| F|  |TAMS 0x0000000637400000| PB 0x0000000637400000| Untracked |  0
|  169|0x0000000637800000, 0x0000000637800000, 0x0000000637c00000|  0%| F|  |TAMS 0x0000000637800000| PB 0x0000000637800000| Untracked |  0
|  170|0x0000000637c00000, 0x0000000637c00000, 0x0000000638000000|  0%| F|  |TAMS 0x0000000637c00000| PB 0x0000000637c00000| Untracked |  0
|  171|0x0000000638000000, 0x0000000638000000, 0x0000000638400000|  0%| F|  |TAMS 0x0000000638000000| PB 0x0000000638000000| Untracked |  0
|  172|0x0000000638400000, 0x0000000638400000, 0x0000000638800000|  0%| F|  |TAMS 0x0000000638400000| PB 0x0000000638400000| Untracked |  0
|  173|0x0000000638800000, 0x0000000638800000, 0x0000000638c00000|  0%| F|  |TAMS 0x0000000638800000| PB 0x0000000638800000| Untracked |  0
|  174|0x0000000638c00000, 0x0000000638c00000, 0x0000000639000000|  0%| F|  |TAMS 0x0000000638c00000| PB 0x0000000638c00000| Untracked |  0
|  175|0x0000000639000000, 0x0000000639000000, 0x0000000639400000|  0%| F|  |TAMS 0x0000000639000000| PB 0x0000000639000000| Untracked |  0
|  176|0x0000000639400000, 0x0000000639400000, 0x0000000639800000|  0%| F|  |TAMS 0x0000000639400000| PB 0x0000000639400000| Untracked |  0
|  177|0x0000000639800000, 0x0000000639800000, 0x0000000639c00000|  0%| F|  |TAMS 0x0000000639800000| PB 0x0000000639800000| Untracked |  0
|  178|0x0000000639c00000, 0x0000000639c00000, 0x000000063a000000|  0%| F|  |TAMS 0x0000000639c00000| PB 0x0000000639c00000| Untracked |  0
|  179|0x000000063a000000, 0x000000063a000000, 0x000000063a400000|  0%| F|  |TAMS 0x000000063a000000| PB 0x000000063a000000| Untracked |  0
|  180|0x000000063a400000, 0x000000063a400000, 0x000000063a800000|  0%| F|  |TAMS 0x000000063a400000| PB 0x000000063a400000| Untracked |  0
|  181|0x000000063a800000, 0x000000063a800000, 0x000000063ac00000|  0%| F|  |TAMS 0x000000063a800000| PB 0x000000063a800000| Untracked |  0
|  182|0x000000063ac00000, 0x000000063ac00000, 0x000000063b000000|  0%| F|  |TAMS 0x000000063ac00000| PB 0x000000063ac00000| Untracked |  0
|  183|0x000000063b000000, 0x000000063b000000, 0x000000063b400000|  0%| F|  |TAMS 0x000000063b000000| PB 0x000000063b000000| Untracked |  0
|  184|0x000000063b400000, 0x000000063b400000, 0x000000063b800000|  0%| F|  |TAMS 0x000000063b400000| PB 0x000000063b400000| Untracked |  0
|  185|0x000000063b800000, 0x000000063b800000, 0x000000063bc00000|  0%| F|  |TAMS 0x000000063b800000| PB 0x000000063b800000| Untracked |  0
|  186|0x000000063bc00000, 0x000000063bc00000, 0x000000063c000000|  0%| F|  |TAMS 0x000000063bc00000| PB 0x000000063bc00000| Untracked |  0
|  187|0x000000063c000000, 0x000000063c000000, 0x000000063c400000|  0%| F|  |TAMS 0x000000063c000000| PB 0x000000063c000000| Untracked |  0
|  188|0x000000063c400000, 0x000000063c400000, 0x000000063c800000|  0%| F|  |TAMS 0x000000063c400000| PB 0x000000063c400000| Untracked |  0
|  189|0x000000063c800000, 0x000000063c800000, 0x000000063cc00000|  0%| F|  |TAMS 0x000000063c800000| PB 0x000000063c800000| Untracked |  0
|  190|0x000000063cc00000, 0x000000063cc00000, 0x000000063d000000|  0%| F|  |TAMS 0x000000063cc00000| PB 0x000000063cc00000| Untracked |  0
|  191|0x000000063d000000, 0x000000063d000000, 0x000000063d400000|  0%| F|  |TAMS 0x000000063d000000| PB 0x000000063d000000| Untracked |  0
|  192|0x000000063d400000, 0x000000063d400000, 0x000000063d800000|  0%| F|  |TAMS 0x000000063d400000| PB 0x000000063d400000| Untracked |  0
|  193|0x000000063d800000, 0x000000063d800000, 0x000000063dc00000|  0%| F|  |TAMS 0x000000063d800000| PB 0x000000063d800000| Untracked |  0
|  194|0x000000063dc00000, 0x000000063dc00000, 0x000000063e000000|  0%| F|  |TAMS 0x000000063dc00000| PB 0x000000063dc00000| Untracked |  0
|  195|0x000000063e000000, 0x000000063e000000, 0x000000063e400000|  0%| F|  |TAMS 0x000000063e000000| PB 0x000000063e000000| Untracked |  0
|  196|0x000000063e400000, 0x000000063e400000, 0x000000063e800000|  0%| F|  |TAMS 0x000000063e400000| PB 0x000000063e400000| Untracked |  0
|  197|0x000000063e800000, 0x000000063e800000, 0x000000063ec00000|  0%| F|  |TAMS 0x000000063e800000| PB 0x000000063e800000| Untracked |  0
|  198|0x000000063ec00000, 0x000000063ec00000, 0x000000063f000000|  0%| F|  |TAMS 0x000000063ec00000| PB 0x000000063ec00000| Untracked |  0
|  199|0x000000063f000000, 0x000000063f000000, 0x000000063f400000|  0%| F|  |TAMS 0x000000063f000000| PB 0x000000063f000000| Untracked |  0
|  200|0x000000063f400000, 0x000000063f400000, 0x000000063f800000|  0%| F|  |TAMS 0x000000063f400000| PB 0x000000063f400000| Untracked |  0
|  201|0x000000063f800000, 0x000000063f800000, 0x000000063fc00000|  0%| F|  |TAMS 0x000000063f800000| PB 0x000000063f800000| Untracked |  0
|  202|0x000000063fc00000, 0x000000063fc00000, 0x0000000640000000|  0%| F|  |TAMS 0x000000063fc00000| PB 0x000000063fc00000| Untracked |  0
|  203|0x0000000640000000, 0x0000000640000000, 0x0000000640400000|  0%| F|  |TAMS 0x0000000640000000| PB 0x0000000640000000| Untracked |  0
|  204|0x0000000640400000, 0x0000000640400000, 0x0000000640800000|  0%| F|  |TAMS 0x0000000640400000| PB 0x0000000640400000| Untracked |  0
|  205|0x0000000640800000, 0x0000000640800000, 0x0000000640c00000|  0%| F|  |TAMS 0x0000000640800000| PB 0x0000000640800000| Untracked |  0
|  206|0x0000000640c00000, 0x0000000640c00000, 0x0000000641000000|  0%| F|  |TAMS 0x0000000640c00000| PB 0x0000000640c00000| Untracked |  0
|  207|0x0000000641000000, 0x0000000641000000, 0x0000000641400000|  0%| F|  |TAMS 0x0000000641000000| PB 0x0000000641000000| Untracked |  0
|  208|0x0000000641400000, 0x0000000641400000, 0x0000000641800000|  0%| F|  |TAMS 0x0000000641400000| PB 0x0000000641400000| Untracked |  0
|  209|0x0000000641800000, 0x0000000641800000, 0x0000000641c00000|  0%| F|  |TAMS 0x0000000641800000| PB 0x0000000641800000| Untracked |  0
|  210|0x0000000641c00000, 0x0000000641c00000, 0x0000000642000000|  0%| F|  |TAMS 0x0000000641c00000| PB 0x0000000641c00000| Untracked |  0
|  211|0x0000000642000000, 0x0000000642000000, 0x0000000642400000|  0%| F|  |TAMS 0x0000000642000000| PB 0x0000000642000000| Untracked |  0
|  212|0x0000000642400000, 0x0000000642400000, 0x0000000642800000|  0%| F|  |TAMS 0x0000000642400000| PB 0x0000000642400000| Untracked |  0
|  213|0x0000000642800000, 0x0000000642800000, 0x0000000642c00000|  0%| F|  |TAMS 0x0000000642800000| PB 0x0000000642800000| Untracked |  0
|  214|0x0000000642c00000, 0x0000000642c00000, 0x0000000643000000|  0%| F|  |TAMS 0x0000000642c00000| PB 0x0000000642c00000| Untracked |  0
|  215|0x0000000643000000, 0x0000000643000000, 0x0000000643400000|  0%| F|  |TAMS 0x0000000643000000| PB 0x0000000643000000| Untracked |  0
|  216|0x0000000643400000, 0x0000000643400000, 0x0000000643800000|  0%| F|  |TAMS 0x0000000643400000| PB 0x0000000643400000| Untracked |  0
|  217|0x0000000643800000, 0x0000000643800000, 0x0000000643c00000|  0%| F|  |TAMS 0x0000000643800000| PB 0x0000000643800000| Untracked |  0
|  218|0x0000000643c00000, 0x0000000643c00000, 0x0000000644000000|  0%| F|  |TAMS 0x0000000643c00000| PB 0x0000000643c00000| Untracked |  0
|  219|0x0000000644000000, 0x0000000644000000, 0x0000000644400000|  0%| F|  |TAMS 0x0000000644000000| PB 0x0000000644000000| Untracked |  0
|  220|0x0000000644400000, 0x0000000644400000, 0x0000000644800000|  0%| F|  |TAMS 0x0000000644400000| PB 0x0000000644400000| Untracked |  0
|  221|0x0000000644800000, 0x0000000644800000, 0x0000000644c00000|  0%| F|  |TAMS 0x0000000644800000| PB 0x0000000644800000| Untracked |  0
|  222|0x0000000644c00000, 0x0000000644c00000, 0x0000000645000000|  0%| F|  |TAMS 0x0000000644c00000| PB 0x0000000644c00000| Untracked |  0
|  223|0x0000000645000000, 0x0000000645000000, 0x0000000645400000|  0%| F|  |TAMS 0x0000000645000000| PB 0x0000000645000000| Untracked |  0
|  224|0x0000000645400000, 0x0000000645400000, 0x0000000645800000|  0%| F|  |TAMS 0x0000000645400000| PB 0x0000000645400000| Untracked |  0
|  225|0x0000000645800000, 0x0000000645800000, 0x0000000645c00000|  0%| F|  |TAMS 0x0000000645800000| PB 0x0000000645800000| Untracked |  0
|  226|0x0000000645c00000, 0x0000000645c00000, 0x0000000646000000|  0%| F|  |TAMS 0x0000000645c00000| PB 0x0000000645c00000| Untracked |  0
|  227|0x0000000646000000, 0x0000000646000000, 0x0000000646400000|  0%| F|  |TAMS 0x0000000646000000| PB 0x0000000646000000| Untracked |  0
|  228|0x0000000646400000, 0x0000000646400000, 0x0000000646800000|  0%| F|  |TAMS 0x0000000646400000| PB 0x0000000646400000| Untracked |  0
|  229|0x0000000646800000, 0x0000000646800000, 0x0000000646c00000|  0%| F|  |TAMS 0x0000000646800000| PB 0x0000000646800000| Untracked |  0
|  230|0x0000000646c00000, 0x0000000646c00000, 0x0000000647000000|  0%| F|  |TAMS 0x0000000646c00000| PB 0x0000000646c00000| Untracked |  0
|  231|0x0000000647000000, 0x0000000647000000, 0x0000000647400000|  0%| F|  |TAMS 0x0000000647000000| PB 0x0000000647000000| Untracked |  0
|  232|0x0000000647400000, 0x0000000647400000, 0x0000000647800000|  0%| F|  |TAMS 0x0000000647400000| PB 0x0000000647400000| Untracked |  0
|  233|0x0000000647800000, 0x0000000647800000, 0x0000000647c00000|  0%| F|  |TAMS 0x0000000647800000| PB 0x0000000647800000| Untracked |  0
|  234|0x0000000647c00000, 0x0000000647c00000, 0x0000000648000000|  0%| F|  |TAMS 0x0000000647c00000| PB 0x0000000647c00000| Untracked |  0
|  235|0x0000000648000000, 0x0000000648000000, 0x0000000648400000|  0%| F|  |TAMS 0x0000000648000000| PB 0x0000000648000000| Untracked |  0
|  236|0x0000000648400000, 0x0000000648400000, 0x0000000648800000|  0%| F|  |TAMS 0x0000000648400000| PB 0x0000000648400000| Untracked |  0
|  237|0x0000000648800000, 0x0000000648800000, 0x0000000648c00000|  0%| F|  |TAMS 0x0000000648800000| PB 0x0000000648800000| Untracked |  0
|  238|0x0000000648c00000, 0x0000000648c00000, 0x0000000649000000|  0%| F|  |TAMS 0x0000000648c00000| PB 0x0000000648c00000| Untracked |  0
|  239|0x0000000649000000, 0x0000000649000000, 0x0000000649400000|  0%| F|  |TAMS 0x0000000649000000| PB 0x0000000649000000| Untracked |  0
|  240|0x0000000649400000, 0x0000000649400000, 0x0000000649800000|  0%| F|  |TAMS 0x0000000649400000| PB 0x0000000649400000| Untracked |  0
|  241|0x0000000649800000, 0x0000000649800000, 0x0000000649c00000|  0%| F|  |TAMS 0x0000000649800000| PB 0x0000000649800000| Untracked |  0
|  242|0x0000000649c00000, 0x0000000649c00000, 0x000000064a000000|  0%| F|  |TAMS 0x0000000649c00000| PB 0x0000000649c00000| Untracked |  0
|  243|0x000000064a000000, 0x000000064a000000, 0x000000064a400000|  0%| F|  |TAMS 0x000000064a000000| PB 0x000000064a000000| Untracked |  0
|  244|0x000000064a400000, 0x000000064a400000, 0x000000064a800000|  0%| F|  |TAMS 0x000000064a400000| PB 0x000000064a400000| Untracked |  0
|  245|0x000000064a800000, 0x000000064a800000, 0x000000064ac00000|  0%| F|  |TAMS 0x000000064a800000| PB 0x000000064a800000| Untracked |  0
|  246|0x000000064ac00000, 0x000000064ac00000, 0x000000064b000000|  0%| F|  |TAMS 0x000000064ac00000| PB 0x000000064ac00000| Untracked |  0
|  247|0x000000064b000000, 0x000000064b000000, 0x000000064b400000|  0%| F|  |TAMS 0x000000064b000000| PB 0x000000064b000000| Untracked |  0
|  248|0x000000064b400000, 0x000000064b400000, 0x000000064b800000|  0%| F|  |TAMS 0x000000064b400000| PB 0x000000064b400000| Untracked |  0
|  249|0x000000064b800000, 0x000000064b800000, 0x000000064bc00000|  0%| F|  |TAMS 0x000000064b800000| PB 0x000000064b800000| Untracked |  0
|  250|0x000000064bc00000, 0x000000064bc00000, 0x000000064c000000|  0%| F|  |TAMS 0x000000064bc00000| PB 0x000000064bc00000| Untracked |  0
|  251|0x000000064c000000, 0x000000064c000000, 0x000000064c400000|  0%| F|  |TAMS 0x000000064c000000| PB 0x000000064c000000| Untracked |  0
|  252|0x000000064c400000, 0x000000064c400000, 0x000000064c800000|  0%| F|  |TAMS 0x000000064c400000| PB 0x000000064c400000| Untracked |  0
|  253|0x000000064c800000, 0x000000064c800000, 0x000000064cc00000|  0%| F|  |TAMS 0x000000064c800000| PB 0x000000064c800000| Untracked |  0
|  254|0x000000064cc00000, 0x000000064cc00000, 0x000000064d000000|  0%| F|  |TAMS 0x000000064cc00000| PB 0x000000064cc00000| Untracked |  0
|  255|0x000000064d000000, 0x000000064d000000, 0x000000064d400000|  0%| F|  |TAMS 0x000000064d000000| PB 0x000000064d000000| Untracked |  0
|  256|0x000000064d400000, 0x000000064d400000, 0x000000064d800000|  0%| F|  |TAMS 0x000000064d400000| PB 0x000000064d400000| Untracked |  0
|  257|0x000000064d800000, 0x000000064d800000, 0x000000064dc00000|  0%| F|  |TAMS 0x000000064d800000| PB 0x000000064d800000| Untracked |  0
|  258|0x000000064dc00000, 0x000000064dc00000, 0x000000064e000000|  0%| F|  |TAMS 0x000000064dc00000| PB 0x000000064dc00000| Untracked |  0
|  259|0x000000064e000000, 0x000000064e000000, 0x000000064e400000|  0%| F|  |TAMS 0x000000064e000000| PB 0x000000064e000000| Untracked |  0
|  260|0x000000064e400000, 0x000000064e400000, 0x000000064e800000|  0%| F|  |TAMS 0x000000064e400000| PB 0x000000064e400000| Untracked |  0
|  261|0x000000064e800000, 0x000000064e800000, 0x000000064ec00000|  0%| F|  |TAMS 0x000000064e800000| PB 0x000000064e800000| Untracked |  0
|  262|0x000000064ec00000, 0x000000064ec00000, 0x000000064f000000|  0%| F|  |TAMS 0x000000064ec00000| PB 0x000000064ec00000| Untracked |  0
|  263|0x000000064f000000, 0x000000064f000000, 0x000000064f400000|  0%| F|  |TAMS 0x000000064f000000| PB 0x000000064f000000| Untracked |  0
|  264|0x000000064f400000, 0x000000064f400000, 0x000000064f800000|  0%| F|  |TAMS 0x000000064f400000| PB 0x000000064f400000| Untracked |  0
|  265|0x000000064f800000, 0x000000064f800000, 0x000000064fc00000|  0%| F|  |TAMS 0x000000064f800000| PB 0x000000064f800000| Untracked |  0
|  266|0x000000064fc00000, 0x000000064fc00000, 0x0000000650000000|  0%| F|  |TAMS 0x000000064fc00000| PB 0x000000064fc00000| Untracked |  0
|  267|0x0000000650000000, 0x0000000650000000, 0x0000000650400000|  0%| F|  |TAMS 0x0000000650000000| PB 0x0000000650000000| Untracked |  0
|  268|0x0000000650400000, 0x0000000650400000, 0x0000000650800000|  0%| F|  |TAMS 0x0000000650400000| PB 0x0000000650400000| Untracked |  0
|  269|0x0000000650800000, 0x0000000650800000, 0x0000000650c00000|  0%| F|  |TAMS 0x0000000650800000| PB 0x0000000650800000| Untracked |  0
|  270|0x0000000650c00000, 0x0000000650c00000, 0x0000000651000000|  0%| F|  |TAMS 0x0000000650c00000| PB 0x0000000650c00000| Untracked |  0
|  271|0x0000000651000000, 0x0000000651000000, 0x0000000651400000|  0%| F|  |TAMS 0x0000000651000000| PB 0x0000000651000000| Untracked |  0
|  272|0x0000000651400000, 0x0000000651400000, 0x0000000651800000|  0%| F|  |TAMS 0x0000000651400000| PB 0x0000000651400000| Untracked |  0
|  273|0x0000000651800000, 0x0000000651800000, 0x0000000651c00000|  0%| F|  |TAMS 0x0000000651800000| PB 0x0000000651800000| Untracked |  0
|  274|0x0000000651c00000, 0x0000000651c00000, 0x0000000652000000|  0%| F|  |TAMS 0x0000000651c00000| PB 0x0000000651c00000| Untracked |  0
|  275|0x0000000652000000, 0x0000000652000000, 0x0000000652400000|  0%| F|  |TAMS 0x0000000652000000| PB 0x0000000652000000| Untracked |  0
|  276|0x0000000652400000, 0x0000000652400000, 0x0000000652800000|  0%| F|  |TAMS 0x0000000652400000| PB 0x0000000652400000| Untracked |  0
|  277|0x0000000652800000, 0x0000000652800000, 0x0000000652c00000|  0%| F|  |TAMS 0x0000000652800000| PB 0x0000000652800000| Untracked |  0
|  278|0x0000000652c00000, 0x0000000652c00000, 0x0000000653000000|  0%| F|  |TAMS 0x0000000652c00000| PB 0x0000000652c00000| Untracked |  0
|  279|0x0000000653000000, 0x0000000653000000, 0x0000000653400000|  0%| F|  |TAMS 0x0000000653000000| PB 0x0000000653000000| Untracked |  0
|  280|0x0000000653400000, 0x0000000653400000, 0x0000000653800000|  0%| F|  |TAMS 0x0000000653400000| PB 0x0000000653400000| Untracked |  0
|  281|0x0000000653800000, 0x0000000653800000, 0x0000000653c00000|  0%| F|  |TAMS 0x0000000653800000| PB 0x0000000653800000| Untracked |  0
|  282|0x0000000653c00000, 0x0000000653c00000, 0x0000000654000000|  0%| F|  |TAMS 0x0000000653c00000| PB 0x0000000653c00000| Untracked |  0
|  283|0x0000000654000000, 0x0000000654000000, 0x0000000654400000|  0%| F|  |TAMS 0x0000000654000000| PB 0x0000000654000000| Untracked |  0
|  284|0x0000000654400000, 0x0000000654400000, 0x0000000654800000|  0%| F|  |TAMS 0x0000000654400000| PB 0x0000000654400000| Untracked |  0
|  285|0x0000000654800000, 0x0000000654800000, 0x0000000654c00000|  0%| F|  |TAMS 0x0000000654800000| PB 0x0000000654800000| Untracked |  0
|  286|0x0000000654c00000, 0x0000000654c00000, 0x0000000655000000|  0%| F|  |TAMS 0x0000000654c00000| PB 0x0000000654c00000| Untracked |  0
|  287|0x0000000655000000, 0x0000000655000000, 0x0000000655400000|  0%| F|  |TAMS 0x0000000655000000| PB 0x0000000655000000| Untracked |  0
|  288|0x0000000655400000, 0x0000000655400000, 0x0000000655800000|  0%| F|  |TAMS 0x0000000655400000| PB 0x0000000655400000| Untracked |  0
|  289|0x0000000655800000, 0x0000000655800000, 0x0000000655c00000|  0%| F|  |TAMS 0x0000000655800000| PB 0x0000000655800000| Untracked |  0
|  290|0x0000000655c00000, 0x0000000655c00000, 0x0000000656000000|  0%| F|  |TAMS 0x0000000655c00000| PB 0x0000000655c00000| Untracked |  0
|  291|0x0000000656000000, 0x0000000656000000, 0x0000000656400000|  0%| F|  |TAMS 0x0000000656000000| PB 0x0000000656000000| Untracked |  0
|  292|0x0000000656400000, 0x0000000656400000, 0x0000000656800000|  0%| F|  |TAMS 0x0000000656400000| PB 0x0000000656400000| Untracked |  0
|  293|0x0000000656800000, 0x0000000656800000, 0x0000000656c00000|  0%| F|  |TAMS 0x0000000656800000| PB 0x0000000656800000| Untracked |  0
|  294|0x0000000656c00000, 0x0000000656c00000, 0x0000000657000000|  0%| F|  |TAMS 0x0000000656c00000| PB 0x0000000656c00000| Untracked |  0
|  295|0x0000000657000000, 0x0000000657000000, 0x0000000657400000|  0%| F|  |TAMS 0x0000000657000000| PB 0x0000000657000000| Untracked |  0
|  296|0x0000000657400000, 0x0000000657400000, 0x0000000657800000|  0%| F|  |TAMS 0x0000000657400000| PB 0x0000000657400000| Untracked |  0
|  297|0x0000000657800000, 0x0000000657800000, 0x0000000657c00000|  0%| F|  |TAMS 0x0000000657800000| PB 0x0000000657800000| Untracked |  0
|  298|0x0000000657c00000, 0x0000000657c00000, 0x0000000658000000|  0%| F|  |TAMS 0x0000000657c00000| PB 0x0000000657c00000| Untracked |  0
|  299|0x0000000658000000, 0x0000000658000000, 0x0000000658400000|  0%| F|  |TAMS 0x0000000658000000| PB 0x0000000658000000| Untracked |  0
|  300|0x0000000658400000, 0x0000000658400000, 0x0000000658800000|  0%| F|  |TAMS 0x0000000658400000| PB 0x0000000658400000| Untracked |  0
|  301|0x0000000658800000, 0x0000000658800000, 0x0000000658c00000|  0%| F|  |TAMS 0x0000000658800000| PB 0x0000000658800000| Untracked |  0
|  302|0x0000000658c00000, 0x0000000658c00000, 0x0000000659000000|  0%| F|  |TAMS 0x0000000658c00000| PB 0x0000000658c00000| Untracked |  0
|  303|0x0000000659000000, 0x0000000659000000, 0x0000000659400000|  0%| F|  |TAMS 0x0000000659000000| PB 0x0000000659000000| Untracked |  0
|  304|0x0000000659400000, 0x000000065952ae20, 0x0000000659800000| 29%| S|CS|TAMS 0x0000000659400000| PB 0x0000000659400000| Complete  |  0
|  305|0x0000000659800000, 0x0000000659c00000, 0x0000000659c00000|100%| S|CS|TAMS 0x0000000659800000| PB 0x0000000659800000| Complete  |  0
|  306|0x0000000659c00000, 0x000000065a000000, 0x000000065a000000|100%| S|CS|TAMS 0x0000000659c00000| PB 0x0000000659c00000| Complete  |  0
|  307|0x000000065a000000, 0x000000065a400000, 0x000000065a400000|100%| S|CS|TAMS 0x000000065a000000| PB 0x000000065a000000| Complete  |  0
|  308|0x000000065a400000, 0x000000065a800000, 0x000000065a800000|100%| S|CS|TAMS 0x000000065a400000| PB 0x000000065a400000| Complete  |  0
|  309|0x000000065a800000, 0x000000065ac00000, 0x000000065ac00000|100%| S|CS|TAMS 0x000000065a800000| PB 0x000000065a800000| Complete  |  0
|  310|0x000000065ac00000, 0x000000065b000000, 0x000000065b000000|100%| S|CS|TAMS 0x000000065ac00000| PB 0x000000065ac00000| Complete  |  0
|  311|0x000000065b000000, 0x000000065b000000, 0x000000065b400000|  0%| F|  |TAMS 0x000000065b000000| PB 0x000000065b000000| Untracked |  0
|  312|0x000000065b400000, 0x000000065b400000, 0x000000065b800000|  0%| F|  |TAMS 0x000000065b400000| PB 0x000000065b400000| Untracked |  0
|  313|0x000000065b800000, 0x000000065b800000, 0x000000065bc00000|  0%| F|  |TAMS 0x000000065b800000| PB 0x000000065b800000| Untracked |  0
|  314|0x000000065bc00000, 0x000000065bc00000, 0x000000065c000000|  0%| F|  |TAMS 0x000000065bc00000| PB 0x000000065bc00000| Untracked |  0
|  315|0x000000065c000000, 0x000000065c000000, 0x000000065c400000|  0%| F|  |TAMS 0x000000065c000000| PB 0x000000065c000000| Untracked |  0
|  316|0x000000065c400000, 0x000000065c400000, 0x000000065c800000|  0%| F|  |TAMS 0x000000065c400000| PB 0x000000065c400000| Untracked |  0
|  317|0x000000065c800000, 0x000000065c800000, 0x000000065cc00000|  0%| F|  |TAMS 0x000000065c800000| PB 0x000000065c800000| Untracked |  0
|  318|0x000000065cc00000, 0x000000065cc00000, 0x000000065d000000|  0%| F|  |TAMS 0x000000065cc00000| PB 0x000000065cc00000| Untracked |  0
|  319|0x000000065d000000, 0x000000065d000000, 0x000000065d400000|  0%| F|  |TAMS 0x000000065d000000| PB 0x000000065d000000| Untracked |  0
|  320|0x000000065d400000, 0x000000065d400000, 0x000000065d800000|  0%| F|  |TAMS 0x000000065d400000| PB 0x000000065d400000| Untracked |  0
|  321|0x000000065d800000, 0x000000065d800000, 0x000000065dc00000|  0%| F|  |TAMS 0x000000065d800000| PB 0x000000065d800000| Untracked |  0
|  322|0x000000065dc00000, 0x000000065dc00000, 0x000000065e000000|  0%| F|  |TAMS 0x000000065dc00000| PB 0x000000065dc00000| Untracked |  0
|  323|0x000000065e000000, 0x000000065e000000, 0x000000065e400000|  0%| F|  |TAMS 0x000000065e000000| PB 0x000000065e000000| Untracked |  0
|  324|0x000000065e400000, 0x000000065e400000, 0x000000065e800000|  0%| F|  |TAMS 0x000000065e400000| PB 0x000000065e400000| Untracked |  0
|  325|0x000000065e800000, 0x000000065e800000, 0x000000065ec00000|  0%| F|  |TAMS 0x000000065e800000| PB 0x000000065e800000| Untracked |  0
|  326|0x000000065ec00000, 0x000000065ec00000, 0x000000065f000000|  0%| F|  |TAMS 0x000000065ec00000| PB 0x000000065ec00000| Untracked |  0
|  327|0x000000065f000000, 0x000000065f000000, 0x000000065f400000|  0%| F|  |TAMS 0x000000065f000000| PB 0x000000065f000000| Untracked |  0
|  328|0x000000065f400000, 0x000000065f400000, 0x000000065f800000|  0%| F|  |TAMS 0x000000065f400000| PB 0x000000065f400000| Untracked |  0
|  329|0x000000065f800000, 0x000000065f800000, 0x000000065fc00000|  0%| F|  |TAMS 0x000000065f800000| PB 0x000000065f800000| Untracked |  0
|  330|0x000000065fc00000, 0x000000065fc00000, 0x0000000660000000|  0%| F|  |TAMS 0x000000065fc00000| PB 0x000000065fc00000| Untracked |  0
|  331|0x0000000660000000, 0x0000000660000000, 0x0000000660400000|  0%| F|  |TAMS 0x0000000660000000| PB 0x0000000660000000| Untracked |  0
|  332|0x0000000660400000, 0x0000000660400000, 0x0000000660800000|  0%| F|  |TAMS 0x0000000660400000| PB 0x0000000660400000| Untracked |  0
|  333|0x0000000660800000, 0x0000000660800000, 0x0000000660c00000|  0%| F|  |TAMS 0x0000000660800000| PB 0x0000000660800000| Untracked |  0
|  334|0x0000000660c00000, 0x0000000660c00000, 0x0000000661000000|  0%| F|  |TAMS 0x0000000660c00000| PB 0x0000000660c00000| Untracked |  0
|  335|0x0000000661000000, 0x0000000661000000, 0x0000000661400000|  0%| F|  |TAMS 0x0000000661000000| PB 0x0000000661000000| Untracked |  0
|  336|0x0000000661400000, 0x0000000661400000, 0x0000000661800000|  0%| F|  |TAMS 0x0000000661400000| PB 0x0000000661400000| Untracked |  0
|  337|0x0000000661800000, 0x0000000661c00000, 0x0000000661c00000|100%| E|CS|TAMS 0x0000000661800000| PB 0x0000000661800000| Complete  |  0
|  338|0x0000000661c00000, 0x0000000662000000, 0x0000000662000000|100%| E|CS|TAMS 0x0000000661c00000| PB 0x0000000661c00000| Complete  |  0
|  339|0x0000000662000000, 0x0000000662400000, 0x0000000662400000|100%| E|CS|TAMS 0x0000000662000000| PB 0x0000000662000000| Complete  |  0
|  340|0x0000000662400000, 0x0000000662800000, 0x0000000662800000|100%| E|CS|TAMS 0x0000000662400000| PB 0x0000000662400000| Complete  |  0
|  341|0x0000000662800000, 0x0000000662c00000, 0x0000000662c00000|100%| E|CS|TAMS 0x0000000662800000| PB 0x0000000662800000| Complete  |  0
|  342|0x0000000662c00000, 0x0000000663000000, 0x0000000663000000|100%| E|CS|TAMS 0x0000000662c00000| PB 0x0000000662c00000| Complete  |  0
|  343|0x0000000663000000, 0x0000000663400000, 0x0000000663400000|100%| E|CS|TAMS 0x0000000663000000| PB 0x0000000663000000| Complete  |  0
|  344|0x0000000663400000, 0x0000000663800000, 0x0000000663800000|100%| E|CS|TAMS 0x0000000663400000| PB 0x0000000663400000| Complete  |  0
|  345|0x0000000663800000, 0x0000000663c00000, 0x0000000663c00000|100%| E|CS|TAMS 0x0000000663800000| PB 0x0000000663800000| Complete  |  0
|  346|0x0000000663c00000, 0x0000000664000000, 0x0000000664000000|100%| E|CS|TAMS 0x0000000663c00000| PB 0x0000000663c00000| Complete  |  0
|  347|0x0000000664000000, 0x0000000664400000, 0x0000000664400000|100%| E|CS|TAMS 0x0000000664000000| PB 0x0000000664000000| Complete  |  0
|  348|0x0000000664400000, 0x0000000664800000, 0x0000000664800000|100%| E|CS|TAMS 0x0000000664400000| PB 0x0000000664400000| Complete  |  0
|  349|0x0000000664800000, 0x0000000664c00000, 0x0000000664c00000|100%| E|CS|TAMS 0x0000000664800000| PB 0x0000000664800000| Complete  |  0
|  350|0x0000000664c00000, 0x0000000665000000, 0x0000000665000000|100%| E|CS|TAMS 0x0000000664c00000| PB 0x0000000664c00000| Complete  |  0
|  351|0x0000000665000000, 0x0000000665400000, 0x0000000665400000|100%| E|CS|TAMS 0x0000000665000000| PB 0x0000000665000000| Complete  |  0
|  352|0x0000000665400000, 0x0000000665800000, 0x0000000665800000|100%| E|CS|TAMS 0x0000000665400000| PB 0x0000000665400000| Complete  |  0
|  353|0x0000000665800000, 0x0000000665c00000, 0x0000000665c00000|100%| E|CS|TAMS 0x0000000665800000| PB 0x0000000665800000| Complete  |  0
|  354|0x0000000665c00000, 0x0000000666000000, 0x0000000666000000|100%| E|CS|TAMS 0x0000000665c00000| PB 0x0000000665c00000| Complete  |  0
|  355|0x0000000666000000, 0x0000000666400000, 0x0000000666400000|100%| E|CS|TAMS 0x0000000666000000| PB 0x0000000666000000| Complete  |  0
|  356|0x0000000666400000, 0x0000000666800000, 0x0000000666800000|100%| E|CS|TAMS 0x0000000666400000| PB 0x0000000666400000| Complete  |  0
|  357|0x0000000666800000, 0x0000000666c00000, 0x0000000666c00000|100%| E|CS|TAMS 0x0000000666800000| PB 0x0000000666800000| Complete  |  0
|  358|0x0000000666c00000, 0x0000000667000000, 0x0000000667000000|100%| E|CS|TAMS 0x0000000666c00000| PB 0x0000000666c00000| Complete  |  0
|  359|0x0000000667000000, 0x0000000667400000, 0x0000000667400000|100%| E|CS|TAMS 0x0000000667000000| PB 0x0000000667000000| Complete  |  0
|  360|0x0000000667400000, 0x0000000667800000, 0x0000000667800000|100%| E|CS|TAMS 0x0000000667400000| PB 0x0000000667400000| Complete  |  0
|  361|0x0000000667800000, 0x0000000667c00000, 0x0000000667c00000|100%| E|CS|TAMS 0x0000000667800000| PB 0x0000000667800000| Complete  |  0
|  362|0x0000000667c00000, 0x0000000668000000, 0x0000000668000000|100%| E|CS|TAMS 0x0000000667c00000| PB 0x0000000667c00000| Complete  |  0
|  363|0x0000000668000000, 0x0000000668400000, 0x0000000668400000|100%| E|CS|TAMS 0x0000000668000000| PB 0x0000000668000000| Complete  |  0
|  364|0x0000000668400000, 0x0000000668800000, 0x0000000668800000|100%| E|CS|TAMS 0x0000000668400000| PB 0x0000000668400000| Complete  |  0
|  365|0x0000000668800000, 0x0000000668c00000, 0x0000000668c00000|100%| E|CS|TAMS 0x0000000668800000| PB 0x0000000668800000| Complete  |  0
|  366|0x0000000668c00000, 0x0000000669000000, 0x0000000669000000|100%| E|CS|TAMS 0x0000000668c00000| PB 0x0000000668c00000| Complete  |  0
|  367|0x0000000669000000, 0x0000000669400000, 0x0000000669400000|100%| E|CS|TAMS 0x0000000669000000| PB 0x0000000669000000| Complete  |  0
|  368|0x0000000669400000, 0x0000000669800000, 0x0000000669800000|100%| E|CS|TAMS 0x0000000669400000| PB 0x0000000669400000| Complete  |  0
|  369|0x0000000669800000, 0x0000000669c00000, 0x0000000669c00000|100%| E|CS|TAMS 0x0000000669800000| PB 0x0000000669800000| Complete  |  0
|  370|0x0000000669c00000, 0x000000066a000000, 0x000000066a000000|100%| E|CS|TAMS 0x0000000669c00000| PB 0x0000000669c00000| Complete  |  0
|  371|0x000000066a000000, 0x000000066a400000, 0x000000066a400000|100%| E|CS|TAMS 0x000000066a000000| PB 0x000000066a000000| Complete  |  0
|  372|0x000000066a400000, 0x000000066a800000, 0x000000066a800000|100%| E|CS|TAMS 0x000000066a400000| PB 0x000000066a400000| Complete  |  0
|  373|0x000000066a800000, 0x000000066ac00000, 0x000000066ac00000|100%| E|CS|TAMS 0x000000066a800000| PB 0x000000066a800000| Complete  |  0
|  374|0x000000066ac00000, 0x000000066b000000, 0x000000066b000000|100%| E|CS|TAMS 0x000000066ac00000| PB 0x000000066ac00000| Complete  |  0
|  375|0x000000066b000000, 0x000000066b400000, 0x000000066b400000|100%| E|CS|TAMS 0x000000066b000000| PB 0x000000066b000000| Complete  |  0
|  376|0x000000066b400000, 0x000000066b800000, 0x000000066b800000|100%| E|CS|TAMS 0x000000066b400000| PB 0x000000066b400000| Complete  |  0
|  377|0x000000066b800000, 0x000000066bc00000, 0x000000066bc00000|100%| E|CS|TAMS 0x000000066b800000| PB 0x000000066b800000| Complete  |  0
|  378|0x000000066bc00000, 0x000000066c000000, 0x000000066c000000|100%| E|CS|TAMS 0x000000066bc00000| PB 0x000000066bc00000| Complete  |  0
|  379|0x000000066c000000, 0x000000066c400000, 0x000000066c400000|100%| E|CS|TAMS 0x000000066c000000| PB 0x000000066c000000| Complete  |  0
|  380|0x000000066c400000, 0x000000066c800000, 0x000000066c800000|100%| E|CS|TAMS 0x000000066c400000| PB 0x000000066c400000| Complete  |  0
|  381|0x000000066c800000, 0x000000066cc00000, 0x000000066cc00000|100%| E|CS|TAMS 0x000000066c800000| PB 0x000000066c800000| Complete  |  0
|  382|0x000000066cc00000, 0x000000066d000000, 0x000000066d000000|100%| E|CS|TAMS 0x000000066cc00000| PB 0x000000066cc00000| Complete  |  0
|  383|0x000000066d000000, 0x000000066d400000, 0x000000066d400000|100%| E|CS|TAMS 0x000000066d000000| PB 0x000000066d000000| Complete  |  0
|  384|0x000000066d400000, 0x000000066d800000, 0x000000066d800000|100%| E|CS|TAMS 0x000000066d400000| PB 0x000000066d400000| Complete  |  0
|  385|0x000000066d800000, 0x000000066dc00000, 0x000000066dc00000|100%| E|CS|TAMS 0x000000066d800000| PB 0x000000066d800000| Complete  |  0
|  386|0x000000066dc00000, 0x000000066e000000, 0x000000066e000000|100%| E|CS|TAMS 0x000000066dc00000| PB 0x000000066dc00000| Complete  |  0
|  387|0x000000066e000000, 0x000000066e400000, 0x000000066e400000|100%| E|CS|TAMS 0x000000066e000000| PB 0x000000066e000000| Complete  |  0
|  388|0x000000066e400000, 0x000000066e800000, 0x000000066e800000|100%| E|CS|TAMS 0x000000066e400000| PB 0x000000066e400000| Complete  |  0
|  389|0x000000066e800000, 0x000000066ec00000, 0x000000066ec00000|100%| E|CS|TAMS 0x000000066e800000| PB 0x000000066e800000| Complete  |  0
|  390|0x000000066ec00000, 0x000000066f000000, 0x000000066f000000|100%| E|CS|TAMS 0x000000066ec00000| PB 0x000000066ec00000| Complete  |  0
|  391|0x000000066f000000, 0x000000066f400000, 0x000000066f400000|100%| E|CS|TAMS 0x000000066f000000| PB 0x000000066f000000| Complete  |  0
|  392|0x000000066f400000, 0x000000066f800000, 0x000000066f800000|100%| E|CS|TAMS 0x000000066f400000| PB 0x000000066f400000| Complete  |  0
|  393|0x000000066f800000, 0x000000066fc00000, 0x000000066fc00000|100%| E|CS|TAMS 0x000000066f800000| PB 0x000000066f800000| Complete  |  0
|  394|0x000000066fc00000, 0x0000000670000000, 0x0000000670000000|100%| E|CS|TAMS 0x000000066fc00000| PB 0x000000066fc00000| Complete  |  0
|  395|0x0000000670000000, 0x0000000670400000, 0x0000000670400000|100%| E|CS|TAMS 0x0000000670000000| PB 0x0000000670000000| Complete  |  0
| 1961|0x00000007f7800000, 0x00000007f7977a50, 0x00000007f7c00000| 36%| O|  |TAMS 0x00000007f7800000| PB 0x00000007f7800000| Untracked |  0
| 1962|0x00000007f7c00000, 0x00000007f8000000, 0x00000007f8000000|100%| O|  |TAMS 0x00000007f7c00000| PB 0x00000007f7c00000| Untracked |  0
| 1963|0x00000007f8000000, 0x00000007f8400000, 0x00000007f8400000|100%| O|  |TAMS 0x00000007f8000000| PB 0x00000007f8000000| Untracked |  0
| 1964|0x00000007f8400000, 0x00000007f8800000, 0x00000007f8800000|100%| O|  |TAMS 0x00000007f8400000| PB 0x00000007f8400000| Untracked |  0
| 1965|0x00000007f8800000, 0x00000007f8c00000, 0x00000007f8c00000|100%| O|  |TAMS 0x00000007f8800000| PB 0x00000007f8800000| Untracked |  0
| 1966|0x00000007f8c00000, 0x00000007f9000000, 0x00000007f9000000|100%| O|  |TAMS 0x00000007f8c00000| PB 0x00000007f8c00000| Untracked |  0
| 1967|0x00000007f9000000, 0x00000007f9400000, 0x00000007f9400000|100%| O|  |TAMS 0x00000007f9000000| PB 0x00000007f9000000| Untracked |  0
| 1968|0x00000007f9400000, 0x00000007f9800000, 0x00000007f9800000|100%| O|  |TAMS 0x00000007f9400000| PB 0x00000007f9400000| Untracked |  0
| 1969|0x00000007f9800000, 0x00000007f9c00000, 0x00000007f9c00000|100%| O|  |TAMS 0x00000007f9800000| PB 0x00000007f9800000| Untracked |  0
| 1970|0x00000007f9c00000, 0x00000007fa000000, 0x00000007fa000000|100%| O|  |TAMS 0x00000007f9c00000| PB 0x00000007f9c00000| Untracked |  0
| 1971|0x00000007fa000000, 0x00000007fa400000, 0x00000007fa400000|100%| O|  |TAMS 0x00000007fa000000| PB 0x00000007fa000000| Untracked |  0
| 1972|0x00000007fa400000, 0x00000007fa800000, 0x00000007fa800000|100%| O|  |TAMS 0x00000007fa400000| PB 0x00000007fa400000| Untracked |  0
| 1973|0x00000007fa800000, 0x00000007fac00000, 0x00000007fac00000|100%| O|Cm|TAMS 0x00000007fa800000| PB 0x00000007fa800000| Complete  |  0
| 1974|0x00000007fac00000, 0x00000007fb000000, 0x00000007fb000000|100%| O|  |TAMS 0x00000007fac00000| PB 0x00000007fac00000| Untracked |  0
| 1975|0x00000007fb000000, 0x00000007fb400000, 0x00000007fb400000|100%| O|  |TAMS 0x00000007fb000000| PB 0x00000007fb000000| Untracked |  0
| 1976|0x00000007fb400000, 0x00000007fb800000, 0x00000007fb800000|100%| O|  |TAMS 0x00000007fb400000| PB 0x00000007fb400000| Untracked |  0
| 1977|0x00000007fb800000, 0x00000007fbc00000, 0x00000007fbc00000|100%| O|  |TAMS 0x00000007fb800000| PB 0x00000007fb800000| Untracked |  0
| 1978|0x00000007fbc00000, 0x00000007fc000000, 0x00000007fc000000|100%| O|  |TAMS 0x00000007fbc00000| PB 0x00000007fbc00000| Untracked |  0
| 1979|0x00000007fc000000, 0x00000007fc400000, 0x00000007fc400000|100%| O|  |TAMS 0x00000007fc000000| PB 0x00000007fc000000| Untracked |  0
| 1980|0x00000007fc400000, 0x00000007fc800000, 0x00000007fc800000|100%| O|  |TAMS 0x00000007fc400000| PB 0x00000007fc400000| Untracked |  0
| 1981|0x00000007fc800000, 0x00000007fcc00000, 0x00000007fcc00000|100%| O|  |TAMS 0x00000007fc800000| PB 0x00000007fc800000| Untracked |  0
| 1982|0x00000007fcc00000, 0x00000007fd000000, 0x00000007fd000000|100%| O|  |TAMS 0x00000007fcc00000| PB 0x00000007fcc00000| Untracked |  0
| 1983|0x00000007fd000000, 0x00000007fd400000, 0x00000007fd400000|100%| O|  |TAMS 0x00000007fd000000| PB 0x00000007fd000000| Untracked |  0
| 1984|0x00000007fd400000, 0x00000007fd800000, 0x00000007fd800000|100%| S|CS|TAMS 0x00000007fd400000| PB 0x00000007fd400000| Complete  |  0
| 1985|0x00000007fd800000, 0x00000007fdc00000, 0x00000007fdc00000|100%| O|  |TAMS 0x00000007fd800000| PB 0x00000007fd800000| Untracked |  0
| 1986|0x00000007fdc00000, 0x00000007fe000000, 0x00000007fe000000|100%| S|CS|TAMS 0x00000007fdc00000| PB 0x00000007fdc00000| Complete  |  0
| 1987|0x00000007fe000000, 0x00000007fe400000, 0x00000007fe400000|100%| S|CS|TAMS 0x00000007fe000000| PB 0x00000007fe000000| Complete  |  0
| 1988|0x00000007fe400000, 0x00000007fe800000, 0x00000007fe800000|100%| S|CS|TAMS 0x00000007fe400000| PB 0x00000007fe400000| Complete  |  0
| 1989|0x00000007fe800000, 0x00000007fec00000, 0x00000007fec00000|100%| S|CS|TAMS 0x00000007fe800000| PB 0x00000007fe800000| Complete  |  0
| 1990|0x00000007fec00000, 0x00000007ff000000, 0x00000007ff000000|100%| E|CS|TAMS 0x00000007fec00000| PB 0x00000007fec00000| Complete  |  0
| 1991|0x00000007ff000000, 0x00000007ff400000, 0x00000007ff400000|100%| E|CS|TAMS 0x00000007ff000000| PB 0x00000007ff000000| Complete  |  0
| 1992|0x00000007ff400000, 0x00000007ff800000, 0x00000007ff800000|100%| E|CS|TAMS 0x00000007ff400000| PB 0x00000007ff400000| Complete  |  0
| 1993|0x00000007ff800000, 0x00000007ffc00000, 0x00000007ffc00000|100%| O|  |TAMS 0x00000007ff800000| PB 0x00000007ff800000| Untracked |  0
| 1994|0x00000007ffc00000, 0x0000000800000000, 0x0000000800000000|100%| E|CS|TAMS 0x00000007ffc00000| PB 0x00000007ffc00000| Complete  |  0

Card table byte_map: [0x000001b3c6e00000,0x000001b3c7da0000] _byte_map_base: 0x000001b3c3d96000
Refinement table byte_map: [0x000001b3c5e60000,0x000001b3c6e00000] _byte_map_base: 0x000001b3c2df6000

Marking Bits: (CMBitMap*) 0x000001b3ac8dcb90
 Bits: [0x000001b3c7da0000, 0x000001b3cfa50000)

Polling page: 0x000001b3aa730000

Metaspace:
Metaspace        used 10309K, committed 10496K, reserved 1114112K
 class space     used 644K, committed 768K, reserved 1048576K

Usage:
  Non-class:      9.44 MB used.
      Class:    644.03 KB used.
       Both:     10.07 MB used.

Virtual space:
  Non-class space:       64.00 MB reserved,       9.50 MB ( 15%) committed,  1 nodes.
      Class space:        1.00 GB reserved,     768.00 KB ( <1%) committed,  1 nodes.
             Both:        1.06 GB reserved,      10.25 MB ( <1%) committed. 

Chunk freelists:
   Non-Class:  5.19 MB
       Class:  15.29 MB
        Both:  20.49 MB

MaxMetaspaceSize: unlimited
CompressedClassSpaceSize: 1.00 GB
Initial GC threshold: 21.00 MB
Current GC threshold: 21.00 MB
CDS: on
 - commit_granule_bytes: 65536.
 - commit_granule_words: 8192.
 - virtual_space_node_default_size: 8388608.
 - enlarge_chunks_in_place: 1.
UseCompressedClassPointers 1, UseCompactObjectHeaders 0
Narrow klass pointer bits 32, Max shift 3
Narrow klass base: 0x0000000033000000, Narrow klass shift: 0
Encoding Range: [0x0000000033000000 - 0x0000000133000000), (4294967296 bytes)
Klass Range:    [0x0000000033000000 - 0x0000000074000000), (1090519040 bytes)
Klass ID Range:  [8 - 1090519033) (1090519025)
Protection zone: [0x0000000033000000 - 0x0000000033010000), (65536 bytes)


Internal statistics:

num_allocs_failed_limit: 0.
num_arena_births: 126.
num_arena_deaths: 0.
num_vsnodes_births: 2.
num_vsnodes_deaths: 0.
num_space_committed: 163.
num_space_uncommitted: 0.
num_chunks_returned_to_freelist: 0.
num_chunks_taken_from_freelist: 427.
num_chunk_merges: 0.
num_chunk_splits: 314.
num_chunks_enlarged: 247.
num_inconsistent_stats: 0.

CodeHeap 'non-profiled nmethods': size=119168Kb used=1315Kb max_used=1315Kb free=117852Kb
 bounds [0x000001b3bd0c0000, 0x000001b3bd330000, 0x000001b3c4520000]
CodeHeap 'profiled nmethods': size=119168Kb used=2685Kb max_used=2750Kb free=116482Kb
 bounds [0x000001b3b5510000, 0x000001b3b57e0000, 0x000001b3bc970000]
CodeHeap 'non-nmethods': size=7488Kb used=2471Kb max_used=4247Kb free=5016Kb
 bounds [0x000001b3bc970000, 0x000001b3bcdb0000, 0x000001b3bd0c0000]
CodeCache: size=245824Kb, used=6471Kb, max_used=8312Kb, free=239350Kb
 total_blobs=3238, nmethods=1945, adapters=1198, full_count=0
Compilation: enabled, stopped_count=0, restarted_count=0

Compilation events (20 events):
Event: 6.184 Thread 0x000001b3d259aeb0 2402 % !   3       com.szymc.voxel_engine.Engine::render @ 233 (2563 bytes)
Event: 6.188 Thread 0x000001b3d259aeb0 nmethod 2402% 0x000001b3b57d0d88 code [0x000001b3b57d0fa0, 0x000001b3b57dc780]
Event: 6.201 Thread 0x000001b3d259a6b0 2403       4       it.unimi.dsi.fastutil.longs.Long2ObjectOpenHashMap$ValueIterator::next (13 bytes)
Event: 6.202 Thread 0x000001b3d259a6b0 nmethod 2403 0x000001b3bd1a4808 code [0x000001b3bd1a4900, 0x000001b3bd1a4b20]
Event: 6.213 Thread 0x000001b3d259a6b0 2404       4       it.unimi.dsi.fastutil.ints.IntArrayList::getElements (20 bytes)
Event: 6.213 Thread 0x000001b3d259a6b0 nmethod 2404 0x000001b3bd195808 code [0x000001b3bd195900, 0x000001b3bd195ad8]
Event: 6.223 Thread 0x000001b3d259a6b0 2405 % !   4       com.szymc.voxel_engine.Engine::render @ 233 (2563 bytes)
Event: 6.293 Thread 0x000001b3d259a6b0 nmethod 2405% 0x000001b3bd164908 code [0x000001b3bd164aa0, 0x000001b3bd168ea0]
Event: 6.293 Thread 0x000001b3d259a6b0 2406       4       jdk.internal.misc.Unsafe::weakCompareAndSetReference (11 bytes)
Event: 6.293 Thread 0x000001b3d259a6b0 nmethod 2406 0x000001b3bd195508 code [0x000001b3bd195600, 0x000001b3bd195720]
Event: 6.295 Thread 0x000001b3d259a6b0 2407   !   4       com.szymc.voxel_engine.Engine::render (2563 bytes)
Event: 6.355 Thread 0x000001b3d259a6b0 nmethod 2407 0x000001b3bd18de08 code [0x000001b3bd18dfa0, 0x000001b3bd192290]
Event: 6.356 Thread 0x000001b3d259a6b0 2408       4       com.szymc.voxel_engine.World::checkStateAdvances (623 bytes)
Event: 6.408 Thread 0x000001b3d259a6b0 nmethod 2408 0x000001b3bd1ea508 code [0x000001b3bd1ea600, 0x000001b3bd1ee098]
Event: 6.423 Thread 0x000001b3d259a6b0 2409   !   4       com.szymc.voxel_engine.UIRenderer::renderFont (596 bytes)
Event: 6.459 Thread 0x000001b3d259aeb0 2410       3       com.szymc.voxel_engine.TerrainTask::getNoiseHeight (342 bytes)
Event: 6.459 Thread 0x000001b3d259aeb0 nmethod 2410 0x000001b3b55e3c88 code [0x000001b3b55e3e40, 0x000001b3b55e4728]
Event: 6.510 Thread 0x000001b3d259a6b0 nmethod 2409 0x000001b3bd20a708 code [0x000001b3bd20a800, 0x000001b3bd212ce0]
Event: 6.510 Thread 0x000001b3d259a6b0 2411       4       com.szymc.voxel_engine.TerrainTask::getNoiseHeight (342 bytes)
Event: 6.517 Thread 0x000001b3d259a6b0 nmethod 2411 0x000001b3bd145988 code [0x000001b3bd145ae0, 0x000001b3bd1470d8]

GC Heap Usage History (20 events):
Event: 3.334 {heap Before GC invocations=42 (full 0):
 garbage-first heap   total reserved 8171520K, committed 1040384K, used 101980K [0x000000060d400000, 0x0000000800000000)
  region size 4M, 2 eden (8M), 8 survivor (32M), 15 old (60M), 3 humongous (12M), 226 free (904M)
}
Event: 3.337 {heap After GC invocations=43 (full 0):
 garbage-first heap   total reserved 8171520K, committed 1040384K, used 103804K [0x000000060d400000, 0x0000000800000000)
  region size 4M, 0 eden (0M), 8 survivor (32M), 15 old (60M), 3 humongous (12M), 228 free (912M)
}
Event: 3.766 {heap Before GC invocations=44 (full 0):
 garbage-first heap   total reserved 8171520K, committed 1052672K, used 1045884K [0x000000060d400000, 0x0000000800000000)
  region size 4M, 69 eden (276M), 8 survivor (32M), 15 old (60M), 165 humongous (660M), 0 free (0M)
}
Event: 3.773 {heap After GC invocations=45 (full 0):
 garbage-first heap   total reserved 8171520K, committed 1101824K, used 135164K [0x000000060d400000, 0x0000000800000000)
  region size 4M, 0 eden (0M), 12 survivor (48M), 15 old (60M), 7 humongous (28M), 235 free (940M)
}
Event: 4.192 {heap Before GC invocations=45 (full 0):
 garbage-first heap   total reserved 8171520K, committed 1105920K, used 1097724K [0x000000060d400000, 0x0000000800000000)
  region size 4M, 71 eden (284M), 12 survivor (48M), 15 old (60M), 172 humongous (688M), 0 free (0M)
}
Event: 4.200 {heap After GC invocations=46 (full 0):
 garbage-first heap   total reserved 8171520K, committed 1175552K, used 141962K [0x000000060d400000, 0x0000000800000000)
  region size 4M, 0 eden (0M), 14 survivor (56M), 17 old (68M), 5 humongous (20M), 251 free (1004M)
}
Event: 4.205 {heap Before GC invocations=46 (full 0):
 garbage-first heap   total reserved 8171520K, committed 1175552K, used 146058K [0x000000060d400000, 0x0000000800000000)
  region size 4M, 3 eden (12M), 14 survivor (56M), 17 old (68M), 5 humongous (20M), 248 free (992M)
}
Event: 4.208 {heap After GC invocations=47 (full 0):
 garbage-first heap   total reserved 8171520K, committed 1175552K, used 139557K [0x000000060d400000, 0x0000000800000000)
  region size 4M, 0 eden (0M), 9 survivor (36M), 22 old (88M), 4 humongous (16M), 252 free (1008M)
}
Event: 4.655 {heap Before GC invocations=48 (full 0):
 garbage-first heap   total reserved 8171520K, committed 1175552K, used 1167653K [0x000000060d400000, 0x0000000800000000)
  region size 4M, 75 eden (300M), 9 survivor (36M), 22 old (88M), 181 humongous (724M), 0 free (0M)
}
Event: 4.662 {heap After GC invocations=49 (full 0):
 garbage-first heap   total reserved 8171520K, committed 1228800K, used 155475K [0x000000060d400000, 0x0000000800000000)
  region size 4M, 0 eden (0M), 13 survivor (52M), 22 old (88M), 4 humongous (16M), 261 free (1044M)
}
Event: 5.141 {heap Before GC invocations=49 (full 0):
 garbage-first heap   total reserved 8171520K, committed 1228800K, used 1220435K [0x000000060d400000, 0x0000000800000000)
  region size 4M, 79 eden (316M), 13 survivor (52M), 22 old (88M), 186 humongous (744M), 0 free (0M)
}
Event: 5.149 {heap After GC invocations=50 (full 0):
 garbage-first heap   total reserved 8171520K, committed 1306624K, used 187873K [0x000000060d400000, 0x0000000800000000)
  region size 4M, 0 eden (0M), 14 survivor (56M), 26 old (104M), 7 humongous (28M), 272 free (1088M)
}
Event: 5.150 {heap Before GC invocations=50 (full 0):
 garbage-first heap   total reserved 8171520K, committed 1306624K, used 187873K [0x000000060d400000, 0x0000000800000000)
  region size 4M, 1 eden (4M), 14 survivor (56M), 26 old (104M), 7 humongous (28M), 271 free (1084M)
}
Event: 5.153 {heap After GC invocations=51 (full 0):
 garbage-first heap   total reserved 8171520K, committed 1306624K, used 185286K [0x000000060d400000, 0x0000000800000000)
  region size 4M, 0 eden (0M), 10 survivor (40M), 30 old (120M), 6 humongous (24M), 273 free (1092M)
}
Event: 5.707 {heap Before GC invocations=52 (full 0):
 garbage-first heap   total reserved 8171520K, committed 1306624K, used 1299398K [0x000000060d400000, 0x0000000800000000)
  region size 4M, 85 eden (340M), 10 survivor (40M), 30 old (120M), 194 humongous (776M), 0 free (0M)
}
Event: 5.715 {heap After GC invocations=53 (full 0):
 garbage-first heap   total reserved 8171520K, committed 1372160K, used 182236K [0x000000060d400000, 0x0000000800000000)
  region size 4M, 0 eden (0M), 16 survivor (64M), 30 old (120M), 0 humongous (0M), 289 free (1156M)
}
Event: 6.272 {heap Before GC invocations=53 (full 0):
 garbage-first heap   total reserved 8171520K, committed 1372160K, used 1361884K [0x000000060d400000, 0x0000000800000000)
  region size 4M, 89 eden (356M), 16 survivor (64M), 30 old (120M), 200 humongous (800M), 0 free (0M)
}
Event: 6.279 {heap After GC invocations=54 (full 0):
 garbage-first heap   total reserved 8171520K, committed 1458176K, used 204641K [0x000000060d400000, 0x0000000800000000)
  region size 4M, 0 eden (0M), 11 survivor (44M), 39 old (156M), 1 humongous (4M), 305 free (1220M)
}
Event: 6.284 {heap Before GC invocations=54 (full 0):
 garbage-first heap   total reserved 8171520K, committed 1458176K, used 212833K [0x000000060d400000, 0x0000000800000000)
  region size 4M, 4 eden (16M), 11 survivor (44M), 39 old (156M), 1 humongous (4M), 301 free (1204M)
}
Event: 6.287 {heap After GC invocations=55 (full 0):
 garbage-first heap   total reserved 8171520K, committed 1761280K, used 203402K [0x000000060d400000, 0x0000000800000000)
  region size 4M, 0 eden (0M), 12 survivor (48M), 39 old (156M), 0 humongous (0M), 379 free (1516M)
}

Metaspace Usage History (20 events):
Event: 3.334 {metaspace Before GC invocations=42 (full 0):
 Metaspace       used 10284K, committed 10496K, reserved 1114112K
  class space    used 644K, committed 768K, reserved 1048576K
}
Event: 3.337 {metaspace After GC invocations=43 (full 0):
 Metaspace       used 10284K, committed 10496K, reserved 1114112K
  class space    used 644K, committed 768K, reserved 1048576K
}
Event: 3.766 {metaspace Before GC invocations=44 (full 0):
 Metaspace       used 10293K, committed 10496K, reserved 1114112K
  class space    used 644K, committed 768K, reserved 1048576K
}
Event: 3.773 {metaspace After GC invocations=45 (full 0):
 Metaspace       used 10293K, committed 10496K, reserved 1114112K
  class space    used 644K, committed 768K, reserved 1048576K
}
Event: 4.192 {metaspace Before GC invocations=45 (full 0):
 Metaspace       used 10309K, committed 10496K, reserved 1114112K
  class space    used 644K, committed 768K, reserved 1048576K
}
Event: 4.200 {metaspace After GC invocations=46 (full 0):
 Metaspace       used 10309K, committed 10496K, reserved 1114112K
  class space    used 644K, committed 768K, reserved 1048576K
}
Event: 4.205 {metaspace Before GC invocations=46 (full 0):
 Metaspace       used 10309K, committed 10496K, reserved 1114112K
  class space    used 644K, committed 768K, reserved 1048576K
}
Event: 4.208 {metaspace After GC invocations=47 (full 0):
 Metaspace       used 10309K, committed 10496K, reserved 1114112K
  class space    used 644K, committed 768K, reserved 1048576K
}
Event: 4.655 {metaspace Before GC invocations=48 (full 0):
 Metaspace       used 10309K, committed 10496K, reserved 1114112K
  class space    used 644K, committed 768K, reserved 1048576K
}
Event: 4.662 {metaspace After GC invocations=49 (full 0):
 Metaspace       used 10309K, committed 10496K, reserved 1114112K
  class space    used 644K, committed 768K, reserved 1048576K
}
Event: 5.141 {metaspace Before GC invocations=49 (full 0):
 Metaspace       used 10309K, committed 10496K, reserved 1114112K
  class space    used 644K, committed 768K, reserved 1048576K
}
Event: 5.149 {metaspace After GC invocations=50 (full 0):
 Metaspace       used 10309K, committed 10496K, reserved 1114112K
  class space    used 644K, committed 768K, reserved 1048576K
}
Event: 5.150 {metaspace Before GC invocations=50 (full 0):
 Metaspace       used 10309K, committed 10496K, reserved 1114112K
  class space    used 644K, committed 768K, reserved 1048576K
}
Event: 5.153 {metaspace After GC invocations=51 (full 0):
 Metaspace       used 10309K, committed 10496K, reserved 1114112K
  class space    used 644K, committed 768K, reserved 1048576K
}
Event: 5.707 {metaspace Before GC invocations=52 (full 0):
 Metaspace       used 10309K, committed 10496K, reserved 1114112K
  class space    used 644K, committed 768K, reserved 1048576K
}
Event: 5.715 {metaspace After GC invocations=53 (full 0):
 Metaspace       used 10309K, committed 10496K, reserved 1114112K
  class space    used 644K, committed 768K, reserved 1048576K
}
Event: 6.272 {metaspace Before GC invocations=53 (full 0):
 Metaspace       used 10309K, committed 10496K, reserved 1114112K
  class space    used 644K, committed 768K, reserved 1048576K
}
Event: 6.279 {metaspace After GC invocations=54 (full 0):
 Metaspace       used 10309K, committed 10496K, reserved 1114112K
  class space    used 644K, committed 768K, reserved 1048576K
}
Event: 6.284 {metaspace Before GC invocations=54 (full 0):
 Metaspace       used 10309K, committed 10496K, reserved 1114112K
  class space    used 644K, committed 768K, reserved 1048576K
}
Event: 6.287 {metaspace After GC invocations=55 (full 0):
 Metaspace       used 10309K, committed 10496K, reserved 1114112K
  class space    used 644K, committed 768K, reserved 1048576K
}

Dll operation events (20 events):
Event: 0.033 Attempting to load shared library C:\Users\Tommy\.jdks\openjdk-26.0.1\bin\instrument.dll
Event: 0.033 Loaded shared library C:\Users\Tommy\.jdks\openjdk-26.0.1\bin\instrument.dll
Event: 0.034 Attempting to load shared library C:\Users\Tommy\.jdks\openjdk-26.0.1\bin\net.dll
Event: 0.035 Loaded shared library C:\Users\Tommy\.jdks\openjdk-26.0.1\bin\net.dll
Event: 0.035 Attempting to load shared library C:\Users\Tommy\.jdks\openjdk-26.0.1\bin\nio.dll
Event: 0.036 Loaded shared library C:\Users\Tommy\.jdks\openjdk-26.0.1\bin\nio.dll
Event: 0.038 Attempting to load shared library C:\Users\Tommy\.jdks\openjdk-26.0.1\bin\zip.dll
Event: 0.038 Loaded shared library C:\Users\Tommy\.jdks\openjdk-26.0.1\bin\zip.dll
Event: 0.053 Attempting to load shared library C:\Users\Tommy\.jdks\openjdk-26.0.1\bin\verify.dll
Event: 0.053 Loaded shared library C:\Users\Tommy\.jdks\openjdk-26.0.1\bin\verify.dll
Event: 0.058 Attempting to load shared library C:\Users\Tommy\.jdks\openjdk-26.0.1\bin\extnet.dll
Event: 0.058 Loaded shared library C:\Users\Tommy\.jdks\openjdk-26.0.1\bin\extnet.dll
Event: 0.067 Attempting to load shared library C:\Users\Tommy\.jdks\openjdk-26.0.1\bin\jimage.dll
Event: 0.067 Loaded shared library C:\Users\Tommy\.jdks\openjdk-26.0.1\bin\jimage.dll
Event: 0.134 Attempting to load shared library C:\Users\Tommy\AppData\Local\Temp\lwjgl_Tommy\3.3.4+7\x64\lwjgl.dll
Event: 0.134 Loaded shared library C:\Users\Tommy\AppData\Local\Temp\lwjgl_Tommy\3.3.4+7\x64\lwjgl.dll
Event: 0.279 Attempting to load shared library C:\Users\Tommy\AppData\Local\Temp\lwjgl_Tommy\3.3.4+7\x64\lwjgl_opengl.dll
Event: 0.280 Loaded shared library C:\Users\Tommy\AppData\Local\Temp\lwjgl_Tommy\3.3.4+7\x64\lwjgl_opengl.dll
Event: 0.376 Attempting to load shared library C:\Users\Tommy\AppData\Local\Temp\lwjgl_Tommy\3.3.4+7\x64\lwjgl_stb.dll
Event: 0.377 Loaded shared library C:\Users\Tommy\AppData\Local\Temp\lwjgl_Tommy\3.3.4+7\x64\lwjgl_stb.dll

Deoptimization events (20 events):
Event: 6.256 Thread 0x000001b3ac86d730 DEOPT PACKING pc=0x000001b3b57cfd11 sp=0x00000001006ff2e0
Event: 6.256 Thread 0x000001b3ac86d730 DEOPT UNPACKING pc=0x000001b3bc9c15a2 sp=0x00000001006fe9d8 mode 0
Event: 6.283 Thread 0x000001b3ac86d730 DEOPT PACKING pc=0x000001b3b57cfd11 sp=0x00000001006ff2e0
Event: 6.283 Thread 0x000001b3ac86d730 DEOPT UNPACKING pc=0x000001b3bc9c15a2 sp=0x00000001006fe9d8 mode 0
Event: 6.295 Thread 0x000001b3ac86d730 DEOPT PACKING pc=0x000001b3b57cf3c7 sp=0x00000001006ff2e0
Event: 6.295 Thread 0x000001b3ac86d730 DEOPT UNPACKING pc=0x000001b3bc9c15a2 sp=0x00000001006fe9d8 mode 0
Event: 6.306 Thread 0x000001b3ac86d730 DEOPT PACKING pc=0x000001b3b57cf3c7 sp=0x00000001006ff2e0
Event: 6.306 Thread 0x000001b3ac86d730 DEOPT UNPACKING pc=0x000001b3bc9c15a2 sp=0x00000001006fe9d8 mode 0
Event: 6.318 Thread 0x000001b3ac86d730 DEOPT PACKING pc=0x000001b3b57cf3c7 sp=0x00000001006ff2e0
Event: 6.318 Thread 0x000001b3ac86d730 DEOPT UNPACKING pc=0x000001b3bc9c15a2 sp=0x00000001006fe9d8 mode 0
Event: 6.329 Thread 0x000001b3ac86d730 DEOPT PACKING pc=0x000001b3b57cf3c7 sp=0x00000001006ff2e0
Event: 6.329 Thread 0x000001b3ac86d730 DEOPT UNPACKING pc=0x000001b3bc9c15a2 sp=0x00000001006fe9d8 mode 0
Event: 6.340 Thread 0x000001b3ac86d730 DEOPT PACKING pc=0x000001b3b57cf3c7 sp=0x00000001006ff2e0
Event: 6.340 Thread 0x000001b3ac86d730 DEOPT UNPACKING pc=0x000001b3bc9c15a2 sp=0x00000001006fe9d8 mode 0
Event: 6.351 Thread 0x000001b3ac86d730 DEOPT PACKING pc=0x000001b3b57cf3c7 sp=0x00000001006ff2e0
Event: 6.351 Thread 0x000001b3ac86d730 DEOPT UNPACKING pc=0x000001b3bc9c15a2 sp=0x00000001006fe9d8 mode 0
Event: 6.459 Thread 0x000001b3d8476000 Uncommon trap: trap_request=0xffffff45 fr.pc=0x000001b3bd143e18 relative=0x0000000000001338
Event: 6.459 Thread 0x000001b3d8476000 Uncommon trap: reason=unstable_if action=reinterpret pc=0x000001b3bd143e18 method=com.szymc.voxel_engine.TerrainTask.getNoiseHeight(II)I @ 143 c2
Event: 6.459 Thread 0x000001b3d8476000 DEOPT PACKING pc=0x000001b3bd143e18 sp=0x00000001038fee40
Event: 6.459 Thread 0x000001b3d8476000 DEOPT UNPACKING pc=0x000001b3bcaa3f82 sp=0x00000001038fed98 mode 2

Classes loaded (20 events):
Event: 0.586 Loading class java/util/SplittableRandom
Event: 0.586 Loading class java/util/random/RandomGenerator$SplittableGenerator
Event: 0.586 Loading class java/util/random/RandomGenerator$StreamableGenerator
Event: 0.586 Loading class java/util/random/RandomGenerator$StreamableGenerator done
Event: 0.586 Loading class java/util/random/RandomGenerator$SplittableGenerator done
Event: 0.586 Loading class java/util/SplittableRandom done
Event: 0.586 Loading class java/util/SplittableRandom$AbstractSplittableGeneratorProxy
Event: 0.586 Loading class jdk/internal/util/random/RandomSupport$AbstractSplittableGenerator
Event: 0.586 Loading class jdk/internal/util/random/RandomSupport$AbstractSpliteratorGenerator
Event: 0.586 Loading class jdk/internal/util/random/RandomSupport$AbstractSpliteratorGenerator done
Event: 0.587 Loading class jdk/internal/util/random/RandomSupport$AbstractSplittableGenerator done
Event: 0.587 Loading class java/util/SplittableRandom$AbstractSplittableGeneratorProxy done
Event: 1.865 Loading class java/util/concurrent/locks/AbstractQueuedSynchronizer$ExclusiveNode
Event: 1.865 Loading class java/util/concurrent/locks/AbstractQueuedSynchronizer$Node
Event: 1.865 Loading class java/util/concurrent/locks/AbstractQueuedSynchronizer$Node done
Event: 1.865 Loading class java/util/concurrent/locks/AbstractQueuedSynchronizer$ExclusiveNode done
Event: 1.865 Loading class java/util/concurrent/locks/AbstractQueuedSynchronizer$ConditionNode
Event: 1.865 Loading class java/util/concurrent/ForkJoinPool$ManagedBlocker
Event: 1.865 Loading class java/util/concurrent/ForkJoinPool$ManagedBlocker done
Event: 1.865 Loading class java/util/concurrent/locks/AbstractQueuedSynchronizer$ConditionNode done

Classes unloaded (0 events):
No events

Classes redefined (0 events):
No events

Internal exceptions (20 events):
Event: 0.156 Thread 0x000001b3ac86d730 Exception <a 'java/lang/NoSuchMethodError'{0x000000060da155d0}: 'java.lang.Object java.lang.invoke.DirectMethodHandle$Holder.newInvokeSpecial(java.lang.Object, java.lang.Object, int)'> (0x000000060da155d0) 
thrown [s\open\src\hotspot\share\interpreter\linkResolver.cpp, line 804]
Event: 0.157 Thread 0x000001b3ac86d730 Exception <a 'java/lang/NoSuchMethodError'{0x000000060da2c040}: 'int java.lang.invoke.DirectMethodHandle$Holder.invokeStaticInit(java.lang.Object, java.lang.Object, long, long)'> (0x000000060da2c040) 
thrown [s\open\src\hotspot\share\interpreter\linkResolver.cpp, line 804]
Event: 0.157 Thread 0x000001b3ac86d730 Exception <a 'java/lang/NoSuchMethodError'{0x000000060da3ba70}: 'java.lang.Object java.lang.invoke.DirectMethodHandle$Holder.newInvokeSpecial(java.lang.Object, java.lang.Object, long)'> (0x000000060da3ba70) 
thrown [s\open\src\hotspot\share\interpreter\linkResolver.cpp, line 804]
Event: 0.157 Thread 0x000001b3ac86d730 Exception <a 'java/lang/NoSuchMethodError'{0x000000060da447e0}: 'java.lang.Object java.lang.invoke.Invokers$Holder.linkToTargetMethod(java.lang.Object, long, java.lang.Object)'> (0x000000060da447e0) 
thrown [s\open\src\hotspot\share\interpreter\linkResolver.cpp, line 804]
Event: 0.158 Thread 0x000001b3ac86d730 Exception <a 'java/lang/NoSuchMethodError'{0x000000060da550a8}: 'int java.lang.invoke.DirectMethodHandle$Holder.invokeStaticInit(java.lang.Object, java.lang.Object, java.lang.Object, long)'> (0x000000060da550a8) 
thrown [s\open\src\hotspot\share\interpreter\linkResolver.cpp, line 804]
Event: 0.277 Thread 0x000001b3ac86d730 Exception <a 'java/lang/NoSuchMethodError'{0x000000060dadabb0}: 'void java.lang.System.load(java.lang.String, java.lang.Class)'> (0x000000060dadabb0) 
thrown [s\open\src\hotspot\share\interpreter\linkResolver.cpp, line 804]
Event: 0.277 Thread 0x000001b3ac86d730 Exception <a 'java/lang/NoSuchMethodError'{0x000000060dae2990}: 'void java.lang.System.loadLibrary(java.lang.String, java.lang.Class)'> (0x000000060dae2990) 
thrown [s\open\src\hotspot\share\interpreter\linkResolver.cpp, line 804]
Event: 0.279 Thread 0x000001b3ac86d730 Exception <a 'sun/nio/fs/WindowsException'{0x000000060daf6fe0}> (0x000000060daf6fe0) 
thrown [s\open\src\hotspot\share\prims\jni.cpp, line 514]
Event: 0.279 Thread 0x000001b3ac86d730 Exception <a 'sun/nio/fs/WindowsException'{0x000000060daf7380}> (0x000000060daf7380) 
thrown [s\open\src\hotspot\share\prims\jni.cpp, line 514]
Event: 0.281 Thread 0x000001b3ac86d730 Exception <a 'sun/nio/fs/WindowsException'{0x000000060db00c10}> (0x000000060db00c10) 
thrown [s\open\src\hotspot\share\prims\jni.cpp, line 514]
Event: 0.281 Thread 0x000001b3ac86d730 Exception <a 'sun/nio/fs/WindowsException'{0x000000060db00ee0}> (0x000000060db00ee0) 
thrown [s\open\src\hotspot\share\prims\jni.cpp, line 514]
Event: 0.363 Thread 0x000001b3ac86d730 Exception <a 'java/lang/NoSuchMethodError'{0x000000060e6ae0c0}: 'void java.lang.invoke.DirectMethodHandle$Holder.invokeVirtual(java.lang.Object, java.lang.Object)'> (0x000000060e6ae0c0) 
thrown [s\open\src\hotspot\share\interpreter\linkResolver.cpp, line 804]
Event: 0.366 Thread 0x000001b3ac86d730 Exception <a 'java/lang/NoSuchMethodError'{0x000000060e6f8ea8}: 'void java.lang.invoke.DirectMethodHandle$Holder.invokeInterface(java.lang.Object, java.lang.Object, java.lang.Object)'> (0x000000060e6f8ea8) 
thrown [s\open\src\hotspot\share\interpreter\linkResolver.cpp, line 804]
Event: 0.372 Thread 0x000001b3ac86d730 Exception <a 'java/lang/NoSuchMethodError'{0x000000060e0151e8}: 'void java.lang.System.load(java.lang.String, java.lang.Class)'> (0x000000060e0151e8) 
thrown [s\open\src\hotspot\share\interpreter\linkResolver.cpp, line 804]
Event: 0.373 Thread 0x000001b3ac86d730 Exception <a 'java/lang/NoSuchMethodError'{0x000000060e01d208}: 'void java.lang.System.loadLibrary(java.lang.String, java.lang.Class)'> (0x000000060e01d208) 
thrown [s\open\src\hotspot\share\interpreter\linkResolver.cpp, line 804]
Event: 0.376 Thread 0x000001b3ac86d730 Exception <a 'sun/nio/fs/WindowsException'{0x000000060e0317d8}> (0x000000060e0317d8) 
thrown [s\open\src\hotspot\share\prims\jni.cpp, line 514]
Event: 0.376 Thread 0x000001b3ac86d730 Exception <a 'sun/nio/fs/WindowsException'{0x000000060e031b58}> (0x000000060e031b58) 
thrown [s\open\src\hotspot\share\prims\jni.cpp, line 514]
Event: 0.478 Thread 0x000001b3ac86d730 Exception <a 'java/lang/NoSuchMethodError'{0x00000007fffee4d8}: 'java.lang.Object java.lang.invoke.DirectMethodHandle$Holder.newInvokeSpecial(java.lang.Object, java.lang.Object, java.lang.Object, java.lang.Object, java.lang.Object, java.lang.Object)'> (0x00000007fffee4d8) 
thrown [s\open\src\hotspot\share\interpreter\linkResolver.cpp, line 804]
Event: 0.483 Thread 0x000001b3ac86d730 Exception <a 'java/lang/NoSuchMethodError'{0x000000060e43c390}: 'java.lang.Object java.lang.invoke.DirectMethodHandle$Holder.newInvokeSpecial(java.lang.Object, java.lang.Object, java.lang.Object, int, int)'> (0x000000060e43c390) 
thrown [s\open\src\hotspot\share\interpreter\linkResolver.cpp, line 804]
Event: 2.327 Thread 0x000001b3ebaa58c0 Implicit null exception at 0x000001b3bd1a69a9 to 0x000001b3bd1ad3b4

VM Operations (20 events):
Event: 4.655 Executing safepoint VM operation: G1CollectForAllocation (G1 Evacuation Pause)
Event: 4.662 Executing safepoint VM operation: G1CollectForAllocation (G1 Evacuation Pause) done
Event: 5.141 Executing safepoint VM operation: G1CollectForAllocation (G1 Evacuation Pause)
Event: 5.149 Executing safepoint VM operation: G1CollectForAllocation (G1 Evacuation Pause) done
Event: 5.150 Executing safepoint VM operation: G1TryInitiateConcMark (G1 Humongous Allocation)
Event: 5.153 Executing safepoint VM operation: G1TryInitiateConcMark (G1 Humongous Allocation) done
Event: 5.156 Executing safepoint VM operation: G1PauseRemark
Event: 5.156 Executing safepoint VM operation: G1PauseRemark done
Event: 5.157 Executing safepoint VM operation: G1PauseCleanup
Event: 5.157 Executing safepoint VM operation: G1PauseCleanup done
Event: 5.707 Executing safepoint VM operation: G1CollectForAllocation (G1 Evacuation Pause)
Event: 5.715 Executing safepoint VM operation: G1CollectForAllocation (G1 Evacuation Pause) done
Event: 6.272 Executing safepoint VM operation: G1CollectForAllocation (G1 Evacuation Pause)
Event: 6.280 Executing safepoint VM operation: G1CollectForAllocation (G1 Evacuation Pause) done
Event: 6.284 Executing safepoint VM operation: G1TryInitiateConcMark (G1 Humongous Allocation)
Event: 6.287 Executing safepoint VM operation: G1TryInitiateConcMark (G1 Humongous Allocation) done
Event: 6.291 Executing safepoint VM operation: G1PauseRemark
Event: 6.292 Executing safepoint VM operation: G1PauseRemark done
Event: 6.293 Executing safepoint VM operation: G1PauseCleanup
Event: 6.293 Executing safepoint VM operation: G1PauseCleanup done

Memory protections (0 events):
No events

Nmethod flushes (20 events):
Event: 5.156 Thread 0x000001b3d256fc70 flushing  nmethod 0x000001b3b5759708
Event: 5.156 Thread 0x000001b3d256fc70 flushing  nmethod 0x000001b3b5616b08
Event: 6.292 Thread 0x000001b3d256fc70 flushing  nmethod 0x000001b3b574d488
Event: 6.292 Thread 0x000001b3d256fc70 flushing  nmethod 0x000001b3b57ae208
Event: 6.292 Thread 0x000001b3d256fc70 flushing  nmethod 0x000001b3b57b1788
Event: 6.292 Thread 0x000001b3d256fc70 flushing  nmethod 0x000001b3b5625108
Event: 6.292 Thread 0x000001b3d256fc70 flushing osr nmethod 0x000001b3bd1ea508
Event: 6.292 Thread 0x000001b3d256fc70 flushing osr nmethod 0x000001b3bd1cab08
Event: 6.292 Thread 0x000001b3d256fc70 flushing  nmethod 0x000001b3b575a508
Event: 6.292 Thread 0x000001b3d256fc70 flushing  nmethod 0x000001b3b5525a88
Event: 6.292 Thread 0x000001b3d256fc70 flushing  nmethod 0x000001b3bd125c88
Event: 6.292 Thread 0x000001b3d256fc70 flushing  nmethod 0x000001b3bd18de08
Event: 6.292 Thread 0x000001b3d256fc70 flushing  nmethod 0x000001b3b5794308
Event: 6.292 Thread 0x000001b3d256fc70 flushing  nmethod 0x000001b3bd164908
Event: 6.292 Thread 0x000001b3d256fc70 flushing  nmethod 0x000001b3b56f7188
Event: 6.292 Thread 0x000001b3d256fc70 flushing  nmethod 0x000001b3b56f7488
Event: 6.292 Thread 0x000001b3d256fc70 flushing  nmethod 0x000001b3b5541d88
Event: 6.292 Thread 0x000001b3d256fc70 flushing  nmethod 0x000001b3b55e3c88
Event: 6.292 Thread 0x000001b3d256fc70 flushing  nmethod 0x000001b3b56b8a08
Event: 6.292 Thread 0x000001b3d256fc70 flushing  nmethod 0x000001b3b5747b08

Events (20 events):
Event: 1.695 Thread 0x000001b3ac86d730 Thread added: 0x000001b3eba05d50
Event: 1.695 Thread 0x000001b3ac86d730 Thread added: 0x000001b3eba045e0
Event: 1.727 Thread 0x000001b3d8026cf0 Thread added: 0x000001b3ecb30080
Event: 2.047 Thread 0x000001b3d2af2910 Thread added: 0x000001b3d76253d0
Event: 2.047 Thread 0x000001b3d2af2910 Thread added: 0x000001b3d7623ba0
Event: 2.047 Thread 0x000001b3d2af2910 Thread added: 0x000001b3d76263f0
Event: 2.052 Thread 0x000001b3d2af2910 Thread added: 0x000001b3d7626c00
Event: 2.053 Thread 0x000001b3d2af2910 Thread added: 0x000001b3d7627c20
Event: 2.253 Thread 0x000001b3d7627c20 Thread exited: 0x000001b3d7627c20
Event: 3.122 Thread 0x000001b3d7626c00 Thread exited: 0x000001b3d7626c00
Event: 3.122 Thread 0x000001b3d76263f0 Thread exited: 0x000001b3d76263f0
Event: 3.134 Thread 0x000001b3d7623ba0 Thread exited: 0x000001b3d7623ba0
Event: 3.134 Thread 0x000001b3d76253d0 Thread exited: 0x000001b3d76253d0
Event: 3.265 Thread 0x000001b3ecb30080 Thread exited: 0x000001b3ecb30080
Event: 3.616 Thread 0x000001b3eba29e40 Thread exited: 0x000001b3eba29e40
Event: 4.832 Thread 0x000001b3d259a6b0 Thread added: 0x000001b3ed32c280
Event: 5.062 Thread 0x000001b3d8026cf0 Thread exited: 0x000001b3d8026cf0
Event: 5.062 Thread 0x000001b3ed32c280 Thread exited: 0x000001b3ed32c280
Event: 5.214 Thread 0x000001b3d2af2910 Thread exited: 0x000001b3d2af2910
Event: 5.216 Thread 0x000001b3d2ab8700 Thread exited: 0x000001b3d2ab8700


Dynamic libraries:
0x00007ff6fe860000 - 0x00007ff6fe86e000 	C:\Users\Tommy\.jdks\openjdk-26.0.1\bin\java.exe
0x00007ff8a0500000 - 0x00007ff8a0767000 	C:\WINDOWS\SYSTEM32\ntdll.dll
0x00007ff89fb90000 - 0x00007ff89fc5b000 	C:\WINDOWS\System32\KERNEL32.DLL
0x00007ff89da30000 - 0x00007ff89de32000 	C:\WINDOWS\System32\KERNELBASE.dll
0x00007ff89e0c0000 - 0x00007ff89e20c000 	C:\WINDOWS\System32\ucrtbase.dll
0x00007ff89cc30000 - 0x00007ff89cc47000 	C:\Users\Tommy\.jdks\openjdk-26.0.1\bin\jli.dll
0x00007ff89ce80000 - 0x00007ff89ce9e000 	C:\Users\Tommy\.jdks\openjdk-26.0.1\bin\VCRUNTIME140.dll
0x00007ff89efd0000 - 0x00007ff89f19f000 	C:\WINDOWS\System32\USER32.dll
0x00007ff89d870000 - 0x00007ff89d897000 	C:\WINDOWS\System32\win32u.dll
0x00007ff89efa0000 - 0x00007ff89efcb000 	C:\WINDOWS\System32\GDI32.dll
0x00007ff8831f0000 - 0x00007ff883480000 	C:\WINDOWS\WinSxS\amd64_microsoft.windows.common-controls_6595b64144ccf1df_6.0.26100.9278_none_3e0d1ba8e3303201\COMCTL32.dll
0x00007ff89df90000 - 0x00007ff89e0b9000 	C:\WINDOWS\System32\gdi32full.dll
0x00007ff89fd40000 - 0x00007ff89fde9000 	C:\WINDOWS\System32\msvcrt.dll
0x00007ff89d700000 - 0x00007ff89d7a3000 	C:\WINDOWS\System32\msvcp_win.dll
0x00007ff89f1b0000 - 0x00007ff89f1e1000 	C:\WINDOWS\System32\IMM32.DLL
0x00007ff89d200000 - 0x00007ff89d20c000 	C:\Users\Tommy\.jdks\openjdk-26.0.1\bin\vcruntime140_1.dll
0x00007ff892500000 - 0x00007ff89258d000 	C:\Users\Tommy\.jdks\openjdk-26.0.1\bin\msvcp140.dll
0x00007ff801790000 - 0x00007ff80265e000 	C:\Users\Tommy\.jdks\openjdk-26.0.1\bin\server\jvm.dll
0x00007ff89e5e0000 - 0x00007ff89e69c000 	C:\WINDOWS\System32\ADVAPI32.dll
0x00007ff89f760000 - 0x00007ff89f809000 	C:\WINDOWS\System32\sechost.dll
0x00007ff89fa70000 - 0x00007ff89fb88000 	C:\WINDOWS\System32\RPCRT4.dll
0x00007ff89ff90000 - 0x00007ff8a0010000 	C:\WINDOWS\System32\WS2_32.dll
0x00007ff89d4b0000 - 0x00007ff89d50e000 	C:\WINDOWS\SYSTEM32\POWRPROF.dll
0x00007ff88e0e0000 - 0x00007ff88e116000 	C:\WINDOWS\SYSTEM32\WINMM.dll
0x00007ff8952c0000 - 0x00007ff8952cb000 	C:\WINDOWS\SYSTEM32\VERSION.dll
0x00007ff89d380000 - 0x00007ff89d395000 	C:\WINDOWS\SYSTEM32\UMPDC.dll
0x00007ff89bec0000 - 0x00007ff89bedb000 	C:\WINDOWS\SYSTEM32\kernel.appcore.dll
0x00007ff89ce70000 - 0x00007ff89ce7a000 	C:\Users\Tommy\.jdks\openjdk-26.0.1\bin\jimage.dll
0x00007ff8933a0000 - 0x00007ff8935ec000 	C:\WINDOWS\SYSTEM32\DBGHELP.DLL
0x00007ff89f3d0000 - 0x00007ff89f755000 	C:\WINDOWS\System32\combase.dll
0x00007ff89f1f0000 - 0x00007ff89f2c9000 	C:\WINDOWS\System32\OLEAUT32.dll
0x00007ff880890000 - 0x00007ff8808cb000 	C:\WINDOWS\SYSTEM32\dbgcore.DLL
0x00007ff89d7b0000 - 0x00007ff89d85c000 	C:\WINDOWS\System32\bcryptPrimitives.dll
0x00007ff89cc00000 - 0x00007ff89cc10000 	C:\Users\Tommy\.jdks\openjdk-26.0.1\bin\instrument.dll
0x00007ff89cc10000 - 0x00007ff89cc2f000 	C:\Users\Tommy\.jdks\openjdk-26.0.1\bin\java.dll
0x00007ff89fdf0000 - 0x00007ff89ff8a000 	C:\WINDOWS\System32\ole32.dll
0x00007ff89e6c0000 - 0x00007ff89ee58000 	C:\WINDOWS\System32\SHELL32.dll
0x00007ff89ac50000 - 0x00007ff89b4fe000 	C:\WINDOWS\SYSTEM32\windows.storage.dll
0x00007ff89f2d0000 - 0x00007ff89f3cb000 	C:\WINDOWS\System32\SHCORE.dll
0x00007ff89f820000 - 0x00007ff89f886000 	C:\WINDOWS\System32\shlwapi.dll
0x00007ff89d620000 - 0x00007ff89d649000 	C:\WINDOWS\SYSTEM32\profapi.dll
0x00007ff892600000 - 0x00007ff892617000 	C:\Users\Tommy\.jdks\openjdk-26.0.1\bin\zip.dll
0x00007ff89cbe0000 - 0x00007ff89cbf2000 	C:\Users\Tommy\.jdks\openjdk-26.0.1\bin\net.dll
0x00007ff89c4a0000 - 0x00007ff89c50c000 	C:\WINDOWS\system32\mswsock.dll
0x00007ff892620000 - 0x00007ff892636000 	C:\Users\Tommy\.jdks\openjdk-26.0.1\bin\nio.dll
0x00007ff89cbd0000 - 0x00007ff89cbe0000 	C:\Users\Tommy\.jdks\openjdk-26.0.1\bin\verify.dll
0x00007ff8925d0000 - 0x00007ff8925d9000 	C:\Users\Tommy\.jdks\openjdk-26.0.1\bin\extnet.dll
0x00007ff878420000 - 0x00007ff87849b000 	C:\Users\Tommy\AppData\Local\Temp\lwjgl_Tommy\3.3.4+7\x64\lwjgl.dll
0x00007ff8774b0000 - 0x00007ff877535000 	C:\Users\Tommy\AppData\Local\Temp\lwjgl_Tommy\3.3.4+7\x64\glfw.dll
0x00007ff87a8a0000 - 0x00007ff87a8eb000 	C:\WINDOWS\SYSTEM32\dinput8.dll
0x00007ff8883d0000 - 0x00007ff8883eb000 	C:\WINDOWS\SYSTEM32\xinput1_4.dll
0x00007ff89d2d0000 - 0x00007ff89d322000 	C:\WINDOWS\SYSTEM32\cfgmgr32.dll
0x00007ff89d290000 - 0x00007ff89d2bf000 	C:\WINDOWS\SYSTEM32\DEVOBJ.dll
0x00007ff89a560000 - 0x00007ff89a58f000 	C:\WINDOWS\SYSTEM32\dwmapi.dll
0x00007ff8889b0000 - 0x00007ff888b93000 	C:\WINDOWS\SYSTEM32\inputhost.dll
0x00007ff899da0000 - 0x00007ff899ecb000 	C:\WINDOWS\SYSTEM32\CoreMessaging.dll
0x00007ff89a2d0000 - 0x00007ff89a378000 	C:\WINDOWS\system32\uxtheme.dll
0x00007ff89e480000 - 0x00007ff89e5db000 	C:\WINDOWS\System32\MSCTF.dll
0x00007ff89c790000 - 0x00007ff89c79c000 	C:\WINDOWS\SYSTEM32\CRYPTBASE.DLL
0x00007ff8541a0000 - 0x00007ff8542ac000 	C:\WINDOWS\SYSTEM32\opengl32.dll
0x00007ff862c40000 - 0x00007ff862c6d000 	C:\WINDOWS\SYSTEM32\GLU32.dll
0x00007ff89a3b0000 - 0x00007ff89a3f4000 	C:\WINDOWS\SYSTEM32\dxcore.dll
0x00007ff888f30000 - 0x00007ff888f4e000 	C:\WINDOWS\SYSTEM32\windows.staterepositorycore.dll
0x00007ff852a80000 - 0x00007ff852aab000 	C:\WINDOWS\System32\DriverStore\FileRepository\u0203304.inf_amd64_a6e5a337568ce3f0\B026373\atig6pxx.dll
0x00007ff806f50000 - 0x00007ff80ad86000 	C:\WINDOWS\System32\DriverStore\FileRepository\amdogl.inf_amd64_0c58af8f08364541\atio6axx.dll
0x00007ff8a0020000 - 0x00007ff8a04a7000 	C:\WINDOWS\System32\SETUPAPI.dll
0x00007ff89df00000 - 0x00007ff89df82000 	C:\WINDOWS\System32\WINTRUST.dll
0x00007ff89d8a0000 - 0x00007ff89da1e000 	C:\WINDOWS\System32\CRYPT32.dll
0x00007ff89caa0000 - 0x00007ff89cab3000 	C:\WINDOWS\SYSTEM32\MSASN1.dll
0x00007ff89d5f0000 - 0x00007ff89d61a000 	C:\WINDOWS\SYSTEM32\BCrypt.dll
0x00007ff8877e0000 - 0x00007ff88781e000 	C:\WINDOWS\System32\DriverStore\FileRepository\u0203304.inf_amd64_a6e5a337568ce3f0\B026373\amdihk64.dll
0x00007ff8773d0000 - 0x00007ff877431000 	C:\Users\Tommy\AppData\Local\Temp\lwjgl_Tommy\3.3.4+7\x64\lwjgl_opengl.dll
0x00007ff87f5f0000 - 0x00007ff87f732000 	C:\WINDOWS\SYSTEM32\textinputframework.dll
0x00007ff896240000 - 0x00007ff896524000 	C:\WINDOWS\SYSTEM32\CoreUIComponents.dll
0x00007ff896bb0000 - 0x00007ff896d1a000 	C:\WINDOWS\SYSTEM32\wintypes.dll
0x00007ff877210000 - 0x00007ff8772b0000 	C:\Users\Tommy\AppData\Local\Temp\lwjgl_Tommy\3.3.4+7\x64\lwjgl_stb.dll

JVMTI agents:
C:\Program Files\JetBrains\IntelliJ IDEA 2026.1.4\lib\idea_rt.jar path:C:\Users\Tommy\.jdks\openjdk-26.0.1\bin\instrument.dll, loaded, initialized, instrumentlib options:62149

dbghelp: loaded successfully - version: 4.0.5 - missing functions: none
symbol engine: initialized successfully - sym options: 0x614 - pdb path: .;C:\Users\Tommy\.jdks\openjdk-26.0.1\bin;C:\WINDOWS\SYSTEM32;C:\WINDOWS\WinSxS\amd64_microsoft.windows.common-controls_6595b64144ccf1df_6.0.26100.9278_none_3e0d1ba8e3303201;C:\Users\Tommy\.jdks\openjdk-26.0.1\bin\server;C:\Users\Tommy\AppData\Local\Temp\lwjgl_Tommy\3.3.4+7\x64;C:\WINDOWS\System32\DriverStore\FileRepository\u0203304.inf_amd64_a6e5a337568ce3f0\B026373;C:\WINDOWS\System32\DriverStore\FileRepository\amdogl.inf_amd64_0c58af8f08364541

VM Arguments:
jvm_args: -javaagent:C:\Program Files\JetBrains\IntelliJ IDEA 2026.1.4\lib\idea_rt.jar=62149 -Dfile.encoding=UTF-8 -Dsun.stdout.encoding=UTF-8 -Dsun.stderr.encoding=UTF-8 
java_command: com.szymc.voxel_engine.App
java_class_path (initial): C:\Users\Tommy\IdeaProjects\voxel-engine\target\classes;C:\Users\Tommy\.m2\repository\org\lwjgl\lwjgl\3.3.4\lwjgl-3.3.4.jar;C:\Users\Tommy\.m2\repository\org\lwjgl\lwjgl\3.3.4\lwjgl-3.3.4-natives-windows.jar;C:\Users\Tommy\.m2\repository\org\lwjgl\lwjgl-glfw\3.3.4\lwjgl-glfw-3.3.4.jar;C:\Users\Tommy\.m2\repository\org\lwjgl\lwjgl-glfw\3.3.4\lwjgl-glfw-3.3.4-natives-windows.jar;C:\Users\Tommy\.m2\repository\org\lwjgl\lwjgl-opengl\3.3.4\lwjgl-opengl-3.3.4.jar;C:\Users\Tommy\.m2\repository\org\lwjgl\lwjgl-opengl\3.3.4\lwjgl-opengl-3.3.4-natives-windows.jar;C:\Users\Tommy\.m2\repository\org\joml\joml\1.10.5\joml-1.10.5.jar;C:\Users\Tommy\.m2\repository\org\lwjgl\lwjgl-stb\3.3.4\lwjgl-stb-3.3.4.jar;C:\Users\Tommy\.m2\repository\org\lwjgl\lwjgl-stb\3.3.4\lwjgl-stb-3.3.4-natives-windows.jar;C:\Users\Tommy\.m2\repository\it\unimi\dsi\fastutil\8.5.18\fastutil-8.5.18.jar;C:\Users\Tommy\.m2\repository\com\google\code\gson\gson\2.11.0\gson-2.11.0.jar;C:\Users\Tommy\.m2\repository\com\google\errorprone\error_prone_annotations\2.27.0\error_prone_annotations-2.27.0.jar
Launcher Type: SUN_STANDARD

[Global flags]
     bool AOTAdapterCaching                        = false                                  {diagnostic} {ergonomic}
     bool AOTInvokeDynamicLinking                  = false                                  {diagnostic} {ergonomic}
     bool AOTRecordTraining                        = false                                  {diagnostic} {ergonomic}
     bool AOTReplayTraining                        = false                                  {diagnostic} {ergonomic}
     bool AOTStubCaching                           = false                                  {diagnostic} {ergonomic}
     intx CICompilerCount                          = 12                                        {product} {ergonomic}
     uint ConcGCThreads                            = 3                                         {product} {ergonomic}
     uint G1ConcRefinementThreads                  = 13                                        {product} {ergonomic}
     uint G1EagerReclaimRemSetThreshold            = 32                                   {experimental} {ergonomic}
   size_t G1HeapRegionSize                         = 4194304                                   {product} {ergonomic}
     uint G1RemSetArrayOfCardsEntries              = 32                                   {experimental} {ergonomic}
     uint G1RemSetHowlMaxNumBuckets                = 8                                    {experimental} {ergonomic}
     uint G1RemSetHowlNumBuckets                   = 8                                    {experimental} {ergonomic}
   size_t InitialHeapSize                          = 8388608                                   {product} {ergonomic}
     bool IntelJccErratumMitigation                = false                             {ARCH diagnostic} {ergonomic}
   size_t MarkStackSize                            = 4194304                                   {product} {ergonomic}
   size_t MarkStackSizeMax                         = 536870912                                 {product} {ergonomic}
   size_t MaxHeapSize                              = 8367636480                                {product} {ergonomic}
   size_t MaxNewSize                               = 5020581888                                {product} {ergonomic}
 uint64_t MaxRAM                                   = 33463398400                               {product} {ergonomic}
   size_t MinHeapDeltaBytes                        = 4194304                                   {product} {ergonomic}
   size_t MinHeapSize                              = 8388608                                   {product} {ergonomic}
   size_t NonNMethodCodeHeapSize                   = 7667712                                {pd product} {ergonomic}
   size_t NonProfiledCodeHeapSize                  = 122028032                              {pd product} {ergonomic}
   size_t ProfiledCodeHeapSize                     = 122028032                              {pd product} {ergonomic}
   size_t ReservedCodeCacheSize                    = 251723776                              {pd product} {ergonomic}
     bool SegmentedCodeCache                       = true                                      {product} {ergonomic}
   size_t SoftMaxHeapSize                          = 8367636480                             {manageable} {ergonomic}
     bool UseCompressedOops                        = true                           {product lp64_product} {ergonomic}
     bool UseCondCardMark                          = true                                      {product} {ergonomic}
     bool UseFastUnorderedTimeStamps               = true                                 {experimental} {ergonomic}
     bool UseG1GC                                  = true                                      {product} {ergonomic}
     bool UseLargePagesIndividualAllocation        = false                                  {pd product} {ergonomic}
      int X86ICacheSync                            = 3                                 {ARCH diagnostic} {ergonomic}

Logging:
Log output configuration:
 #0: stdout all=warning uptime,level,tags foldmultilines=false
 #1: stderr all=off uptime,level,tags foldmultilines=false

Release file:
IMPLEMENTOR="Oracle Corporation" 
JAVA_RUNTIME_VERSION="26.0.1+8-34" 
JAVA_VERSION="26.0.1" 
JAVA_VERSION_DATE="2026-04-21" 
LIBC="default" 
MODULES="java.base java.compiler java.datatransfer java.xml java.prefs java.desktop java.instrument java.logging java.management java.security.sasl java.naming java.rmi java.management.rmi java.net.http java.scripting java.security.jgss java.transaction.xa java.sql java.sql.rowset java.xml.crypto java.se java.smartcardio jdk.accessibility jdk.internal.jvmstat jdk.attach jdk.charsets jdk.internal.opt jdk.zipfs jdk.compiler jdk.crypto.cryptoki jdk.crypto.ec jdk.crypto.mscapi jdk.dynalink jdk.internal.ed jdk.editpad jdk.internal.vm.ci jdk.graal.compiler jdk.graal.compiler.management jdk.hotspot.agent jdk.httpserver jdk.incubator.vector jdk.internal.le jdk.internal.md jdk.jartool jdk.javadoc jdk.jcmd jdk.management jdk.management.agent jdk.jconsole jdk.jdeps jdk.jdwp.agent jdk.jdi jdk.jfr jdk.jlink jdk.jpackage jdk.jshell jdk.jstatd jdk.localedata jdk.management.jfr jdk.naming.dns jdk.naming.rmi jdk.net jdk.nio.mapmode jdk.sctp jdk.security.auth jdk.security.jgss jdk.unsupported jdk.unsupported.desktop jdk.xml.dom" 
OS_ARCH="x86_64" 
OS_NAME="Windows" 
SOURCE=".:git:fcc00fc4aee7" 

Environment Variables:
PATH=C:\WINDOWS\system32;C:\WINDOWS;C:\WINDOWS\System32\Wbem;C:\WINDOWS\System32\WindowsPowerShell\v1.0\;C:\WINDOWS\System32\OpenSSH\;C:\Program Files\dotnet\;C:\Program Files\Git\cmd;C:\Users\Tommy\AppData\Local\Microsoft\WindowsApps;C:\Program Files\JetBrains\IntelliJ IDEA 2026.1.4\bin
USERNAME=Tommy
OS=Windows_NT
PROCESSOR_IDENTIFIER=AMD64 Family 25 Model 97 Stepping 2, AuthenticAMD
TMP=C:\Users\Tommy\AppData\Local\Temp
TEMP=C:\Users\Tommy\AppData\Local\Temp




Compilation memory statistics disabled.

Periodic native trim disabled

---------------  S Y S T E M  ---------------

OS:
 Windows 11 , 64 bit Build 26100 (10.0.26100.9444)
OS uptime: 3 days 7:17 hours
Hyper-V role detected

CPU: total 16 (initial active 16) (8 cores per cpu, 2 threads per core) family 25 model 97 stepping 2 microcode 0xa60120c, cx8, cmov, fxsr, ht, mmx, 3dnowpref, sse, sse2, sse3, ssse3, sse4a, sse4.1, sse4.2, popcnt, lzcnt, tsc, tscinvbit, avx, avx2, aes, erms, clmul, bmi1, bmi2, adx, avx512f, avx512dq, avx512cd, avx512bw, avx512vl, sha, fma, vzeroupper, avx512_vpopcntdq, avx512_vpclmulqdq, avx512_vaes, avx512_vnni, clflush, clflushopt, clwb, avx512_vbmi2, avx512_vbmi, hv, rdtscp, rdpid, fsrm, gfni, avx512_bitalg, f16c, cet_ss, avx512_ifma
Processor Information for the first 16 processors :
  Max Mhz: 4201, Current Mhz: 4201, Mhz Limit: 4201

Memory: 4k page, system-wide physical 31913M (16099M free)
TotalPageFile size 38313M (AvailPageFile size 15481M)
current process WorkingSet (physical memory assigned to process): 2166M, peak: 2166M
current process commit charge ("private bytes"): 2735M, peak: 2737M

vm_info: OpenJDK 64-Bit Server VM (26.0.1+8-34) for windows-amd64 JRE (26.0.1+8-34), built on 2026-03-10T17:24:10Z with MS VC++ 17.13 (VS2022)

END.
