#
# A fatal error has been detected by the Java Runtime Environment:
#
#  EXCEPTION_ACCESS_VIOLATION (0xc0000005) at pc=0x00007ff8071c38b5, pid=20388, tid=10512
#
# JRE version: OpenJDK Runtime Environment (26.0.1+8) (build 26.0.1+8-34)
# Java VM: OpenJDK 64-Bit Server VM (26.0.1+8-34, mixed mode, sharing, tiered, compressed oops, compressed class ptrs, g1 gc, windows-amd64)
# Problematic frame:
# C  [atio6axx.dll+0x2738b5]
#
# No core dump will be written. Minidumps are not enabled by default on client versions of Windows
#
# If you would like to submit a bug report, please visit:
#   https://bugreport.java.com/bugreport/crash.jsp
# The crash happened outside the Java Virtual Machine in native code.
# See problematic frame for where to report the bug.
#

---------------  S U M M A R Y ------------

Command Line: -javaagent:C:\Program Files\JetBrains\IntelliJ IDEA 2026.1.4\lib\idea_rt.jar=62465 -Dfile.encoding=UTF-8 -Dsun.stdout.encoding=UTF-8 -Dsun.stderr.encoding=UTF-8 com.szymc.voxel_engine.App

Host: AMD Ryzen 7 7800X3D 8-Core Processor           , 16 cores, 31G,  Windows 11 , 64 bit Build 26100 (10.0.26100.9444)
Time: Sat Sep 19 00:03:11 2026 Eastern Daylight Time elapsed time: 6.014962 seconds (0d 0h 0m 6s)

---------------  T H R E A D  ---------------

Current thread (0x000001692afeca10):  JavaThread "main"             [_thread_in_native, id=10512, stack(0x00000022c8100000,0x00000022c8200000) (1024K)]

Stack: [0x00000022c8100000,0x00000022c8200000],  sp=0x00000022c81ff538,  free space=1021k
Native frames: (J=compiled Java code, j=interpreted, Vv=VM code, C=native code)
C  [atio6axx.dll+0x2738b5]  (no source info available)

Java frames: (J=compiled Java code, j=interpreted, Vv=VM code)
J 1578  org.lwjgl.opengl.GL11C.nglDrawElements(IIIJ)V (0 bytes) @ 0x000001693b8a7956 [0x000001693b8a7900+0x0000000000000056]
J 2264 c2 com.szymc.voxel_engine.UIRenderer.drawRect(FFFFFFFF)V (58 bytes) @ 0x000001693b9b8280 [0x000001693b9b8180+0x0000000000000100]
j  com.szymc.voxel_engine.Engine.render()V+2444
j  com.szymc.voxel_engine.App.main([Ljava/lang/String;)V+730
v  ~StubRoutines::Stub Generator call_stub_stub 0x000001693b0f18e2

siginfo: EXCEPTION_ACCESS_VIOLATION (0xc0000005), reading address 0x0000000000000000


Registers:
RAX=0x00007ff8071c38b5, RBX=0x0000000000000257, RCX=0x000001696512ae60, RDX=0x0000000000000000
RSP=0x00000022c81ff538, RBP=0x0000000000000000, RSI=0x0000016964937080, RDI=0x000001696512ae38
R8 =0x0000000000000018, R9 =0x00007ff806f50000, R10=0x00007ff807d2d486, R11=0x00007ff806f50000
R12=0x000001696512ae60, R13=0x0000000000000000, R14=0x0000016964a7e240, R15=0x0000000000000018
RIP=0x00007ff8071c38b5, EFLAGS=0x0000000000010202

XMM[0]=0x0000000000000000 0x0000000042800000
XMM[1]=0x0000000000000000 0x0000000042800000
XMM[2]=0x0000000000000000 0x00000000447c8000
XMM[3]=0x0000000000000000 0x00000000438d8000
XMM[4]=0x0000000000000000 0x000000003f000000
XMM[5]=0x0000000000000000 0x000000003f000000
XMM[6]=0x0000000000000000 0x000000003f000000
XMM[7]=0x0000000000000000 0x000000003f800000
XMM[8]=0x0000000000000000 0x0000000000000000
XMM[9]=0x8000000080000000 0x80000000c1daadb7
XMM[10]=0x0000000000000000 0x00000000bf7c7bc8
XMM[11]=0x0000000000000000 0x0000000040400000
XMM[12]=0x0000000000000000 0x00000000bf11ed5c
XMM[13]=0x0000000000000000 0x0000000000000000
XMM[14]=0x0000000000000000 0x000000003f4bd42f
XMM[15]=0x0000000000000000 0x0000000000000000
  MXCSR=0x00001fb2


Register to memory mapping:

RAX=0x00007ff8071c38b5 atio6axx.dll
RBX=0x0000000000000257 is an unknown value
RCX=0x000001696512ae60 points into unknown readable memory: 0x000000003f800000 | 00 00 80 3f 00 00 00 00
RDX=0x0 is null
RSP=0x00000022c81ff538 is pointing into the stack for thread: 0x000001692afeca10
RBP=0x0 is null
RSI=0x0000016964937080 points into unknown readable memory: 0x00007ff80a170928 | 28 09 17 0a f8 7f 00 00
RDI=0x000001696512ae38 points into unknown readable memory: 0x000000680000033a | 3a 03 00 00 68 00 00 00
R8 =0x0000000000000018 is an unknown value
R9 =0x00007ff806f50000 atio6axx.dll
R10=0x00007ff807d2d486 atio6axx.dll
R11=0x00007ff806f50000 atio6axx.dll
R12=0x000001696512ae60 points into unknown readable memory: 0x000000003f800000 | 00 00 80 3f 00 00 00 00
R13=0x0 is null
R14=0x0000016964a7e240 points into unknown readable memory: 0x0000016964e04048 | 48 40 e0 64 69 01 00 00
R15=0x0000000000000018 is an unknown value

Top of Stack: (sp=0x00000022c81ff538)
0x00000022c81ff538:   00007ff8075489d6 000001696512ae10   ..T........ei...
0x00000022c81ff548:   00007ff807d2cb5d 00000169561e9eb8   ]..........Vi...
0x00000022c81ff558:   00007ff80a167760 0000000042800000   `w.........B....
0x00000022c81ff568:   0000000000000000 0000000000000018   ................
0x00000022c81ff578:   0000000000000040 000001696512ae38   @.......8..ei...
0x00000022c81ff588:   0000000000000018 0000000000000004   ................
0x00000022c81ff598:   0000000000000004 0000000000001405   ................
0x00000022c81ff5a8:   000000000000013a 0000000000000000   :...............
0x00000022c81ff5b8:   00000169561e9eb8 0000000000000006   ...Vi...........
0x00000022c81ff5c8:   0000016964937080 0000000000000000   .p.di...........
0x00000022c81ff5d8:   00007ff8075428b6 0000016964937000   .(T......p.di...
0x00000022c81ff5e8:   0000000000000004 0000016900000006   ............i...
0x00000022c81ff5f8:   0000000000001405 0000000000000000   ................
0x00000022c81ff608:   0000002200000001 00000022c81ff730   ...."...0..."...
0x00000022c81ff618:   0000000000000000 0000016964937080   .........p.di...
0x00000022c81ff628:   00007ff877240000 00000169561e9eb8   ..$w.......Vi...
0x00000022c81ff638:   00000022c81ff6e0 000001692afeca10   ...."......*i...
0x00000022c81ff648:   00000022c81ff6d0 00000022c81ff730   ...."...0..."...
0x00000022c81ff658:   0000000000000000 0000000000000000   ................
0x00000022c81ff668:   000001693b8a798f 000001695299fc10   .y.;i......Ri...
0x00000022c81ff678:   00000022c81ff6e0 000000060d73ce88   ....".....s.....
0x00000022c81ff688:   0000000042800000 0000000000001405   ...B............
0x00000022c81ff698:   0000000000000000 000000060d6a35c0   .........5j.....
0x00000022c81ff6a8:   00000006515e4b80 0000003000000001   .K^Q........0...
0x00000022c81ff6b8:   000000060d73ce88 00000006515e4c68   ..s.....hL^Q....
0x00000022c81ff6c8:   000000060d721cc8 000000060d6fbd88   ..r.......o.....
0x00000022c81ff6d8:   3b0000003eec0000 000000060d75de80   ...>...;..u.....
0x00000022c81ff6e8:   000001693b9b8280 438d8000447c8000   ...;i.....|D...C
0x00000022c81ff6f8:   4280000042800000 3f0000003f000000   ...B...B...?...?
0x00000022c81ff708:   3f8000003f000000 0000000000000000   ...?...?........
0x00000022c81ff718:   3d2000003ef90000 00000022c81ff7c0   ...>.. =...."...
0x00000022c81ff728:   000001693b0f8e18 000000063f800000   ...;i......?....

Instructions: (pc=0x00007ff8071c38b5)
  0x00007ff8071c37b5:   08 c3 f2 0f 10 02 f2 0f 11 01 0f b7 42 08 66 89
  0x00007ff8071c37c5:   41 08 0f b6 42 0a 88 41 0a c3 f2 0f 10 02 f2 0f
  0x00007ff8071c37d5:   11 01 8b 42 08 89 41 08 c3 f2 0f 10 02 f2 0f 11
  0x00007ff8071c37e5:   01 8b 42 08 89 41 08 0f b6 42 0c 88 41 0c c3 f2
  0x00007ff8071c37f5:   0f 10 02 f2 0f 11 01 8b 42 08 89 41 08 0f b7 42
  0x00007ff8071c3805:   0c 66 89 41 0c c3 f2 0f 10 02 f2 0f 11 01 8b 42
  0x00007ff8071c3815:   08 89 41 08 0f b7 42 0c 66 89 41 0c 0f b6 42 0e
  0x00007ff8071c3825:   88 41 0e c3 0f 10 02 0f 11 01 c3 0f 10 02 0f 11
  0x00007ff8071c3835:   01 0f b6 42 10 88 41 10 c3 0f 10 02 0f 11 01 0f
  0x00007ff8071c3845:   b7 42 10 66 89 41 10 c3 0f 10 02 0f 11 01 0f b7
  0x00007ff8071c3855:   42 10 66 89 41 10 0f b6 42 12 88 41 12 c3 0f 10
  0x00007ff8071c3865:   02 0f 11 01 8b 42 10 89 41 10 c3 0f 10 02 0f 11
  0x00007ff8071c3875:   01 8b 42 10 89 41 10 0f b6 42 14 88 41 14 c3 0f
  0x00007ff8071c3885:   10 02 0f 11 01 8b 42 10 89 41 10 0f b7 42 14 66
  0x00007ff8071c3895:   89 41 14 c3 0f 10 02 0f 11 01 8b 42 10 89 41 10
  0x00007ff8071c38a5:   0f b7 42 14 66 89 41 14 0f b6 42 16 88 41 16 c3
=>0x00007ff8071c38b5:   0f 10 02 0f 11 01 f2 0f 10 4a 10 f2 0f 11 49 10
  0x00007ff8071c38c5:   c3 0f 10 02 0f 11 01 f2 0f 10 4a 10 f2 0f 11 49
  0x00007ff8071c38d5:   10 0f b6 42 18 88 41 18 c3 0f 10 02 0f 11 01 f2
  0x00007ff8071c38e5:   0f 10 4a 10 f2 0f 11 49 10 0f b7 42 18 66 89 41
  0x00007ff8071c38f5:   18 c3 0f 10 02 0f 11 01 f2 0f 10 4a 10 f2 0f 11
  0x00007ff8071c3905:   49 10 0f b7 42 18 66 89 41 18 0f b6 42 1a 88 41
  0x00007ff8071c3915:   1a c3 0f 10 02 0f 11 01 f2 0f 10 4a 10 f2 0f 11
  0x00007ff8071c3925:   49 10 8b 42 18 89 41 18 c3 0f 10 02 0f 11 01 f2
  0x00007ff8071c3935:   0f 10 4a 10 f2 0f 11 49 10 8b 42 18 89 41 18 0f
  0x00007ff8071c3945:   b6 42 1c 88 41 1c c3 0f 10 02 0f 11 01 f2 0f 10
  0x00007ff8071c3955:   4a 10 f2 0f 11 49 10 8b 42 18 89 41 18 0f b7 42
  0x00007ff8071c3965:   1c 66 89 41 1c c3 0f 10 02 0f 11 01 f2 0f 10 4a
  0x00007ff8071c3975:   10 f2 0f 11 49 10 8b 42 18 89 41 18 0f b7 42 1c
  0x00007ff8071c3985:   66 89 41 1c 0f b6 42 1e 88 41 1e c3 0f 10 02 0f
  0x00007ff8071c3995:   11 01 0f 10 4a 10 0f 11 49 10 c3 0f 10 02 0f 11
  0x00007ff8071c39a5:   01 0f 10 4a 10 0f 11 49 10 0f b6 42 20 88 41 20


Stack slot to memory mapping:

stack at sp + 0 slots: 0x00007ff8075489d6 atio6axx.dll
stack at sp + 1 slots: 0x000001696512ae10 points into unknown readable memory: 0x000000280000032b | 2b 03 00 00 28 00 00 00
stack at sp + 2 slots: 0x00007ff807d2cb5d atio6axx.dll
stack at sp + 3 slots: 0x00000169561e9eb8 points into unknown readable memory: 0x00007ff80a1708b8 | b8 08 17 0a f8 7f 00 00
stack at sp + 4 slots: 0x00007ff80a167760 atio6axx.dll
stack at sp + 5 slots: 0x0000000042800000 is pointing into metadata
stack at sp + 6 slots: 0x0 is null
stack at sp + 7 slots: 0x0000000000000018 is an unknown value

Lock stack of current Java thread (top to bottom):


Compiled method (n/a) 6090 1578     n 0       org.lwjgl.opengl.GL11C::nglDrawElements (native)
 total in heap  [0x000001693b8a7808,0x000001693b8a7a80] = 632
 main code      [0x000001693b8a7900,0x000001693b8a7a72] = 370
 stub code      [0x000001693b8a7a72,0x000001693b8a7a78] = 6
 oops           [0x000001693b8a7a78,0x000001693b8a7a80] = 8
 mutable data [0x0000016956d2f980,0x0000016956d2f9a0] = 32
 relocation     [0x0000016956d2f980,0x0000016956d2f9a0] = 32

[Constant Pool (empty)]


Loading hsdis library failed, undisassembled code is shown in MachCode section
[MachCode]
[Entry Point]
  # {method} {0x000001695277b0e0} 'nglDrawElements' '(IIIJ)V' in 'org/lwjgl/opengl/GL11C'
  # parm0:    rdx       = int
  # parm1:    r8        = int
  # parm2:    r9        = int
  # parm3:    rdi:rdi   = long
  #           [sp+0x80]  (sp of caller)
  0x000001693b8a7900: 6690 448b | 5208 443b 

  0x000001693b8a7908: ;   {runtime_call Shared Runtime ic_miss_blob}
  0x000001693b8a7908: 5008 0f85 | d076 89ff 
[Verified Entry Point]
  0x000001693b8a7910: 8984 2400 | 80ff ff55 | 488b ec48 | 83ec 7090 | 4181 7f20 | 2400 0000 

  0x000001693b8a7928: ;   {runtime_call Stub::Stub Generator method_entry_barrier_stub}
  0x000001693b8a7928: 7405 e8f1 | e987 ff48 | 897c 2428 | 4c89 4c24 | 204d 8bc8 

  0x000001693b8a793c: ;   {oop(a 'java/lang/Class'{0x000000060d6fbd88} = 'org/lwjgl/opengl/GL11C')}
  0x000001693b8a793c: 4c8b c249 | be88 bd6f | 0d06 0000 | 004c 8974 | 2460 4c8d | 7424 6049 | 8bd6 c5f8 

  0x000001693b8a7958: ;   {internal_word}
  0x000001693b8a7958: 7749 ba56 | 798a 3b69 | 0100 004d | 8997 1804 | 0000 4989 | a710 0400 | 0049 8d8f | 3004 0000 
  0x000001693b8a7978: 41c7 87ac | 0400 0004 

  0x000001693b8a7980: ;   {runtime_call}
  0x000001693b8a7980: 0000 0048 | b820 d324 | 77f8 7f00 | 00ff d0c5 | f877 41c7 | 87ac 0400 | 0005 0000 | 00f0 8344 
  0x000001693b8a79a0: 24c0 0049 | 3b6f 280f | 870e 0000 | 0041 83bf | a804 0000 | 000f 8423 | 0000 00c5 | f877 498b 
  0x000001693b8a79c0: cf4c 8be4 | 4883 ec20 | 4883 e4f0 

  0x000001693b8a79cc: ;   {runtime_call}
  0x000001693b8a79cc: 48b8 5006 | c301 f87f | 0000 ffd0 | 498b e44d | 33e4 41c7 | 87ac 0400 | 0008 0000 | 0041 83bf 
  0x000001693b8a79ec: 3005 0000 | 020f 8459 | 0000 0049 | c787 1004 | 0000 0000 | 0000 49c7 | 8718 0400 | 0000 0000 
  0x000001693b8a7a0c: 00c5 f877 | 498b 8f90 | 0400 00c7 | 8100 0100 | 0000 0000 

  0x000001693b8a7a20: ;   {poll_return}
  0x000001693b8a7a20: 00c9 41f6 | 4728 0174 

  0x000001693b8a7a28: ;   {internal_word}
  0x000001693b8a7a28: 1649 ba22 | 7a8a 3b69 | 0100 004d | 8997 b804 

  0x000001693b8a7a38: ;   {runtime_call SafepointBlob}
  0x000001693b8a7a38: 0000 e921 | ab89 ff49 | 837f 0800 | 0f85 0100 

  0x000001693b8a7a48: ;   {runtime_call Stub::Stub Generator forward_exception_stub}
  0x000001693b8a7a48: 0000 c3e9 | 909d 84ff | c5f8 774c | 8be4 4883 | ec20 4883 

  0x000001693b8a7a5c: ;   {runtime_call}
  0x000001693b8a7a5c: e4f0 48b8 | 9037 fe01 | f87f 0000 | ffd0 498b | e44d 33e4 | eb85 f4f4 | f4f4 f4f4 
[/MachCode]


Compiled method (c2) 6092 2264       4       com.szymc.voxel_engine.UIRenderer::drawRect (58 bytes)
 total in heap  [0x000001693b9b8088,0x000001693b9b8320] = 664
 main code      [0x000001693b9b8180,0x000001693b9b82e0] = 352
 stub code      [0x000001693b9b82e0,0x000001693b9b8318] = 56
 oops           [0x000001693b9b8318,0x000001693b9b8320] = 8
 mutable data [0x0000016956f29de0,0x0000016956f29e58] = 120
 relocation     [0x0000016956f29de0,0x0000016956f29e30] = 80
 metadata       [0x0000016956f29e30,0x0000016956f29e58] = 40
 immutable data [0x000001696a747f40,0x000001696a7480cc] = 396
 dependencies   [0x000001696a747f40,0x000001696a747f50] = 16
 handler table  [0x000001696a747f50,0x000001696a747fc8] = 120
 scopes pcs     [0x000001696a747fc8,0x000001696a748038] = 112
 scopes data    [0x000001696a748038,0x000001696a7480c8] = 144

[Constant Pool (empty)]


Loading hsdis library failed, undisassembled code is shown in MachCode section
[MachCode]
[Instructions begin]
  0x000001693b9b8180: 6690 448b | 5208 443b 

  0x000001693b9b8188: ;   {runtime_call Shared Runtime ic_miss_blob}
  0x000001693b9b8188: 5008 0f85 | 506e 78ff 
[Verified Entry Point]
  0x000001693b9b8190: 8984 2400 | 80ff ff55 | 4883 ec30 | 4181 7f20 | 2400 0000 | 0f85 2501 | 0000 c5fa | 117c 241c 
  0x000001693b9b81b0: c5fa 1174 | 2418 c5fa | 116c 2414 | c5fa 1164 | 2410 c5fa | 115c 240c | c5fa 1154 | 2408 c5fa 
  0x000001693b9b81d0: 114c 2404 | c5fa 1104 | 2448 8bea | 8b52 2045 

  0x000001693b9b81e0: ;   {static_call}
  0x000001693b9b81e0: 33c0 90e8 

  0x000001693b9b81e4: ; ImmutableOopMap {rbp=Oop }
                      ;*invokestatic glUniform1i {reexecute=0 rethrow=0 return_oop=0}
                      ; - org.lwjgl.opengl.GL20::glUniform1i@2 (line 487)
                      ; - com.szymc.voxel_engine.UIRenderer::drawRect@5 (line 423)
  0x000001693b9b81e4: a84d efff 

  0x000001693b9b81e8: ;   {post_call_nop}
  0x000001693b9b81e8: 0f1f 8400 | 6001 0000 | 8b55 18c5 | fa10 0424 | c5fa 104c | 2404 c5fa | 1054 2408 | c5fa 105c 
  0x000001693b9b8208: ;   {static_call}
  0x000001693b9b8208: 240c 90e8 

  0x000001693b9b820c: ; ImmutableOopMap {rbp=Oop }
                      ;*invokestatic glUniform4f {reexecute=0 rethrow=0 return_oop=0}
                      ; - org.lwjgl.opengl.GL20::glUniform4f@6 (line 473)
                      ; - com.szymc.voxel_engine.UIRenderer::drawRect@17 (line 424)
  0x000001693b9b820c: 009d eeff 

  0x000001693b9b8210: ;   {post_call_nop}
  0x000001693b9b8210: 0f1f 8400 | 8801 0001 | 8b55 1cc5 | fa10 4424 | 10c5 fa10 | 4c24 14c5 | fa10 5424 | 18c5 fa10 
  0x000001693b9b8230: ;   {static_call}
  0x000001693b9b8230: 5c24 1ce8 

  0x000001693b9b8234: ; ImmutableOopMap {rbp=Oop }
                      ;*invokestatic glUniform4f {reexecute=0 rethrow=0 return_oop=0}
                      ; - org.lwjgl.opengl.GL20::glUniform4f@6 (line 473)
                      ; - com.szymc.voxel_engine.UIRenderer::drawRect@32 (line 425)
  0x000001693b9b8234: d89c eeff 

  0x000001693b9b8238: ;   {post_call_nop}
  0x000001693b9b8238: 0f1f 8400 | b001 0002 | 8b55 24c5 | fa10 0424 | c5fa 104c | 2404 c5fa | 1054 2408 | c5fa 105c 
  0x000001693b9b8258: ;   {static_call}
  0x000001693b9b8258: 240c 90e8 

  0x000001693b9b825c: ; ImmutableOopMap {}
                      ;*invokestatic glUniform4f {reexecute=0 rethrow=0 return_oop=0}
                      ; - org.lwjgl.opengl.GL20::glUniform4f@6 (line 473)
                      ; - com.szymc.voxel_engine.UIRenderer::drawRect@44 (line 426)
  0x000001693b9b825c: b09c eeff 

  0x000001693b9b8260: ;   {post_call_nop}
  0x000001693b9b8260: 0f1f 8400 | d801 0003 | 33ff ba04 | 0000 0041 | b806 0000 | 0041 b905 

  0x000001693b9b8278: ;   {static_call}
  0x000001693b9b8278: 1400 00e8 

  0x000001693b9b827c: ; ImmutableOopMap {}
                      ;*invokestatic nglDrawElements {reexecute=0 rethrow=0 return_oop=0}
                      ; - org.lwjgl.opengl.GL11C::glDrawElements@4 (line 543)
                      ; - org.lwjgl.opengl.GL11::glDrawElements@4 (line 1870)
                      ; - com.szymc.voxel_engine.UIRenderer::drawRect@54 (line 428)
  0x000001693b9b827c: 90f6 eeff 

  0x000001693b9b8280: ;   {post_call_nop}
  0x000001693b9b8280: 0f1f 8400 | f801 0004 | 4883 c430 

  0x000001693b9b828c: ;   {poll_return}
  0x000001693b9b828c: 5d49 3b67 | 280f 8722 | 0000 00c3 | 488b d0eb | 1248 8bd0 | eb0d 488b | d0eb 0848 | 8bd0 eb03 
  0x000001693b9b82ac: 488b d048 | 83c4 305d 

  0x000001693b9b82b4: ;   {runtime_call C2 Runtime rethrow_blob}
  0x000001693b9b82b4: e9a7 2d87 

  0x000001693b9b82b8: ;   {internal_word}
  0x000001693b9b82b8: ff49 ba8d | 829b 3b69 | 0100 004d | 8997 b804 

  0x000001693b9b82c8: ;   {runtime_call SafepointBlob}
  0x000001693b9b82c8: 0000 e991 

  0x000001693b9b82cc: ;   {runtime_call Stub::Stub Generator method_entry_barrier_stub}
  0x000001693b9b82cc: a278 ffe8 | 4ce0 76ff | e9d1 feff | fff4 f4f4 | f4f4 f4f4 
[Stub Code]
  0x000001693b9b82e0: ;   {static_stub}
  0x000001693b9b82e0: 48bb 0000 | 0000 0000 

  0x000001693b9b82e8: ;   {runtime_call nmethod}
  0x000001693b9b82e8: 0000 e9fb 

  0x000001693b9b82ec: ;   {static_stub}
  0x000001693b9b82ec: ffff ff48 | bb00 0000 | 0000 0000 

  0x000001693b9b82f8: ;   {runtime_call nmethod}
  0x000001693b9b82f8: 00e9 fbff 

  0x000001693b9b82fc: ;   {static_stub}
  0x000001693b9b82fc: ffff 48bb | 0000 0000 | 0000 0000 

  0x000001693b9b8308: ;   {runtime_call nmethod}
  0x000001693b9b8308: e9fb ffff 

  0x000001693b9b830c: ;   {runtime_call DeoptimizationBlob}
  0x000001693b9b830c: ffe8 ce89 | 78ff ebf9 | f4f4 f4f4 
[/MachCode]


---------------  P R O C E S S  ---------------

Threads class SMR info:
_java_thread_list=0x000001697c67aaf0, length=30, elements={
0x000001692afeca10, 0x0000016950abe220, 0x0000016950abeb20, 0x0000016950ac1950,
0x0000016950ac38c0, 0x0000016950ac4470, 0x0000016950ad2880, 0x0000016950aeac50,
0x0000016950aeb450, 0x000001695125f890, 0x000001695133db10, 0x00000169514bf3b0,
0x00000169514ba230, 0x0000016951bfa530, 0x0000016956d2ee30, 0x0000016956d37600,
0x0000016956d37db0, 0x0000016956d3c570, 0x000001696a0e2d50, 0x0000016956f707e0,
0x0000016956f71f50, 0x0000016956f72720, 0x0000016956f6f070, 0x0000016956f72ef0,
0x0000016956f73e90, 0x0000016956b51560, 0x000001696a224670, 0x000001696a222f00,
0x000001696a225610, 0x000001696a2236d0
}

Java Threads: ( => current thread )
=>0x000001692afeca10 JavaThread "main"                              [_thread_in_native, id=10512, stack(0x00000022c8100000,0x00000022c8200000) (1024K)]
  0x0000016950abe220 JavaThread "Reference Handler"          daemon [_thread_blocked, id=4900, stack(0x00000022c8a00000,0x00000022c8b00000) (1024K)]
  0x0000016950abeb20 JavaThread "Finalizer"                  daemon [_thread_blocked, id=9908, stack(0x00000022c8b00000,0x00000022c8c00000) (1024K)]
  0x0000016950ac1950 JavaThread "Signal Dispatcher"          daemon [_thread_blocked, id=19540, stack(0x00000022c8c00000,0x00000022c8d00000) (1024K)]
  0x0000016950ac38c0 JavaThread "Attach Listener"            daemon [_thread_blocked, id=19256, stack(0x00000022c8d00000,0x00000022c8e00000) (1024K)]
  0x0000016950ac4470 JavaThread "Service Thread"             daemon [_thread_blocked, id=16428, stack(0x00000022c8e00000,0x00000022c8f00000) (1024K)]
  0x0000016950ad2880 JavaThread "Monitor Deflation Thread"   daemon [_thread_blocked, id=17708, stack(0x00000022c8f00000,0x00000022c9000000) (1024K)]
  0x0000016950aeac50 JavaThread "C2 CompilerThread0"         daemon [_thread_blocked, id=19268, stack(0x00000022c9000000,0x00000022c9100000) (1024K)]
  0x0000016950aeb450 JavaThread "C1 CompilerThread0"         daemon [_thread_blocked, id=8504, stack(0x00000022c9100000,0x00000022c9200000) (1024K)]
  0x000001695125f890 JavaThread "C1 CompilerThread1"         daemon [_thread_blocked, id=10680, stack(0x00000022c9200000,0x00000022c9300000) (1024K)]
  0x000001695133db10 JavaThread "Common-Cleaner"             daemon [_thread_blocked, id=10304, stack(0x00000022c9500000,0x00000022c9600000) (1024K)]
  0x00000169514bf3b0 JavaThread "Monitor Ctrl-Break"         daemon [_thread_in_native, id=15776, stack(0x00000022c9600000,0x00000022c9700000) (1024K)]
  0x00000169514ba230 JavaThread "Notification Thread"        daemon [_thread_blocked, id=15684, stack(0x00000022c9700000,0x00000022c9800000) (1024K)]
  0x0000016951bfa530 JavaThread "InnocuousThread-1"          daemon [_thread_blocked, id=8560, stack(0x00000022c9b00000,0x00000022c9c00000) (1024K)]
  0x0000016956d2ee30 JavaThread "pool-1-thread-1"                   [_thread_in_Java, id=16656, stack(0x00000022cb200000,0x00000022cb300000) (1024K)]
  0x0000016956d37600 JavaThread "pool-1-thread-2"                   [_thread_in_Java, id=17868, stack(0x00000022cb300000,0x00000022cb400000) (1024K)]
  0x0000016956d37db0 JavaThread "pool-1-thread-3"                   [_thread_in_Java, id=9164, stack(0x00000022cb400000,0x00000022cb500000) (1024K)]
  0x0000016956d3c570 JavaThread "pool-1-thread-4"                   [_thread_in_Java, id=20636, stack(0x00000022cb500000,0x00000022cb600000) (1024K)]
  0x000001696a0e2d50 JavaThread "pool-2-thread-1"                   [_thread_blocked, id=17180, stack(0x00000022cb100000,0x00000022cb200000) (1024K)]
  0x0000016956f707e0 JavaThread "pool-2-thread-2"                   [_thread_blocked, id=9624, stack(0x00000022cb600000,0x00000022cb700000) (1024K)]
  0x0000016956f71f50 JavaThread "pool-2-thread-3"                   [_thread_blocked, id=20280, stack(0x00000022cb700000,0x00000022cb800000) (1024K)]
  0x0000016956f72720 JavaThread "pool-2-thread-4"                   [_thread_blocked, id=9544, stack(0x00000022cc000000,0x00000022cc100000) (1024K)]
  0x0000016956f6f070 JavaThread "pool-2-thread-5"                   [_thread_blocked, id=15356, stack(0x00000022cc100000,0x00000022cc200000) (1024K)]
  0x0000016956f72ef0 JavaThread "pool-2-thread-6"                   [_thread_blocked, id=13480, stack(0x00000022cc200000,0x00000022cc300000) (1024K)]
  0x0000016956f73e90 JavaThread "pool-2-thread-7"                   [_thread_blocked, id=14076, stack(0x00000022cc300000,0x00000022cc400000) (1024K)]
  0x0000016956b51560 JavaThread "pool-2-thread-8"                   [_thread_blocked, id=2064, stack(0x00000022cc400000,0x00000022cc500000) (1024K)]
  0x000001696a224670 JavaThread "pool-2-thread-9"                   [_thread_blocked, id=13556, stack(0x00000022cc600000,0x00000022cc700000) (1024K)]
  0x000001696a222f00 JavaThread "pool-2-thread-10"                  [_thread_blocked, id=12940, stack(0x00000022cc700000,0x00000022cc800000) (1024K)]
  0x000001696a225610 JavaThread "pool-2-thread-11"                  [_thread_blocked, id=7812, stack(0x00000022cc800000,0x00000022cc900000) (1024K)]
  0x000001696a2236d0 JavaThread "pool-2-thread-12"                  [_thread_blocked, id=21068, stack(0x00000022cc900000,0x00000022cca00000) (1024K)]
Total: 30

Other Threads:
  0x0000016950aad7e0 VMThread "VM Thread"                           [id=17832, stack(0x00000022c8900000,0x00000022c8a00000) (1024K)]
  0x0000016950a9d310 WatcherThread "VM Periodic Task Thread"        [id=820, stack(0x00000022c8800000,0x00000022c8900000) (1024K)]
  0x000001692b059dd0 WorkerThread "GC Thread#0"                     [id=17900, stack(0x00000022c8200000,0x00000022c8300000) (1024K)]
  0x00000169514694c0 WorkerThread "GC Thread#1"                     [id=8432, stack(0x00000022c9800000,0x00000022c9900000) (1024K)]
  0x0000016951493d50 WorkerThread "GC Thread#2"                     [id=18892, stack(0x00000022ca300000,0x00000022ca400000) (1024K)]
  0x00000169514934b0 WorkerThread "GC Thread#3"                     [id=16144, stack(0x00000022ca400000,0x00000022ca500000) (1024K)]
  0x00000169567fcc50 WorkerThread "GC Thread#4"                     [id=9648, stack(0x00000022ca500000,0x00000022ca600000) (1024K)]
  0x0000016956c1f190 WorkerThread "GC Thread#5"                     [id=10976, stack(0x00000022cb800000,0x00000022cb900000) (1024K)]
  0x0000016956c1fa30 WorkerThread "GC Thread#6"                     [id=18156, stack(0x00000022cb900000,0x00000022cba00000) (1024K)]
  0x0000016956c1fe80 WorkerThread "GC Thread#7"                     [id=5328, stack(0x00000022cba00000,0x00000022cbb00000) (1024K)]
  0x0000016956c20fc0 WorkerThread "GC Thread#8"                     [id=4444, stack(0x00000022cbb00000,0x00000022cbc00000) (1024K)]
  0x0000016956da2f00 WorkerThread "GC Thread#9"                     [id=17488, stack(0x00000022cbc00000,0x00000022cbd00000) (1024K)]
  0x0000016956da2ab0 WorkerThread "GC Thread#10"                    [id=17012, stack(0x00000022cbd00000,0x00000022cbe00000) (1024K)]
  0x0000016956d9f2a0 WorkerThread "GC Thread#11"                    [id=4948, stack(0x00000022cbe00000,0x00000022cbf00000) (1024K)]
  0x0000016956d9f6f0 WorkerThread "GC Thread#12"                    [id=21052, stack(0x00000022cbf00000,0x00000022cc000000) (1024K)]
  0x000001692b073540 ConcurrentGCThread "G1 Main Marker"            [id=11992, stack(0x00000022c8300000,0x00000022c8400000) (1024K)]
  0x000001692b074f10 WorkerThread "G1 Conc#0"                       [id=7616, stack(0x00000022c8400000,0x00000022c8500000) (1024K)]
  0x000001695160a550 WorkerThread "G1 Conc#1"                       [id=9576, stack(0x00000022c9900000,0x00000022c9a00000) (1024K)]
  0x0000016951c582f0 WorkerThread "G1 Conc#2"                       [id=2012, stack(0x00000022c9a00000,0x00000022c9b00000) (1024K)]
  0x000001695096c840 WorkerThread "G1 Refinement Workers#0"         [id=16500, stack(0x00000022c8600000,0x00000022c8700000) (1024K)]
  0x000001692b0ae340 ConcurrentGCThread "G1 Refine Control"         [id=19476, stack(0x00000022c8500000,0x00000022c8600000) (1024K)]
  0x000001695096f2c0 ConcurrentGCThread "G1 Service"                [id=6276, stack(0x00000022c8700000,0x00000022c8800000) (1024K)]
Total: 22

Threads with active compile tasks:
Total: 0

VM state: not at safepoint (normal execution)

VM Mutex/Monitor currently owned by a thread: None

Heap address: 0x000000060d400000, size: 7980 MB, Compressed Oops mode: Zero based, Oop shift amount: 3

CDS archive(s) mapped at: [0x0000000002000000-0x0000000002de0000-0x0000000002de0000), size 14548992, SharedBaseAddress: 0x0000000002000000, ArchiveRelocationMode: 1.
Compressed class space mapped at: 0x0000000003000000-0x0000000043000000, reserved size: 1073741824
UseCompressedClassPointers 1, UseCompactObjectHeaders 0
Narrow klass pointer bits 32, Max shift 3
Narrow klass base: 0x0000000002000000, Narrow klass shift: 0
Encoding Range: [0x0000000002000000 - 0x0000000102000000), (4294967296 bytes)
Klass Range:    [0x0000000002000000 - 0x0000000043000000), (1090519040 bytes)
Klass ID Range:  [8 - 1090519033) (1090519025)
Protection zone: [0x0000000002000000 - 0x0000000002010000), (65536 bytes)

GC Precious Log:
 CardTable entry size: 512
 Card Set container configuration: InlinePtr #cards 4 size 8 Array Of Cards #cards 32 size 80 Howl #buckets 8 coarsen threshold 7372 Howl Bitmap #cards 1024 size 144 coarsen threshold 921 Card regions per heap region 1 cards per card region 8192
 CPUs: 16 total, 16 available
 Memory: 31913M
 Large Page Support: Disabled
 NUMA Support: Disabled
 Compressed Oops: Enabled (Zero based)
 Heap Region Size: 4M
 Heap Min Capacity: 8M
 Heap Initial Capacity: 8M
 Heap Max Capacity: 7980M
 Pre-touch: Disabled
 Parallel Workers: 13
 Concurrent Workers: 3
 Concurrent Refinement Workers: 13
 Periodic GC: Disabled

Heap:
 garbage-first heap   total reserved 8171520K, committed 1294336K, used 287839K [0x000000060d400000, 0x0000000800000000)
  region size 4M, 6 eden (24M), 12 survivor (48M), 41 old (164M), 13 humongous (52M), 244 free (976M)

Heap Regions: E=young(eden), S=young(survivor), O=old, HS=humongous(starts), HC=humongous(continues), CS=collection set, F=free, TAMS=top-at-mark-start, PB=parsable bottom
|    0|0x000000060d400000, 0x000000060d800000, 0x000000060d800000|100%| O|  |TAMS 0x000000060d400000| PB 0x000000060d400000| Untracked |  0
|    1|0x000000060d800000, 0x000000060dc00000, 0x000000060dc00000|100%| O|  |TAMS 0x000000060d800000| PB 0x000000060d800000| Untracked |  0
|    2|0x000000060dc00000, 0x000000060e000000, 0x000000060e000000|100%| O|  |TAMS 0x000000060dc00000| PB 0x000000060dc00000| Untracked |  0
|    3|0x000000060e000000, 0x000000060e400000, 0x000000060e400000|100%|HS|  |TAMS 0x000000060e000000| PB 0x000000060e000000| Complete  |  0
|    4|0x000000060e400000, 0x000000060e800000, 0x000000060e800000|100%|HC|  |TAMS 0x000000060e400000| PB 0x000000060e400000| Complete  |  0
|    5|0x000000060e800000, 0x000000060ec00000, 0x000000060ec00000|100%|HS|  |TAMS 0x000000060e800000| PB 0x000000060e800000| Complete  |  0
|    6|0x000000060ec00000, 0x000000060f000000, 0x000000060f000000|100%|HS|  |TAMS 0x000000060ec00000| PB 0x000000060ec00000| Complete  |  0
|    7|0x000000060f000000, 0x000000060f400000, 0x000000060f400000|100%|HS|  |TAMS 0x000000060f000000| PB 0x000000060f000000| Complete  |  0
|    8|0x000000060f400000, 0x000000060f800000, 0x000000060f800000|100%|HS|  |TAMS 0x000000060f400000| PB 0x000000060f400000| Complete  |  0
|    9|0x000000060f800000, 0x000000060f800000, 0x000000060fc00000|  0%| F|  |TAMS 0x000000060f800000| PB 0x000000060f800000| Untracked |  0
|   10|0x000000060fc00000, 0x000000060fc00000, 0x0000000610000000|  0%| F|  |TAMS 0x000000060fc00000| PB 0x000000060fc00000| Untracked |  0
|   11|0x0000000610000000, 0x0000000610000000, 0x0000000610400000|  0%| F|  |TAMS 0x0000000610000000| PB 0x0000000610000000| Untracked |  0
|   12|0x0000000610400000, 0x0000000610400000, 0x0000000610800000|  0%| F|  |TAMS 0x0000000610400000| PB 0x0000000610400000| Untracked |  0
|   13|0x0000000610800000, 0x0000000610800000, 0x0000000610c00000|  0%| F|  |TAMS 0x0000000610800000| PB 0x0000000610800000| Untracked |  0
|   14|0x0000000610c00000, 0x0000000610c00000, 0x0000000611000000|  0%| F|  |TAMS 0x0000000610c00000| PB 0x0000000610c00000| Untracked |  0
|   15|0x0000000611000000, 0x0000000611000000, 0x0000000611400000|  0%| F|  |TAMS 0x0000000611000000| PB 0x0000000611000000| Untracked |  0
|   16|0x0000000611400000, 0x0000000611400000, 0x0000000611800000|  0%| F|  |TAMS 0x0000000611400000| PB 0x0000000611400000| Untracked |  0
|   17|0x0000000611800000, 0x0000000611800000, 0x0000000611c00000|  0%| F|  |TAMS 0x0000000611800000| PB 0x0000000611800000| Untracked |  0
|   18|0x0000000611c00000, 0x0000000611c00000, 0x0000000612000000|  0%| F|  |TAMS 0x0000000611c00000| PB 0x0000000611c00000| Untracked |  0
|   19|0x0000000612000000, 0x0000000612000000, 0x0000000612400000|  0%| F|  |TAMS 0x0000000612000000| PB 0x0000000612000000| Untracked |  0
|   20|0x0000000612400000, 0x0000000612400000, 0x0000000612800000|  0%| F|  |TAMS 0x0000000612400000| PB 0x0000000612400000| Untracked |  0
|   21|0x0000000612800000, 0x0000000612800000, 0x0000000612c00000|  0%| F|  |TAMS 0x0000000612800000| PB 0x0000000612800000| Untracked |  0
|   22|0x0000000612c00000, 0x0000000612c00000, 0x0000000613000000|  0%| F|  |TAMS 0x0000000612c00000| PB 0x0000000612c00000| Untracked |  0
|   23|0x0000000613000000, 0x0000000613000000, 0x0000000613400000|  0%| F|  |TAMS 0x0000000613000000| PB 0x0000000613000000| Untracked |  0
|   24|0x0000000613400000, 0x0000000613400000, 0x0000000613800000|  0%| F|  |TAMS 0x0000000613400000| PB 0x0000000613400000| Untracked |  0
|   25|0x0000000613800000, 0x0000000613800000, 0x0000000613c00000|  0%| F|  |TAMS 0x0000000613800000| PB 0x0000000613800000| Untracked |  0
|   26|0x0000000613c00000, 0x0000000613c00000, 0x0000000614000000|  0%| F|  |TAMS 0x0000000613c00000| PB 0x0000000613c00000| Untracked |  0
|   27|0x0000000614000000, 0x0000000614000000, 0x0000000614400000|  0%| F|  |TAMS 0x0000000614000000| PB 0x0000000614000000| Untracked |  0
|   28|0x0000000614400000, 0x0000000614400000, 0x0000000614800000|  0%| F|  |TAMS 0x0000000614400000| PB 0x0000000614400000| Untracked |  0
|   29|0x0000000614800000, 0x0000000614800000, 0x0000000614c00000|  0%| F|  |TAMS 0x0000000614800000| PB 0x0000000614800000| Untracked |  0
|   30|0x0000000614c00000, 0x0000000614c00000, 0x0000000615000000|  0%| F|  |TAMS 0x0000000614c00000| PB 0x0000000614c00000| Untracked |  0
|   31|0x0000000615000000, 0x0000000615000000, 0x0000000615400000|  0%| F|  |TAMS 0x0000000615000000| PB 0x0000000615000000| Untracked |  0
|   32|0x0000000615400000, 0x0000000615400000, 0x0000000615800000|  0%| F|  |TAMS 0x0000000615400000| PB 0x0000000615400000| Untracked |  0
|   33|0x0000000615800000, 0x0000000615800000, 0x0000000615c00000|  0%| F|  |TAMS 0x0000000615800000| PB 0x0000000615800000| Untracked |  0
|   34|0x0000000615c00000, 0x0000000615c00000, 0x0000000616000000|  0%| F|  |TAMS 0x0000000615c00000| PB 0x0000000615c00000| Untracked |  0
|   35|0x0000000616000000, 0x0000000616000000, 0x0000000616400000|  0%| F|  |TAMS 0x0000000616000000| PB 0x0000000616000000| Untracked |  0
|   36|0x0000000616400000, 0x0000000616400000, 0x0000000616800000|  0%| F|  |TAMS 0x0000000616400000| PB 0x0000000616400000| Untracked |  0
|   37|0x0000000616800000, 0x0000000616800000, 0x0000000616c00000|  0%| F|  |TAMS 0x0000000616800000| PB 0x0000000616800000| Untracked |  0
|   38|0x0000000616c00000, 0x0000000616c00000, 0x0000000617000000|  0%| F|  |TAMS 0x0000000616c00000| PB 0x0000000616c00000| Untracked |  0
|   39|0x0000000617000000, 0x0000000617000000, 0x0000000617400000|  0%| F|  |TAMS 0x0000000617000000| PB 0x0000000617000000| Untracked |  0
|   40|0x0000000617400000, 0x0000000617400000, 0x0000000617800000|  0%| F|  |TAMS 0x0000000617400000| PB 0x0000000617400000| Untracked |  0
|   41|0x0000000617800000, 0x0000000617800000, 0x0000000617c00000|  0%| F|  |TAMS 0x0000000617800000| PB 0x0000000617800000| Untracked |  0
|   42|0x0000000617c00000, 0x0000000617c00000, 0x0000000618000000|  0%| F|  |TAMS 0x0000000617c00000| PB 0x0000000617c00000| Untracked |  0
|   43|0x0000000618000000, 0x0000000618000000, 0x0000000618400000|  0%| F|  |TAMS 0x0000000618000000| PB 0x0000000618000000| Untracked |  0
|   44|0x0000000618400000, 0x0000000618400000, 0x0000000618800000|  0%| F|  |TAMS 0x0000000618400000| PB 0x0000000618400000| Untracked |  0
|   45|0x0000000618800000, 0x0000000618800000, 0x0000000618c00000|  0%| F|  |TAMS 0x0000000618800000| PB 0x0000000618800000| Untracked |  0
|   46|0x0000000618c00000, 0x0000000618c00000, 0x0000000619000000|  0%| F|  |TAMS 0x0000000618c00000| PB 0x0000000618c00000| Untracked |  0
|   47|0x0000000619000000, 0x0000000619000000, 0x0000000619400000|  0%| F|  |TAMS 0x0000000619000000| PB 0x0000000619000000| Untracked |  0
|   48|0x0000000619400000, 0x0000000619400000, 0x0000000619800000|  0%| F|  |TAMS 0x0000000619400000| PB 0x0000000619400000| Untracked |  0
|   49|0x0000000619800000, 0x0000000619800000, 0x0000000619c00000|  0%| F|  |TAMS 0x0000000619800000| PB 0x0000000619800000| Untracked |  0
|   50|0x0000000619c00000, 0x0000000619c00000, 0x000000061a000000|  0%| F|  |TAMS 0x0000000619c00000| PB 0x0000000619c00000| Untracked |  0
|   51|0x000000061a000000, 0x000000061a000000, 0x000000061a400000|  0%| F|  |TAMS 0x000000061a000000| PB 0x000000061a000000| Untracked |  0
|   52|0x000000061a400000, 0x000000061a400000, 0x000000061a800000|  0%| F|  |TAMS 0x000000061a400000| PB 0x000000061a400000| Untracked |  0
|   53|0x000000061a800000, 0x000000061a800000, 0x000000061ac00000|  0%| F|  |TAMS 0x000000061a800000| PB 0x000000061a800000| Untracked |  0
|   54|0x000000061ac00000, 0x000000061ac00000, 0x000000061b000000|  0%| F|  |TAMS 0x000000061ac00000| PB 0x000000061ac00000| Untracked |  0
|   55|0x000000061b000000, 0x000000061b000000, 0x000000061b400000|  0%| F|  |TAMS 0x000000061b000000| PB 0x000000061b000000| Untracked |  0
|   56|0x000000061b400000, 0x000000061b800000, 0x000000061b800000|100%| O|  |TAMS 0x000000061b400000| PB 0x000000061b400000| Untracked |  0
|   57|0x000000061b800000, 0x000000061bc00000, 0x000000061bc00000|100%| O|  |TAMS 0x000000061b800000| PB 0x000000061b800000| Untracked |  0
|   58|0x000000061bc00000, 0x000000061c000000, 0x000000061c000000|100%| O|  |TAMS 0x000000061bc00000| PB 0x000000061bc00000| Untracked |  0
|   59|0x000000061c000000, 0x000000061c000000, 0x000000061c400000|  0%| F|  |TAMS 0x000000061c000000| PB 0x000000061c000000| Untracked |  0
|   60|0x000000061c400000, 0x000000061c800000, 0x000000061c800000|100%| O|  |TAMS 0x000000061c400000| PB 0x000000061c400000| Untracked |  0
|   61|0x000000061c800000, 0x000000061c800000, 0x000000061cc00000|  0%| F|  |TAMS 0x000000061c800000| PB 0x000000061c800000| Untracked |  0
|   62|0x000000061cc00000, 0x000000061cc00000, 0x000000061d000000|  0%| F|  |TAMS 0x000000061cc00000| PB 0x000000061cc00000| Untracked |  0
|   63|0x000000061d000000, 0x000000061d000000, 0x000000061d400000|  0%| F|  |TAMS 0x000000061d000000| PB 0x000000061d000000| Untracked |  0
|   64|0x000000061d400000, 0x000000061d400000, 0x000000061d800000|  0%| F|  |TAMS 0x000000061d400000| PB 0x000000061d400000| Untracked |  0
|   65|0x000000061d800000, 0x000000061d800000, 0x000000061dc00000|  0%| F|  |TAMS 0x000000061d800000| PB 0x000000061d800000| Untracked |  0
|   66|0x000000061dc00000, 0x000000061dc00000, 0x000000061e000000|  0%| F|  |TAMS 0x000000061dc00000| PB 0x000000061dc00000| Untracked |  0
|   67|0x000000061e000000, 0x000000061e000000, 0x000000061e400000|  0%| F|  |TAMS 0x000000061e000000| PB 0x000000061e000000| Untracked |  0
|   68|0x000000061e400000, 0x000000061e400000, 0x000000061e800000|  0%| F|  |TAMS 0x000000061e400000| PB 0x000000061e400000| Untracked |  0
|   69|0x000000061e800000, 0x000000061e800000, 0x000000061ec00000|  0%| F|  |TAMS 0x000000061e800000| PB 0x000000061e800000| Untracked |  0
|   70|0x000000061ec00000, 0x000000061ec00000, 0x000000061f000000|  0%| F|  |TAMS 0x000000061ec00000| PB 0x000000061ec00000| Untracked |  0
|   71|0x000000061f000000, 0x000000061f000000, 0x000000061f400000|  0%| F|  |TAMS 0x000000061f000000| PB 0x000000061f000000| Untracked |  0
|   72|0x000000061f400000, 0x000000061f400000, 0x000000061f800000|  0%| F|  |TAMS 0x000000061f400000| PB 0x000000061f400000| Untracked |  0
|   73|0x000000061f800000, 0x000000061f800000, 0x000000061fc00000|  0%| F|  |TAMS 0x000000061f800000| PB 0x000000061f800000| Untracked |  0
|   74|0x000000061fc00000, 0x000000061fc00000, 0x0000000620000000|  0%| F|  |TAMS 0x000000061fc00000| PB 0x000000061fc00000| Untracked |  0
|   75|0x0000000620000000, 0x0000000620000000, 0x0000000620400000|  0%| F|  |TAMS 0x0000000620000000| PB 0x0000000620000000| Untracked |  0
|   76|0x0000000620400000, 0x0000000620400000, 0x0000000620800000|  0%| F|  |TAMS 0x0000000620400000| PB 0x0000000620400000| Untracked |  0
|   77|0x0000000620800000, 0x0000000620800000, 0x0000000620c00000|  0%| F|  |TAMS 0x0000000620800000| PB 0x0000000620800000| Untracked |  0
|   78|0x0000000620c00000, 0x0000000620c00000, 0x0000000621000000|  0%| F|  |TAMS 0x0000000620c00000| PB 0x0000000620c00000| Untracked |  0
|   79|0x0000000621000000, 0x0000000621400000, 0x0000000621400000|100%| O|  |TAMS 0x0000000621000000| PB 0x0000000621000000| Untracked |  0
|   80|0x0000000621400000, 0x0000000621800000, 0x0000000621800000|100%| O|  |TAMS 0x0000000621400000| PB 0x0000000621400000| Untracked |  0
|   81|0x0000000621800000, 0x0000000621c00000, 0x0000000621c00000|100%| O|  |TAMS 0x0000000621800000| PB 0x0000000621800000| Untracked |  0
|   82|0x0000000621c00000, 0x0000000621c00000, 0x0000000622000000|  0%| F|  |TAMS 0x0000000621c00000| PB 0x0000000621c00000| Untracked |  0
|   83|0x0000000622000000, 0x0000000622400000, 0x0000000622400000|100%| O|  |TAMS 0x0000000622000000| PB 0x0000000622000000| Untracked |  0
|   84|0x0000000622400000, 0x0000000622800000, 0x0000000622800000|100%| O|  |TAMS 0x0000000622400000| PB 0x0000000622400000| Untracked |  0
|   85|0x0000000622800000, 0x0000000622c00000, 0x0000000622c00000|100%| O|  |TAMS 0x0000000622800000| PB 0x0000000622800000| Untracked |  0
|   86|0x0000000622c00000, 0x0000000622c00000, 0x0000000623000000|  0%| F|  |TAMS 0x0000000622c00000| PB 0x0000000622c00000| Untracked |  0
|   87|0x0000000623000000, 0x0000000623000000, 0x0000000623400000|  0%| F|  |TAMS 0x0000000623000000| PB 0x0000000623000000| Untracked |  0
|   88|0x0000000623400000, 0x0000000623400000, 0x0000000623800000|  0%| F|  |TAMS 0x0000000623400000| PB 0x0000000623400000| Untracked |  0
|   89|0x0000000623800000, 0x0000000623800000, 0x0000000623c00000|  0%| F|  |TAMS 0x0000000623800000| PB 0x0000000623800000| Untracked |  0
|   90|0x0000000623c00000, 0x0000000623c00000, 0x0000000624000000|  0%| F|  |TAMS 0x0000000623c00000| PB 0x0000000623c00000| Untracked |  0
|   91|0x0000000624000000, 0x0000000624000000, 0x0000000624400000|  0%| F|  |TAMS 0x0000000624000000| PB 0x0000000624000000| Untracked |  0
|   92|0x0000000624400000, 0x0000000624400000, 0x0000000624800000|  0%| F|  |TAMS 0x0000000624400000| PB 0x0000000624400000| Untracked |  0
|   93|0x0000000624800000, 0x0000000624800000, 0x0000000624c00000|  0%| F|  |TAMS 0x0000000624800000| PB 0x0000000624800000| Untracked |  0
|   94|0x0000000624c00000, 0x0000000624c00000, 0x0000000625000000|  0%| F|  |TAMS 0x0000000624c00000| PB 0x0000000624c00000| Untracked |  0
|   95|0x0000000625000000, 0x0000000625000000, 0x0000000625400000|  0%| F|  |TAMS 0x0000000625000000| PB 0x0000000625000000| Untracked |  0
|   96|0x0000000625400000, 0x0000000625400000, 0x0000000625800000|  0%| F|  |TAMS 0x0000000625400000| PB 0x0000000625400000| Untracked |  0
|   97|0x0000000625800000, 0x0000000625800000, 0x0000000625c00000|  0%| F|  |TAMS 0x0000000625800000| PB 0x0000000625800000| Untracked |  0
|   98|0x0000000625c00000, 0x0000000625c00000, 0x0000000626000000|  0%| F|  |TAMS 0x0000000625c00000| PB 0x0000000625c00000| Untracked |  0
|   99|0x0000000626000000, 0x0000000626400000, 0x0000000626400000|100%| O|  |TAMS 0x0000000626000000| PB 0x0000000626000000| Untracked |  0
|  100|0x0000000626400000, 0x0000000626800000, 0x0000000626800000|100%| O|  |TAMS 0x0000000626400000| PB 0x0000000626400000| Untracked |  0
|  101|0x0000000626800000, 0x0000000626c00000, 0x0000000626c00000|100%| O|  |TAMS 0x0000000626800000| PB 0x0000000626800000| Untracked |  0
|  102|0x0000000626c00000, 0x0000000627000000, 0x0000000627000000|100%| O|  |TAMS 0x0000000626c00000| PB 0x0000000626c00000| Untracked |  0
|  103|0x0000000627000000, 0x0000000627400000, 0x0000000627400000|100%| O|  |TAMS 0x0000000627000000| PB 0x0000000627000000| Untracked |  0
|  104|0x0000000627400000, 0x0000000627800000, 0x0000000627800000|100%| O|  |TAMS 0x0000000627400000| PB 0x0000000627400000| Untracked |  0
|  105|0x0000000627800000, 0x0000000627c00000, 0x0000000627c00000|100%| O|  |TAMS 0x0000000627800000| PB 0x0000000627800000| Untracked |  0
|  106|0x0000000627c00000, 0x0000000627c00000, 0x0000000628000000|  0%| F|  |TAMS 0x0000000627c00000| PB 0x0000000627c00000| Untracked |  0
|  107|0x0000000628000000, 0x0000000628000000, 0x0000000628400000|  0%| F|  |TAMS 0x0000000628000000| PB 0x0000000628000000| Untracked |  0
|  108|0x0000000628400000, 0x0000000628400000, 0x0000000628800000|  0%| F|  |TAMS 0x0000000628400000| PB 0x0000000628400000| Untracked |  0
|  109|0x0000000628800000, 0x0000000628800000, 0x0000000628c00000|  0%| F|  |TAMS 0x0000000628800000| PB 0x0000000628800000| Untracked |  0
|  110|0x0000000628c00000, 0x0000000628c00000, 0x0000000629000000|  0%| F|  |TAMS 0x0000000628c00000| PB 0x0000000628c00000| Untracked |  0
|  111|0x0000000629000000, 0x0000000629400000, 0x0000000629400000|100%|HS|  |TAMS 0x0000000629000000| PB 0x0000000629000000| Complete  |  0
|  112|0x0000000629400000, 0x0000000629800000, 0x0000000629800000|100%|HC|  |TAMS 0x0000000629400000| PB 0x0000000629400000| Complete  |  0
|  113|0x0000000629800000, 0x0000000629c00000, 0x0000000629c00000|100%|HS|  |TAMS 0x0000000629800000| PB 0x0000000629800000| Complete  |  0
|  114|0x0000000629c00000, 0x000000062a000000, 0x000000062a000000|100%|HC|  |TAMS 0x0000000629c00000| PB 0x0000000629c00000| Complete  |  0
|  115|0x000000062a000000, 0x000000062a000000, 0x000000062a400000|  0%| F|  |TAMS 0x000000062a000000| PB 0x000000062a000000| Untracked |  0
|  116|0x000000062a400000, 0x000000062a400000, 0x000000062a800000|  0%| F|  |TAMS 0x000000062a400000| PB 0x000000062a400000| Untracked |  0
|  117|0x000000062a800000, 0x000000062a800000, 0x000000062ac00000|  0%| F|  |TAMS 0x000000062a800000| PB 0x000000062a800000| Untracked |  0
|  118|0x000000062ac00000, 0x000000062ac00000, 0x000000062b000000|  0%| F|  |TAMS 0x000000062ac00000| PB 0x000000062ac00000| Untracked |  0
|  119|0x000000062b000000, 0x000000062b000000, 0x000000062b400000|  0%| F|  |TAMS 0x000000062b000000| PB 0x000000062b000000| Untracked |  0
|  120|0x000000062b400000, 0x000000062b800000, 0x000000062b800000|100%|HS|  |TAMS 0x000000062b400000| PB 0x000000062b400000| Complete  |  0
|  121|0x000000062b800000, 0x000000062b800000, 0x000000062bc00000|  0%| F|  |TAMS 0x000000062b800000| PB 0x000000062b800000| Untracked |  0
|  122|0x000000062bc00000, 0x000000062bc00000, 0x000000062c000000|  0%| F|  |TAMS 0x000000062bc00000| PB 0x000000062bc00000| Untracked |  0
|  123|0x000000062c000000, 0x000000062c400000, 0x000000062c400000|100%|HS|  |TAMS 0x000000062c000000| PB 0x000000062c000000| Complete  |  0
|  124|0x000000062c400000, 0x000000062c800000, 0x000000062c800000|100%|HC|  |TAMS 0x000000062c400000| PB 0x000000062c400000| Complete  |  0
|  125|0x000000062c800000, 0x000000062c800000, 0x000000062cc00000|  0%| F|  |TAMS 0x000000062c800000| PB 0x000000062c800000| Untracked |  0
|  126|0x000000062cc00000, 0x000000062d000000, 0x000000062d000000|100%| O|  |TAMS 0x000000062cc00000| PB 0x000000062cc00000| Untracked |  0
|  127|0x000000062d000000, 0x000000062d400000, 0x000000062d400000|100%| O|  |TAMS 0x000000062d000000| PB 0x000000062d000000| Untracked |  0
|  128|0x000000062d400000, 0x000000062d800000, 0x000000062d800000|100%| O|  |TAMS 0x000000062d400000| PB 0x000000062d400000| Untracked |  0
|  129|0x000000062d800000, 0x000000062dc00000, 0x000000062dc00000|100%| O|  |TAMS 0x000000062d800000| PB 0x000000062d800000| Untracked |  0
|  130|0x000000062dc00000, 0x000000062e000000, 0x000000062e000000|100%| O|  |TAMS 0x000000062dc00000| PB 0x000000062dc00000| Untracked |  0
|  131|0x000000062e000000, 0x000000062e400000, 0x000000062e400000|100%| O|  |TAMS 0x000000062e000000| PB 0x000000062e000000| Untracked |  0
|  132|0x000000062e400000, 0x000000062e592b20, 0x000000062e800000| 39%| O|  |TAMS 0x000000062e400000| PB 0x000000062e400000| Untracked |  0
|  133|0x000000062e800000, 0x000000062ec00000, 0x000000062ec00000|100%| O|  |TAMS 0x000000062e800000| PB 0x000000062e800000| Untracked |  0
|  134|0x000000062ec00000, 0x000000062f000000, 0x000000062f000000|100%| O|  |TAMS 0x000000062ec00000| PB 0x000000062ec00000| Untracked |  0
|  135|0x000000062f000000, 0x000000062f400000, 0x000000062f400000|100%| O|  |TAMS 0x000000062f000000| PB 0x000000062f000000| Untracked |  0
|  136|0x000000062f400000, 0x000000062f800000, 0x000000062f800000|100%| O|  |TAMS 0x000000062f400000| PB 0x000000062f400000| Untracked |  0
|  137|0x000000062f800000, 0x000000062fc00000, 0x000000062fc00000|100%| O|  |TAMS 0x000000062f800000| PB 0x000000062f800000| Untracked |  0
|  138|0x000000062fc00000, 0x0000000630000000, 0x0000000630000000|100%| O|  |TAMS 0x000000062fc00000| PB 0x000000062fc00000| Untracked |  0
|  139|0x0000000630000000, 0x0000000630400000, 0x0000000630400000|100%| O|  |TAMS 0x0000000630000000| PB 0x0000000630000000| Untracked |  0
|  140|0x0000000630400000, 0x0000000630400000, 0x0000000630800000|  0%| F|  |TAMS 0x0000000630400000| PB 0x0000000630400000| Untracked |  0
|  141|0x0000000630800000, 0x0000000630800000, 0x0000000630c00000|  0%| F|  |TAMS 0x0000000630800000| PB 0x0000000630800000| Untracked |  0
|  142|0x0000000630c00000, 0x0000000630c00000, 0x0000000631000000|  0%| F|  |TAMS 0x0000000630c00000| PB 0x0000000630c00000| Untracked |  0
|  143|0x0000000631000000, 0x0000000631000000, 0x0000000631400000|  0%| F|  |TAMS 0x0000000631000000| PB 0x0000000631000000| Untracked |  0
|  144|0x0000000631400000, 0x0000000631400000, 0x0000000631800000|  0%| F|  |TAMS 0x0000000631400000| PB 0x0000000631400000| Untracked |  0
|  145|0x0000000631800000, 0x0000000631800000, 0x0000000631c00000|  0%| F|  |TAMS 0x0000000631800000| PB 0x0000000631800000| Untracked |  0
|  146|0x0000000631c00000, 0x0000000631c00000, 0x0000000632000000|  0%| F|  |TAMS 0x0000000631c00000| PB 0x0000000631c00000| Untracked |  0
|  147|0x0000000632000000, 0x0000000632000000, 0x0000000632400000|  0%| F|  |TAMS 0x0000000632000000| PB 0x0000000632000000| Untracked |  0
|  148|0x0000000632400000, 0x0000000632400000, 0x0000000632800000|  0%| F|  |TAMS 0x0000000632400000| PB 0x0000000632400000| Untracked |  0
|  149|0x0000000632800000, 0x0000000632800000, 0x0000000632c00000|  0%| F|  |TAMS 0x0000000632800000| PB 0x0000000632800000| Untracked |  0
|  150|0x0000000632c00000, 0x0000000632c00000, 0x0000000633000000|  0%| F|  |TAMS 0x0000000632c00000| PB 0x0000000632c00000| Untracked |  0
|  151|0x0000000633000000, 0x0000000633000000, 0x0000000633400000|  0%| F|  |TAMS 0x0000000633000000| PB 0x0000000633000000| Untracked |  0
|  152|0x0000000633400000, 0x0000000633400000, 0x0000000633800000|  0%| F|  |TAMS 0x0000000633400000| PB 0x0000000633400000| Untracked |  0
|  153|0x0000000633800000, 0x0000000633800000, 0x0000000633c00000|  0%| F|  |TAMS 0x0000000633800000| PB 0x0000000633800000| Untracked |  0
|  154|0x0000000633c00000, 0x0000000633c00000, 0x0000000634000000|  0%| F|  |TAMS 0x0000000633c00000| PB 0x0000000633c00000| Untracked |  0
|  155|0x0000000634000000, 0x0000000634000000, 0x0000000634400000|  0%| F|  |TAMS 0x0000000634000000| PB 0x0000000634000000| Untracked |  0
|  156|0x0000000634400000, 0x0000000634400000, 0x0000000634800000|  0%| F|  |TAMS 0x0000000634400000| PB 0x0000000634400000| Untracked |  0
|  157|0x0000000634800000, 0x0000000634800000, 0x0000000634c00000|  0%| F|  |TAMS 0x0000000634800000| PB 0x0000000634800000| Untracked |  0
|  158|0x0000000634c00000, 0x0000000634c00000, 0x0000000635000000|  0%| F|  |TAMS 0x0000000634c00000| PB 0x0000000634c00000| Untracked |  0
|  159|0x0000000635000000, 0x0000000635000000, 0x0000000635400000|  0%| F|  |TAMS 0x0000000635000000| PB 0x0000000635000000| Untracked |  0
|  160|0x0000000635400000, 0x0000000635400000, 0x0000000635800000|  0%| F|  |TAMS 0x0000000635400000| PB 0x0000000635400000| Untracked |  0
|  161|0x0000000635800000, 0x0000000635800000, 0x0000000635c00000|  0%| F|  |TAMS 0x0000000635800000| PB 0x0000000635800000| Untracked |  0
|  162|0x0000000635c00000, 0x0000000635c00000, 0x0000000636000000|  0%| F|  |TAMS 0x0000000635c00000| PB 0x0000000635c00000| Untracked |  0
|  163|0x0000000636000000, 0x0000000636000000, 0x0000000636400000|  0%| F|  |TAMS 0x0000000636000000| PB 0x0000000636000000| Untracked |  0
|  164|0x0000000636400000, 0x0000000636400000, 0x0000000636800000|  0%| F|  |TAMS 0x0000000636400000| PB 0x0000000636400000| Untracked |  0
|  165|0x0000000636800000, 0x0000000636800000, 0x0000000636c00000|  0%| F|  |TAMS 0x0000000636800000| PB 0x0000000636800000| Untracked |  0
|  166|0x0000000636c00000, 0x0000000636c00000, 0x0000000637000000|  0%| F|  |TAMS 0x0000000636c00000| PB 0x0000000636c00000| Untracked |  0
|  167|0x0000000637000000, 0x0000000637000000, 0x0000000637400000|  0%| F|  |TAMS 0x0000000637000000| PB 0x0000000637000000| Untracked |  0
|  168|0x0000000637400000, 0x0000000637400000, 0x0000000637800000|  0%| F|  |TAMS 0x0000000637400000| PB 0x0000000637400000| Untracked |  0
|  169|0x0000000637800000, 0x0000000637800000, 0x0000000637c00000|  0%| F|  |TAMS 0x0000000637800000| PB 0x0000000637800000| Untracked |  0
|  170|0x0000000637c00000, 0x0000000637c00000, 0x0000000638000000|  0%| F|  |TAMS 0x0000000637c00000| PB 0x0000000637c00000| Untracked |  0
|  171|0x0000000638000000, 0x0000000638000000, 0x0000000638400000|  0%| F|  |TAMS 0x0000000638000000| PB 0x0000000638000000| Untracked |  0
|  172|0x0000000638400000, 0x0000000638400000, 0x0000000638800000|  0%| F|  |TAMS 0x0000000638400000| PB 0x0000000638400000| Untracked |  0
|  173|0x0000000638800000, 0x0000000638800000, 0x0000000638c00000|  0%| F|  |TAMS 0x0000000638800000| PB 0x0000000638800000| Untracked |  0
|  174|0x0000000638c00000, 0x0000000638c00000, 0x0000000639000000|  0%| F|  |TAMS 0x0000000638c00000| PB 0x0000000638c00000| Untracked |  0
|  175|0x0000000639000000, 0x0000000639000000, 0x0000000639400000|  0%| F|  |TAMS 0x0000000639000000| PB 0x0000000639000000| Untracked |  0
|  176|0x0000000639400000, 0x0000000639400000, 0x0000000639800000|  0%| F|  |TAMS 0x0000000639400000| PB 0x0000000639400000| Untracked |  0
|  177|0x0000000639800000, 0x0000000639800000, 0x0000000639c00000|  0%| F|  |TAMS 0x0000000639800000| PB 0x0000000639800000| Untracked |  0
|  178|0x0000000639c00000, 0x0000000639c00000, 0x000000063a000000|  0%| F|  |TAMS 0x0000000639c00000| PB 0x0000000639c00000| Untracked |  0
|  179|0x000000063a000000, 0x000000063a000000, 0x000000063a400000|  0%| F|  |TAMS 0x000000063a000000| PB 0x000000063a000000| Untracked |  0
|  180|0x000000063a400000, 0x000000063a400000, 0x000000063a800000|  0%| F|  |TAMS 0x000000063a400000| PB 0x000000063a400000| Untracked |  0
|  181|0x000000063a800000, 0x000000063a800000, 0x000000063ac00000|  0%| F|  |TAMS 0x000000063a800000| PB 0x000000063a800000| Untracked |  0
|  182|0x000000063ac00000, 0x000000063ac00000, 0x000000063b000000|  0%| F|  |TAMS 0x000000063ac00000| PB 0x000000063ac00000| Untracked |  0
|  183|0x000000063b000000, 0x000000063b000000, 0x000000063b400000|  0%| F|  |TAMS 0x000000063b000000| PB 0x000000063b000000| Untracked |  0
|  184|0x000000063b400000, 0x000000063b400000, 0x000000063b800000|  0%| F|  |TAMS 0x000000063b400000| PB 0x000000063b400000| Untracked |  0
|  185|0x000000063b800000, 0x000000063b800000, 0x000000063bc00000|  0%| F|  |TAMS 0x000000063b800000| PB 0x000000063b800000| Untracked |  0
|  186|0x000000063bc00000, 0x000000063bc00000, 0x000000063c000000|  0%| F|  |TAMS 0x000000063bc00000| PB 0x000000063bc00000| Untracked |  0
|  187|0x000000063c000000, 0x000000063c000000, 0x000000063c400000|  0%| F|  |TAMS 0x000000063c000000| PB 0x000000063c000000| Untracked |  0
|  188|0x000000063c400000, 0x000000063c400000, 0x000000063c800000|  0%| F|  |TAMS 0x000000063c400000| PB 0x000000063c400000| Untracked |  0
|  189|0x000000063c800000, 0x000000063c800000, 0x000000063cc00000|  0%| F|  |TAMS 0x000000063c800000| PB 0x000000063c800000| Untracked |  0
|  190|0x000000063cc00000, 0x000000063cc00000, 0x000000063d000000|  0%| F|  |TAMS 0x000000063cc00000| PB 0x000000063cc00000| Untracked |  0
|  191|0x000000063d000000, 0x000000063d000000, 0x000000063d400000|  0%| F|  |TAMS 0x000000063d000000| PB 0x000000063d000000| Untracked |  0
|  192|0x000000063d400000, 0x000000063d400000, 0x000000063d800000|  0%| F|  |TAMS 0x000000063d400000| PB 0x000000063d400000| Untracked |  0
|  193|0x000000063d800000, 0x000000063d800000, 0x000000063dc00000|  0%| F|  |TAMS 0x000000063d800000| PB 0x000000063d800000| Untracked |  0
|  194|0x000000063dc00000, 0x000000063dc00000, 0x000000063e000000|  0%| F|  |TAMS 0x000000063dc00000| PB 0x000000063dc00000| Untracked |  0
|  195|0x000000063e000000, 0x000000063e000000, 0x000000063e400000|  0%| F|  |TAMS 0x000000063e000000| PB 0x000000063e000000| Untracked |  0
|  196|0x000000063e400000, 0x000000063e400000, 0x000000063e800000|  0%| F|  |TAMS 0x000000063e400000| PB 0x000000063e400000| Untracked |  0
|  197|0x000000063e800000, 0x000000063e800000, 0x000000063ec00000|  0%| F|  |TAMS 0x000000063e800000| PB 0x000000063e800000| Untracked |  0
|  198|0x000000063ec00000, 0x000000063ec00000, 0x000000063f000000|  0%| F|  |TAMS 0x000000063ec00000| PB 0x000000063ec00000| Untracked |  0
|  199|0x000000063f000000, 0x000000063f000000, 0x000000063f400000|  0%| F|  |TAMS 0x000000063f000000| PB 0x000000063f000000| Untracked |  0
|  200|0x000000063f400000, 0x000000063f400000, 0x000000063f800000|  0%| F|  |TAMS 0x000000063f400000| PB 0x000000063f400000| Untracked |  0
|  201|0x000000063f800000, 0x000000063f800000, 0x000000063fc00000|  0%| F|  |TAMS 0x000000063f800000| PB 0x000000063f800000| Untracked |  0
|  202|0x000000063fc00000, 0x000000063fc00000, 0x0000000640000000|  0%| F|  |TAMS 0x000000063fc00000| PB 0x000000063fc00000| Untracked |  0
|  203|0x0000000640000000, 0x0000000640000000, 0x0000000640400000|  0%| F|  |TAMS 0x0000000640000000| PB 0x0000000640000000| Untracked |  0
|  204|0x0000000640400000, 0x0000000640400000, 0x0000000640800000|  0%| F|  |TAMS 0x0000000640400000| PB 0x0000000640400000| Untracked |  0
|  205|0x0000000640800000, 0x0000000640800000, 0x0000000640c00000|  0%| F|  |TAMS 0x0000000640800000| PB 0x0000000640800000| Untracked |  0
|  206|0x0000000640c00000, 0x0000000640c00000, 0x0000000641000000|  0%| F|  |TAMS 0x0000000640c00000| PB 0x0000000640c00000| Untracked |  0
|  207|0x0000000641000000, 0x0000000641000000, 0x0000000641400000|  0%| F|  |TAMS 0x0000000641000000| PB 0x0000000641000000| Untracked |  0
|  208|0x0000000641400000, 0x0000000641400000, 0x0000000641800000|  0%| F|  |TAMS 0x0000000641400000| PB 0x0000000641400000| Untracked |  0
|  209|0x0000000641800000, 0x0000000641800000, 0x0000000641c00000|  0%| F|  |TAMS 0x0000000641800000| PB 0x0000000641800000| Untracked |  0
|  210|0x0000000641c00000, 0x0000000641c00000, 0x0000000642000000|  0%| F|  |TAMS 0x0000000641c00000| PB 0x0000000641c00000| Untracked |  0
|  211|0x0000000642000000, 0x0000000642000000, 0x0000000642400000|  0%| F|  |TAMS 0x0000000642000000| PB 0x0000000642000000| Untracked |  0
|  212|0x0000000642400000, 0x0000000642400000, 0x0000000642800000|  0%| F|  |TAMS 0x0000000642400000| PB 0x0000000642400000| Untracked |  0
|  213|0x0000000642800000, 0x0000000642800000, 0x0000000642c00000|  0%| F|  |TAMS 0x0000000642800000| PB 0x0000000642800000| Untracked |  0
|  214|0x0000000642c00000, 0x0000000642c00000, 0x0000000643000000|  0%| F|  |TAMS 0x0000000642c00000| PB 0x0000000642c00000| Untracked |  0
|  215|0x0000000643000000, 0x0000000643000000, 0x0000000643400000|  0%| F|  |TAMS 0x0000000643000000| PB 0x0000000643000000| Untracked |  0
|  216|0x0000000643400000, 0x0000000643400000, 0x0000000643800000|  0%| F|  |TAMS 0x0000000643400000| PB 0x0000000643400000| Untracked |  0
|  217|0x0000000643800000, 0x0000000643800000, 0x0000000643c00000|  0%| F|  |TAMS 0x0000000643800000| PB 0x0000000643800000| Untracked |  0
|  218|0x0000000643c00000, 0x0000000643c00000, 0x0000000644000000|  0%| F|  |TAMS 0x0000000643c00000| PB 0x0000000643c00000| Untracked |  0
|  219|0x0000000644000000, 0x0000000644000000, 0x0000000644400000|  0%| F|  |TAMS 0x0000000644000000| PB 0x0000000644000000| Untracked |  0
|  220|0x0000000644400000, 0x0000000644400000, 0x0000000644800000|  0%| F|  |TAMS 0x0000000644400000| PB 0x0000000644400000| Untracked |  0
|  221|0x0000000644800000, 0x0000000644800000, 0x0000000644c00000|  0%| F|  |TAMS 0x0000000644800000| PB 0x0000000644800000| Untracked |  0
|  222|0x0000000644c00000, 0x0000000644c00000, 0x0000000645000000|  0%| F|  |TAMS 0x0000000644c00000| PB 0x0000000644c00000| Untracked |  0
|  223|0x0000000645000000, 0x0000000645000000, 0x0000000645400000|  0%| F|  |TAMS 0x0000000645000000| PB 0x0000000645000000| Untracked |  0
|  224|0x0000000645400000, 0x0000000645400000, 0x0000000645800000|  0%| F|  |TAMS 0x0000000645400000| PB 0x0000000645400000| Untracked |  0
|  225|0x0000000645800000, 0x0000000645800000, 0x0000000645c00000|  0%| F|  |TAMS 0x0000000645800000| PB 0x0000000645800000| Untracked |  0
|  226|0x0000000645c00000, 0x0000000645c00000, 0x0000000646000000|  0%| F|  |TAMS 0x0000000645c00000| PB 0x0000000645c00000| Untracked |  0
|  227|0x0000000646000000, 0x0000000646000000, 0x0000000646400000|  0%| F|  |TAMS 0x0000000646000000| PB 0x0000000646000000| Untracked |  0
|  228|0x0000000646400000, 0x0000000646400000, 0x0000000646800000|  0%| F|  |TAMS 0x0000000646400000| PB 0x0000000646400000| Untracked |  0
|  229|0x0000000646800000, 0x0000000646800000, 0x0000000646c00000|  0%| F|  |TAMS 0x0000000646800000| PB 0x0000000646800000| Untracked |  0
|  230|0x0000000646c00000, 0x0000000646c00000, 0x0000000647000000|  0%| F|  |TAMS 0x0000000646c00000| PB 0x0000000646c00000| Untracked |  0
|  231|0x0000000647000000, 0x0000000647000000, 0x0000000647400000|  0%| F|  |TAMS 0x0000000647000000| PB 0x0000000647000000| Untracked |  0
|  232|0x0000000647400000, 0x0000000647400000, 0x0000000647800000|  0%| F|  |TAMS 0x0000000647400000| PB 0x0000000647400000| Untracked |  0
|  233|0x0000000647800000, 0x0000000647800000, 0x0000000647c00000|  0%| F|  |TAMS 0x0000000647800000| PB 0x0000000647800000| Untracked |  0
|  234|0x0000000647c00000, 0x0000000647c00000, 0x0000000648000000|  0%| F|  |TAMS 0x0000000647c00000| PB 0x0000000647c00000| Untracked |  0
|  235|0x0000000648000000, 0x0000000648000000, 0x0000000648400000|  0%| F|  |TAMS 0x0000000648000000| PB 0x0000000648000000| Untracked |  0
|  236|0x0000000648400000, 0x0000000648400000, 0x0000000648800000|  0%| F|  |TAMS 0x0000000648400000| PB 0x0000000648400000| Untracked |  0
|  237|0x0000000648800000, 0x0000000648800000, 0x0000000648c00000|  0%| F|  |TAMS 0x0000000648800000| PB 0x0000000648800000| Untracked |  0
|  238|0x0000000648c00000, 0x0000000648c00000, 0x0000000649000000|  0%| F|  |TAMS 0x0000000648c00000| PB 0x0000000648c00000| Untracked |  0
|  239|0x0000000649000000, 0x0000000649000000, 0x0000000649400000|  0%| F|  |TAMS 0x0000000649000000| PB 0x0000000649000000| Untracked |  0
|  240|0x0000000649400000, 0x0000000649400000, 0x0000000649800000|  0%| F|  |TAMS 0x0000000649400000| PB 0x0000000649400000| Untracked |  0
|  241|0x0000000649800000, 0x0000000649800000, 0x0000000649c00000|  0%| F|  |TAMS 0x0000000649800000| PB 0x0000000649800000| Untracked |  0
|  242|0x0000000649c00000, 0x0000000649c00000, 0x000000064a000000|  0%| F|  |TAMS 0x0000000649c00000| PB 0x0000000649c00000| Untracked |  0
|  243|0x000000064a000000, 0x000000064a000000, 0x000000064a400000|  0%| F|  |TAMS 0x000000064a000000| PB 0x000000064a000000| Untracked |  0
|  244|0x000000064a400000, 0x000000064a400000, 0x000000064a800000|  0%| F|  |TAMS 0x000000064a400000| PB 0x000000064a400000| Untracked |  0
|  245|0x000000064a800000, 0x000000064a800000, 0x000000064ac00000|  0%| F|  |TAMS 0x000000064a800000| PB 0x000000064a800000| Untracked |  0
|  246|0x000000064ac00000, 0x000000064ac00000, 0x000000064b000000|  0%| F|  |TAMS 0x000000064ac00000| PB 0x000000064ac00000| Untracked |  0
|  247|0x000000064b000000, 0x000000064b385228, 0x000000064b400000| 88%| S|CS|TAMS 0x000000064b000000| PB 0x000000064b000000| Complete  |  0
|  248|0x000000064b400000, 0x000000064b800000, 0x000000064b800000|100%| S|CS|TAMS 0x000000064b400000| PB 0x000000064b400000| Complete  |  0
|  249|0x000000064b800000, 0x000000064bc00000, 0x000000064bc00000|100%| S|CS|TAMS 0x000000064b800000| PB 0x000000064b800000| Complete  |  0
|  250|0x000000064bc00000, 0x000000064c000000, 0x000000064c000000|100%| S|CS|TAMS 0x000000064bc00000| PB 0x000000064bc00000| Complete  |  0
|  251|0x000000064c000000, 0x000000064c400000, 0x000000064c400000|100%| S|CS|TAMS 0x000000064c000000| PB 0x000000064c000000| Complete  |  0
|  252|0x000000064c400000, 0x000000064c800000, 0x000000064c800000|100%| S|CS|TAMS 0x000000064c400000| PB 0x000000064c400000| Complete  |  0
|  253|0x000000064c800000, 0x000000064cc00000, 0x000000064cc00000|100%| S|CS|TAMS 0x000000064c800000| PB 0x000000064c800000| Complete  |  0
|  254|0x000000064cc00000, 0x000000064d000000, 0x000000064d000000|100%| S|CS|TAMS 0x000000064cc00000| PB 0x000000064cc00000| Complete  |  0
|  255|0x000000064d000000, 0x000000064d400000, 0x000000064d400000|100%| S|CS|TAMS 0x000000064d000000| PB 0x000000064d000000| Complete  |  0
|  256|0x000000064d400000, 0x000000064d800000, 0x000000064d800000|100%| S|CS|TAMS 0x000000064d400000| PB 0x000000064d400000| Complete  |  0
|  257|0x000000064d800000, 0x000000064dc00000, 0x000000064dc00000|100%| S|CS|TAMS 0x000000064d800000| PB 0x000000064d800000| Complete  |  0
|  258|0x000000064dc00000, 0x000000064dc00000, 0x000000064e000000|  0%| F|  |TAMS 0x000000064dc00000| PB 0x000000064dc00000| Untracked |  0
|  259|0x000000064e000000, 0x000000064e000000, 0x000000064e400000|  0%| F|  |TAMS 0x000000064e000000| PB 0x000000064e000000| Untracked |  0
|  260|0x000000064e400000, 0x000000064e800000, 0x000000064e800000|100%| S|CS|TAMS 0x000000064e400000| PB 0x000000064e400000| Complete  |  0
|  261|0x000000064e800000, 0x000000064e800000, 0x000000064ec00000|  0%| F|  |TAMS 0x000000064e800000| PB 0x000000064e800000| Untracked |  0
|  262|0x000000064ec00000, 0x000000064ec00000, 0x000000064f000000|  0%| F|  |TAMS 0x000000064ec00000| PB 0x000000064ec00000| Untracked |  0
|  263|0x000000064f000000, 0x000000064f000000, 0x000000064f400000|  0%| F|  |TAMS 0x000000064f000000| PB 0x000000064f000000| Untracked |  0
|  264|0x000000064f400000, 0x000000064f400000, 0x000000064f800000|  0%| F|  |TAMS 0x000000064f400000| PB 0x000000064f400000| Untracked |  0
|  265|0x000000064f800000, 0x000000064f800000, 0x000000064fc00000|  0%| F|  |TAMS 0x000000064f800000| PB 0x000000064f800000| Untracked |  0
|  266|0x000000064fc00000, 0x000000064fc00000, 0x0000000650000000|  0%| F|  |TAMS 0x000000064fc00000| PB 0x000000064fc00000| Untracked |  0
|  267|0x0000000650000000, 0x0000000650000000, 0x0000000650400000|  0%| F|  |TAMS 0x0000000650000000| PB 0x0000000650000000| Untracked |  0
|  268|0x0000000650400000, 0x0000000650400000, 0x0000000650800000|  0%| F|  |TAMS 0x0000000650400000| PB 0x0000000650400000| Untracked |  0
|  269|0x0000000650800000, 0x0000000650800000, 0x0000000650c00000|  0%| F|  |TAMS 0x0000000650800000| PB 0x0000000650800000| Untracked |  0
|  270|0x0000000650c00000, 0x0000000650c00000, 0x0000000651000000|  0%| F|  |TAMS 0x0000000650c00000| PB 0x0000000650c00000| Untracked |  0
|  271|0x0000000651000000, 0x0000000651000000, 0x0000000651400000|  0%| F|  |TAMS 0x0000000651000000| PB 0x0000000651000000| Untracked |  0
|  272|0x0000000651400000, 0x0000000651400000, 0x0000000651800000|  0%| F|  |TAMS 0x0000000651400000| PB 0x0000000651400000| Untracked |  0
|  273|0x0000000651800000, 0x0000000651800000, 0x0000000651c00000|  0%| F|  |TAMS 0x0000000651800000| PB 0x0000000651800000| Untracked |  0
|  274|0x0000000651c00000, 0x0000000651c00000, 0x0000000652000000|  0%| F|  |TAMS 0x0000000651c00000| PB 0x0000000651c00000| Untracked |  0
|  275|0x0000000652000000, 0x0000000652000000, 0x0000000652400000|  0%| F|  |TAMS 0x0000000652000000| PB 0x0000000652000000| Untracked |  0
|  276|0x0000000652400000, 0x0000000652400000, 0x0000000652800000|  0%| F|  |TAMS 0x0000000652400000| PB 0x0000000652400000| Untracked |  0
|  277|0x0000000652800000, 0x0000000652800000, 0x0000000652c00000|  0%| F|  |TAMS 0x0000000652800000| PB 0x0000000652800000| Untracked |  0
|  278|0x0000000652c00000, 0x0000000652c00000, 0x0000000653000000|  0%| F|  |TAMS 0x0000000652c00000| PB 0x0000000652c00000| Untracked |  0
|  279|0x0000000653000000, 0x0000000653000000, 0x0000000653400000|  0%| F|  |TAMS 0x0000000653000000| PB 0x0000000653000000| Untracked |  0
|  280|0x0000000653400000, 0x0000000653400000, 0x0000000653800000|  0%| F|  |TAMS 0x0000000653400000| PB 0x0000000653400000| Untracked |  0
|  281|0x0000000653800000, 0x0000000653800000, 0x0000000653c00000|  0%| F|  |TAMS 0x0000000653800000| PB 0x0000000653800000| Untracked |  0
|  282|0x0000000653c00000, 0x0000000653c00000, 0x0000000654000000|  0%| F|  |TAMS 0x0000000653c00000| PB 0x0000000653c00000| Untracked |  0
|  283|0x0000000654000000, 0x0000000654000000, 0x0000000654400000|  0%| F|  |TAMS 0x0000000654000000| PB 0x0000000654000000| Untracked |  0
|  284|0x0000000654400000, 0x0000000654400000, 0x0000000654800000|  0%| F|  |TAMS 0x0000000654400000| PB 0x0000000654400000| Untracked |  0
|  285|0x0000000654800000, 0x0000000654800000, 0x0000000654c00000|  0%| F|  |TAMS 0x0000000654800000| PB 0x0000000654800000| Untracked |  0
|  286|0x0000000654c00000, 0x0000000654c00000, 0x0000000655000000|  0%| F|  |TAMS 0x0000000654c00000| PB 0x0000000654c00000| Untracked |  0
|  287|0x0000000655000000, 0x0000000655000000, 0x0000000655400000|  0%| F|  |TAMS 0x0000000655000000| PB 0x0000000655000000| Untracked |  0
|  288|0x0000000655400000, 0x0000000655400000, 0x0000000655800000|  0%| F|  |TAMS 0x0000000655400000| PB 0x0000000655400000| Untracked |  0
|  289|0x0000000655800000, 0x0000000655800000, 0x0000000655c00000|  0%| F|  |TAMS 0x0000000655800000| PB 0x0000000655800000| Untracked |  0
|  290|0x0000000655c00000, 0x0000000655c00000, 0x0000000656000000|  0%| F|  |TAMS 0x0000000655c00000| PB 0x0000000655c00000| Untracked |  0
|  291|0x0000000656000000, 0x0000000656000000, 0x0000000656400000|  0%| F|  |TAMS 0x0000000656000000| PB 0x0000000656000000| Untracked |  0
|  292|0x0000000656400000, 0x0000000656400000, 0x0000000656800000|  0%| F|  |TAMS 0x0000000656400000| PB 0x0000000656400000| Untracked |  0
|  293|0x0000000656800000, 0x0000000656800000, 0x0000000656c00000|  0%| F|  |TAMS 0x0000000656800000| PB 0x0000000656800000| Untracked |  0
|  294|0x0000000656c00000, 0x0000000656c00000, 0x0000000657000000|  0%| F|  |TAMS 0x0000000656c00000| PB 0x0000000656c00000| Untracked |  0
|  295|0x0000000657000000, 0x0000000657000000, 0x0000000657400000|  0%| F|  |TAMS 0x0000000657000000| PB 0x0000000657000000| Untracked |  0
|  296|0x0000000657400000, 0x0000000657400000, 0x0000000657800000|  0%| F|  |TAMS 0x0000000657400000| PB 0x0000000657400000| Untracked |  0
|  297|0x0000000657800000, 0x0000000657800000, 0x0000000657c00000|  0%| F|  |TAMS 0x0000000657800000| PB 0x0000000657800000| Untracked |  0
|  298|0x0000000657c00000, 0x0000000657c00000, 0x0000000658000000|  0%| F|  |TAMS 0x0000000657c00000| PB 0x0000000657c00000| Untracked |  0
|  299|0x0000000658000000, 0x0000000658000000, 0x0000000658400000|  0%| F|  |TAMS 0x0000000658000000| PB 0x0000000658000000| Untracked |  0
|  300|0x0000000658400000, 0x0000000658400000, 0x0000000658800000|  0%| F|  |TAMS 0x0000000658400000| PB 0x0000000658400000| Untracked |  0
|  301|0x0000000658800000, 0x0000000658800000, 0x0000000658c00000|  0%| F|  |TAMS 0x0000000658800000| PB 0x0000000658800000| Untracked |  0
|  302|0x0000000658c00000, 0x0000000658c00000, 0x0000000659000000|  0%| F|  |TAMS 0x0000000658c00000| PB 0x0000000658c00000| Untracked |  0
|  303|0x0000000659000000, 0x0000000659200000, 0x0000000659400000| 50%| E|CS|TAMS 0x0000000659000000| PB 0x0000000659000000| Complete  |  0
|  304|0x0000000659400000, 0x0000000659800000, 0x0000000659800000|100%| E|CS|TAMS 0x0000000659400000| PB 0x0000000659400000| Complete  |  0
|  305|0x0000000659800000, 0x0000000659c00000, 0x0000000659c00000|100%| E|CS|TAMS 0x0000000659800000| PB 0x0000000659800000| Complete  |  0
|  306|0x0000000659c00000, 0x000000065a000000, 0x000000065a000000|100%| E|CS|TAMS 0x0000000659c00000| PB 0x0000000659c00000| Complete  |  0
| 1986|0x00000007fdc00000, 0x00000007fe000000, 0x00000007fe000000|100%| O|  |TAMS 0x00000007fdc00000| PB 0x00000007fdc00000| Untracked |  0
| 1987|0x00000007fe000000, 0x00000007fe400000, 0x00000007fe400000|100%| O|  |TAMS 0x00000007fe000000| PB 0x00000007fe000000| Untracked |  0
| 1988|0x00000007fe400000, 0x00000007fe800000, 0x00000007fe800000|100%| O|  |TAMS 0x00000007fe400000| PB 0x00000007fe400000| Untracked |  0
| 1989|0x00000007fe800000, 0x00000007fec00000, 0x00000007fec00000|100%| O|  |TAMS 0x00000007fe800000| PB 0x00000007fe800000| Untracked |  0
| 1990|0x00000007fec00000, 0x00000007ff000000, 0x00000007ff000000|100%| O|  |TAMS 0x00000007fec00000| PB 0x00000007fec00000| Untracked |  0
| 1991|0x00000007ff000000, 0x00000007ff400000, 0x00000007ff400000|100%| E|CS|TAMS 0x00000007ff000000| PB 0x00000007ff000000| Complete  |  0
| 1992|0x00000007ff400000, 0x00000007ff800000, 0x00000007ff800000|100%| O|  |TAMS 0x00000007ff400000| PB 0x00000007ff400000| Untracked |  0
| 1993|0x00000007ff800000, 0x00000007ffc00000, 0x00000007ffc00000|100%| O|  |TAMS 0x00000007ff800000| PB 0x00000007ff800000| Untracked |  0
| 1994|0x00000007ffc00000, 0x0000000800000000, 0x0000000800000000|100%| E|CS|TAMS 0x00000007ffc00000| PB 0x00000007ffc00000| Complete  |  0

Card table byte_map: [0x0000016945570000,0x0000016946510000] _byte_map_base: 0x0000016942506000
Refinement table byte_map: [0x00000169445d0000,0x0000016945570000] _byte_map_base: 0x0000016941566000

Marking Bits: (CMBitMap*) 0x000001692b05b560
 Bits: [0x0000016946510000, 0x000001694e1c0000)

Polling page: 0x0000016928e10000

Metaspace:
Metaspace        used 10305K, committed 10560K, reserved 1114112K
 class space     used 644K, committed 768K, reserved 1048576K

Usage:
  Non-class:      9.44 MB used.
      Class:    644.03 KB used.
       Both:     10.06 MB used.

Virtual space:
  Non-class space:       64.00 MB reserved,       9.56 MB ( 15%) committed,  1 nodes.
      Class space:        1.00 GB reserved,     768.00 KB ( <1%) committed,  1 nodes.
             Both:        1.06 GB reserved,      10.31 MB ( <1%) committed. 

Chunk freelists:
   Non-Class:  5.18 MB
       Class:  15.29 MB
        Both:  20.48 MB

MaxMetaspaceSize: unlimited
CompressedClassSpaceSize: 1.00 GB
Initial GC threshold: 21.00 MB
Current GC threshold: 21.00 MB
CDS: on
 - commit_granule_bytes: 65536.
 - commit_granule_words: 8192.
 - virtual_space_node_default_size: 8388608.
 - enlarge_chunks_in_place: 1.
UseCompressedClassPointers 1, UseCompactObjectHeaders 0
Narrow klass pointer bits 32, Max shift 3
Narrow klass base: 0x0000000002000000, Narrow klass shift: 0
Encoding Range: [0x0000000002000000 - 0x0000000102000000), (4294967296 bytes)
Klass Range:    [0x0000000002000000 - 0x0000000043000000), (1090519040 bytes)
Klass ID Range:  [8 - 1090519033) (1090519025)
Protection zone: [0x0000000002000000 - 0x0000000002010000), (65536 bytes)


Internal statistics:

num_allocs_failed_limit: 0.
num_arena_births: 126.
num_arena_deaths: 0.
num_vsnodes_births: 2.
num_vsnodes_deaths: 0.
num_space_committed: 164.
num_space_uncommitted: 0.
num_chunks_returned_to_freelist: 0.
num_chunks_taken_from_freelist: 433.
num_chunk_merges: 0.
num_chunk_splits: 312.
num_chunks_enlarged: 247.
num_inconsistent_stats: 0.

CodeHeap 'non-profiled nmethods': size=119168Kb used=1677Kb max_used=1677Kb free=117490Kb
 bounds [0x000001693b840000, 0x000001693bab0000, 0x0000016942ca0000]
CodeHeap 'profiled nmethods': size=119168Kb used=3054Kb max_used=3054Kb free=116114Kb
 bounds [0x0000016933c90000, 0x0000016933f90000, 0x000001693b0f0000]
CodeHeap 'non-nmethods': size=7488Kb used=3035Kb max_used=4288Kb free=4452Kb
 bounds [0x000001693b0f0000, 0x000001693b530000, 0x000001693b840000]
CodeCache: size=245824Kb, used=7766Kb, max_used=9019Kb, free=238056Kb
 total_blobs=3448, nmethods=2154, adapters=1198, full_count=0
Compilation: enabled, stopped_count=0, restarted_count=0

Compilation events (20 events):
Event: 5.753 Thread 0x0000016950aeac50 2382       4       java.util.SplittableRandom::<init> (9 bytes)
Event: 5.753 Thread 0x0000016950aeac50 nmethod 2382 0x000001693b9e1688 code [0x000001693b9e1780, 0x000001693b9e18f8]
Event: 5.782 Thread 0x0000016950aeac50 2383       4       com.szymc.voxel_engine.LightingTask::updateBlockLighting (484 bytes)
Event: 5.786 Thread 0x0000016950aeac50 nmethod 2383 0x000001693b9e1988 code [0x000001693b9e1a80, 0x000001693b9e1f80]
Event: 5.914 Thread 0x0000016950aeb450 2384       3       com.szymc.voxel_engine.World$$Lambda/0x000000000306ea40::compare (12 bytes)
Event: 5.914 Thread 0x000001695125f890 2385       3       com.szymc.voxel_engine.World::lambda$new$1 (22 bytes)
Event: 5.914 Thread 0x0000016950aeb450 nmethod 2384 0x0000016933f87288 code [0x0000016933f87380, 0x0000016933f87a68]
Event: 5.914 Thread 0x000001695125f890 nmethod 2385 0x0000016933f87a88 code [0x0000016933f87b80, 0x0000016933f88028]
Event: 5.986 Thread 0x0000016950aeac50 2386       4       java.util.concurrent.locks.ReentrantLock$Sync::tryRelease (51 bytes)
Event: 5.987 Thread 0x0000016950aeac50 nmethod 2386 0x000001693b9e2008 code [0x000001693b9e2100, 0x000001693b9e2250]
Event: 6.009 Thread 0x0000016950aeac50 2387       4       jdk.internal.classfile.impl.EntryMap::firstToken (50 bytes)
Event: 6.009 Thread 0x000001695125f890 2388       1       jdk.internal.constant.PrimitiveClassDescImpl::isPrimitive (2 bytes)
Event: 6.009 Thread 0x0000016950aeb450 2389   !   3       jdk.internal.classfile.impl.StackMapGenerator::detectFrames (498 bytes)
Event: 6.009 Thread 0x000001695125f890 nmethod 2388 0x000001693b9e2308 code [0x000001693b9e2400, 0x000001693b9e24b8]
Event: 6.009 Thread 0x000001695125f890 2390       3       jdk.internal.classfile.impl.StackMapGenerator::processMethod (258 bytes)
Event: 6.009 Thread 0x0000016950aeac50 nmethod 2387 0x000001693b9e2c08 code [0x000001693b9e2d00, 0x000001693b9e2e18]
Event: 6.010 Thread 0x000001695125f890 nmethod 2390 0x0000016933f88088 code [0x0000016933f88180, 0x0000016933f89468]
Event: 6.010 Thread 0x0000016950aeb450 nmethod 2389 0x0000016933f89488 code [0x0000016933f89580, 0x0000016933f8b3d8]
Event: 6.010 Thread 0x0000016950aeb450 2395       3       java.nio.ByteBuffer::arrayOffset (35 bytes)
Event: 6.010 Thread 0x0000016950aeb450 nmethod 2395 0x0000016933f8b408 code [0x0000016933f8b500, 0x0000016933f8b7b8]

GC Heap Usage History (20 events):
Event: 3.457 {heap Before GC invocations=37 (full 0):
 garbage-first heap   total reserved 8171520K, committed 819200K, used 534942K [0x000000060d400000, 0x0000000800000000)
  region size 4M, 34 eden (136M), 10 survivor (40M), 18 old (72M), 72 humongous (288M), 66 free (264M)
}
Event: 3.460 {heap After GC invocations=38 (full 0):
 garbage-first heap   total reserved 8171520K, committed 1015808K, used 132956K [0x000000060d400000, 0x0000000800000000)
  region size 4M, 0 eden (0M), 9 survivor (36M), 20 old (80M), 4 humongous (16M), 215 free (860M)
}
Event: 3.700 {heap Before GC invocations=38 (full 0):
 garbage-first heap   total reserved 8171520K, committed 1015808K, used 640860K [0x000000060d400000, 0x0000000800000000)
  region size 4M, 39 eden (156M), 9 survivor (36M), 20 old (80M), 91 humongous (364M), 89 free (356M)
}
Event: 3.702 {heap After GC invocations=39 (full 0):
 garbage-first heap   total reserved 8171520K, committed 1015808K, used 148985K [0x000000060d400000, 0x0000000800000000)
  region size 4M, 0 eden (0M), 11 survivor (44M), 20 old (80M), 6 humongous (24M), 211 free (844M)
}
Event: 3.927 {heap Before GC invocations=39 (full 0):
 garbage-first heap   total reserved 8171520K, committed 1015808K, used 648697K [0x000000060d400000, 0x0000000800000000)
  region size 4M, 39 eden (156M), 11 survivor (44M), 20 old (80M), 91 humongous (364M), 87 free (348M)
}
Event: 3.930 {heap After GC invocations=40 (full 0):
 garbage-first heap   total reserved 8171520K, committed 1015808K, used 152921K [0x000000060d400000, 0x0000000800000000)
  region size 4M, 0 eden (0M), 13 survivor (52M), 20 old (80M), 5 humongous (20M), 210 free (840M)
}
Event: 4.157 {heap Before GC invocations=40 (full 0):
 garbage-first heap   total reserved 8171520K, committed 1015808K, used 652633K [0x000000060d400000, 0x0000000800000000)
  region size 4M, 39 eden (156M), 13 survivor (52M), 20 old (80M), 90 humongous (360M), 86 free (344M)
}
Event: 4.161 {heap After GC invocations=41 (full 0):
 garbage-first heap   total reserved 8171520K, committed 1015808K, used 163180K [0x000000060d400000, 0x0000000800000000)
  region size 4M, 0 eden (0M), 12 survivor (48M), 23 old (92M), 6 humongous (24M), 207 free (828M)
}
Event: 4.381 {heap Before GC invocations=41 (full 0):
 garbage-first heap   total reserved 8171520K, committed 1015808K, used 658796K [0x000000060d400000, 0x0000000800000000)
  region size 4M, 40 eden (160M), 12 survivor (48M), 23 old (92M), 89 humongous (356M), 84 free (336M)
}
Event: 4.384 {heap After GC invocations=42 (full 0):
 garbage-first heap   total reserved 8171520K, committed 1015808K, used 164754K [0x000000060d400000, 0x0000000800000000)
  region size 4M, 0 eden (0M), 13 survivor (52M), 24 old (96M), 4 humongous (16M), 207 free (828M)
}
Event: 4.592 {heap Before GC invocations=42 (full 0):
 garbage-first heap   total reserved 8171520K, committed 1015808K, used 656274K [0x000000060d400000, 0x0000000800000000)
  region size 4M, 40 eden (160M), 13 survivor (52M), 24 old (96M), 86 humongous (344M), 85 free (340M)
}
Event: 4.596 {heap After GC invocations=43 (full 0):
 garbage-first heap   total reserved 8171520K, committed 1294336K, used 168411K [0x000000060d400000, 0x0000000800000000)
  region size 4M, 0 eden (0M), 12 survivor (48M), 27 old (108M), 3 humongous (12M), 274 free (1096M)
}
Event: 4.886 {heap Before GC invocations=43 (full 0):
 garbage-first heap   total reserved 8171520K, committed 1294336K, used 823771K [0x000000060d400000, 0x0000000800000000)
  region size 4M, 51 eden (204M), 12 survivor (48M), 27 old (108M), 114 humongous (456M), 112 free (448M)
}
Event: 4.890 {heap After GC invocations=44 (full 0):
 garbage-first heap   total reserved 8171520K, committed 1294336K, used 192582K [0x000000060d400000, 0x0000000800000000)
  region size 4M, 0 eden (0M), 16 survivor (64M), 27 old (108M), 5 humongous (20M), 268 free (1072M)
}
Event: 5.178 {heap Before GC invocations=44 (full 0):
 garbage-first heap   total reserved 8171520K, committed 1294336K, used 839750K [0x000000060d400000, 0x0000000800000000)
  region size 4M, 51 eden (204M), 16 survivor (64M), 27 old (108M), 114 humongous (456M), 108 free (432M)
}
Event: 5.182 {heap After GC invocations=45 (full 0):
 garbage-first heap   total reserved 8171520K, committed 1294336K, used 196178K [0x000000060d400000, 0x0000000800000000)
  region size 4M, 0 eden (0M), 17 survivor (68M), 29 old (116M), 3 humongous (12M), 267 free (1068M)
}
Event: 5.480 {heap Before GC invocations=45 (full 0):
 garbage-first heap   total reserved 8171520K, committed 1294336K, used 847442K [0x000000060d400000, 0x0000000800000000)
  region size 4M, 51 eden (204M), 17 survivor (68M), 29 old (116M), 113 humongous (452M), 106 free (424M)
}
Event: 5.485 {heap After GC invocations=46 (full 0):
 garbage-first heap   total reserved 8171520K, committed 1294336K, used 224775K [0x000000060d400000, 0x0000000800000000)
  region size 4M, 0 eden (0M), 15 survivor (60M), 34 old (136M), 7 humongous (28M), 260 free (1040M)
}
Event: 5.767 {heap Before GC invocations=46 (full 0):
 garbage-first heap   total reserved 8171520K, committed 1294336K, used 835079K [0x000000060d400000, 0x0000000800000000)
  region size 4M, 49 eden (196M), 15 survivor (60M), 34 old (136M), 109 humongous (436M), 109 free (436M)
}
Event: 5.771 {heap After GC invocations=47 (full 0):
 garbage-first heap   total reserved 8171520K, committed 1294336K, used 228635K [0x000000060d400000, 0x0000000800000000)
  region size 4M, 0 eden (0M), 16 survivor (64M), 35 old (140M), 5 humongous (20M), 260 free (1040M)
}

Metaspace Usage History (20 events):
Event: 3.457 {metaspace Before GC invocations=37 (full 0):
 Metaspace       used 10257K, committed 10496K, reserved 1114112K
  class space    used 642K, committed 768K, reserved 1048576K
}
Event: 3.460 {metaspace After GC invocations=38 (full 0):
 Metaspace       used 10257K, committed 10496K, reserved 1114112K
  class space    used 642K, committed 768K, reserved 1048576K
}
Event: 3.700 {metaspace Before GC invocations=38 (full 0):
 Metaspace       used 10263K, committed 10496K, reserved 1114112K
  class space    used 642K, committed 768K, reserved 1048576K
}
Event: 3.702 {metaspace After GC invocations=39 (full 0):
 Metaspace       used 10263K, committed 10496K, reserved 1114112K
  class space    used 642K, committed 768K, reserved 1048576K
}
Event: 3.927 {metaspace Before GC invocations=39 (full 0):
 Metaspace       used 10264K, committed 10496K, reserved 1114112K
  class space    used 642K, committed 768K, reserved 1048576K
}
Event: 3.930 {metaspace After GC invocations=40 (full 0):
 Metaspace       used 10264K, committed 10496K, reserved 1114112K
  class space    used 642K, committed 768K, reserved 1048576K
}
Event: 4.157 {metaspace Before GC invocations=40 (full 0):
 Metaspace       used 10281K, committed 10496K, reserved 1114112K
  class space    used 642K, committed 768K, reserved 1048576K
}
Event: 4.161 {metaspace After GC invocations=41 (full 0):
 Metaspace       used 10281K, committed 10496K, reserved 1114112K
  class space    used 642K, committed 768K, reserved 1048576K
}
Event: 4.381 {metaspace Before GC invocations=41 (full 0):
 Metaspace       used 10289K, committed 10496K, reserved 1114112K
  class space    used 642K, committed 768K, reserved 1048576K
}
Event: 4.384 {metaspace After GC invocations=42 (full 0):
 Metaspace       used 10289K, committed 10496K, reserved 1114112K
  class space    used 642K, committed 768K, reserved 1048576K
}
Event: 4.592 {metaspace Before GC invocations=42 (full 0):
 Metaspace       used 10289K, committed 10496K, reserved 1114112K
  class space    used 642K, committed 768K, reserved 1048576K
}
Event: 4.596 {metaspace After GC invocations=43 (full 0):
 Metaspace       used 10289K, committed 10496K, reserved 1114112K
  class space    used 642K, committed 768K, reserved 1048576K
}
Event: 4.886 {metaspace Before GC invocations=43 (full 0):
 Metaspace       used 10291K, committed 10496K, reserved 1114112K
  class space    used 642K, committed 768K, reserved 1048576K
}
Event: 4.890 {metaspace After GC invocations=44 (full 0):
 Metaspace       used 10291K, committed 10496K, reserved 1114112K
  class space    used 642K, committed 768K, reserved 1048576K
}
Event: 5.178 {metaspace Before GC invocations=44 (full 0):
 Metaspace       used 10291K, committed 10496K, reserved 1114112K
  class space    used 642K, committed 768K, reserved 1048576K
}
Event: 5.182 {metaspace After GC invocations=45 (full 0):
 Metaspace       used 10291K, committed 10496K, reserved 1114112K
  class space    used 642K, committed 768K, reserved 1048576K
}
Event: 5.480 {metaspace Before GC invocations=45 (full 0):
 Metaspace       used 10291K, committed 10496K, reserved 1114112K
  class space    used 642K, committed 768K, reserved 1048576K
}
Event: 5.485 {metaspace After GC invocations=46 (full 0):
 Metaspace       used 10291K, committed 10496K, reserved 1114112K
  class space    used 642K, committed 768K, reserved 1048576K
}
Event: 5.767 {metaspace Before GC invocations=46 (full 0):
 Metaspace       used 10291K, committed 10496K, reserved 1114112K
  class space    used 642K, committed 768K, reserved 1048576K
}
Event: 5.771 {metaspace After GC invocations=47 (full 0):
 Metaspace       used 10291K, committed 10496K, reserved 1114112K
  class space    used 642K, committed 768K, reserved 1048576K
}

Dll operation events (20 events):
Event: 0.033 Attempting to load shared library C:\Users\Tommy\.jdks\openjdk-26.0.1\bin\instrument.dll
Event: 0.033 Loaded shared library C:\Users\Tommy\.jdks\openjdk-26.0.1\bin\instrument.dll
Event: 0.035 Attempting to load shared library C:\Users\Tommy\.jdks\openjdk-26.0.1\bin\net.dll
Event: 0.035 Loaded shared library C:\Users\Tommy\.jdks\openjdk-26.0.1\bin\net.dll
Event: 0.036 Attempting to load shared library C:\Users\Tommy\.jdks\openjdk-26.0.1\bin\nio.dll
Event: 0.036 Loaded shared library C:\Users\Tommy\.jdks\openjdk-26.0.1\bin\nio.dll
Event: 0.038 Attempting to load shared library C:\Users\Tommy\.jdks\openjdk-26.0.1\bin\zip.dll
Event: 0.038 Loaded shared library C:\Users\Tommy\.jdks\openjdk-26.0.1\bin\zip.dll
Event: 0.054 Attempting to load shared library C:\Users\Tommy\.jdks\openjdk-26.0.1\bin\verify.dll
Event: 0.054 Loaded shared library C:\Users\Tommy\.jdks\openjdk-26.0.1\bin\verify.dll
Event: 0.058 Attempting to load shared library C:\Users\Tommy\.jdks\openjdk-26.0.1\bin\extnet.dll
Event: 0.058 Loaded shared library C:\Users\Tommy\.jdks\openjdk-26.0.1\bin\extnet.dll
Event: 0.069 Attempting to load shared library C:\Users\Tommy\.jdks\openjdk-26.0.1\bin\jimage.dll
Event: 0.069 Loaded shared library C:\Users\Tommy\.jdks\openjdk-26.0.1\bin\jimage.dll
Event: 0.139 Attempting to load shared library C:\Users\Tommy\AppData\Local\Temp\lwjgl_Tommy\3.3.4+7\x64\lwjgl.dll
Event: 0.139 Loaded shared library C:\Users\Tommy\AppData\Local\Temp\lwjgl_Tommy\3.3.4+7\x64\lwjgl.dll
Event: 0.284 Attempting to load shared library C:\Users\Tommy\AppData\Local\Temp\lwjgl_Tommy\3.3.4+7\x64\lwjgl_opengl.dll
Event: 0.285 Loaded shared library C:\Users\Tommy\AppData\Local\Temp\lwjgl_Tommy\3.3.4+7\x64\lwjgl_opengl.dll
Event: 0.385 Attempting to load shared library C:\Users\Tommy\AppData\Local\Temp\lwjgl_Tommy\3.3.4+7\x64\lwjgl_stb.dll
Event: 0.385 Loaded shared library C:\Users\Tommy\AppData\Local\Temp\lwjgl_Tommy\3.3.4+7\x64\lwjgl_stb.dll

Deoptimization events (20 events):
Event: 5.597 Thread 0x0000016956d37600 Uncommon trap: trap_request=0xffffff45 fr.pc=0x000001693b8e8a70 relative=0x0000000000000a70
Event: 5.597 Thread 0x0000016956d37600 Uncommon trap: reason=unstable_if action=reinterpret pc=0x000001693b8e8a70 method=com.szymc.voxel_engine.LightingTask.updateSkyLighting()V @ 252 c2
Event: 5.597 Thread 0x0000016956d37600 DEOPT PACKING pc=0x000001693b8e8a70 sp=0x00000022cb3ff4d0
Event: 5.597 Thread 0x0000016956d37600 DEOPT UNPACKING pc=0x000001693b223f82 sp=0x00000022cb3ff480 mode 2
Event: 5.597 Thread 0x0000016956d37600 Uncommon trap: trap_request=0xffffff45 fr.pc=0x000001693b8e7c44 relative=0x0000000000000bc4
Event: 5.597 Thread 0x0000016956d37600 Uncommon trap: reason=unstable_if action=reinterpret pc=0x000001693b8e7c44 method=com.szymc.voxel_engine.LightingTask.updateSkyLighting()V @ 252 c2
Event: 5.597 Thread 0x0000016956d37600 DEOPT PACKING pc=0x000001693b8e7c44 sp=0x00000022cb3ff4d0
Event: 5.597 Thread 0x0000016956d37600 DEOPT UNPACKING pc=0x000001693b223f82 sp=0x00000022cb3ff480 mode 2
Event: 5.606 Thread 0x0000016956d3c570 DEOPT PACKING pc=0x0000016933f85f88 sp=0x00000022cb5feea0
Event: 5.606 Thread 0x0000016956d3c570 DEOPT UNPACKING pc=0x000001693b1415a2 sp=0x00000022cb5fe388 mode 0
Event: 5.606 Thread 0x0000016956d37600 DEOPT PACKING pc=0x0000016933f87122 sp=0x00000022cb3ff450
Event: 5.606 Thread 0x0000016956d2ee30 DEOPT PACKING pc=0x0000016933f85f88 sp=0x00000022cb2ff010
Event: 5.606 Thread 0x0000016956d37600 DEOPT UNPACKING pc=0x000001693b1415a2 sp=0x00000022cb3fe978 mode 0
Event: 5.606 Thread 0x0000016956d2ee30 DEOPT UNPACKING pc=0x000001693b1415a2 sp=0x00000022cb2fe4f8 mode 0
Event: 5.782 Thread 0x0000016956d3c570 DEOPT PACKING pc=0x0000016933f3f5c7 sp=0x00000022cb5fee90
Event: 5.782 Thread 0x0000016956d3c570 DEOPT UNPACKING pc=0x000001693b1415a2 sp=0x00000022cb5fe308 mode 0
Event: 6.010 Thread 0x000001692afeca10 Uncommon trap: trap_request=0xffffff45 fr.pc=0x000001693b9d0790 relative=0x00000000000031f0
Event: 6.010 Thread 0x000001692afeca10 Uncommon trap: reason=unstable_if action=reinterpret pc=0x000001693b9d0790 method=com.szymc.voxel_engine.Engine.render()V @ 2239 c2
Event: 6.010 Thread 0x000001692afeca10 DEOPT PACKING pc=0x000001693b9d0790 sp=0x00000022c81ff7d0
Event: 6.010 Thread 0x000001692afeca10 DEOPT UNPACKING pc=0x000001693b223f82 sp=0x00000022c81ff740 mode 2

Classes loaded (20 events):
Event: 0.548 Loading class java/util/SplittableRandom
Event: 0.548 Loading class java/util/random/RandomGenerator$SplittableGenerator
Event: 0.548 Loading class java/util/random/RandomGenerator$StreamableGenerator
Event: 0.548 Loading class java/util/random/RandomGenerator$StreamableGenerator done
Event: 0.548 Loading class java/util/random/RandomGenerator$SplittableGenerator done
Event: 0.548 Loading class java/util/SplittableRandom done
Event: 0.548 Loading class java/util/SplittableRandom$AbstractSplittableGeneratorProxy
Event: 0.548 Loading class jdk/internal/util/random/RandomSupport$AbstractSplittableGenerator
Event: 0.548 Loading class jdk/internal/util/random/RandomSupport$AbstractSpliteratorGenerator
Event: 0.548 Loading class jdk/internal/util/random/RandomSupport$AbstractSpliteratorGenerator done
Event: 0.548 Loading class jdk/internal/util/random/RandomSupport$AbstractSplittableGenerator done
Event: 0.548 Loading class java/util/SplittableRandom$AbstractSplittableGeneratorProxy done
Event: 2.158 Loading class java/util/concurrent/locks/AbstractQueuedSynchronizer$ExclusiveNode
Event: 2.158 Loading class java/util/concurrent/locks/AbstractQueuedSynchronizer$Node
Event: 2.158 Loading class java/util/concurrent/locks/AbstractQueuedSynchronizer$Node done
Event: 2.158 Loading class java/util/concurrent/locks/AbstractQueuedSynchronizer$ExclusiveNode done
Event: 2.158 Loading class java/util/concurrent/locks/AbstractQueuedSynchronizer$ConditionNode
Event: 2.158 Loading class java/util/concurrent/ForkJoinPool$ManagedBlocker
Event: 2.158 Loading class java/util/concurrent/ForkJoinPool$ManagedBlocker done
Event: 2.158 Loading class java/util/concurrent/locks/AbstractQueuedSynchronizer$ConditionNode done

Classes unloaded (0 events):
No events

Classes redefined (0 events):
No events

Internal exceptions (20 events):
Event: 0.160 Thread 0x000001692afeca10 Exception <a 'java/lang/NoSuchMethodError'{0x000000060da0a130}: 'java.lang.Object java.lang.invoke.DirectMethodHandle$Holder.newInvokeSpecial(java.lang.Object, java.lang.Object, int)'> (0x000000060da0a130) 
thrown [s\open\src\hotspot\share\interpreter\linkResolver.cpp, line 804]
Event: 0.161 Thread 0x000001692afeca10 Exception <a 'java/lang/NoSuchMethodError'{0x000000060da20bb0}: 'int java.lang.invoke.DirectMethodHandle$Holder.invokeStaticInit(java.lang.Object, java.lang.Object, long, long)'> (0x000000060da20bb0) 
thrown [s\open\src\hotspot\share\interpreter\linkResolver.cpp, line 804]
Event: 0.161 Thread 0x000001692afeca10 Exception <a 'java/lang/NoSuchMethodError'{0x000000060da30230}: 'java.lang.Object java.lang.invoke.DirectMethodHandle$Holder.newInvokeSpecial(java.lang.Object, java.lang.Object, long)'> (0x000000060da30230) 
thrown [s\open\src\hotspot\share\interpreter\linkResolver.cpp, line 804]
Event: 0.162 Thread 0x000001692afeca10 Exception <a 'java/lang/NoSuchMethodError'{0x000000060da38fa0}: 'java.lang.Object java.lang.invoke.Invokers$Holder.linkToTargetMethod(java.lang.Object, long, java.lang.Object)'> (0x000000060da38fa0) 
thrown [s\open\src\hotspot\share\interpreter\linkResolver.cpp, line 804]
Event: 0.162 Thread 0x000001692afeca10 Exception <a 'java/lang/NoSuchMethodError'{0x000000060da49880}: 'int java.lang.invoke.DirectMethodHandle$Holder.invokeStaticInit(java.lang.Object, java.lang.Object, java.lang.Object, long)'> (0x000000060da49880) 
thrown [s\open\src\hotspot\share\interpreter\linkResolver.cpp, line 804]
Event: 0.282 Thread 0x000001692afeca10 Exception <a 'java/lang/NoSuchMethodError'{0x000000060dacf340}: 'void java.lang.System.load(java.lang.String, java.lang.Class)'> (0x000000060dacf340) 
thrown [s\open\src\hotspot\share\interpreter\linkResolver.cpp, line 804]
Event: 0.282 Thread 0x000001692afeca10 Exception <a 'java/lang/NoSuchMethodError'{0x000000060dad7120}: 'void java.lang.System.loadLibrary(java.lang.String, java.lang.Class)'> (0x000000060dad7120) 
thrown [s\open\src\hotspot\share\interpreter\linkResolver.cpp, line 804]
Event: 0.284 Thread 0x000001692afeca10 Exception <a 'sun/nio/fs/WindowsException'{0x000000060daeb768}> (0x000000060daeb768) 
thrown [s\open\src\hotspot\share\prims\jni.cpp, line 514]
Event: 0.284 Thread 0x000001692afeca10 Exception <a 'sun/nio/fs/WindowsException'{0x000000060daebb08}> (0x000000060daebb08) 
thrown [s\open\src\hotspot\share\prims\jni.cpp, line 514]
Event: 0.286 Thread 0x000001692afeca10 Exception <a 'sun/nio/fs/WindowsException'{0x000000060daf5380}> (0x000000060daf5380) 
thrown [s\open\src\hotspot\share\prims\jni.cpp, line 514]
Event: 0.286 Thread 0x000001692afeca10 Exception <a 'sun/nio/fs/WindowsException'{0x000000060daf5650}> (0x000000060daf5650) 
thrown [s\open\src\hotspot\share\prims\jni.cpp, line 514]
Event: 0.368 Thread 0x000001692afeca10 Exception <a 'java/lang/NoSuchMethodError'{0x000000060deb4e40}: 'void java.lang.invoke.DirectMethodHandle$Holder.invokeVirtual(java.lang.Object, java.lang.Object)'> (0x000000060deb4e40) 
thrown [s\open\src\hotspot\share\interpreter\linkResolver.cpp, line 804]
Event: 0.371 Thread 0x000001692afeca10 Exception <a 'java/lang/NoSuchMethodError'{0x000000060deffb98}: 'void java.lang.invoke.DirectMethodHandle$Holder.invokeInterface(java.lang.Object, java.lang.Object, java.lang.Object)'> (0x000000060deffb98) 
thrown [s\open\src\hotspot\share\interpreter\linkResolver.cpp, line 804]
Event: 0.381 Thread 0x000001692afeca10 Exception <a 'java/lang/NoSuchMethodError'{0x00000007ffc1eb28}: 'void java.lang.System.load(java.lang.String, java.lang.Class)'> (0x00000007ffc1eb28) 
thrown [s\open\src\hotspot\share\interpreter\linkResolver.cpp, line 804]
Event: 0.381 Thread 0x000001692afeca10 Exception <a 'java/lang/NoSuchMethodError'{0x00000007ffc26908}: 'void java.lang.System.loadLibrary(java.lang.String, java.lang.Class)'> (0x00000007ffc26908) 
thrown [s\open\src\hotspot\share\interpreter\linkResolver.cpp, line 804]
Event: 0.384 Thread 0x000001692afeca10 Exception <a 'sun/nio/fs/WindowsException'{0x00000007ffc3b000}> (0x00000007ffc3b000) 
thrown [s\open\src\hotspot\share\prims\jni.cpp, line 514]
Event: 0.384 Thread 0x000001692afeca10 Exception <a 'sun/nio/fs/WindowsException'{0x00000007ffc3b380}> (0x00000007ffc3b380) 
thrown [s\open\src\hotspot\share\prims\jni.cpp, line 514]
Event: 0.483 Thread 0x000001692afeca10 Exception <a 'java/lang/NoSuchMethodError'{0x00000007ffffd798}: 'java.lang.Object java.lang.invoke.DirectMethodHandle$Holder.newInvokeSpecial(java.lang.Object, java.lang.Object, java.lang.Object, java.lang.Object, java.lang.Object, java.lang.Object)'> (0x00000007ffffd798) 
thrown [s\open\src\hotspot\share\interpreter\linkResolver.cpp, line 804]
Event: 0.488 Thread 0x000001692afeca10 Exception <a 'java/lang/NoSuchMethodError'{0x00000007ffc4c518}: 'java.lang.Object java.lang.invoke.DirectMethodHandle$Holder.newInvokeSpecial(java.lang.Object, java.lang.Object, java.lang.Object, int, int)'> (0x00000007ffc4c518) 
thrown [s\open\src\hotspot\share\interpreter\linkResolver.cpp, line 804]
Event: 2.350 Thread 0x000001696a225610 Implicit null exception at 0x000001693b95fc9c to 0x000001693b963db4

VM Operations (20 events):
Event: 3.457 Executing safepoint VM operation: G1TryInitiateConcMark (G1 Humongous Allocation)
Event: 3.460 Executing safepoint VM operation: G1TryInitiateConcMark (G1 Humongous Allocation) done
Event: 3.699 Executing safepoint VM operation: G1TryInitiateConcMark (G1 Humongous Allocation)
Event: 3.702 Executing safepoint VM operation: G1TryInitiateConcMark (G1 Humongous Allocation) done
Event: 3.927 Executing safepoint VM operation: G1TryInitiateConcMark (G1 Humongous Allocation)
Event: 3.930 Executing safepoint VM operation: G1TryInitiateConcMark (G1 Humongous Allocation) done
Event: 4.157 Executing safepoint VM operation: G1TryInitiateConcMark (G1 Humongous Allocation)
Event: 4.161 Executing safepoint VM operation: G1TryInitiateConcMark (G1 Humongous Allocation) done
Event: 4.381 Executing safepoint VM operation: G1TryInitiateConcMark (G1 Humongous Allocation)
Event: 4.384 Executing safepoint VM operation: G1TryInitiateConcMark (G1 Humongous Allocation) done
Event: 4.592 Executing safepoint VM operation: G1TryInitiateConcMark (G1 Humongous Allocation)
Event: 4.596 Executing safepoint VM operation: G1TryInitiateConcMark (G1 Humongous Allocation) done
Event: 4.886 Executing safepoint VM operation: G1TryInitiateConcMark (G1 Humongous Allocation)
Event: 4.890 Executing safepoint VM operation: G1TryInitiateConcMark (G1 Humongous Allocation) done
Event: 5.178 Executing safepoint VM operation: G1TryInitiateConcMark (G1 Humongous Allocation)
Event: 5.182 Executing safepoint VM operation: G1TryInitiateConcMark (G1 Humongous Allocation) done
Event: 5.480 Executing safepoint VM operation: G1TryInitiateConcMark (G1 Humongous Allocation)
Event: 5.485 Executing safepoint VM operation: G1TryInitiateConcMark (G1 Humongous Allocation) done
Event: 5.767 Executing safepoint VM operation: G1TryInitiateConcMark (G1 Humongous Allocation)
Event: 5.771 Executing safepoint VM operation: G1TryInitiateConcMark (G1 Humongous Allocation) done

Memory protections (0 events):
No events

Nmethod flushes (20 events):
Event: 0.779 Thread 0x0000016950aad7e0 flushing  nmethod 0x000001693b8a8c08
Event: 0.779 Thread 0x0000016950aad7e0 flushing osr nmethod 0x000001693b8a9588
Event: 0.779 Thread 0x0000016950aad7e0 flushing  nmethod 0x000001693b8aaa88
Event: 0.779 Thread 0x0000016950aad7e0 flushing  nmethod 0x000001693b8acb88
Event: 0.779 Thread 0x0000016950aad7e0 flushing  nmethod 0x0000016933ccb788
Event: 0.779 Thread 0x0000016950aad7e0 flushing  nmethod 0x0000016933d8c788
Event: 0.779 Thread 0x0000016950aad7e0 flushing  nmethod 0x0000016933e8f308
Event: 0.779 Thread 0x0000016950aad7e0 flushing  nmethod 0x0000016933e8fa08
Event: 0.779 Thread 0x0000016950aad7e0 flushing  nmethod 0x0000016933e90608
Event: 0.779 Thread 0x0000016950aad7e0 flushing  nmethod 0x0000016933e92288
Event: 0.779 Thread 0x0000016950aad7e0 flushing  nmethod 0x0000016933e92588
Event: 0.779 Thread 0x0000016950aad7e0 flushing  nmethod 0x0000016933e92b88
Event: 0.779 Thread 0x0000016950aad7e0 flushing  nmethod 0x0000016933e92f88
Event: 0.779 Thread 0x0000016950aad7e0 flushing  nmethod 0x0000016933e93a88
Event: 0.779 Thread 0x0000016950aad7e0 flushing  nmethod 0x0000016933e93d88
Event: 0.779 Thread 0x0000016950aad7e0 flushing  nmethod 0x0000016933e94108
Event: 0.779 Thread 0x0000016950aad7e0 flushing osr nmethod 0x0000016933e94b08
Event: 0.779 Thread 0x0000016950aad7e0 flushing  nmethod 0x0000016933e97e88
Event: 0.779 Thread 0x0000016950aad7e0 flushing  nmethod 0x0000016933e98a88
Event: 0.779 Thread 0x0000016950aad7e0 flushing  nmethod 0x0000016933ec9688

Events (20 events):
Event: 1.599 Thread 0x000001692afeca10 Thread added: 0x0000016956f73e90
Event: 1.632 Thread 0x000001692afeca10 Thread added: 0x0000016956b51560
Event: 1.633 Thread 0x0000016950aeac50 Thread added: 0x000001696a22aec0
Event: 1.638 Thread 0x000001692afeca10 Thread added: 0x000001696a224670
Event: 1.649 Thread 0x000001692afeca10 Thread added: 0x000001696a222f00
Event: 1.649 Thread 0x000001692afeca10 Thread added: 0x000001696a225610
Event: 1.695 Thread 0x000001692afeca10 Thread added: 0x000001696a2236d0
Event: 1.788 Thread 0x0000016950aeac50 Thread added: 0x000001696a931050
Event: 2.086 Thread 0x00000169567b6870 Thread added: 0x000001696c597370
Event: 2.086 Thread 0x00000169567b6870 Thread added: 0x000001696cfe8840
Event: 2.086 Thread 0x00000169567b6870 Thread added: 0x000001696d1cf350
Event: 2.086 Thread 0x00000169567b6870 Thread added: 0x000001696c936670
Event: 2.239 Thread 0x000001696c936670 Thread exited: 0x000001696c936670
Event: 2.272 Thread 0x000001696d1cf350 Thread exited: 0x000001696d1cf350
Event: 2.740 Thread 0x000001696cfe8840 Thread exited: 0x000001696cfe8840
Event: 3.113 Thread 0x000001696a931050 Thread exited: 0x000001696a931050
Event: 3.113 Thread 0x000001696c597370 Thread exited: 0x000001696c597370
Event: 3.300 Thread 0x000001696a22aec0 Thread exited: 0x000001696a22aec0
Event: 5.240 Thread 0x00000169567b6870 Thread exited: 0x00000169567b6870
Event: 5.753 Thread 0x0000016951261fe0 Thread exited: 0x0000016951261fe0


Dynamic libraries:
0x00007ff6fe860000 - 0x00007ff6fe86e000 	C:\Users\Tommy\.jdks\openjdk-26.0.1\bin\java.exe
0x00007ff8a0500000 - 0x00007ff8a0767000 	C:\WINDOWS\SYSTEM32\ntdll.dll
0x00007ff89fb90000 - 0x00007ff89fc5b000 	C:\WINDOWS\System32\KERNEL32.DLL
0x00007ff89da30000 - 0x00007ff89de32000 	C:\WINDOWS\System32\KERNELBASE.dll
0x00007ff89e0c0000 - 0x00007ff89e20c000 	C:\WINDOWS\System32\ucrtbase.dll
0x00007ff89ce80000 - 0x00007ff89ce97000 	C:\Users\Tommy\.jdks\openjdk-26.0.1\bin\jli.dll
0x00007ff89cc30000 - 0x00007ff89cc4e000 	C:\Users\Tommy\.jdks\openjdk-26.0.1\bin\VCRUNTIME140.dll
0x00007ff89efd0000 - 0x00007ff89f19f000 	C:\WINDOWS\System32\USER32.dll
0x00007ff89d870000 - 0x00007ff89d897000 	C:\WINDOWS\System32\win32u.dll
0x00007ff89efa0000 - 0x00007ff89efcb000 	C:\WINDOWS\System32\GDI32.dll
0x00007ff89df90000 - 0x00007ff89e0b9000 	C:\WINDOWS\System32\gdi32full.dll
0x00007ff8831f0000 - 0x00007ff883480000 	C:\WINDOWS\WinSxS\amd64_microsoft.windows.common-controls_6595b64144ccf1df_6.0.26100.9278_none_3e0d1ba8e3303201\COMCTL32.dll
0x00007ff89d700000 - 0x00007ff89d7a3000 	C:\WINDOWS\System32\msvcp_win.dll
0x00007ff89fd40000 - 0x00007ff89fde9000 	C:\WINDOWS\System32\msvcrt.dll
0x00007ff89f1b0000 - 0x00007ff89f1e1000 	C:\WINDOWS\System32\IMM32.DLL
0x00007ff89d200000 - 0x00007ff89d20c000 	C:\Users\Tommy\.jdks\openjdk-26.0.1\bin\vcruntime140_1.dll
0x00007ff892500000 - 0x00007ff89258d000 	C:\Users\Tommy\.jdks\openjdk-26.0.1\bin\msvcp140.dll
0x00007ff801790000 - 0x00007ff80265e000 	C:\Users\Tommy\.jdks\openjdk-26.0.1\bin\server\jvm.dll
0x00007ff89e5e0000 - 0x00007ff89e69c000 	C:\WINDOWS\System32\ADVAPI32.dll
0x00007ff89f760000 - 0x00007ff89f809000 	C:\WINDOWS\System32\sechost.dll
0x00007ff89fa70000 - 0x00007ff89fb88000 	C:\WINDOWS\System32\RPCRT4.dll
0x00007ff89ff90000 - 0x00007ff8a0010000 	C:\WINDOWS\System32\WS2_32.dll
0x00007ff89d4b0000 - 0x00007ff89d50e000 	C:\WINDOWS\SYSTEM32\POWRPROF.dll
0x00007ff8952c0000 - 0x00007ff8952cb000 	C:\WINDOWS\SYSTEM32\VERSION.dll
0x00007ff88e0e0000 - 0x00007ff88e116000 	C:\WINDOWS\SYSTEM32\WINMM.dll
0x00007ff89d380000 - 0x00007ff89d395000 	C:\WINDOWS\SYSTEM32\UMPDC.dll
0x00007ff89bec0000 - 0x00007ff89bedb000 	C:\WINDOWS\SYSTEM32\kernel.appcore.dll
0x00007ff89ce70000 - 0x00007ff89ce7a000 	C:\Users\Tommy\.jdks\openjdk-26.0.1\bin\jimage.dll
0x00007ff8933a0000 - 0x00007ff8935ec000 	C:\WINDOWS\SYSTEM32\DBGHELP.DLL
0x00007ff89f3d0000 - 0x00007ff89f755000 	C:\WINDOWS\System32\combase.dll
0x00007ff89f1f0000 - 0x00007ff89f2c9000 	C:\WINDOWS\System32\OLEAUT32.dll
0x00007ff880890000 - 0x00007ff8808cb000 	C:\WINDOWS\SYSTEM32\dbgcore.DLL
0x00007ff89d7b0000 - 0x00007ff89d85c000 	C:\WINDOWS\System32\bcryptPrimitives.dll
0x00007ff89cc00000 - 0x00007ff89cc10000 	C:\Users\Tommy\.jdks\openjdk-26.0.1\bin\instrument.dll
0x00007ff89cc10000 - 0x00007ff89cc2f000 	C:\Users\Tommy\.jdks\openjdk-26.0.1\bin\java.dll
0x00007ff89fdf0000 - 0x00007ff89ff8a000 	C:\WINDOWS\System32\ole32.dll
0x00007ff89e6c0000 - 0x00007ff89ee58000 	C:\WINDOWS\System32\SHELL32.dll
0x00007ff89ac50000 - 0x00007ff89b4fe000 	C:\WINDOWS\SYSTEM32\windows.storage.dll
0x00007ff89f2d0000 - 0x00007ff89f3cb000 	C:\WINDOWS\System32\SHCORE.dll
0x00007ff89f820000 - 0x00007ff89f886000 	C:\WINDOWS\System32\shlwapi.dll
0x00007ff89d620000 - 0x00007ff89d649000 	C:\WINDOWS\SYSTEM32\profapi.dll
0x00007ff892600000 - 0x00007ff892617000 	C:\Users\Tommy\.jdks\openjdk-26.0.1\bin\zip.dll
0x00007ff89cbe0000 - 0x00007ff89cbf2000 	C:\Users\Tommy\.jdks\openjdk-26.0.1\bin\net.dll
0x00007ff89c4a0000 - 0x00007ff89c50c000 	C:\WINDOWS\system32\mswsock.dll
0x00007ff892620000 - 0x00007ff892636000 	C:\Users\Tommy\.jdks\openjdk-26.0.1\bin\nio.dll
0x00007ff89cbd0000 - 0x00007ff89cbe0000 	C:\Users\Tommy\.jdks\openjdk-26.0.1\bin\verify.dll
0x00007ff8925d0000 - 0x00007ff8925d9000 	C:\Users\Tommy\.jdks\openjdk-26.0.1\bin\extnet.dll
0x00007ff8774c0000 - 0x00007ff87753b000 	C:\Users\Tommy\AppData\Local\Temp\lwjgl_Tommy\3.3.4+7\x64\lwjgl.dll
0x00007ff8773b0000 - 0x00007ff877435000 	C:\Users\Tommy\AppData\Local\Temp\lwjgl_Tommy\3.3.4+7\x64\glfw.dll
0x00007ff87a8a0000 - 0x00007ff87a8eb000 	C:\WINDOWS\SYSTEM32\dinput8.dll
0x00007ff8885b0000 - 0x00007ff8885cb000 	C:\WINDOWS\SYSTEM32\xinput1_4.dll
0x00007ff89d2d0000 - 0x00007ff89d322000 	C:\WINDOWS\SYSTEM32\cfgmgr32.dll
0x00007ff89d290000 - 0x00007ff89d2bf000 	C:\WINDOWS\SYSTEM32\DEVOBJ.dll
0x00007ff89a560000 - 0x00007ff89a58f000 	C:\WINDOWS\SYSTEM32\dwmapi.dll
0x00007ff8889b0000 - 0x00007ff888b93000 	C:\WINDOWS\SYSTEM32\inputhost.dll
0x00007ff899da0000 - 0x00007ff899ecb000 	C:\WINDOWS\SYSTEM32\CoreMessaging.dll
0x00007ff89a2d0000 - 0x00007ff89a378000 	C:\WINDOWS\system32\uxtheme.dll
0x00007ff89e480000 - 0x00007ff89e5db000 	C:\WINDOWS\System32\MSCTF.dll
0x00007ff89c790000 - 0x00007ff89c79c000 	C:\WINDOWS\SYSTEM32\CRYPTBASE.DLL
0x00007ff8541a0000 - 0x00007ff8542ac000 	C:\WINDOWS\SYSTEM32\opengl32.dll
0x00007ff862c40000 - 0x00007ff862c6d000 	C:\WINDOWS\SYSTEM32\GLU32.dll
0x00007ff89a3b0000 - 0x00007ff89a3f4000 	C:\WINDOWS\SYSTEM32\dxcore.dll
0x00007ff888f30000 - 0x00007ff888f4e000 	C:\WINDOWS\SYSTEM32\windows.staterepositorycore.dll
0x00007ff852a80000 - 0x00007ff852aab000 	C:\WINDOWS\System32\DriverStore\FileRepository\u0203304.inf_amd64_a6e5a337568ce3f0\B026373\atig6pxx.dll
0x00007ff806f50000 - 0x00007ff80ad86000 	C:\WINDOWS\System32\DriverStore\FileRepository\amdogl.inf_amd64_0c58af8f08364541\atio6axx.dll
0x00007ff8a0020000 - 0x00007ff8a04a7000 	C:\WINDOWS\System32\SETUPAPI.dll
0x00007ff89df00000 - 0x00007ff89df82000 	C:\WINDOWS\System32\WINTRUST.dll
0x00007ff89d8a0000 - 0x00007ff89da1e000 	C:\WINDOWS\System32\CRYPT32.dll
0x00007ff89caa0000 - 0x00007ff89cab3000 	C:\WINDOWS\SYSTEM32\MSASN1.dll
0x00007ff89d5f0000 - 0x00007ff89d61a000 	C:\WINDOWS\SYSTEM32\BCrypt.dll
0x00007ff8877e0000 - 0x00007ff88781e000 	C:\WINDOWS\System32\DriverStore\FileRepository\u0203304.inf_amd64_a6e5a337568ce3f0\B026373\amdihk64.dll
0x00007ff877240000 - 0x00007ff8772a1000 	C:\Users\Tommy\AppData\Local\Temp\lwjgl_Tommy\3.3.4+7\x64\lwjgl_opengl.dll
0x00007ff87f5f0000 - 0x00007ff87f732000 	C:\WINDOWS\SYSTEM32\textinputframework.dll
0x00007ff896240000 - 0x00007ff896524000 	C:\WINDOWS\SYSTEM32\CoreUIComponents.dll
0x00007ff896bb0000 - 0x00007ff896d1a000 	C:\WINDOWS\SYSTEM32\wintypes.dll
0x00007ff876f70000 - 0x00007ff877010000 	C:\Users\Tommy\AppData\Local\Temp\lwjgl_Tommy\3.3.4+7\x64\lwjgl_stb.dll

JVMTI agents:
C:\Program Files\JetBrains\IntelliJ IDEA 2026.1.4\lib\idea_rt.jar path:C:\Users\Tommy\.jdks\openjdk-26.0.1\bin\instrument.dll, loaded, initialized, instrumentlib options:62465

dbghelp: loaded successfully - version: 4.0.5 - missing functions: none
symbol engine: initialized successfully - sym options: 0x614 - pdb path: .;C:\Users\Tommy\.jdks\openjdk-26.0.1\bin;C:\WINDOWS\SYSTEM32;C:\WINDOWS\WinSxS\amd64_microsoft.windows.common-controls_6595b64144ccf1df_6.0.26100.9278_none_3e0d1ba8e3303201;C:\Users\Tommy\.jdks\openjdk-26.0.1\bin\server;C:\Users\Tommy\AppData\Local\Temp\lwjgl_Tommy\3.3.4+7\x64;C:\WINDOWS\System32\DriverStore\FileRepository\u0203304.inf_amd64_a6e5a337568ce3f0\B026373;C:\WINDOWS\System32\DriverStore\FileRepository\amdogl.inf_amd64_0c58af8f08364541

VM Arguments:
jvm_args: -javaagent:C:\Program Files\JetBrains\IntelliJ IDEA 2026.1.4\lib\idea_rt.jar=62465 -Dfile.encoding=UTF-8 -Dsun.stdout.encoding=UTF-8 -Dsun.stderr.encoding=UTF-8 
java_command: com.szymc.voxel_engine.App
java_class_path (initial): C:\Users\Tommy\IdeaProjects\voxel-engine\target\classes;C:\Users\Tommy\.m2\repository\org\lwjgl\lwjgl\3.3.4\lwjgl-3.3.4.jar;C:\Users\Tommy\.m2\repository\org\lwjgl\lwjgl\3.3.4\lwjgl-3.3.4-natives-windows.jar;C:\Users\Tommy\.m2\repository\org\lwjgl\lwjgl-glfw\3.3.4\lwjgl-glfw-3.3.4.jar;C:\Users\Tommy\.m2\repository\org\lwjgl\lwjgl-glfw\3.3.4\lwjgl-glfw-3.3.4-natives-windows.jar;C:\Users\Tommy\.m2\repository\org\lwjgl\lwjgl-opengl\3.3.4\lwjgl-opengl-3.3.4.jar;C:\Users\Tommy\.m2\repository\org\lwjgl\lwjgl-opengl\3.3.4\lwjgl-opengl-3.3.4-natives-windows.jar;C:\Users\Tommy\.m2\repository\org\joml\joml\1.10.5\joml-1.10.5.jar;C:\Users\Tommy\.m2\repository\org\lwjgl\lwjgl-stb\3.3.4\lwjgl-stb-3.3.4.jar;C:\Users\Tommy\.m2\repository\org\lwjgl\lwjgl-stb\3.3.4\lwjgl-stb-3.3.4-natives-windows.jar;C:\Users\Tommy\.m2\repository\it\unimi\dsi\fastutil\8.5.18\fastutil-8.5.18.jar;C:\Users\Tommy\.m2\repository\com\google\code\gson\gson\2.11.0\gson-2.11.0.jar;C:\Users\Tommy\.m2\repository\com\google\errorprone\error_prone_annotations\2.27.0\error_prone_annotations-2.27.0.jar
Launcher Type: SUN_STANDARD

[Global flags]
     bool AOTAdapterCaching                        = false                                  {diagnostic} {ergonomic}
     bool AOTInvokeDynamicLinking                  = false                                  {diagnostic} {ergonomic}
     bool AOTRecordTraining                        = false                                  {diagnostic} {ergonomic}
     bool AOTReplayTraining                        = false                                  {diagnostic} {ergonomic}
     bool AOTStubCaching                           = false                                  {diagnostic} {ergonomic}
     intx CICompilerCount                          = 12                                        {product} {ergonomic}
     uint ConcGCThreads                            = 3                                         {product} {ergonomic}
     uint G1ConcRefinementThreads                  = 13                                        {product} {ergonomic}
     uint G1EagerReclaimRemSetThreshold            = 32                                   {experimental} {ergonomic}
   size_t G1HeapRegionSize                         = 4194304                                   {product} {ergonomic}
     uint G1RemSetArrayOfCardsEntries              = 32                                   {experimental} {ergonomic}
     uint G1RemSetHowlMaxNumBuckets                = 8                                    {experimental} {ergonomic}
     uint G1RemSetHowlNumBuckets                   = 8                                    {experimental} {ergonomic}
   size_t InitialHeapSize                          = 8388608                                   {product} {ergonomic}
     bool IntelJccErratumMitigation                = false                             {ARCH diagnostic} {ergonomic}
   size_t MarkStackSize                            = 4194304                                   {product} {ergonomic}
   size_t MarkStackSizeMax                         = 536870912                                 {product} {ergonomic}
   size_t MaxHeapSize                              = 8367636480                                {product} {ergonomic}
   size_t MaxNewSize                               = 5020581888                                {product} {ergonomic}
 uint64_t MaxRAM                                   = 33463398400                               {product} {ergonomic}
   size_t MinHeapDeltaBytes                        = 4194304                                   {product} {ergonomic}
   size_t MinHeapSize                              = 8388608                                   {product} {ergonomic}
   size_t NonNMethodCodeHeapSize                   = 7667712                                {pd product} {ergonomic}
   size_t NonProfiledCodeHeapSize                  = 122028032                              {pd product} {ergonomic}
   size_t ProfiledCodeHeapSize                     = 122028032                              {pd product} {ergonomic}
   size_t ReservedCodeCacheSize                    = 251723776                              {pd product} {ergonomic}
     bool SegmentedCodeCache                       = true                                      {product} {ergonomic}
   size_t SoftMaxHeapSize                          = 8367636480                             {manageable} {ergonomic}
     bool UseCompressedOops                        = true                           {product lp64_product} {ergonomic}
     bool UseCondCardMark                          = true                                      {product} {ergonomic}
     bool UseFastUnorderedTimeStamps               = true                                 {experimental} {ergonomic}
     bool UseG1GC                                  = true                                      {product} {ergonomic}
     bool UseLargePagesIndividualAllocation        = false                                  {pd product} {ergonomic}
      int X86ICacheSync                            = 3                                 {ARCH diagnostic} {ergonomic}

Logging:
Log output configuration:
 #0: stdout all=warning uptime,level,tags foldmultilines=false
 #1: stderr all=off uptime,level,tags foldmultilines=false

Release file:
IMPLEMENTOR="Oracle Corporation" 
JAVA_RUNTIME_VERSION="26.0.1+8-34" 
JAVA_VERSION="26.0.1" 
JAVA_VERSION_DATE="2026-04-21" 
LIBC="default" 
MODULES="java.base java.compiler java.datatransfer java.xml java.prefs java.desktop java.instrument java.logging java.management java.security.sasl java.naming java.rmi java.management.rmi java.net.http java.scripting java.security.jgss java.transaction.xa java.sql java.sql.rowset java.xml.crypto java.se java.smartcardio jdk.accessibility jdk.internal.jvmstat jdk.attach jdk.charsets jdk.internal.opt jdk.zipfs jdk.compiler jdk.crypto.cryptoki jdk.crypto.ec jdk.crypto.mscapi jdk.dynalink jdk.internal.ed jdk.editpad jdk.internal.vm.ci jdk.graal.compiler jdk.graal.compiler.management jdk.hotspot.agent jdk.httpserver jdk.incubator.vector jdk.internal.le jdk.internal.md jdk.jartool jdk.javadoc jdk.jcmd jdk.management jdk.management.agent jdk.jconsole jdk.jdeps jdk.jdwp.agent jdk.jdi jdk.jfr jdk.jlink jdk.jpackage jdk.jshell jdk.jstatd jdk.localedata jdk.management.jfr jdk.naming.dns jdk.naming.rmi jdk.net jdk.nio.mapmode jdk.sctp jdk.security.auth jdk.security.jgss jdk.unsupported jdk.unsupported.desktop jdk.xml.dom" 
OS_ARCH="x86_64" 
OS_NAME="Windows" 
SOURCE=".:git:fcc00fc4aee7" 

Environment Variables:
PATH=C:\WINDOWS\system32;C:\WINDOWS;C:\WINDOWS\System32\Wbem;C:\WINDOWS\System32\WindowsPowerShell\v1.0\;C:\WINDOWS\System32\OpenSSH\;C:\Program Files\dotnet\;C:\Program Files\Git\cmd;C:\Users\Tommy\AppData\Local\Microsoft\WindowsApps;C:\Program Files\JetBrains\IntelliJ IDEA 2026.1.4\bin
USERNAME=Tommy
OS=Windows_NT
PROCESSOR_IDENTIFIER=AMD64 Family 25 Model 97 Stepping 2, AuthenticAMD
TMP=C:\Users\Tommy\AppData\Local\Temp
TEMP=C:\Users\Tommy\AppData\Local\Temp




Compilation memory statistics disabled.

Periodic native trim disabled

---------------  S Y S T E M  ---------------

OS:
 Windows 11 , 64 bit Build 26100 (10.0.26100.9444)
OS uptime: 3 days 7:28 hours
Hyper-V role detected

CPU: total 16 (initial active 16) (8 cores per cpu, 2 threads per core) family 25 model 97 stepping 2 microcode 0xa60120c, cx8, cmov, fxsr, ht, mmx, 3dnowpref, sse, sse2, sse3, ssse3, sse4a, sse4.1, sse4.2, popcnt, lzcnt, tsc, tscinvbit, avx, avx2, aes, erms, clmul, bmi1, bmi2, adx, avx512f, avx512dq, avx512cd, avx512bw, avx512vl, sha, fma, vzeroupper, avx512_vpopcntdq, avx512_vpclmulqdq, avx512_vaes, avx512_vnni, clflush, clflushopt, clwb, avx512_vbmi2, avx512_vbmi, hv, rdtscp, rdpid, fsrm, gfni, avx512_bitalg, f16c, cet_ss, avx512_ifma
Processor Information for the first 16 processors :
  Max Mhz: 4201, Current Mhz: 4201, Mhz Limit: 4201

Memory: 4k page, system-wide physical 31913M (16611M free)
TotalPageFile size 38313M (AvailPageFile size 15860M)
current process WorkingSet (physical memory assigned to process): 1700M, peak: 1700M
current process commit charge ("private bytes"): 2202M, peak: 2202M

vm_info: OpenJDK 64-Bit Server VM (26.0.1+8-34) for windows-amd64 JRE (26.0.1+8-34), built on 2026-03-10T17:24:10Z with MS VC++ 17.13 (VS2022)

END.
